( 0/ 1; cafe_muslim04/ 2; 5/ 
8; 1-4647 /

28; 0 1 0  0 0 1  1 0 0; / 
33;M 1 CM 100 T 1 C 1 / 
35;
 1 : 11 ;
 2 : 12 ;
 3 : 13 ; /
39;
1: ' DEAD LOAD '  ;
2: ' LOAD WITH ELEMENT '  ;
3: ' L04ЗАЛ_ПОЛЕЗНАЯ2 '  ;
4: ' L04КОРИДОР_ПОЛЕЗНАЯ2 '  ;
5: ' L04КРЫША ПОСТ '  ;
6: ' L04ПОЛ_ОФИС_ПОСТОЯННАЯ НА ПОКРЫТИЯ '  ;
7: ' L04СНЕГ_ПОЛЕЗНАЯ_КРАТК2 '  ;
8: ' L04ЧЕРДАК_ПОЛЕЗНАЯ2 '  ;
9: ' PL02CТЕНА НАРУЖН С ПРОЕМАМИ ПОД РИГЕЛЕМ '  ;
10: ' PL02ПЕРЕГОРОДКИ '  ;
11: ' SEISM X '  ;
12: ' SEISM Y '  ;
13: ' SEISM Z '  ;
 /
)
( 1/
44 4 29 2 28 1 /44 4 39 3 29 2 /44 4 49 4 39 3 /44 4 59 5 49 4 /
44 4 68 6 59 5 /44 4 77 7 68 6 /44 4 87 8 77 7 /44 4 97 9 87 8 /
44 4 107 10 97 9 /44 4 116 11 107 10 /44 4 125 12 116 11 /44 4 135 13 125 12 /
44 4 145 14 135 13 /44 4 155 15 145 14 /44 4 165 16 155 15 /44 4 175 17 165 16 /
44 4 184 18 175 17 /44 4 193 19 184 18 /44 4 203 20 193 19 /44 4 213 21 203 20 /
44 4 223 22 213 21 /44 4 232 23 223 22 /44 4 241 24 232 23 /44 4 251 25 241 24 /
44 4 261 26 251 25 /44 4 271 27 261 26 /5 2 29 30 /5 2 30 31 /
5 2 31 32 /5 2 32 33 /5 2 33 34 /5 2 34 35 /
5 2 35 36 /5 2 36 37 /5 2 37 38 /44 7 40 30 39 29 /
44 7 41 31 40 30 /44 7 42 32 41 31 /44 7 43 33 42 32 /44 7 44 34 43 33 /
44 7 45 35 44 34 /5 3 35 45 /5 3 36 46 /5 3 37 47 /
5 3 38 48 /44 7 50 40 49 39 /44 7 51 41 50 40 /44 7 52 42 51 41 /
44 7 53 43 52 42 /44 7 54 44 53 43 /44 7 55 45 54 44 /5 3 45 55 /
5 3 46 56 /5 3 47 57 /5 3 48 58 /44 7 60 50 59 49 /
44 7 61 51 60 50 /44 7 62 52 61 51 /44 7 64 55 63 54 /5 3 55 64 /
5 3 56 65 /5 3 57 66 /5 3 58 67 /44 7 69 60 68 59 /
44 7 70 61 69 60 /44 7 71 62 70 61 /44 7 73 64 72 63 /5 3 64 73 /
5 3 65 74 /5 3 66 75 /5 3 67 76 /44 7 78 69 77 68 /
44 7 79 70 78 69 /44 7 80 71 79 70 /44 7 83 73 82 72 /5 3 73 83 /
5 3 74 84 /5 3 75 85 /5 3 76 86 /44 7 88 78 87 77 /
44 7 89 79 88 78 /44 7 90 80 89 79 /44 7 91 81 90 80 /44 7 92 82 91 81 /
44 7 93 83 92 82 /5 3 83 93 /5 3 84 94 /5 3 85 95 /
5 3 86 96 /44 7 98 88 97 87 /44 7 99 89 98 88 /44 7 100 90 99 89 /
44 7 101 91 100 90 /44 7 102 92 101 91 /44 7 103 93 102 92 /5 3 93 103 /
5 3 94 104 /5 3 95 105 /5 3 96 106 /44 7 108 98 107 97 /
44 7 109 99 108 98 /44 7 110 100 109 99 /44 7 112 103 111 102 /5 3 103 112 /
5 3 104 113 /5 3 105 114 /5 3 106 115 /44 7 117 108 116 107 /
44 7 118 109 117 108 /44 7 119 110 118 109 /44 7 121 112 120 111 /5 3 112 121 /
5 3 113 122 /5 3 114 123 /5 3 115 124 /44 7 126 117 125 116 /
44 7 127 118 126 117 /44 7 128 119 127 118 /44 7 131 121 130 120 /5 3 121 131 /
5 3 122 132 /5 3 123 133 /5 3 124 134 /44 7 136 126 135 125 /
44 7 137 127 136 126 /44 7 138 128 137 127 /44 7 139 129 138 128 /44 7 140 130 139 129 /
44 7 141 131 140 130 /5 3 131 141 /5 3 132 142 /5 3 133 143 /
5 3 134 144 /44 7 146 136 145 135 /44 7 147 137 146 136 /44 7 148 138 147 137 /
44 7 149 139 148 138 /44 7 150 140 149 139 /44 7 151 141 150 140 /5 3 141 151 /
5 3 142 152 /5 3 143 153 /5 3 144 154 /5 2 145 146 /
5 2 146 147 /5 2 147 148 /5 2 148 149 /5 2 149 150 /
5 2 150 151 /5 2 151 152 /5 2 152 153 /5 2 153 154 /
44 7 156 146 155 145 /44 7 157 147 156 146 /44 7 158 148 157 147 /44 7 159 149 158 148 /
44 7 160 150 159 149 /44 7 161 151 160 150 /5 3 151 161 /5 3 152 162 /
5 3 153 163 /5 3 154 164 /44 7 166 156 165 155 /44 7 167 157 166 156 /
44 7 168 158 167 157 /44 7 169 159 168 158 /44 7 170 160 169 159 /44 7 171 161 170 160 /
5 3 161 171 /5 3 162 172 /5 3 163 173 /5 3 164 174 /
44 7 176 166 175 165 /44 7 177 167 176 166 /44 7 178 168 177 167 /44 7 180 171 179 170 /
5 3 171 180 /5 3 172 181 /5 3 173 182 /5 3 174 183 /
44 7 185 176 184 175 /44 7 186 177 185 176 /44 7 187 178 186 177 /44 7 189 180 188 179 /
5 3 180 189 /5 3 181 190 /5 3 182 191 /5 3 183 192 /
44 7 194 185 193 184 /44 7 195 186 194 185 /44 7 196 187 195 186 /44 7 199 189 198 188 /
5 3 189 199 /5 3 190 200 /5 3 191 201 /5 3 192 202 /
44 7 204 194 203 193 /44 7 205 195 204 194 /44 7 206 196 205 195 /44 7 207 197 206 196 /
44 7 208 198 207 197 /44 7 209 199 208 198 /5 3 199 209 /5 3 200 210 /
5 3 201 211 /5 3 202 212 /44 7 214 204 213 203 /44 7 215 205 214 204 /
44 7 216 206 215 205 /44 7 217 207 216 206 /44 7 218 208 217 207 /44 7 219 209 218 208 /
5 3 209 219 /5 3 210 220 /5 3 211 221 /5 3 212 222 /
44 7 224 214 223 213 /44 7 225 215 224 214 /44 7 226 216 225 215 /44 7 228 219 227 218 /
5 3 219 228 /5 3 220 229 /5 3 221 230 /5 3 222 231 /
44 7 233 224 232 223 /44 7 234 225 233 224 /44 7 235 226 234 225 /44 7 237 228 236 227 /
5 3 228 237 /5 3 229 238 /5 3 230 239 /5 3 231 240 /
44 7 242 233 241 232 /44 7 243 234 242 233 /44 7 244 235 243 234 /44 7 247 237 246 236 /
5 3 237 247 /5 3 238 248 /5 3 239 249 /5 3 240 250 /
44 7 252 242 251 241 /44 7 253 243 252 242 /44 7 254 244 253 243 /44 7 255 245 254 244 /
44 7 256 246 255 245 /44 7 257 247 256 246 /5 3 247 257 /5 3 248 258 /
5 3 249 259 /5 3 250 260 /44 7 262 252 261 251 /44 7 263 253 262 252 /
44 7 264 254 263 253 /44 7 265 255 264 254 /44 7 266 256 265 255 /44 7 267 257 266 256 /
5 3 257 267 /5 3 258 268 /5 3 259 269 /5 3 260 270 /
5 2 261 262 /5 2 262 263 /5 2 263 264 /5 2 264 265 /
5 2 265 266 /5 2 266 267 /5 2 267 268 /5 2 268 269 /
5 2 269 270 /44 4 273 59 272 49 /44 4 274 68 273 59 /44 4 275 77 274 68 /
44 4 276 87 275 77 /44 4 277 97 276 87 /44 4 278 107 277 97 /44 4 279 116 278 107 /
44 4 280 125 279 116 /44 4 282 175 281 165 /44 4 283 184 282 175 /44 4 284 193 283 184 /
44 4 285 203 284 193 /44 4 286 213 285 203 /44 4 287 223 286 213 /44 4 288 232 287 223 /
44 4 289 241 288 232 /44 4 272 49 301 39 /44 4 342 135 280 125 /44 4 281 165 352 155 /
44 4 393 251 289 241 /44 4 291 29 290 28 /44 7 292 291 30 29 /44 7 293 292 31 30 /
44 7 294 293 32 31 /44 7 295 294 33 32 /44 7 296 295 34 33 /44 7 297 296 35 34 /
5 3 35 297 /5 3 36 298 /5 3 37 299 /5 3 38 300 /
44 4 301 39 291 29 /44 6 302 45 297 35 /44 6 303 46 298 36 /44 6 304 47 299 37 /
44 6 305 48 300 38 /44 6 306 55 302 45 /44 6 307 56 303 46 /44 6 308 57 304 47 /
44 6 309 58 305 48 /44 6 310 64 306 55 /44 6 311 65 307 56 /44 6 312 66 308 57 /
44 6 313 67 309 58 /44 6 314 73 310 64 /44 6 315 74 311 65 /44 6 316 75 312 66 /
44 6 317 76 313 67 /44 6 318 83 314 73 /44 6 319 84 315 74 /44 6 320 85 316 75 /
44 6 321 86 317 76 /44 6 322 93 318 83 /44 6 323 94 319 84 /44 6 324 95 320 85 /
44 6 325 96 321 86 /44 6 326 103 322 93 /44 6 327 104 323 94 /44 6 328 105 324 95 /
44 6 329 106 325 96 /44 6 330 112 326 103 /44 6 331 113 327 104 /44 6 332 114 328 105 /
44 6 333 115 329 106 /44 6 334 121 330 112 /44 6 335 122 331 113 /44 6 336 123 332 114 /
44 6 337 124 333 115 /44 6 338 131 334 121 /44 6 339 132 335 122 /44 6 340 133 336 123 /
44 6 341 134 337 124 /44 6 343 141 338 131 /44 6 344 142 339 132 /44 6 345 143 340 133 /
44 6 346 144 341 134 /44 4 347 145 342 135 /44 6 348 151 343 141 /44 6 349 152 344 142 /
44 6 350 153 345 143 /44 6 351 154 346 144 /5 3 151 348 /5 3 152 349 /
5 3 153 350 /5 3 154 351 /44 4 352 155 347 145 /44 6 353 161 348 151 /
44 6 354 162 349 152 /44 6 355 163 350 153 /44 6 356 164 351 154 /44 6 357 171 353 161 /
44 6 358 172 354 162 /44 6 359 173 355 163 /44 6 360 174 356 164 /44 6 361 180 357 171 /
44 6 362 181 358 172 /44 6 363 182 359 173 /44 6 364 183 360 174 /44 6 365 189 361 180 /
44 6 366 190 362 181 /44 6 367 191 363 182 /44 6 368 192 364 183 /44 6 369 199 365 189 /
44 6 370 200 366 190 /44 6 371 201 367 191 /44 6 372 202 368 192 /44 6 373 209 369 199 /
44 6 374 210 370 200 /44 6 375 211 371 201 /44 6 376 212 372 202 /44 6 377 219 373 209 /
44 6 378 220 374 210 /44 6 379 221 375 211 /44 6 380 222 376 212 /44 6 381 228 377 219 /
44 6 382 229 378 220 /44 6 383 230 379 221 /44 6 384 231 380 222 /44 6 385 237 381 228 /
44 6 386 238 382 229 /44 6 387 239 383 230 /44 6 388 240 384 231 /44 6 389 247 385 237 /
44 6 390 248 386 238 /44 6 391 249 387 239 /44 6 392 250 388 240 /44 6 394 257 389 247 /
44 6 395 258 390 248 /44 6 396 259 391 249 /44 6 397 260 392 250 /44 4 398 261 393 251 /
44 6 404 267 394 257 /44 6 405 268 395 258 /44 6 406 269 396 259 /44 6 407 270 397 260 /
44 7 399 398 262 261 /44 7 400 399 263 262 /44 7 401 400 264 263 /44 7 402 401 265 264 /
44 7 403 402 266 265 /44 7 404 403 267 266 /5 3 267 404 /5 3 268 405 /
5 3 269 406 /5 3 270 407 /44 4 408 271 398 261 /44 4 410 291 409 290 /
44 7 411 410 292 291 /44 7 412 411 293 292 /44 7 413 412 294 293 /44 7 414 413 295 294 /
44 7 415 414 296 295 /44 7 416 415 297 296 /5 3 297 416 /5 3 298 417 /
5 3 299 418 /5 3 300 419 /44 4 301 291 420 410 /44 6 421 302 416 297 /
44 6 422 303 417 298 /44 6 423 304 418 299 /44 6 424 305 419 300 /44 6 425 306 421 302 /
44 6 426 307 422 303 /44 6 427 308 423 304 /44 6 428 309 424 305 /44 6 429 310 425 306 /
44 6 430 311 426 307 /44 6 431 312 427 308 /44 6 432 313 428 309 /44 6 433 314 429 310 /
44 6 434 315 430 311 /44 6 435 316 431 312 /44 6 436 317 432 313 /44 6 437 318 433 314 /
44 6 438 319 434 315 /44 6 439 320 435 316 /44 6 440 321 436 317 /44 6 441 322 437 318 /
44 6 442 323 438 319 /44 6 443 324 439 320 /44 6 444 325 440 321 /44 6 445 326 441 322 /
44 6 446 327 442 323 /44 6 447 328 443 324 /44 6 448 329 444 325 /44 6 449 330 445 326 /
44 6 450 331 446 327 /44 6 451 332 447 328 /44 6 452 333 448 329 /44 6 453 334 449 330 /
44 6 454 335 450 331 /44 6 455 336 451 332 /44 6 456 337 452 333 /44 6 457 338 453 334 /
44 6 458 339 454 335 /44 6 459 340 455 336 /44 6 460 341 456 337 /44 6 461 343 457 338 /
44 6 462 344 458 339 /44 6 463 345 459 340 /44 6 464 346 460 341 /44 6 467 348 461 343 /
44 6 468 349 462 344 /44 6 469 350 463 345 /44 6 470 351 464 346 /44 4 466 347 465 342 /
5 3 348 467 /5 3 349 468 /5 3 350 469 /5 3 351 470 /
44 4 352 347 471 466 /44 6 472 353 467 348 /44 6 473 354 468 349 /44 6 474 355 469 350 /
44 6 475 356 470 351 /44 6 476 357 472 353 /44 6 477 358 473 354 /44 6 478 359 474 355 /
44 6 479 360 475 356 /44 6 480 361 476 357 /44 6 481 362 477 358 /44 6 482 363 478 359 /
44 6 483 364 479 360 /44 6 484 365 480 361 /44 6 485 366 481 362 /44 6 486 367 482 363 /
44 6 487 368 483 364 /44 6 488 369 484 365 /44 6 489 370 485 366 /44 6 490 371 486 367 /
44 6 491 372 487 368 /44 6 492 373 488 369 /44 6 493 374 489 370 /44 6 494 375 490 371 /
44 6 495 376 491 372 /44 6 496 377 492 373 /44 6 497 378 493 374 /44 6 498 379 494 375 /
44 6 499 380 495 376 /44 6 500 381 496 377 /44 6 501 382 497 378 /44 6 502 383 498 379 /
44 6 503 384 499 380 /44 6 504 385 500 381 /44 6 505 386 501 382 /44 6 506 387 502 383 /
44 6 507 388 503 384 /44 6 508 389 504 385 /44 6 509 390 505 386 /44 6 510 391 506 387 /
44 6 511 392 507 388 /44 6 512 394 508 389 /44 6 513 395 509 390 /44 6 514 396 510 391 /
44 6 515 397 511 392 /44 6 523 404 512 394 /44 6 524 405 513 395 /44 6 525 406 514 396 /
44 6 526 407 515 397 /44 4 517 398 516 393 /44 7 518 517 399 398 /44 7 519 518 400 399 /
44 7 520 519 401 400 /44 7 521 520 402 401 /44 7 522 521 403 402 /44 7 523 522 404 403 /
5 3 404 523 /5 3 405 524 /5 3 406 525 /5 3 407 526 /
44 4 527 408 517 398 /44 4 529 410 528 409 /44 7 530 529 411 410 /44 7 531 530 412 411 /
44 7 532 531 413 412 /44 7 533 532 414 413 /44 7 534 533 415 414 /44 7 535 534 416 415 /
5 3 416 535 /5 3 417 536 /5 3 418 537 /5 3 419 538 /
44 4 539 420 529 410 /44 6 540 421 535 416 /44 6 541 422 536 417 /44 6 542 423 537 418 /
44 6 543 424 538 419 /44 6 544 425 540 421 /44 6 545 426 541 422 /44 6 546 427 542 423 /
44 6 547 428 543 424 /44 6 548 429 544 425 /44 6 549 430 545 426 /44 6 550 431 546 427 /
44 6 551 432 547 428 /44 6 552 433 548 429 /44 6 553 434 549 430 /44 6 554 435 550 431 /
44 6 555 436 551 432 /44 6 556 437 552 433 /44 6 557 438 553 434 /44 6 558 439 554 435 /
44 6 559 440 555 436 /44 6 560 441 556 437 /44 6 561 442 557 438 /44 6 562 443 558 439 /
44 6 563 444 559 440 /44 6 564 445 560 441 /44 6 565 446 561 442 /44 6 566 447 562 443 /
44 6 567 448 563 444 /44 6 568 449 564 445 /44 6 569 450 565 446 /44 6 570 451 566 447 /
44 6 571 452 567 448 /44 6 572 453 568 449 /44 6 573 454 569 450 /44 6 574 455 570 451 /
44 6 575 456 571 452 /44 6 576 457 572 453 /44 6 577 458 573 454 /44 6 578 459 574 455 /
44 6 579 460 575 456 /44 6 580 461 576 457 /44 6 581 462 577 458 /44 6 582 463 578 459 /
44 6 583 464 579 460 /44 6 586 467 580 461 /44 6 587 468 581 462 /44 6 588 469 582 463 /
44 6 589 470 583 464 /44 4 585 466 584 465 /5 3 467 586 /5 3 468 587 /
5 3 469 588 /5 3 470 589 /44 4 590 471 585 466 /44 6 591 472 586 467 /
44 6 592 473 587 468 /44 6 593 474 588 469 /44 6 594 475 589 470 /44 6 595 476 591 472 /
44 6 596 477 592 473 /44 6 597 478 593 474 /44 6 598 479 594 475 /44 6 599 480 595 476 /
44 6 600 481 596 477 /44 6 601 482 597 478 /44 6 602 483 598 479 /44 6 603 484 599 480 /
44 6 604 485 600 481 /44 6 605 486 601 482 /44 6 606 487 602 483 /44 6 607 488 603 484 /
44 6 608 489 604 485 /44 6 609 490 605 486 /44 6 610 491 606 487 /44 6 611 492 607 488 /
44 6 612 493 608 489 /44 6 613 494 609 490 /44 6 614 495 610 491 /44 6 615 496 611 492 /
44 6 616 497 612 493 /44 6 617 498 613 494 /44 6 618 499 614 495 /44 6 619 500 615 496 /
44 6 620 501 616 497 /44 6 621 502 617 498 /44 6 622 503 618 499 /44 6 623 504 619 500 /
44 6 624 505 620 501 /44 6 625 506 621 502 /44 6 626 507 622 503 /44 6 627 508 623 504 /
44 6 628 509 624 505 /44 6 629 510 625 506 /44 6 630 511 626 507 /44 6 631 512 627 508 /
44 6 632 513 628 509 /44 6 633 514 629 510 /44 6 634 515 630 511 /44 6 642 523 631 512 /
44 6 643 524 632 513 /44 6 644 525 633 514 /44 6 645 526 634 515 /44 4 636 517 635 516 /
44 7 637 636 518 517 /44 7 638 637 519 518 /44 7 639 638 520 519 /44 7 640 639 521 520 /
44 7 641 640 522 521 /44 7 642 641 523 522 /5 3 523 642 /5 3 524 643 /
5 3 525 644 /5 3 526 645 /44 4 646 527 636 517 /44 4 648 529 647 528 /
44 7 649 648 530 529 /44 7 650 649 531 530 /44 7 651 650 532 531 /44 7 652 651 533 532 /
44 7 653 652 534 533 /44 7 654 653 535 534 /5 3 535 654 /5 3 536 655 /
5 3 537 656 /5 3 538 657 /44 4 658 539 648 529 /44 6 659 540 654 535 /
44 6 660 541 655 536 /44 6 661 542 656 537 /44 6 662 543 657 538 /44 6 663 544 659 540 /
44 6 664 545 660 541 /44 6 665 546 661 542 /44 6 666 547 662 543 /44 6 667 548 663 544 /
44 6 668 549 664 545 /44 6 669 550 665 546 /44 6 670 551 666 547 /44 6 671 552 667 548 /
44 6 672 553 668 549 /44 6 673 554 669 550 /44 6 674 555 670 551 /44 6 675 556 671 552 /
44 6 676 557 672 553 /44 6 677 558 673 554 /44 6 678 559 674 555 /44 6 679 560 675 556 /
44 6 680 561 676 557 /44 6 681 562 677 558 /44 6 682 563 678 559 /44 6 683 564 679 560 /
44 6 684 565 680 561 /44 6 685 566 681 562 /44 6 686 567 682 563 /44 6 687 568 683 564 /
44 6 688 569 684 565 /44 6 689 570 685 566 /44 6 690 571 686 567 /44 6 691 572 687 568 /
44 6 692 573 688 569 /44 6 693 574 689 570 /44 6 694 575 690 571 /44 6 695 576 691 572 /
44 6 696 577 692 573 /44 6 697 578 693 574 /44 6 698 579 694 575 /44 6 699 580 695 576 /
44 6 700 581 696 577 /44 6 701 582 697 578 /44 6 702 583 698 579 /44 6 705 586 699 580 /
44 6 706 587 700 581 /44 6 707 588 701 582 /44 6 708 589 702 583 /44 4 704 585 703 584 /
5 3 586 705 /5 3 587 706 /5 3 588 707 /5 3 589 708 /
44 4 709 590 704 585 /44 6 710 591 705 586 /44 6 711 592 706 587 /44 6 712 593 707 588 /
44 6 713 594 708 589 /44 6 714 595 710 591 /44 6 715 596 711 592 /44 6 716 597 712 593 /
44 6 717 598 713 594 /44 6 718 599 714 595 /44 6 719 600 715 596 /44 6 720 601 716 597 /
44 6 721 602 717 598 /44 6 722 603 718 599 /44 6 723 604 719 600 /44 6 724 605 720 601 /
44 6 725 606 721 602 /44 6 726 607 722 603 /44 6 727 608 723 604 /44 6 728 609 724 605 /
44 6 729 610 725 606 /44 6 730 611 726 607 /44 6 731 612 727 608 /44 6 732 613 728 609 /
44 6 733 614 729 610 /44 6 734 615 730 611 /44 6 735 616 731 612 /44 6 736 617 732 613 /
44 6 737 618 733 614 /44 6 738 619 734 615 /44 6 739 620 735 616 /44 6 740 621 736 617 /
44 6 741 622 737 618 /44 6 742 623 738 619 /44 6 743 624 739 620 /44 6 744 625 740 621 /
44 6 745 626 741 622 /44 6 746 627 742 623 /44 6 747 628 743 624 /44 6 748 629 744 625 /
44 6 749 630 745 626 /44 6 750 631 746 627 /44 6 751 632 747 628 /44 6 752 633 748 629 /
44 6 753 634 749 630 /44 6 761 642 750 631 /44 6 762 643 751 632 /44 6 763 644 752 633 /
44 6 764 645 753 634 /44 4 755 636 754 635 /44 7 756 755 637 636 /44 7 757 756 638 637 /
44 7 758 757 639 638 /44 7 759 758 640 639 /44 7 760 759 641 640 /44 7 761 760 642 641 /
5 3 642 761 /5 3 643 762 /5 3 644 763 /5 3 645 764 /
44 4 765 646 755 636 /44 4 767 648 766 647 /44 7 768 767 649 648 /44 7 769 768 650 649 /
44 7 770 769 651 650 /44 7 771 770 652 651 /44 7 772 771 653 652 /44 7 773 772 654 653 /
5 3 654 773 /5 3 655 774 /5 3 656 775 /5 3 657 776 /
44 4 777 658 767 648 /44 6 778 659 773 654 /44 6 779 660 774 655 /44 6 780 661 775 656 /
44 6 781 662 776 657 /44 6 782 663 778 659 /44 6 783 664 779 660 /44 6 784 665 780 661 /
44 6 785 666 781 662 /44 6 786 667 782 663 /44 6 787 668 783 664 /44 6 788 669 784 665 /
44 6 789 670 785 666 /44 6 790 671 786 667 /44 6 791 672 787 668 /44 6 792 673 788 669 /
44 6 793 674 789 670 /44 6 794 675 790 671 /44 6 795 676 791 672 /44 6 796 677 792 673 /
44 6 797 678 793 674 /44 6 798 679 794 675 /44 6 799 680 795 676 /44 6 800 681 796 677 /
44 6 801 682 797 678 /44 6 802 683 798 679 /44 6 803 684 799 680 /44 6 804 685 800 681 /
44 6 805 686 801 682 /44 6 806 687 802 683 /44 6 807 688 803 684 /44 6 808 689 804 685 /
44 6 809 690 805 686 /44 6 810 691 806 687 /44 6 811 692 807 688 /44 6 812 693 808 689 /
44 6 813 694 809 690 /44 6 814 695 810 691 /44 6 815 696 811 692 /44 6 816 697 812 693 /
44 6 817 698 813 694 /44 6 818 699 814 695 /44 6 819 700 815 696 /44 6 820 701 816 697 /
44 6 821 702 817 698 /44 6 824 705 818 699 /44 6 825 706 819 700 /44 6 826 707 820 701 /
44 6 827 708 821 702 /44 4 823 704 822 703 /5 3 705 824 /5 3 706 825 /
5 3 707 826 /5 3 708 827 /44 4 828 709 823 704 /44 6 829 710 824 705 /
44 6 830 711 825 706 /44 6 831 712 826 707 /44 6 832 713 827 708 /44 6 833 714 829 710 /
44 6 834 715 830 711 /44 6 835 716 831 712 /44 6 836 717 832 713 /44 6 837 718 833 714 /
44 6 838 719 834 715 /44 6 839 720 835 716 /44 6 840 721 836 717 /44 6 841 722 837 718 /
44 6 842 723 838 719 /44 6 843 724 839 720 /44 6 844 725 840 721 /44 6 845 726 841 722 /
44 6 846 727 842 723 /44 6 847 728 843 724 /44 6 848 729 844 725 /44 6 849 730 845 726 /
44 6 850 731 846 727 /44 6 851 732 847 728 /44 6 852 733 848 729 /44 6 853 734 849 730 /
44 6 854 735 850 731 /44 6 855 736 851 732 /44 6 856 737 852 733 /44 6 857 738 853 734 /
44 6 858 739 854 735 /44 6 859 740 855 736 /44 6 860 741 856 737 /44 6 861 742 857 738 /
44 6 862 743 858 739 /44 6 863 744 859 740 /44 6 864 745 860 741 /44 6 865 746 861 742 /
44 6 866 747 862 743 /44 6 867 748 863 744 /44 6 868 749 864 745 /44 6 869 750 865 746 /
44 6 870 751 866 747 /44 6 871 752 867 748 /44 6 872 753 868 749 /44 6 880 761 869 750 /
44 6 881 762 870 751 /44 6 882 763 871 752 /44 6 883 764 872 753 /44 4 874 755 873 754 /
44 7 875 874 756 755 /44 7 876 875 757 756 /44 7 877 876 758 757 /44 7 878 877 759 758 /
44 7 879 878 760 759 /44 7 880 879 761 760 /5 3 761 880 /5 3 762 881 /
5 3 763 882 /5 3 764 883 /44 4 884 765 874 755 /44 4 886 767 885 766 /
44 7 887 886 768 767 /44 7 888 887 769 768 /44 7 889 888 770 769 /44 7 890 889 771 770 /
44 7 891 890 772 771 /44 7 892 891 773 772 /5 3 773 892 /5 3 774 893 /
5 3 775 894 /5 3 776 895 /44 4 896 777 886 767 /44 6 897 778 892 773 /
44 6 898 779 893 774 /44 6 899 780 894 775 /44 6 900 781 895 776 /44 6 901 782 897 778 /
44 6 902 783 898 779 /44 6 903 784 899 780 /44 6 904 785 900 781 /44 6 905 786 901 782 /
44 6 906 787 902 783 /44 6 907 788 903 784 /44 6 908 789 904 785 /44 6 909 790 905 786 /
44 6 910 791 906 787 /44 6 911 792 907 788 /44 6 912 793 908 789 /44 6 913 794 909 790 /
44 6 914 795 910 791 /44 6 915 796 911 792 /44 6 916 797 912 793 /44 6 917 798 913 794 /
44 6 918 799 914 795 /44 6 919 800 915 796 /44 6 920 801 916 797 /44 6 921 802 917 798 /
44 6 922 803 918 799 /44 6 923 804 919 800 /44 6 924 805 920 801 /44 6 925 806 921 802 /
44 6 926 807 922 803 /44 6 927 808 923 804 /44 6 928 809 924 805 /44 6 929 810 925 806 /
44 6 930 811 926 807 /44 6 931 812 927 808 /44 6 932 813 928 809 /44 6 933 814 929 810 /
44 6 934 815 930 811 /44 6 935 816 931 812 /44 6 936 817 932 813 /44 6 937 818 933 814 /
44 6 938 819 934 815 /44 6 939 820 935 816 /44 6 940 821 936 817 /44 6 943 824 937 818 /
44 6 944 825 938 819 /44 6 945 826 939 820 /44 6 946 827 940 821 /44 4 942 823 941 822 /
5 3 824 943 /5 3 825 944 /5 3 826 945 /5 3 827 946 /
44 4 947 828 942 823 /44 6 948 829 943 824 /44 6 949 830 944 825 /44 6 950 831 945 826 /
44 6 951 832 946 827 /44 6 952 833 948 829 /44 6 953 834 949 830 /44 6 954 835 950 831 /
44 6 955 836 951 832 /44 6 956 837 952 833 /44 6 957 838 953 834 /44 6 958 839 954 835 /
44 6 959 840 955 836 /44 6 960 841 956 837 /44 6 961 842 957 838 /44 6 962 843 958 839 /
44 6 963 844 959 840 /44 6 964 845 960 841 /44 6 965 846 961 842 /44 6 966 847 962 843 /
44 6 967 848 963 844 /44 6 968 849 964 845 /44 6 969 850 965 846 /44 6 970 851 966 847 /
44 6 971 852 967 848 /44 6 972 853 968 849 /44 6 973 854 969 850 /44 6 974 855 970 851 /
44 6 975 856 971 852 /44 6 976 857 972 853 /44 6 977 858 973 854 /44 6 978 859 974 855 /
44 6 979 860 975 856 /44 6 980 861 976 857 /44 6 981 862 977 858 /44 6 982 863 978 859 /
44 6 983 864 979 860 /44 6 984 865 980 861 /44 6 985 866 981 862 /44 6 986 867 982 863 /
44 6 987 868 983 864 /44 6 988 869 984 865 /44 6 989 870 985 866 /44 6 990 871 986 867 /
44 6 991 872 987 868 /44 6 999 880 988 869 /44 6 1000 881 989 870 /44 6 1001 882 990 871 /
44 6 1002 883 991 872 /44 4 993 874 992 873 /44 7 994 993 875 874 /44 7 995 994 876 875 /
44 7 996 995 877 876 /44 7 997 996 878 877 /44 7 998 997 879 878 /44 7 999 998 880 879 /
5 3 880 999 /5 3 881 1000 /5 3 882 1001 /5 3 883 1002 /
44 4 1003 884 993 874 /44 4 1005 886 1004 885 /44 7 1006 1005 887 886 /44 7 1007 1006 888 887 /
44 7 1008 1007 889 888 /44 7 1009 1008 890 889 /44 7 1010 1009 891 890 /44 7 1011 1010 892 891 /
5 3 892 1011 /5 3 893 1012 /5 3 894 1013 /5 3 895 1014 /
44 4 1015 896 1005 886 /44 6 1016 897 1011 892 /44 6 1017 898 1012 893 /44 6 1018 899 1013 894 /
44 6 1019 900 1014 895 /44 6 1020 901 1016 897 /44 6 1021 902 1017 898 /44 6 1022 903 1018 899 /
44 6 1023 904 1019 900 /44 6 1024 905 1020 901 /44 6 1025 906 1021 902 /44 6 1026 907 1022 903 /
44 6 1027 908 1023 904 /44 6 1028 909 1024 905 /44 6 1029 910 1025 906 /44 6 1030 911 1026 907 /
44 6 1031 912 1027 908 /44 6 1032 913 1028 909 /44 6 1033 914 1029 910 /44 6 1034 915 1030 911 /
44 6 1035 916 1031 912 /44 6 1036 917 1032 913 /44 6 1037 918 1033 914 /44 6 1038 919 1034 915 /
44 6 1039 920 1035 916 /44 6 1040 921 1036 917 /44 6 1041 922 1037 918 /44 6 1042 923 1038 919 /
44 6 1043 924 1039 920 /44 6 1044 925 1040 921 /44 6 1045 926 1041 922 /44 6 1046 927 1042 923 /
44 6 1047 928 1043 924 /44 6 1048 929 1044 925 /44 6 1049 930 1045 926 /44 6 1050 931 1046 927 /
44 6 1051 932 1047 928 /44 6 1052 933 1048 929 /44 6 1053 934 1049 930 /44 6 1054 935 1050 931 /
44 6 1055 936 1051 932 /44 6 1056 937 1052 933 /44 6 1057 938 1053 934 /44 6 1058 939 1054 935 /
44 6 1059 940 1055 936 /44 6 1062 943 1056 937 /44 6 1063 944 1057 938 /44 6 1064 945 1058 939 /
44 6 1065 946 1059 940 /44 4 1061 942 1060 941 /5 3 943 1062 /5 3 944 1063 /
5 3 945 1064 /5 3 946 1065 /44 4 1066 947 1061 942 /44 6 1067 948 1062 943 /
44 6 1068 949 1063 944 /44 6 1069 950 1064 945 /44 6 1070 951 1065 946 /44 6 1071 952 1067 948 /
44 6 1072 953 1068 949 /44 6 1073 954 1069 950 /44 6 1074 955 1070 951 /44 6 1075 956 1071 952 /
44 6 1076 957 1072 953 /44 6 1077 958 1073 954 /44 6 1078 959 1074 955 /44 6 1079 960 1075 956 /
44 6 1080 961 1076 957 /44 6 1081 962 1077 958 /44 6 1082 963 1078 959 /44 6 1083 964 1079 960 /
44 6 1084 965 1080 961 /44 6 1085 966 1081 962 /44 6 1086 967 1082 963 /44 6 1087 968 1083 964 /
44 6 1088 969 1084 965 /44 6 1089 970 1085 966 /44 6 1090 971 1086 967 /44 6 1091 972 1087 968 /
44 6 1092 973 1088 969 /44 6 1093 974 1089 970 /44 6 1094 975 1090 971 /44 6 1095 976 1091 972 /
44 6 1096 977 1092 973 /44 6 1097 978 1093 974 /44 6 1098 979 1094 975 /44 6 1099 980 1095 976 /
44 6 1100 981 1096 977 /44 6 1101 982 1097 978 /44 6 1102 983 1098 979 /44 6 1103 984 1099 980 /
44 6 1104 985 1100 981 /44 6 1105 986 1101 982 /44 6 1106 987 1102 983 /44 6 1107 988 1103 984 /
44 6 1108 989 1104 985 /44 6 1109 990 1105 986 /44 6 1110 991 1106 987 /44 6 1118 999 1107 988 /
44 6 1119 1000 1108 989 /44 6 1120 1001 1109 990 /44 6 1121 1002 1110 991 /44 4 1112 993 1111 992 /
44 7 1113 1112 994 993 /44 7 1114 1113 995 994 /44 7 1115 1114 996 995 /44 7 1116 1115 997 996 /
44 7 1117 1116 998 997 /44 7 1118 1117 999 998 /5 3 999 1118 /5 3 1000 1119 /
5 3 1001 1120 /5 3 1002 1121 /44 4 1122 1003 1112 993 /44 4 1124 1005 1123 1004 /
44 7 1125 1124 1006 1005 /44 7 1126 1125 1007 1006 /44 7 1127 1126 1008 1007 /44 7 1128 1127 1009 1008 /
44 7 1129 1128 1010 1009 /44 7 1130 1129 1011 1010 /5 3 1011 1130 /5 3 1012 1131 /
5 3 1013 1132 /5 3 1014 1133 /44 4 1134 1015 1124 1005 /44 6 1135 1016 1130 1011 /
44 6 1136 1017 1131 1012 /44 6 1137 1018 1132 1013 /44 6 1138 1019 1133 1014 /44 6 1139 1020 1135 1016 /
44 6 1140 1021 1136 1017 /44 6 1141 1022 1137 1018 /44 6 1142 1023 1138 1019 /44 6 1143 1024 1139 1020 /
44 6 1144 1025 1140 1021 /44 6 1145 1026 1141 1022 /44 6 1146 1027 1142 1023 /44 6 1147 1028 1143 1024 /
44 6 1148 1029 1144 1025 /44 6 1149 1030 1145 1026 /44 6 1150 1031 1146 1027 /44 6 1151 1032 1147 1028 /
44 6 1152 1033 1148 1029 /44 6 1153 1034 1149 1030 /44 6 1154 1035 1150 1031 /44 6 1155 1036 1151 1032 /
44 6 1156 1037 1152 1033 /44 6 1157 1038 1153 1034 /44 6 1158 1039 1154 1035 /44 6 1159 1040 1155 1036 /
44 6 1160 1041 1156 1037 /44 6 1161 1042 1157 1038 /44 6 1162 1043 1158 1039 /44 6 1163 1044 1159 1040 /
44 6 1164 1045 1160 1041 /44 6 1165 1046 1161 1042 /44 6 1166 1047 1162 1043 /44 6 1167 1048 1163 1044 /
44 6 1168 1049 1164 1045 /44 6 1169 1050 1165 1046 /44 6 1170 1051 1166 1047 /44 6 1171 1052 1167 1048 /
44 6 1172 1053 1168 1049 /44 6 1173 1054 1169 1050 /44 6 1174 1055 1170 1051 /44 6 1175 1056 1171 1052 /
44 6 1176 1057 1172 1053 /44 6 1177 1058 1173 1054 /44 6 1178 1059 1174 1055 /44 6 1181 1062 1175 1056 /
44 6 1182 1063 1176 1057 /44 6 1183 1064 1177 1058 /44 6 1184 1065 1178 1059 /44 4 1180 1061 1179 1060 /
5 3 1062 1181 /5 3 1063 1182 /5 3 1064 1183 /5 3 1065 1184 /
44 4 1185 1066 1180 1061 /44 6 1186 1067 1181 1062 /44 6 1187 1068 1182 1063 /44 6 1188 1069 1183 1064 /
44 6 1189 1070 1184 1065 /44 6 1190 1071 1186 1067 /44 6 1191 1072 1187 1068 /44 6 1192 1073 1188 1069 /
44 6 1193 1074 1189 1070 /44 6 1194 1075 1190 1071 /44 6 1195 1076 1191 1072 /44 6 1196 1077 1192 1073 /
44 6 1197 1078 1193 1074 /44 6 1198 1079 1194 1075 /44 6 1199 1080 1195 1076 /44 6 1200 1081 1196 1077 /
44 6 1201 1082 1197 1078 /44 6 1202 1083 1198 1079 /44 6 1203 1084 1199 1080 /44 6 1204 1085 1200 1081 /
44 6 1205 1086 1201 1082 /44 6 1206 1087 1202 1083 /44 6 1207 1088 1203 1084 /44 6 1208 1089 1204 1085 /
44 6 1209 1090 1205 1086 /44 6 1210 1091 1206 1087 /44 6 1211 1092 1207 1088 /44 6 1212 1093 1208 1089 /
44 6 1213 1094 1209 1090 /44 6 1214 1095 1210 1091 /44 6 1215 1096 1211 1092 /44 6 1216 1097 1212 1093 /
44 6 1217 1098 1213 1094 /44 6 1218 1099 1214 1095 /44 6 1219 1100 1215 1096 /44 6 1220 1101 1216 1097 /
44 6 1221 1102 1217 1098 /44 6 1222 1103 1218 1099 /44 6 1223 1104 1219 1100 /44 6 1224 1105 1220 1101 /
44 6 1225 1106 1221 1102 /44 6 1226 1107 1222 1103 /44 6 1227 1108 1223 1104 /44 6 1228 1109 1224 1105 /
44 6 1229 1110 1225 1106 /44 6 1237 1118 1226 1107 /44 6 1238 1119 1227 1108 /44 6 1239 1120 1228 1109 /
44 6 1240 1121 1229 1110 /44 4 1231 1112 1230 1111 /44 7 1232 1231 1113 1112 /44 7 1233 1232 1114 1113 /
44 7 1234 1233 1115 1114 /44 7 1235 1234 1116 1115 /44 7 1236 1235 1117 1116 /44 7 1237 1236 1118 1117 /
5 3 1118 1237 /5 3 1119 1238 /5 3 1120 1239 /5 3 1121 1240 /
44 4 1241 1122 1231 1112 /44 4 1243 1124 1242 1123 /44 7 1244 1243 1125 1124 /44 7 1245 1244 1126 1125 /
44 7 1246 1245 1127 1126 /44 7 1247 1246 1128 1127 /44 7 1248 1247 1129 1128 /44 7 1249 1248 1130 1129 /
5 3 1130 1249 /5 3 1131 1250 /5 3 1132 1251 /5 3 1133 1252 /
44 4 1253 1134 1243 1124 /44 6 1254 1135 1249 1130 /44 6 1255 1136 1250 1131 /44 6 1256 1137 1251 1132 /
44 6 1257 1138 1252 1133 /44 6 1258 1139 1254 1135 /44 6 1259 1140 1255 1136 /44 6 1260 1141 1256 1137 /
44 6 1261 1142 1257 1138 /44 6 1262 1143 1258 1139 /44 6 1263 1144 1259 1140 /44 6 1264 1145 1260 1141 /
44 6 1265 1146 1261 1142 /44 6 1266 1147 1262 1143 /44 6 1267 1148 1263 1144 /44 6 1268 1149 1264 1145 /
44 6 1269 1150 1265 1146 /44 6 1270 1151 1266 1147 /44 6 1271 1152 1267 1148 /44 6 1272 1153 1268 1149 /
44 6 1273 1154 1269 1150 /44 6 1274 1155 1270 1151 /44 6 1275 1156 1271 1152 /44 6 1276 1157 1272 1153 /
44 6 1277 1158 1273 1154 /44 6 1278 1159 1274 1155 /44 6 1279 1160 1275 1156 /44 6 1280 1161 1276 1157 /
44 6 1281 1162 1277 1158 /44 6 1282 1163 1278 1159 /44 6 1283 1164 1279 1160 /44 6 1284 1165 1280 1161 /
44 6 1285 1166 1281 1162 /44 6 1286 1167 1282 1163 /44 6 1287 1168 1283 1164 /44 6 1288 1169 1284 1165 /
44 6 1289 1170 1285 1166 /44 6 1290 1171 1286 1167 /44 6 1291 1172 1287 1168 /44 6 1292 1173 1288 1169 /
44 6 1293 1174 1289 1170 /44 6 1295 1175 1290 1171 /44 6 1296 1176 1291 1172 /44 6 1297 1177 1292 1173 /
44 6 1298 1178 1293 1174 /44 6 1300 1181 1295 1175 /44 6 1301 1182 1296 1176 /44 6 1302 1183 1297 1177 /
44 6 1303 1184 1298 1178 /44 4 1299 1180 1294 1179 /5 3 1181 1300 /5 3 1182 1301 /
5 3 1183 1302 /5 3 1184 1303 /44 4 1304 1185 1299 1180 /44 6 1305 1186 1300 1181 /
44 6 1306 1187 1301 1182 /44 6 1307 1188 1302 1183 /44 6 1308 1189 1303 1184 /44 6 1309 1190 1305 1186 /
44 6 1310 1191 1306 1187 /44 6 1311 1192 1307 1188 /44 6 1312 1193 1308 1189 /44 6 1313 1194 1309 1190 /
44 6 1314 1195 1310 1191 /44 6 1315 1196 1311 1192 /44 6 1316 1197 1312 1193 /44 6 1317 1198 1313 1194 /
44 6 1318 1199 1314 1195 /44 6 1319 1200 1315 1196 /44 6 1320 1201 1316 1197 /44 6 1321 1202 1317 1198 /
44 6 1322 1203 1318 1199 /44 6 1323 1204 1319 1200 /44 6 1324 1205 1320 1201 /44 6 1325 1206 1321 1202 /
44 6 1326 1207 1322 1203 /44 6 1327 1208 1323 1204 /44 6 1328 1209 1324 1205 /44 6 1329 1210 1325 1206 /
44 6 1330 1211 1326 1207 /44 6 1331 1212 1327 1208 /44 6 1332 1213 1328 1209 /44 6 1333 1214 1329 1210 /
44 6 1334 1215 1330 1211 /44 6 1335 1216 1331 1212 /44 6 1336 1217 1332 1213 /44 6 1337 1218 1333 1214 /
44 6 1338 1219 1334 1215 /44 6 1339 1220 1335 1216 /44 6 1340 1221 1336 1217 /44 6 1341 1222 1337 1218 /
44 6 1342 1223 1338 1219 /44 6 1343 1224 1339 1220 /44 6 1344 1225 1340 1221 /44 6 1346 1226 1341 1222 /
44 6 1347 1227 1342 1223 /44 6 1348 1228 1343 1224 /44 6 1349 1229 1344 1225 /44 6 1352 1237 1346 1226 /
44 6 1353 1238 1347 1227 /44 6 1354 1239 1348 1228 /44 6 1355 1240 1349 1229 /44 4 1350 1231 1345 1230 /
44 7 1352 1351 1237 1236 /5 3 1237 1352 /5 3 1238 1353 /5 3 1239 1354 /
5 3 1240 1355 /44 4 1356 1241 1350 1231 /44 4 1376 1243 1375 1242 /44 7 1377 1376 1244 1243 /
44 7 1378 1377 1245 1244 /44 7 1379 1378 1246 1245 /44 7 1380 1379 1247 1246 /44 7 1381 1380 1248 1247 /
44 7 1382 1381 1249 1248 /5 3 1249 1382 /5 3 1250 1383 /5 3 1251 1384 /
5 3 1252 1385 /44 4 1386 1253 1376 1243 /44 6 1387 1254 1382 1249 /44 6 1388 1255 1383 1250 /
44 6 1389 1256 1384 1251 /44 6 1390 1257 1385 1252 /44 6 1392 1258 1387 1254 /44 6 1393 1259 1388 1255 /
44 6 1394 1260 1389 1256 /44 6 1395 1261 1390 1257 /44 6 1397 1262 1392 1258 /44 6 1398 1263 1393 1259 /
44 6 1399 1264 1394 1260 /44 6 1400 1265 1395 1261 /44 6 1402 1266 1397 1262 /44 6 1403 1267 1398 1263 /
44 6 1404 1268 1399 1264 /44 6 1405 1269 1400 1265 /44 6 1407 1270 1402 1266 /44 6 1408 1271 1403 1267 /
44 6 1409 1272 1404 1268 /44 6 1410 1273 1405 1269 /44 6 1412 1274 1407 1270 /44 6 1413 1275 1408 1271 /
44 6 1414 1276 1409 1272 /44 6 1415 1277 1410 1273 /44 6 1417 1278 1412 1274 /44 6 1418 1279 1413 1275 /
44 6 1419 1280 1414 1276 /44 6 1420 1281 1415 1277 /44 6 1422 1282 1417 1278 /44 6 1423 1283 1418 1279 /
44 6 1424 1284 1419 1280 /44 6 1425 1285 1420 1281 /44 6 1427 1286 1422 1282 /44 6 1428 1287 1423 1283 /
44 6 1429 1288 1424 1284 /44 6 1430 1289 1425 1285 /44 6 1432 1290 1427 1286 /44 6 1433 1291 1428 1287 /
44 6 1434 1292 1429 1288 /44 6 1435 1293 1430 1289 /44 6 1437 1295 1432 1290 /44 6 1438 1296 1433 1291 /
44 6 1439 1297 1434 1292 /44 6 1440 1298 1435 1293 /44 4 1441 1299 1436 1294 /44 6 1442 1300 1437 1295 /
44 6 1443 1301 1438 1296 /44 6 1444 1302 1439 1297 /44 6 1445 1303 1440 1298 /5 3 1300 1442 /
5 3 1301 1443 /5 3 1302 1444 /5 3 1303 1445 /44 4 1446 1304 1441 1299 /
44 6 1447 1305 1442 1300 /44 6 1448 1306 1443 1301 /44 6 1449 1307 1444 1302 /44 6 1450 1308 1445 1303 /
44 6 1452 1309 1447 1305 /44 6 1453 1310 1448 1306 /44 6 1454 1311 1449 1307 /44 6 1455 1312 1450 1308 /
44 6 1457 1313 1452 1309 /44 6 1458 1314 1453 1310 /44 6 1459 1315 1454 1311 /44 6 1460 1316 1455 1312 /
44 6 1462 1317 1457 1313 /44 6 1463 1318 1458 1314 /44 6 1464 1319 1459 1315 /44 6 1465 1320 1460 1316 /
44 6 1467 1321 1462 1317 /44 6 1468 1322 1463 1318 /44 6 1469 1323 1464 1319 /44 6 1470 1324 1465 1320 /
44 6 1472 1325 1467 1321 /44 6 1473 1326 1468 1322 /44 6 1474 1327 1469 1323 /44 6 1475 1328 1470 1324 /
44 6 1477 1329 1472 1325 /44 6 1478 1330 1473 1326 /44 6 1479 1331 1474 1327 /44 6 1480 1332 1475 1328 /
44 6 1482 1333 1477 1329 /44 6 1483 1334 1478 1330 /44 6 1484 1335 1479 1331 /44 6 1485 1336 1480 1332 /
44 6 1487 1337 1482 1333 /44 6 1488 1338 1483 1334 /44 6 1489 1339 1484 1335 /44 6 1490 1340 1485 1336 /
44 6 1492 1341 1487 1337 /44 6 1493 1342 1488 1338 /44 6 1494 1343 1489 1339 /44 6 1495 1344 1490 1340 /
44 6 1497 1346 1492 1341 /44 6 1498 1347 1493 1342 /44 6 1499 1348 1494 1343 /44 6 1500 1349 1495 1344 /
44 4 1501 1350 1496 1345 /44 6 1507 1352 1497 1346 /44 6 1508 1353 1498 1347 /44 6 1509 1354 1499 1348 /
44 6 1510 1355 1500 1349 /44 7 1507 1506 1352 1351 /5 3 1352 1507 /5 3 1353 1508 /
5 3 1354 1509 /5 3 1355 1510 /44 4 1511 1356 1501 1350 /44 4 1391 1357 1386 1253 /
44 4 1436 1294 1431 1365 /44 4 1451 1366 1446 1304 /44 4 1496 1345 1491 1374 /44 4 1396 1358 1391 1357 /
44 4 1401 1359 1396 1358 /44 4 1406 1360 1401 1359 /44 4 1411 1361 1406 1360 /44 4 1416 1362 1411 1361 /
44 4 1421 1363 1416 1362 /44 4 1426 1364 1421 1363 /44 4 1431 1365 1426 1364 /44 4 1456 1367 1451 1366 /
44 4 1461 1368 1456 1367 /44 4 1466 1369 1461 1368 /44 4 1471 1370 1466 1369 /44 4 1476 1371 1471 1370 /
44 4 1481 1372 1476 1371 /44 4 1486 1373 1481 1372 /44 4 1491 1374 1486 1373 /5 2 1376 1377 /
5 2 1377 1378 /5 2 1378 1379 /5 2 1379 1380 /5 2 1380 1381 /
5 2 1381 1382 /5 2 1382 1383 /5 2 1383 1384 /5 2 1384 1385 /
5 3 1382 1387 /5 3 1383 1388 /5 3 1384 1389 /5 3 1385 1390 /
5 3 1387 1392 /5 3 1388 1393 /5 3 1389 1394 /5 3 1390 1395 /
5 3 1392 1397 /5 3 1393 1398 /5 3 1394 1399 /5 3 1395 1400 /
5 3 1397 1402 /5 3 1398 1403 /5 3 1399 1404 /5 3 1400 1405 /
5 3 1402 1407 /5 3 1403 1408 /5 3 1404 1409 /5 3 1405 1410 /
5 3 1407 1412 /5 3 1408 1413 /5 3 1409 1414 /5 3 1410 1415 /
5 3 1412 1417 /5 3 1413 1418 /5 3 1414 1419 /5 3 1415 1420 /
5 3 1417 1422 /5 3 1418 1423 /5 3 1419 1424 /5 3 1420 1425 /
5 3 1422 1427 /5 3 1423 1428 /5 3 1424 1429 /5 3 1425 1430 /
5 3 1427 1432 /5 3 1428 1433 /5 3 1429 1434 /5 3 1430 1435 /
5 3 1432 1437 /5 3 1433 1438 /5 3 1434 1439 /5 3 1435 1440 /
5 3 1437 1442 /5 3 1438 1443 /5 3 1439 1444 /5 3 1440 1445 /
5 2 1441 1442 /5 2 1442 1443 /5 2 1443 1444 /5 2 1444 1445 /
5 3 1442 1447 /5 3 1443 1448 /5 3 1444 1449 /5 3 1445 1450 /
5 3 1447 1452 /5 3 1448 1453 /5 3 1449 1454 /5 3 1450 1455 /
5 3 1452 1457 /5 3 1453 1458 /5 3 1454 1459 /5 3 1455 1460 /
5 3 1457 1462 /5 3 1458 1463 /5 3 1459 1464 /5 3 1460 1465 /
5 3 1462 1467 /5 3 1463 1468 /5 3 1464 1469 /5 3 1465 1470 /
5 3 1467 1472 /5 3 1468 1473 /5 3 1469 1474 /5 3 1470 1475 /
5 3 1472 1477 /5 3 1473 1478 /5 3 1474 1479 /5 3 1475 1480 /
5 3 1477 1482 /5 3 1478 1483 /5 3 1479 1484 /5 3 1480 1485 /
5 3 1482 1487 /5 3 1483 1488 /5 3 1484 1489 /5 3 1485 1490 /
5 3 1487 1492 /5 3 1488 1493 /5 3 1489 1494 /5 3 1490 1495 /
5 3 1492 1497 /5 3 1493 1498 /5 3 1494 1499 /5 3 1495 1500 /
5 3 1497 1507 /5 3 1498 1508 /5 3 1499 1509 /5 3 1500 1510 /
5 2 1501 1502 /5 2 1502 1503 /5 2 1503 1504 /5 2 1504 1505 /
5 2 1505 1506 /5 2 1506 1507 /5 2 1507 1508 /5 2 1508 1509 /
5 2 1509 1510 /44 4 1513 1396 1512 1391 /44 4 1514 1401 1513 1396 /44 4 1515 1406 1514 1401 /
44 4 1516 1411 1515 1406 /44 4 1517 1416 1516 1411 /44 4 1518 1421 1517 1416 /44 4 1519 1426 1518 1421 /
44 4 1520 1431 1519 1426 /44 4 1522 1456 1521 1451 /44 4 1523 1461 1522 1456 /44 4 1524 1466 1523 1461 /
44 4 1525 1471 1524 1466 /44 4 1526 1476 1525 1471 /44 4 1527 1481 1526 1476 /44 4 1528 1486 1527 1481 /
44 4 1529 1491 1528 1486 /44 4 1512 1391 1538 1386 /44 4 1552 1436 1520 1431 /44 4 1521 1451 1562 1446 /
44 4 1603 1496 1529 1491 /44 4 1531 1376 1530 1375 /44 7 1532 1531 1377 1376 /44 7 1533 1532 1378 1377 /
44 7 1534 1533 1379 1378 /44 7 1535 1534 1380 1379 /44 7 1536 1535 1381 1380 /5 3 1385 1537 /
44 4 1538 1386 1531 1376 /44 6 1539 1390 1537 1385 /44 6 1540 1395 1539 1390 /44 6 1541 1400 1540 1395 /
44 6 1542 1405 1541 1400 /44 6 1543 1410 1542 1405 /44 6 1544 1415 1543 1410 /44 6 1545 1420 1544 1415 /
44 6 1546 1425 1545 1420 /44 6 1547 1430 1546 1425 /44 6 1551 1435 1547 1430 /44 6 1553 1437 1548 1432 /
44 6 1554 1438 1549 1433 /44 6 1555 1439 1550 1434 /44 6 1556 1440 1551 1435 /44 4 1557 1441 1552 1436 /
44 6 1558 1442 1553 1437 /44 6 1559 1443 1554 1438 /44 6 1560 1444 1555 1439 /44 6 1561 1445 1556 1440 /
5 3 1442 1558 /5 3 1443 1559 /5 3 1444 1560 /5 3 1445 1561 /
44 4 1562 1446 1557 1441 /44 6 1563 1447 1558 1442 /44 6 1564 1448 1559 1443 /44 6 1565 1449 1560 1444 /
44 6 1566 1450 1561 1445 /44 6 1567 1452 1563 1447 /44 6 1568 1453 1564 1448 /44 6 1569 1454 1565 1449 /
44 6 1570 1455 1566 1450 /44 6 1571 1457 1567 1452 /44 6 1572 1458 1568 1453 /44 6 1573 1459 1569 1454 /
44 6 1574 1460 1570 1455 /44 6 1575 1462 1571 1457 /44 6 1576 1463 1572 1458 /44 6 1577 1464 1573 1459 /
44 6 1578 1465 1574 1460 /44 6 1579 1467 1575 1462 /44 6 1580 1468 1576 1463 /44 6 1581 1469 1577 1464 /
44 6 1582 1470 1578 1465 /44 6 1583 1472 1579 1467 /44 6 1584 1473 1580 1468 /44 6 1585 1474 1581 1469 /
44 6 1586 1475 1582 1470 /44 6 1587 1477 1583 1472 /44 6 1588 1478 1584 1473 /44 6 1589 1479 1585 1474 /
44 6 1590 1480 1586 1475 /44 6 1591 1482 1587 1477 /44 6 1592 1483 1588 1478 /44 6 1593 1484 1589 1479 /
44 6 1594 1485 1590 1480 /44 6 1595 1487 1591 1482 /44 6 1596 1488 1592 1483 /44 6 1597 1489 1593 1484 /
44 6 1598 1490 1594 1485 /44 6 1599 1492 1595 1487 /44 6 1600 1493 1596 1488 /44 6 1601 1494 1597 1489 /
44 6 1602 1495 1598 1490 /44 6 1604 1497 1599 1492 /44 6 1605 1498 1600 1493 /44 6 1606 1499 1601 1494 /
44 6 1607 1500 1602 1495 /44 4 1608 1501 1603 1496 /44 6 1614 1507 1604 1497 /44 6 1615 1508 1605 1498 /
44 6 1616 1509 1606 1499 /44 6 1617 1510 1607 1500 /44 7 1609 1608 1502 1501 /44 7 1610 1609 1503 1502 /
44 7 1611 1610 1504 1503 /44 7 1612 1611 1505 1504 /44 7 1613 1612 1506 1505 /44 7 1614 1613 1507 1506 /
5 3 1507 1614 /5 3 1508 1615 /5 3 1509 1616 /5 3 1510 1617 /
44 4 1618 1511 1608 1501 /44 7 1619 1536 1382 1381 /44 6 1548 1432 1646 1427 /44 6 1549 1433 1647 1428 /
44 6 1550 1434 1648 1429 /5 3 1382 1619 /5 3 1383 1620 /5 3 1384 1621 /
44 6 1622 1387 1619 1382 /44 6 1623 1388 1620 1383 /44 6 1624 1389 1621 1384 /44 6 1625 1392 1622 1387 /
44 6 1626 1393 1623 1388 /44 6 1627 1394 1624 1389 /44 6 1628 1397 1625 1392 /44 6 1629 1398 1626 1393 /
44 6 1630 1399 1627 1394 /44 6 1631 1402 1628 1397 /44 6 1632 1403 1629 1398 /44 6 1633 1404 1630 1399 /
44 6 1634 1407 1631 1402 /44 6 1635 1408 1632 1403 /44 6 1636 1409 1633 1404 /44 6 1637 1412 1634 1407 /
44 6 1638 1413 1635 1408 /44 6 1639 1414 1636 1409 /44 6 1640 1417 1637 1412 /44 6 1641 1418 1638 1413 /
44 6 1642 1419 1639 1414 /44 6 1643 1422 1640 1417 /44 6 1644 1423 1641 1418 /44 6 1645 1424 1642 1419 /
44 6 1646 1427 1643 1422 /44 6 1647 1428 1644 1423 /44 6 1648 1429 1645 1424 /44 4 1650 1531 1649 1530 /
44 7 1651 1650 1532 1531 /44 7 1652 1651 1533 1532 /5 3 1537 1653 /44 4 1538 1531 1654 1650 /
44 6 1655 1539 1653 1537 /44 6 1656 1540 1655 1539 /44 6 1657 1541 1656 1540 /44 6 1658 1542 1657 1541 /
44 6 1659 1543 1658 1542 /44 6 1660 1544 1659 1543 /44 6 1661 1545 1660 1544 /44 6 1662 1546 1661 1545 /
44 6 1663 1547 1662 1546 /44 6 1667 1551 1663 1547 /44 6 1668 1553 1664 1548 /44 6 1669 1554 1665 1549 /
44 6 1670 1555 1666 1550 /44 6 1671 1556 1667 1551 /44 6 1674 1558 1668 1553 /44 6 1675 1559 1669 1554 /
44 6 1676 1560 1670 1555 /44 6 1677 1561 1671 1556 /44 4 1673 1557 1672 1552 /5 3 1558 1674 /
5 3 1559 1675 /5 3 1560 1676 /5 3 1561 1677 /44 4 1562 1557 1678 1673 /
44 6 1679 1563 1674 1558 /44 6 1680 1564 1675 1559 /44 6 1681 1565 1676 1560 /44 6 1682 1566 1677 1561 /
44 6 1683 1567 1679 1563 /44 6 1684 1568 1680 1564 /44 6 1685 1569 1681 1565 /44 6 1686 1570 1682 1566 /
44 6 1687 1571 1683 1567 /44 6 1688 1572 1684 1568 /44 6 1689 1573 1685 1569 /44 6 1690 1574 1686 1570 /
44 6 1691 1575 1687 1571 /44 6 1692 1576 1688 1572 /44 6 1693 1577 1689 1573 /44 6 1694 1578 1690 1574 /
44 6 1695 1579 1691 1575 /44 6 1696 1580 1692 1576 /44 6 1697 1581 1693 1577 /44 6 1698 1582 1694 1578 /
44 6 1699 1583 1695 1579 /44 6 1700 1584 1696 1580 /44 6 1701 1585 1697 1581 /44 6 1702 1586 1698 1582 /
44 6 1703 1587 1699 1583 /44 6 1704 1588 1700 1584 /44 6 1705 1589 1701 1585 /44 6 1706 1590 1702 1586 /
44 6 1707 1591 1703 1587 /44 6 1708 1592 1704 1588 /44 6 1709 1593 1705 1589 /44 6 1710 1594 1706 1590 /
44 6 1711 1595 1707 1591 /44 6 1712 1596 1708 1592 /44 6 1713 1597 1709 1593 /44 6 1714 1598 1710 1594 /
44 6 1715 1599 1711 1595 /44 6 1716 1600 1712 1596 /44 6 1717 1601 1713 1597 /44 6 1718 1602 1714 1598 /
44 6 1719 1604 1715 1599 /44 6 1720 1605 1716 1600 /44 6 1721 1606 1717 1601 /44 6 1722 1607 1718 1602 /
44 6 1730 1614 1719 1604 /44 6 1731 1615 1720 1605 /44 6 1732 1616 1721 1606 /44 6 1733 1617 1722 1607 /
44 4 1724 1608 1723 1603 /44 7 1725 1724 1609 1608 /44 7 1726 1725 1610 1609 /44 7 1727 1726 1611 1610 /
44 7 1728 1727 1612 1611 /44 7 1729 1728 1613 1612 /44 7 1730 1729 1614 1613 /5 3 1614 1730 /
5 3 1615 1731 /5 3 1616 1732 /5 3 1617 1733 /44 4 1734 1618 1724 1608 /
44 7 1735 1652 1534 1533 /44 6 1664 1548 1795 1646 /44 6 1665 1549 1796 1647 /44 6 1666 1550 1797 1648 /
44 7 1736 1735 1535 1534 /44 7 1737 1736 1536 1535 /44 7 1738 1737 1619 1536 /5 3 1619 1738 /
5 3 1620 1740 /5 3 1621 1742 /44 6 1744 1622 1738 1619 /44 6 1746 1623 1740 1620 /
44 6 1748 1624 1742 1621 /44 6 1750 1625 1744 1622 /44 6 1752 1626 1746 1623 /44 6 1754 1627 1748 1624 /
44 6 1756 1628 1750 1625 /44 6 1758 1629 1752 1626 /44 6 1760 1630 1754 1627 /44 6 1764 1631 1756 1628 /
44 6 1765 1632 1758 1629 /44 6 1766 1633 1760 1630 /44 6 1770 1634 1764 1631 /44 6 1771 1635 1765 1632 /
44 6 1772 1636 1766 1633 /44 6 1776 1637 1770 1634 /44 6 1777 1638 1771 1635 /44 6 1778 1639 1772 1636 /
44 6 1782 1640 1776 1637 /44 6 1783 1641 1777 1638 /44 6 1784 1642 1778 1639 /44 6 1788 1643 1782 1640 /
44 6 1789 1644 1783 1641 /44 6 1790 1645 1784 1642 /44 6 1795 1646 1788 1643 /44 6 1796 1647 1789 1644 /
44 6 1797 1648 1790 1645 /44 4 1799 1650 1798 1649 /44 7 1800 1799 1651 1650 /44 7 1801 1800 1652 1651 /
5 3 1653 1808 /44 4 1809 1654 1799 1650 /44 6 1810 1655 1808 1653 /44 6 1811 1656 1810 1655 /
44 6 1812 1657 1811 1656 /44 6 1813 1658 1812 1657 /44 6 1814 1659 1813 1658 /44 6 1815 1660 1814 1659 /
44 6 1816 1661 1815 1660 /44 6 1817 1662 1816 1661 /44 6 1821 1663 1817 1662 /44 6 1825 1667 1821 1663 /
44 6 1826 1668 1822 1664 /44 6 1827 1669 1823 1665 /44 6 1828 1670 1824 1666 /44 6 1829 1671 1825 1667 /
44 6 1832 1674 1826 1668 /44 6 1833 1675 1827 1669 /44 6 1834 1676 1828 1670 /44 6 1835 1677 1829 1671 /
44 4 1831 1673 1830 1672 /5 3 1674 1832 /5 3 1675 1833 /5 3 1676 1834 /
5 3 1677 1835 /44 4 1836 1678 1831 1673 /44 6 1837 1679 1832 1674 /44 6 1838 1680 1833 1675 /
44 6 1839 1681 1834 1676 /44 6 1840 1682 1835 1677 /44 6 1841 1683 1837 1679 /44 6 1842 1684 1838 1680 /
44 6 1843 1685 1839 1681 /44 6 1844 1686 1840 1682 /44 6 1845 1687 1841 1683 /44 6 1846 1688 1842 1684 /
44 6 1847 1689 1843 1685 /44 6 1848 1690 1844 1686 /44 6 1849 1691 1845 1687 /44 6 1850 1692 1846 1688 /
44 6 1851 1693 1847 1689 /44 6 1852 1694 1848 1690 /44 6 1853 1695 1849 1691 /44 6 1854 1696 1850 1692 /
44 6 1855 1697 1851 1693 /44 6 1856 1698 1852 1694 /44 6 1857 1699 1853 1695 /44 6 1858 1700 1854 1696 /
44 6 1859 1701 1855 1697 /44 6 1860 1702 1856 1698 /44 6 1861 1703 1857 1699 /44 6 1862 1704 1858 1700 /
44 6 1863 1705 1859 1701 /44 6 1864 1706 1860 1702 /44 6 1865 1707 1861 1703 /44 6 1866 1708 1862 1704 /
44 6 1867 1709 1863 1705 /44 6 1868 1710 1864 1706 /44 6 1869 1711 1865 1707 /44 6 1870 1712 1866 1708 /
44 6 1871 1713 1867 1709 /44 6 1872 1714 1868 1710 /44 6 1873 1715 1869 1711 /44 6 1874 1716 1870 1712 /
44 6 1875 1717 1871 1713 /44 6 1876 1718 1872 1714 /44 6 1877 1719 1873 1715 /44 6 1878 1720 1874 1716 /
44 6 1879 1721 1875 1717 /44 6 1880 1722 1876 1718 /44 6 1888 1730 1877 1719 /44 6 1889 1731 1878 1720 /
44 6 1890 1732 1879 1721 /44 6 1891 1733 1880 1722 /44 4 1882 1724 1881 1723 /44 7 1883 1882 1725 1724 /
44 7 1884 1883 1726 1725 /44 7 1885 1884 1727 1726 /44 7 1886 1885 1728 1727 /44 7 1887 1886 1729 1728 /
44 7 1888 1887 1730 1729 /5 3 1730 1888 /5 3 1731 1889 /5 3 1732 1890 /
5 3 1733 1891 /44 4 1892 1734 1882 1724 /44 7 1802 1801 1735 1652 /44 6 1822 1664 1818 1795 /
44 6 1823 1665 1819 1796 /44 6 1824 1666 1820 1797 /44 7 1803 1802 1736 1735 /44 7 1804 1803 1737 1736 /
44 7 1805 1804 1738 1737 /5 3 1738 1805 /5 3 1740 1806 /5 3 1742 1807 /
44 5 1895 1743 1802 1735 /44 5 1920 1818 1792 1795 /44 5 1921 1819 1793 1796 /44 5 1896 1745 1893 1739 /
44 5 1897 1747 1894 1741 /44 5 1898 1749 1895 1743 /44 5 1899 1751 1896 1745 /44 5 1900 1753 1897 1747 /
44 5 1901 1755 1898 1749 /44 5 1902 1757 1899 1751 /44 5 1903 1759 1900 1753 /44 5 1901 1904 1755 1761 /
44 5 1902 1905 1757 1762 /44 5 1903 1906 1759 1763 /44 5 1904 1907 1761 1767 /44 5 1905 1908 1762 1768 /
44 5 1906 1909 1763 1769 /44 5 1907 1910 1767 1773 /44 5 1908 1911 1768 1774 /44 5 1909 1912 1769 1775 /
44 5 1910 1913 1773 1779 /44 5 1911 1914 1774 1780 /44 5 1912 1915 1775 1781 /44 5 1913 1916 1779 1785 /
44 5 1914 1917 1780 1786 /44 5 1915 1918 1781 1787 /44 5 1916 1919 1785 1791 /44 5 1917 1920 1786 1792 /
44 5 1918 1921 1787 1793 /44 5 1919 1922 1791 1794 /44 4 1924 1799 1923 1798 /44 7 1925 1924 1800 1799 /
44 7 1926 1925 1801 1800 /44 7 1927 1926 1802 1801 /44 7 1928 1927 1803 1802 /44 7 1929 1928 1804 1803 /
44 7 1930 1929 1805 1804 /5 3 1805 1930 /5 3 1806 1931 /5 3 1807 1932 /
5 3 1808 1933 /44 4 1934 1809 1924 1799 /44 6 1935 1810 1933 1808 /44 6 1936 1811 1935 1810 /
44 6 1937 1812 1936 1811 /44 6 1938 1813 1937 1812 /44 6 1939 1814 1938 1813 /44 6 1940 1815 1939 1814 /
44 6 1941 1816 1940 1815 /44 6 1942 1817 1941 1816 /44 6 1946 1821 1942 1817 /44 6 1947 1822 1943 1818 /
44 6 1948 1823 1944 1819 /44 6 1949 1824 1945 1820 /44 6 1950 1825 1946 1821 /44 6 1951 1826 1947 1822 /
44 6 1952 1827 1948 1823 /44 6 1953 1828 1949 1824 /44 6 1954 1829 1950 1825 /44 6 1957 1832 1951 1826 /
44 6 1958 1833 1952 1827 /44 6 1959 1834 1953 1828 /44 6 1960 1835 1954 1829 /44 4 1956 1831 1955 1830 /
5 3 1832 1957 /5 3 1833 1958 /5 3 1834 1959 /5 3 1835 1960 /
44 4 1961 1836 1956 1831 /44 6 1962 1837 1957 1832 /44 6 1963 1838 1958 1833 /44 6 1964 1839 1959 1834 /
44 6 1965 1840 1960 1835 /44 6 1966 1841 1962 1837 /44 6 1967 1842 1963 1838 /44 6 1968 1843 1964 1839 /
44 6 1969 1844 1965 1840 /44 6 1970 1845 1966 1841 /44 6 1971 1846 1967 1842 /44 6 1972 1847 1968 1843 /
44 6 1973 1848 1969 1844 /44 6 1974 1849 1970 1845 /44 6 1975 1850 1971 1846 /44 6 1976 1851 1972 1847 /
44 6 1977 1852 1973 1848 /44 6 1978 1853 1974 1849 /44 6 1979 1854 1975 1850 /44 6 1980 1855 1976 1851 /
44 6 1981 1856 1977 1852 /44 6 1982 1857 1978 1853 /44 6 1983 1858 1979 1854 /44 6 1984 1859 1980 1855 /
44 6 1985 1860 1981 1856 /44 6 1986 1861 1982 1857 /44 6 1987 1862 1983 1858 /44 6 1988 1863 1984 1859 /
44 6 1989 1864 1985 1860 /44 6 1990 1865 1986 1861 /44 6 1991 1866 1987 1862 /44 6 1992 1867 1988 1863 /
44 6 1993 1868 1989 1864 /44 6 1994 1869 1990 1865 /44 6 1995 1870 1991 1866 /44 6 1996 1871 1992 1867 /
44 6 1997 1872 1993 1868 /44 6 1998 1873 1994 1869 /44 6 1999 1874 1995 1870 /44 6 2000 1875 1996 1871 /
44 6 2001 1876 1997 1872 /44 6 2002 1877 1998 1873 /44 6 2003 1878 1999 1874 /44 6 2004 1879 2000 1875 /
44 6 2005 1880 2001 1876 /44 6 2013 1888 2002 1877 /44 6 2014 1889 2003 1878 /44 6 2015 1890 2004 1879 /
44 6 2016 1891 2005 1880 /44 4 2007 1882 2006 1881 /44 7 2008 2007 1883 1882 /44 7 2009 2008 1884 1883 /
44 7 2010 2009 1885 1884 /44 7 2011 2010 1886 1885 /44 7 2012 2011 1887 1886 /44 7 2013 2012 1888 1887 /
5 3 1888 2013 /5 3 1889 2014 /5 3 1890 2015 /5 3 1891 2016 /
44 4 2017 1892 2007 1882 /42 5 1895 1802 1927 /42 5 1920 1943 1818 /42 5 1921 1944 1819 /
44 5 2033 1896 2026 1893 /44 5 2034 1897 2028 1894 /44 5 2036 1898 2032 1895 /44 5 2037 1899 2033 1896 /
44 5 2038 1900 2034 1897 /44 5 2040 1901 2036 1898 /44 5 2041 1902 2037 1899 /44 5 2042 1903 2038 1900 /
44 5 2040 2044 1901 1904 /44 5 2041 2046 1902 1905 /44 5 2042 2048 1903 1906 /44 5 2044 2051 1904 1907 /
44 5 2046 2053 1905 1908 /44 5 2048 2055 1906 1909 /44 5 2051 2058 1907 1910 /44 5 2053 2060 1908 1911 /
44 5 2055 2062 1909 1912 /44 5 2058 2065 1910 1913 /44 5 2060 2067 1911 1914 /44 5 2062 2069 1912 1915 /
44 5 2065 2072 1913 1916 /44 5 2067 2074 1914 1917 /44 5 2069 2076 1915 1918 /44 5 2072 2079 1916 1919 /
44 5 2074 2081 1917 1920 /44 5 2076 2083 1918 1921 /44 5 2079 2085 1919 1922 /44 5 2032 1895 2022 1927 /
44 5 2081 1920 2086 1943 /44 5 2083 2087 1921 1944 /44 4 2019 1924 2018 1923 /44 7 2020 2019 1925 1924 /
44 7 2021 2020 1926 1925 /44 7 2022 2021 1927 1926 /44 7 2023 2022 1928 1927 /44 7 2024 2023 1929 1928 /
44 7 2025 2024 1930 1929 /5 3 1930 2025 /5 3 1931 2027 /5 3 1932 2029 /
5 3 1933 2030 /44 4 2031 1934 2019 1924 /44 6 2035 1935 2030 1933 /44 6 2039 1936 2035 1935 /
44 6 2043 1937 2039 1936 /44 6 2050 1938 2043 1937 /44 6 2057 1939 2050 1938 /44 6 2064 1940 2057 1939 /
44 6 2071 1941 2064 1940 /44 6 2078 1942 2071 1941 /44 6 2089 1946 2078 1942 /44 6 2090 1947 2086 1943 /
44 6 2091 1948 2087 1944 /44 6 2092 1949 2088 1945 /44 6 2093 1950 2089 1946 /44 6 2094 1951 2090 1947 /
44 6 2095 1952 2091 1948 /44 6 2096 1953 2092 1949 /44 6 2097 1954 2093 1950 /44 6 2100 1957 2094 1951 /
44 6 2101 1958 2095 1952 /44 6 2102 1959 2096 1953 /44 6 2103 1960 2097 1954 /44 4 2099 1956 2098 1955 /
5 3 1957 2100 /5 3 1958 2101 /5 3 1959 2102 /5 3 1960 2103 /
44 4 2104 1961 2099 1956 /44 6 2105 1962 2100 1957 /44 6 2106 1963 2101 1958 /44 6 2107 1964 2102 1959 /
44 6 2108 1965 2103 1960 /44 6 2109 1966 2105 1962 /44 6 2110 1967 2106 1963 /44 6 2111 1968 2107 1964 /
44 6 2112 1969 2108 1965 /44 6 2113 1970 2109 1966 /44 6 2114 1971 2110 1967 /44 6 2115 1972 2111 1968 /
44 6 2116 1973 2112 1969 /44 6 2117 1974 2113 1970 /44 6 2118 1975 2114 1971 /44 6 2119 1976 2115 1972 /
44 6 2120 1977 2116 1973 /44 6 2121 1978 2117 1974 /44 6 2122 1979 2118 1975 /44 6 2123 1980 2119 1976 /
44 6 2124 1981 2120 1977 /44 6 2125 1982 2121 1978 /44 6 2126 1983 2122 1979 /44 6 2127 1984 2123 1980 /
44 6 2128 1985 2124 1981 /44 6 2129 1986 2125 1982 /44 6 2130 1987 2126 1983 /44 6 2131 1988 2127 1984 /
44 6 2132 1989 2128 1985 /44 6 2133 1990 2129 1986 /44 6 2134 1991 2130 1987 /44 6 2135 1992 2131 1988 /
44 6 2136 1993 2132 1989 /44 6 2137 1994 2133 1990 /44 6 2138 1995 2134 1991 /44 6 2139 1996 2135 1992 /
44 6 2140 1997 2136 1993 /44 6 2141 1998 2137 1994 /44 6 2142 1999 2138 1995 /44 6 2143 2000 2139 1996 /
44 6 2144 2001 2140 1997 /44 6 2145 2002 2141 1998 /44 6 2146 2003 2142 1999 /44 6 2147 2004 2143 2000 /
44 6 2148 2005 2144 2001 /44 6 2156 2013 2145 2002 /44 6 2157 2014 2146 2003 /44 6 2158 2015 2147 2004 /
44 6 2159 2016 2148 2005 /44 4 2150 2007 2149 2006 /44 7 2151 2150 2008 2007 /44 7 2152 2151 2009 2008 /
44 7 2153 2152 2010 2009 /44 7 2154 2153 2011 2010 /44 7 2155 2154 2012 2011 /44 7 2156 2155 2013 2012 /
5 3 2013 2156 /5 3 2014 2157 /5 3 2015 2158 /5 3 2016 2159 /
44 4 2160 2017 2150 2007 /44 4 2162 2019 2161 2018 /44 7 2163 2162 2020 2019 /44 7 2164 2163 2021 2020 /
44 7 2165 2164 2022 2021 /44 7 2166 2165 2023 2022 /44 7 2167 2166 2024 2023 /44 7 2168 2167 2025 2024 /
5 3 2025 2168 /5 3 2027 2169 /5 3 2029 2170 /5 3 2030 2171 /
44 4 2172 2031 2162 2019 /44 6 2173 2035 2171 2030 /44 6 2174 2039 2173 2035 /44 6 2175 2043 2174 2039 /
44 6 2176 2050 2175 2043 /44 6 2177 2057 2176 2050 /44 6 2178 2064 2177 2057 /44 6 2179 2071 2178 2064 /
44 6 2180 2078 2179 2071 /44 6 2184 2089 2180 2078 /44 6 2185 2090 2181 2086 /44 6 2186 2091 2182 2087 /
44 6 2187 2092 2183 2088 /44 6 2188 2093 2184 2089 /44 6 2189 2094 2185 2090 /44 6 2190 2095 2186 2091 /
44 6 2191 2096 2187 2092 /44 6 2192 2097 2188 2093 /44 6 2195 2100 2189 2094 /44 6 2196 2101 2190 2095 /
44 6 2197 2102 2191 2096 /44 6 2198 2103 2192 2097 /44 4 2194 2099 2193 2098 /5 3 2100 2195 /
5 3 2101 2196 /5 3 2102 2197 /5 3 2103 2198 /44 4 2199 2104 2194 2099 /
44 6 2200 2105 2195 2100 /44 6 2201 2106 2196 2101 /44 6 2202 2107 2197 2102 /44 6 2203 2108 2198 2103 /
44 6 2204 2109 2200 2105 /44 6 2205 2110 2201 2106 /44 6 2206 2111 2202 2107 /44 6 2207 2112 2203 2108 /
44 6 2208 2113 2204 2109 /44 6 2209 2114 2205 2110 /44 6 2210 2115 2206 2111 /44 6 2211 2116 2207 2112 /
44 6 2212 2117 2208 2113 /44 6 2213 2118 2209 2114 /44 6 2214 2119 2210 2115 /44 6 2215 2120 2211 2116 /
44 6 2216 2121 2212 2117 /44 6 2217 2122 2213 2118 /44 6 2218 2123 2214 2119 /44 6 2219 2124 2215 2120 /
44 6 2220 2125 2216 2121 /44 6 2221 2126 2217 2122 /44 6 2222 2127 2218 2123 /44 6 2223 2128 2219 2124 /
44 6 2224 2129 2220 2125 /44 6 2225 2130 2221 2126 /44 6 2226 2131 2222 2127 /44 6 2227 2132 2223 2128 /
44 6 2228 2133 2224 2129 /44 6 2229 2134 2225 2130 /44 6 2230 2135 2226 2131 /44 6 2231 2136 2227 2132 /
44 6 2232 2137 2228 2133 /44 6 2233 2138 2229 2134 /44 6 2234 2139 2230 2135 /44 6 2235 2140 2231 2136 /
44 6 2236 2141 2232 2137 /44 6 2237 2142 2233 2138 /44 6 2238 2143 2234 2139 /44 6 2239 2144 2235 2140 /
44 6 2240 2145 2236 2141 /44 6 2241 2146 2237 2142 /44 6 2242 2147 2238 2143 /44 6 2243 2148 2239 2144 /
44 6 2251 2156 2240 2145 /44 6 2252 2157 2241 2146 /44 6 2253 2158 2242 2147 /44 6 2254 2159 2243 2148 /
44 4 2245 2150 2244 2149 /44 7 2246 2245 2151 2150 /44 7 2247 2246 2152 2151 /44 7 2248 2247 2153 2152 /
44 7 2249 2248 2154 2153 /44 7 2250 2249 2155 2154 /44 7 2251 2250 2156 2155 /5 3 2156 2251 /
5 3 2157 2252 /5 3 2158 2253 /5 3 2159 2254 /44 4 2255 2160 2245 2150 /
44 5 2258 2032 2165 2022 /44 5 2181 2086 2282 2080 /44 5 2182 2087 2283 2082 /44 5 2183 2088 2284 2084 /
44 5 2259 2033 2256 2026 /44 5 2260 2034 2257 2028 /44 5 2261 2036 2258 2032 /44 5 2262 2037 2259 2033 /
44 5 2263 2038 2260 2034 /44 5 2264 2040 2261 2036 /44 5 2265 2041 2262 2037 /44 5 2266 2042 2263 2038 /
44 5 2267 2045 2264 2040 /44 5 2268 2047 2265 2041 /44 5 2269 2049 2266 2042 /44 5 2270 2052 2267 2045 /
44 5 2271 2054 2268 2047 /44 5 2272 2056 2269 2049 /44 5 2273 2059 2270 2052 /44 5 2274 2061 2271 2054 /
44 5 2275 2063 2272 2056 /44 5 2276 2066 2273 2059 /44 5 2277 2068 2274 2061 /44 5 2278 2070 2275 2063 /
44 5 2279 2073 2276 2066 /44 5 2280 2075 2277 2068 /44 5 2281 2077 2278 2070 /44 5 2282 2080 2279 2073 /
44 5 2283 2082 2280 2075 /44 5 2284 2084 2281 2077 /42 5 2258 2165 2289 /42 5 2305 2282 2181 /
42 5 2306 2283 2182 /42 5 2307 2284 2183 /44 4 2286 2162 2285 2161 /44 7 2287 2286 2163 2162 /
44 7 2288 2287 2164 2163 /44 7 2289 2288 2165 2164 /44 7 2290 2289 2166 2165 /44 7 2291 2290 2167 2166 /
44 7 2292 2291 2168 2167 /5 3 2168 2292 /5 3 2169 2293 /5 3 2170 2294 /
5 3 2171 2295 /44 4 2296 2172 2286 2162 /44 6 2297 2173 2295 2171 /44 6 2298 2174 2297 2173 /
44 6 2299 2175 2298 2174 /44 6 2300 2176 2299 2175 /44 6 2301 2177 2300 2176 /44 6 2302 2178 2301 2177 /
44 6 2303 2179 2302 2178 /44 6 2304 2180 2303 2179 /44 6 2308 2184 2304 2180 /44 6 2309 2185 2305 2181 /
44 6 2310 2186 2306 2182 /44 6 2311 2187 2307 2183 /44 6 2312 2188 2308 2184 /44 6 2313 2189 2309 2185 /
44 6 2314 2190 2310 2186 /44 6 2315 2191 2311 2187 /44 6 2316 2192 2312 2188 /44 6 2319 2195 2313 2189 /
44 6 2320 2196 2314 2190 /44 6 2321 2197 2315 2191 /44 6 2322 2198 2316 2192 /44 4 2318 2194 2317 2193 /
5 3 2195 2319 /5 3 2196 2320 /5 3 2197 2321 /5 3 2198 2322 /
44 4 2323 2199 2318 2194 /44 6 2324 2200 2319 2195 /44 6 2325 2201 2320 2196 /44 6 2326 2202 2321 2197 /
44 6 2327 2203 2322 2198 /44 6 2328 2204 2324 2200 /44 6 2329 2205 2325 2201 /44 6 2330 2206 2326 2202 /
44 6 2331 2207 2327 2203 /44 6 2332 2208 2328 2204 /44 6 2333 2209 2329 2205 /44 6 2334 2210 2330 2206 /
44 6 2335 2211 2331 2207 /44 6 2336 2212 2332 2208 /44 6 2337 2213 2333 2209 /44 6 2338 2214 2334 2210 /
44 6 2339 2215 2335 2211 /44 6 2340 2216 2336 2212 /44 6 2341 2217 2337 2213 /44 6 2342 2218 2338 2214 /
44 6 2343 2219 2339 2215 /44 6 2344 2220 2340 2216 /44 6 2345 2221 2341 2217 /44 6 2346 2222 2342 2218 /
44 6 2347 2223 2343 2219 /44 6 2348 2224 2344 2220 /44 6 2349 2225 2345 2221 /44 6 2350 2226 2346 2222 /
44 6 2351 2227 2347 2223 /44 6 2352 2228 2348 2224 /44 6 2353 2229 2349 2225 /44 6 2354 2230 2350 2226 /
44 6 2355 2231 2351 2227 /44 6 2356 2232 2352 2228 /44 6 2357 2233 2353 2229 /44 6 2358 2234 2354 2230 /
44 6 2359 2235 2355 2231 /44 6 2360 2236 2356 2232 /44 6 2361 2237 2357 2233 /44 6 2362 2238 2358 2234 /
44 6 2363 2239 2359 2235 /44 6 2364 2240 2360 2236 /44 6 2365 2241 2361 2237 /44 6 2366 2242 2362 2238 /
44 6 2367 2243 2363 2239 /44 6 2375 2251 2364 2240 /44 6 2376 2252 2365 2241 /44 6 2377 2253 2366 2242 /
44 6 2378 2254 2367 2243 /44 4 2369 2245 2368 2244 /44 7 2370 2369 2246 2245 /44 7 2371 2370 2247 2246 /
44 7 2372 2371 2248 2247 /44 7 2373 2372 2249 2248 /44 7 2374 2373 2250 2249 /44 7 2375 2374 2251 2250 /
5 3 2251 2375 /5 3 2252 2376 /5 3 2253 2377 /5 3 2254 2378 /
44 4 2379 2255 2369 2245 /44 5 2393 2259 2385 2256 /44 5 2395 2260 2389 2257 /44 5 2397 2261 2391 2258 /
44 5 2399 2262 2393 2259 /44 5 2401 2263 2395 2260 /44 5 2403 2264 2397 2261 /44 5 2405 2265 2399 2262 /
44 5 2407 2266 2401 2263 /44 5 2409 2267 2403 2264 /44 5 2410 2268 2405 2265 /44 5 2411 2269 2407 2266 /
44 5 2415 2270 2409 2267 /44 5 2416 2271 2410 2268 /44 5 2417 2272 2411 2269 /44 5 2421 2273 2415 2270 /
44 5 2422 2274 2416 2271 /44 5 2423 2275 2417 2272 /44 5 2427 2276 2421 2273 /44 5 2428 2277 2422 2274 /
44 5 2429 2278 2423 2275 /44 5 2433 2279 2427 2276 /44 5 2434 2280 2428 2277 /44 5 2435 2281 2429 2278 /
44 5 2439 2282 2433 2279 /44 5 2440 2283 2434 2280 /44 5 2441 2284 2435 2281 /44 5 2391 2258 2380 2289 /
44 5 2442 2305 2439 2282 /44 5 2443 2306 2440 2283 /44 5 2444 2307 2441 2284 /44 7 2381 2380 2290 2289 /
44 7 2382 2381 2291 2290 /44 7 2383 2382 2292 2291 /5 3 2292 2383 /5 3 2293 2387 /
5 3 2294 2390 /44 7 2380 2448 2289 2288 /44 6 2460 2309 2442 2305 /44 6 2461 2310 2443 2306 /
44 6 2462 2311 2444 2307 /44 4 2446 2286 2445 2285 /44 7 2447 2446 2287 2286 /44 7 2448 2447 2288 2287 /
5 3 2295 2449 /44 4 2450 2296 2446 2286 /44 6 2451 2297 2449 2295 /44 6 2452 2298 2451 2297 /
44 6 2453 2299 2452 2298 /44 6 2454 2300 2453 2299 /44 6 2455 2301 2454 2300 /44 6 2456 2302 2455 2301 /
44 6 2457 2303 2456 2302 /44 6 2458 2304 2457 2303 /44 6 2459 2308 2458 2304 /44 6 2463 2312 2459 2308 /
44 6 2464 2313 2460 2309 /44 6 2465 2314 2461 2310 /44 6 2466 2315 2462 2311 /44 6 2467 2316 2463 2312 /
44 6 2470 2319 2464 2313 /44 6 2471 2320 2465 2314 /44 6 2472 2321 2466 2315 /44 6 2473 2322 2467 2316 /
44 4 2469 2318 2468 2317 /5 3 2319 2470 /5 3 2320 2471 /5 3 2321 2472 /
5 3 2322 2473 /44 4 2474 2323 2469 2318 /44 6 2475 2324 2470 2319 /44 6 2476 2325 2471 2320 /
44 6 2477 2326 2472 2321 /44 6 2478 2327 2473 2322 /44 6 2479 2328 2475 2324 /44 6 2480 2329 2476 2325 /
44 6 2481 2330 2477 2326 /44 6 2482 2331 2478 2327 /44 6 2483 2332 2479 2328 /44 6 2484 2333 2480 2329 /
44 6 2485 2334 2481 2330 /44 6 2486 2335 2482 2331 /44 6 2487 2336 2483 2332 /44 6 2488 2337 2484 2333 /
44 6 2489 2338 2485 2334 /44 6 2490 2339 2486 2335 /44 6 2491 2340 2487 2336 /44 6 2492 2341 2488 2337 /
44 6 2493 2342 2489 2338 /44 6 2494 2343 2490 2339 /44 6 2495 2344 2491 2340 /44 6 2496 2345 2492 2341 /
44 6 2497 2346 2493 2342 /44 6 2498 2347 2494 2343 /44 6 2499 2348 2495 2344 /44 6 2500 2349 2496 2345 /
44 6 2501 2350 2497 2346 /44 6 2502 2351 2498 2347 /44 6 2503 2352 2499 2348 /44 6 2504 2353 2500 2349 /
44 6 2505 2354 2501 2350 /44 6 2506 2355 2502 2351 /44 6 2507 2356 2503 2352 /44 6 2508 2357 2504 2353 /
44 6 2509 2358 2505 2354 /44 6 2510 2359 2506 2355 /44 6 2511 2360 2507 2356 /44 6 2512 2361 2508 2357 /
44 6 2513 2362 2509 2358 /44 6 2514 2363 2510 2359 /44 6 2515 2364 2511 2360 /44 6 2516 2365 2512 2361 /
44 6 2517 2366 2513 2362 /44 6 2518 2367 2514 2363 /44 6 2526 2375 2515 2364 /44 6 2527 2376 2516 2365 /
44 6 2528 2377 2517 2366 /44 6 2529 2378 2518 2367 /44 4 2520 2369 2519 2368 /44 7 2521 2520 2370 2369 /
44 7 2522 2521 2371 2370 /44 7 2523 2522 2372 2371 /44 7 2524 2523 2373 2372 /44 7 2525 2524 2374 2373 /
44 7 2526 2525 2375 2374 /5 3 2375 2526 /5 3 2376 2527 /5 3 2377 2528 /
5 3 2378 2529 /44 4 2530 2379 2520 2369 /5 1 2383 2384 /5 1 2384 2385 /
5 1 2385 2386 /5 1 2386 2387 /5 1 2387 2388 /5 1 2388 2389 /
5 3 2383 2531 /5 3 2387 2532 /5 3 2390 2533 /44 6 2534 2392 2531 2383 /
44 6 2535 2394 2532 2387 /44 6 2536 2396 2533 2390 /44 6 2537 2398 2534 2392 /44 6 2538 2400 2535 2394 /
44 6 2539 2402 2536 2396 /44 6 2540 2404 2537 2398 /44 6 2541 2406 2538 2400 /44 6 2542 2408 2539 2402 /
44 6 2543 2412 2540 2404 /44 6 2544 2413 2541 2406 /44 6 2545 2414 2542 2408 /44 6 2546 2418 2543 2412 /
44 6 2547 2419 2544 2413 /44 6 2548 2420 2545 2414 /44 6 2549 2424 2546 2418 /44 6 2550 2425 2547 2419 /
44 6 2551 2426 2548 2420 /44 6 2552 2430 2549 2424 /44 6 2553 2431 2550 2425 /44 6 2554 2432 2551 2426 /
44 6 2555 2436 2552 2430 /44 6 2556 2437 2553 2431 /44 6 2557 2438 2554 2432 /44 6 2558 2442 2555 2436 /
44 6 2559 2443 2556 2437 /44 6 2560 2444 2557 2438 /44 7 2531 2567 2383 2382 /44 7 2566 2565 2381 2380 /
44 7 2567 2566 2382 2381 /44 6 2579 2460 2558 2442 /44 6 2580 2461 2559 2443 /44 6 2581 2462 2560 2444 /
44 7 2565 2564 2380 2448 /44 4 2562 2446 2561 2445 /44 7 2563 2562 2447 2446 /44 7 2564 2563 2448 2447 /
5 3 2449 2568 /44 4 2569 2450 2562 2446 /44 6 2570 2451 2568 2449 /44 6 2571 2452 2570 2451 /
44 6 2572 2453 2571 2452 /44 6 2573 2454 2572 2453 /44 6 2574 2455 2573 2454 /44 6 2575 2456 2574 2455 /
44 6 2576 2457 2575 2456 /44 6 2577 2458 2576 2457 /44 6 2578 2459 2577 2458 /44 6 2582 2463 2578 2459 /
44 6 2584 2464 2579 2460 /44 6 2585 2465 2580 2461 /44 6 2586 2466 2581 2462 /44 6 2587 2467 2582 2463 /
44 6 2589 2470 2584 2464 /44 6 2590 2471 2585 2465 /44 6 2591 2472 2586 2466 /44 6 2592 2473 2587 2467 /
44 4 2588 2469 2583 2468 /5 3 2470 2589 /5 3 2471 2590 /5 3 2472 2591 /
5 3 2473 2592 /44 4 2593 2474 2588 2469 /44 6 2594 2475 2589 2470 /44 6 2595 2476 2590 2471 /
44 6 2596 2477 2591 2472 /44 6 2597 2478 2592 2473 /44 6 2598 2479 2594 2475 /44 6 2599 2480 2595 2476 /
44 6 2600 2481 2596 2477 /44 6 2601 2482 2597 2478 /44 6 2602 2483 2598 2479 /44 6 2603 2484 2599 2480 /
44 6 2604 2485 2600 2481 /44 6 2605 2486 2601 2482 /44 6 2606 2487 2602 2483 /44 6 2607 2488 2603 2484 /
44 6 2608 2489 2604 2485 /44 6 2609 2490 2605 2486 /44 6 2610 2491 2606 2487 /44 6 2611 2492 2607 2488 /
44 6 2612 2493 2608 2489 /44 6 2613 2494 2609 2490 /44 6 2614 2495 2610 2491 /44 6 2615 2496 2611 2492 /
44 6 2616 2497 2612 2493 /44 6 2617 2498 2613 2494 /44 6 2618 2499 2614 2495 /44 6 2619 2500 2615 2496 /
44 6 2620 2501 2616 2497 /44 6 2621 2502 2617 2498 /44 6 2622 2503 2618 2499 /44 6 2623 2504 2619 2500 /
44 6 2624 2505 2620 2501 /44 6 2625 2506 2621 2502 /44 6 2626 2507 2622 2503 /44 6 2627 2508 2623 2504 /
44 6 2628 2509 2624 2505 /44 6 2629 2510 2625 2506 /44 6 2630 2511 2626 2507 /44 6 2631 2512 2627 2508 /
44 6 2632 2513 2628 2509 /44 6 2633 2514 2629 2510 /44 6 2635 2515 2630 2511 /44 6 2636 2516 2631 2512 /
44 6 2637 2517 2632 2513 /44 6 2638 2518 2633 2514 /44 6 2645 2526 2635 2515 /44 6 2646 2527 2636 2516 /
44 6 2647 2528 2637 2517 /44 6 2648 2529 2638 2518 /44 4 2639 2520 2634 2519 /44 7 2640 2639 2521 2520 /
44 7 2641 2640 2522 2521 /44 7 2642 2641 2523 2522 /44 7 2643 2642 2524 2523 /44 7 2644 2643 2525 2524 /
44 7 2645 2644 2526 2525 /5 3 2526 2645 /5 3 2527 2646 /5 3 2528 2647 /
5 3 2529 2648 /44 4 2649 2530 2639 2520 /5 3 2531 2675 /5 3 2532 2676 /
5 3 2533 2677 /44 6 2680 2534 2675 2531 /44 6 2681 2535 2676 2532 /44 6 2682 2536 2677 2533 /
44 6 2685 2537 2680 2534 /44 6 2686 2538 2681 2535 /44 6 2687 2539 2682 2536 /44 6 2690 2540 2685 2537 /
44 6 2691 2541 2686 2538 /44 6 2692 2542 2687 2539 /44 6 2695 2543 2690 2540 /44 6 2696 2544 2691 2541 /
44 6 2697 2545 2692 2542 /44 6 2700 2546 2695 2543 /44 6 2701 2547 2696 2544 /44 6 2702 2548 2697 2545 /
44 6 2705 2549 2700 2546 /44 6 2706 2550 2701 2547 /44 6 2707 2551 2702 2548 /44 6 2710 2552 2705 2549 /
44 6 2711 2553 2706 2550 /44 6 2712 2554 2707 2551 /44 6 2715 2555 2710 2552 /44 6 2716 2556 2711 2553 /
44 6 2717 2557 2712 2554 /44 6 2720 2558 2715 2555 /44 6 2721 2559 2716 2556 /44 6 2722 2560 2717 2557 /
44 7 2675 2674 2531 2567 /44 6 2725 2579 2720 2558 /44 6 2726 2580 2721 2559 /44 6 2727 2581 2722 2560 /
44 4 2669 2562 2668 2561 /44 7 2670 2669 2563 2562 /44 7 2671 2670 2564 2563 /44 7 2672 2671 2565 2564 /
44 7 2673 2672 2566 2565 /44 7 2674 2673 2567 2566 /5 3 2568 2678 /44 4 2679 2569 2669 2562 /
44 6 2683 2570 2678 2568 /44 6 2688 2571 2683 2570 /44 6 2693 2572 2688 2571 /44 6 2698 2573 2693 2572 /
44 6 2703 2574 2698 2573 /44 6 2708 2575 2703 2574 /44 6 2713 2576 2708 2575 /44 6 2718 2577 2713 2576 /
44 6 2723 2578 2718 2577 /44 6 2728 2582 2723 2578 /44 6 2730 2584 2725 2579 /44 6 2731 2585 2726 2580 /
44 6 2732 2586 2727 2581 /44 6 2733 2587 2728 2582 /44 4 2734 2588 2729 2583 /44 6 2735 2589 2730 2584 /
44 6 2736 2590 2731 2585 /44 6 2737 2591 2732 2586 /44 6 2738 2592 2733 2587 /5 3 2589 2735 /
5 3 2590 2736 /5 3 2591 2737 /5 3 2592 2738 /44 4 2739 2593 2734 2588 /
44 6 2740 2594 2735 2589 /44 6 2741 2595 2736 2590 /44 6 2742 2596 2737 2591 /44 6 2743 2597 2738 2592 /
44 6 2745 2598 2740 2594 /44 6 2746 2599 2741 2595 /44 6 2747 2600 2742 2596 /44 6 2748 2601 2743 2597 /
44 6 2750 2602 2745 2598 /44 6 2751 2603 2746 2599 /44 6 2752 2604 2747 2600 /44 6 2753 2605 2748 2601 /
44 6 2755 2606 2750 2602 /44 6 2756 2607 2751 2603 /44 6 2757 2608 2752 2604 /44 6 2758 2609 2753 2605 /
44 6 2760 2610 2755 2606 /44 6 2761 2611 2756 2607 /44 6 2762 2612 2757 2608 /44 6 2763 2613 2758 2609 /
44 6 2765 2614 2760 2610 /44 6 2766 2615 2761 2611 /44 6 2767 2616 2762 2612 /44 6 2768 2617 2763 2613 /
44 6 2770 2618 2765 2614 /44 6 2771 2619 2766 2615 /44 6 2772 2620 2767 2616 /44 6 2773 2621 2768 2617 /
44 6 2775 2622 2770 2618 /44 6 2776 2623 2771 2619 /44 6 2777 2624 2772 2620 /44 6 2778 2625 2773 2621 /
44 6 2780 2626 2775 2622 /44 6 2781 2627 2776 2623 /44 6 2782 2628 2777 2624 /44 6 2783 2629 2778 2625 /
44 6 2785 2630 2780 2626 /44 6 2786 2631 2781 2627 /44 6 2787 2632 2782 2628 /44 6 2788 2633 2783 2629 /
44 6 2790 2635 2785 2630 /44 6 2791 2636 2786 2631 /44 6 2792 2637 2787 2632 /44 6 2793 2638 2788 2633 /
44 4 2794 2639 2789 2634 /44 6 2800 2645 2790 2635 /44 6 2801 2646 2791 2636 /44 6 2802 2647 2792 2637 /
44 6 2803 2648 2793 2638 /44 7 2795 2794 2640 2639 /44 7 2796 2795 2641 2640 /44 7 2797 2796 2642 2641 /
44 7 2798 2797 2643 2642 /44 7 2799 2798 2644 2643 /44 7 2800 2799 2645 2644 /5 3 2645 2800 /
5 3 2646 2801 /5 3 2647 2802 /5 3 2648 2803 /44 4 2804 2649 2794 2639 /
44 4 2684 2650 2679 2569 /44 4 2729 2583 2724 2658 /44 4 2744 2659 2739 2593 /44 4 2789 2634 2784 2667 /
44 4 2689 2651 2684 2650 /44 4 2694 2652 2689 2651 /44 4 2699 2653 2694 2652 /44 4 2704 2654 2699 2653 /
44 4 2709 2655 2704 2654 /44 4 2714 2656 2709 2655 /44 4 2719 2657 2714 2656 /44 4 2724 2658 2719 2657 /
44 4 2749 2660 2744 2659 /44 4 2754 2661 2749 2660 /44 4 2759 2662 2754 2661 /44 4 2764 2663 2759 2662 /
44 4 2769 2664 2764 2663 /44 4 2774 2665 2769 2664 /44 4 2779 2666 2774 2665 /44 4 2784 2667 2779 2666 /
5 2 2669 2670 /5 2 2670 2671 /5 2 2671 2672 /5 2 2672 2673 /
5 2 2673 2674 /5 2 2674 2675 /5 2 2675 2676 /5 2 2676 2677 /
5 2 2677 2678 /5 3 2675 2680 /5 3 2676 2681 /5 3 2677 2682 /
5 3 2678 2683 /5 3 2680 2685 /5 3 2681 2686 /5 3 2682 2687 /
5 3 2683 2688 /5 3 2685 2690 /5 3 2686 2691 /5 3 2687 2692 /
5 3 2688 2693 /5 3 2690 2695 /5 3 2691 2696 /5 3 2692 2697 /
5 3 2693 2698 /5 3 2695 2700 /5 3 2696 2701 /5 3 2697 2702 /
5 3 2698 2703 /5 3 2700 2705 /5 3 2701 2706 /5 3 2702 2707 /
5 3 2703 2708 /5 3 2705 2710 /5 3 2706 2711 /5 3 2707 2712 /
5 3 2708 2713 /5 3 2710 2715 /5 3 2711 2716 /5 3 2712 2717 /
5 3 2713 2718 /5 3 2715 2720 /5 3 2716 2721 /5 3 2717 2722 /
5 3 2718 2723 /5 3 2720 2725 /5 3 2721 2726 /5 3 2722 2727 /
5 3 2723 2728 /5 3 2725 2730 /5 3 2726 2731 /5 3 2727 2732 /
5 3 2728 2733 /5 3 2730 2735 /5 3 2731 2736 /5 3 2732 2737 /
5 3 2733 2738 /5 2 2734 2735 /5 2 2735 2736 /5 2 2736 2737 /
5 2 2737 2738 /5 3 2735 2740 /5 3 2736 2741 /5 3 2737 2742 /
5 3 2738 2743 /5 3 2740 2745 /5 3 2741 2746 /5 3 2742 2747 /
5 3 2743 2748 /5 3 2745 2750 /5 3 2746 2751 /5 3 2747 2752 /
5 3 2748 2753 /5 3 2750 2755 /5 3 2751 2756 /5 3 2752 2757 /
5 3 2753 2758 /5 3 2755 2760 /5 3 2756 2761 /5 3 2757 2762 /
5 3 2758 2763 /5 3 2760 2765 /5 3 2761 2766 /5 3 2762 2767 /
5 3 2763 2768 /5 3 2765 2770 /5 3 2766 2771 /5 3 2767 2772 /
5 3 2768 2773 /5 3 2770 2775 /5 3 2771 2776 /5 3 2772 2777 /
5 3 2773 2778 /5 3 2775 2780 /5 3 2776 2781 /5 3 2777 2782 /
5 3 2778 2783 /5 3 2780 2785 /5 3 2781 2786 /5 3 2782 2787 /
5 3 2783 2788 /5 3 2785 2790 /5 3 2786 2791 /5 3 2787 2792 /
5 3 2788 2793 /5 3 2790 2800 /5 3 2791 2801 /5 3 2792 2802 /
5 3 2793 2803 /5 2 2794 2795 /5 2 2795 2796 /5 2 2796 2797 /
5 2 2797 2798 /5 2 2798 2799 /5 2 2799 2800 /5 2 2800 2801 /
5 2 2801 2802 /5 2 2802 2803 /44 4 2806 2689 2805 2684 /44 4 2807 2694 2806 2689 /
44 4 2808 2699 2807 2694 /44 4 2809 2704 2808 2699 /44 4 2810 2709 2809 2704 /44 4 2811 2714 2810 2709 /
44 4 2812 2719 2811 2714 /44 4 2813 2724 2812 2719 /44 4 2815 2749 2814 2744 /44 4 2816 2754 2815 2749 /
44 4 2817 2759 2816 2754 /44 4 2818 2764 2817 2759 /44 4 2819 2769 2818 2764 /44 4 2820 2774 2819 2769 /
44 4 2821 2779 2820 2774 /44 4 2822 2784 2821 2779 /44 4 2805 2684 2834 2679 /44 4 2875 2729 2813 2724 /
44 4 2814 2744 2885 2739 /44 4 2926 2789 2822 2784 /44 4 2824 2669 2823 2668 /44 7 2825 2824 2670 2669 /
44 7 2826 2825 2671 2670 /44 7 2827 2826 2672 2671 /44 7 2828 2827 2673 2672 /44 7 2829 2828 2674 2673 /
44 7 2830 2829 2675 2674 /5 3 2675 2830 /5 3 2676 2831 /5 3 2677 2832 /
5 3 2678 2833 /44 4 2834 2679 2824 2669 /44 6 2835 2680 2830 2675 /44 6 2836 2681 2831 2676 /
44 6 2837 2682 2832 2677 /44 6 2838 2683 2833 2678 /44 6 2839 2685 2835 2680 /44 6 2840 2686 2836 2681 /
44 6 2841 2687 2837 2682 /44 6 2842 2688 2838 2683 /44 6 2843 2690 2839 2685 /44 6 2844 2691 2840 2686 /
44 6 2845 2692 2841 2687 /44 6 2846 2693 2842 2688 /44 6 2847 2695 2843 2690 /44 6 2848 2696 2844 2691 /
44 6 2849 2697 2845 2692 /44 6 2850 2698 2846 2693 /44 6 2851 2700 2847 2695 /44 6 2852 2701 2848 2696 /
44 6 2853 2702 2849 2697 /44 6 2854 2703 2850 2698 /44 6 2855 2705 2851 2700 /44 6 2856 2706 2852 2701 /
44 6 2857 2707 2853 2702 /44 6 2858 2708 2854 2703 /44 6 2859 2710 2855 2705 /44 6 2860 2711 2856 2706 /
44 6 2861 2712 2857 2707 /44 6 2862 2713 2858 2708 /44 6 2863 2715 2859 2710 /44 6 2864 2716 2860 2711 /
44 6 2865 2717 2861 2712 /44 6 2866 2718 2862 2713 /44 6 2867 2720 2863 2715 /44 6 2868 2721 2864 2716 /
44 6 2869 2722 2865 2717 /44 6 2870 2723 2866 2718 /44 6 2871 2725 2867 2720 /44 6 2872 2726 2868 2721 /
44 6 2873 2727 2869 2722 /44 6 2874 2728 2870 2723 /44 6 2876 2730 2871 2725 /44 6 2877 2731 2872 2726 /
44 6 2878 2732 2873 2727 /44 6 2879 2733 2874 2728 /44 4 2880 2734 2875 2729 /44 6 2881 2735 2876 2730 /
44 6 2882 2736 2877 2731 /44 6 2883 2737 2878 2732 /44 6 2884 2738 2879 2733 /5 3 2735 2881 /
5 3 2736 2882 /5 3 2737 2883 /5 3 2738 2884 /44 4 2885 2739 2880 2734 /
44 6 2886 2740 2881 2735 /44 6 2887 2741 2882 2736 /44 6 2888 2742 2883 2737 /44 6 2889 2743 2884 2738 /
44 6 2890 2745 2886 2740 /44 6 2891 2746 2887 2741 /44 6 2892 2747 2888 2742 /44 6 2893 2748 2889 2743 /
44 6 2894 2750 2890 2745 /44 6 2895 2751 2891 2746 /44 6 2896 2752 2892 2747 /44 6 2897 2753 2893 2748 /
44 6 2898 2755 2894 2750 /44 6 2899 2756 2895 2751 /44 6 2900 2757 2896 2752 /44 6 2901 2758 2897 2753 /
44 6 2902 2760 2898 2755 /44 6 2903 2761 2899 2756 /44 6 2904 2762 2900 2757 /44 6 2905 2763 2901 2758 /
44 6 2906 2765 2902 2760 /44 6 2907 2766 2903 2761 /44 6 2908 2767 2904 2762 /44 6 2909 2768 2905 2763 /
44 6 2910 2770 2906 2765 /44 6 2911 2771 2907 2766 /44 6 2912 2772 2908 2767 /44 6 2913 2773 2909 2768 /
44 6 2914 2775 2910 2770 /44 6 2915 2776 2911 2771 /44 6 2916 2777 2912 2772 /44 6 2917 2778 2913 2773 /
44 6 2918 2780 2914 2775 /44 6 2919 2781 2915 2776 /44 6 2920 2782 2916 2777 /44 6 2921 2783 2917 2778 /
44 6 2922 2785 2918 2780 /44 6 2923 2786 2919 2781 /44 6 2924 2787 2920 2782 /44 6 2925 2788 2921 2783 /
44 6 2927 2790 2922 2785 /44 6 2928 2791 2923 2786 /44 6 2929 2792 2924 2787 /44 6 2930 2793 2925 2788 /
44 4 2931 2794 2926 2789 /44 6 2937 2800 2927 2790 /44 6 2938 2801 2928 2791 /44 6 2939 2802 2929 2792 /
44 6 2940 2803 2930 2793 /44 7 2932 2931 2795 2794 /44 7 2933 2932 2796 2795 /44 7 2934 2933 2797 2796 /
44 7 2935 2934 2798 2797 /44 7 2936 2935 2799 2798 /44 7 2937 2936 2800 2799 /5 3 2800 2937 /
5 3 2801 2938 /5 3 2802 2939 /5 3 2803 2940 /44 4 2941 2804 2931 2794 /
44 4 2943 2824 2942 2823 /44 7 2944 2943 2825 2824 /44 7 2945 2944 2826 2825 /44 7 2946 2945 2827 2826 /
44 7 2947 2946 2828 2827 /44 7 2948 2947 2829 2828 /44 7 2949 2948 2830 2829 /5 3 2830 2949 /
5 3 2831 2950 /5 3 2832 2951 /5 3 2833 2952 /44 4 2834 2824 2953 2943 /
44 6 2954 2835 2949 2830 /44 6 2955 2836 2950 2831 /44 6 2956 2837 2951 2832 /44 6 2957 2838 2952 2833 /
44 6 2958 2839 2954 2835 /44 6 2959 2840 2955 2836 /44 6 2960 2841 2956 2837 /44 6 2961 2842 2957 2838 /
44 6 2962 2843 2958 2839 /44 6 2963 2844 2959 2840 /44 6 2964 2845 2960 2841 /44 6 2965 2846 2961 2842 /
44 6 2966 2847 2962 2843 /44 6 2967 2848 2963 2844 /44 6 2968 2849 2964 2845 /44 6 2969 2850 2965 2846 /
44 6 2970 2851 2966 2847 /44 6 2971 2852 2967 2848 /44 6 2972 2853 2968 2849 /44 6 2973 2854 2969 2850 /
44 6 2974 2855 2970 2851 /44 6 2975 2856 2971 2852 /44 6 2976 2857 2972 2853 /44 6 2977 2858 2973 2854 /
44 6 2978 2859 2974 2855 /44 6 2979 2860 2975 2856 /44 6 2980 2861 2976 2857 /44 6 2981 2862 2977 2858 /
44 6 2982 2863 2978 2859 /44 6 2983 2864 2979 2860 /44 6 2984 2865 2980 2861 /44 6 2985 2866 2981 2862 /
44 6 2986 2867 2982 2863 /44 6 2987 2868 2983 2864 /44 6 2988 2869 2984 2865 /44 6 2989 2870 2985 2866 /
44 6 2990 2871 2986 2867 /44 6 2991 2872 2987 2868 /44 6 2992 2873 2988 2869 /44 6 2993 2874 2989 2870 /
44 6 2994 2876 2990 2871 /44 6 2995 2877 2991 2872 /44 6 2996 2878 2992 2873 /44 6 2997 2879 2993 2874 /
44 6 3000 2881 2994 2876 /44 6 3001 2882 2995 2877 /44 6 3002 2883 2996 2878 /44 6 3003 2884 2997 2879 /
44 4 2999 2880 2998 2875 /5 3 2881 3000 /5 3 2882 3001 /5 3 2883 3002 /
5 3 2884 3003 /44 4 2885 2880 3004 2999 /44 6 3005 2886 3000 2881 /44 6 3006 2887 3001 2882 /
44 6 3007 2888 3002 2883 /44 6 3008 2889 3003 2884 /44 6 3009 2890 3005 2886 /44 6 3010 2891 3006 2887 /
44 6 3011 2892 3007 2888 /44 6 3012 2893 3008 2889 /44 6 3013 2894 3009 2890 /44 6 3014 2895 3010 2891 /
44 6 3015 2896 3011 2892 /44 6 3016 2897 3012 2893 /44 6 3017 2898 3013 2894 /44 6 3018 2899 3014 2895 /
44 6 3019 2900 3015 2896 /44 6 3020 2901 3016 2897 /44 6 3021 2902 3017 2898 /44 6 3022 2903 3018 2899 /
44 6 3023 2904 3019 2900 /44 6 3024 2905 3020 2901 /44 6 3025 2906 3021 2902 /44 6 3026 2907 3022 2903 /
44 6 3027 2908 3023 2904 /44 6 3028 2909 3024 2905 /44 6 3029 2910 3025 2906 /44 6 3030 2911 3026 2907 /
44 6 3031 2912 3027 2908 /44 6 3032 2913 3028 2909 /44 6 3033 2914 3029 2910 /44 6 3034 2915 3030 2911 /
44 6 3035 2916 3031 2912 /44 6 3036 2917 3032 2913 /44 6 3037 2918 3033 2914 /44 6 3038 2919 3034 2915 /
44 6 3039 2920 3035 2916 /44 6 3040 2921 3036 2917 /44 6 3041 2922 3037 2918 /44 6 3042 2923 3038 2919 /
44 6 3043 2924 3039 2920 /44 6 3044 2925 3040 2921 /44 6 3045 2927 3041 2922 /44 6 3046 2928 3042 2923 /
44 6 3047 2929 3043 2924 /44 6 3048 2930 3044 2925 /44 6 3056 2937 3045 2927 /44 6 3057 2938 3046 2928 /
44 6 3058 2939 3047 2929 /44 6 3059 2940 3048 2930 /44 4 3050 2931 3049 2926 /44 7 3051 3050 2932 2931 /
44 7 3052 3051 2933 2932 /44 7 3053 3052 2934 2933 /44 7 3054 3053 2935 2934 /44 7 3055 3054 2936 2935 /
44 7 3056 3055 2937 2936 /5 3 2937 3056 /5 3 2938 3057 /5 3 2939 3058 /
5 3 2940 3059 /44 4 3060 2941 3050 2931 /44 4 3062 2943 3061 2942 /44 7 3063 3062 2944 2943 /
44 7 3064 3063 2945 2944 /44 7 3065 3064 2946 2945 /44 7 3066 3065 2947 2946 /44 7 3067 3066 2948 2947 /
44 7 3068 3067 2949 2948 /5 3 2949 3068 /5 3 2950 3069 /5 3 2951 3070 /
5 3 2952 3071 /44 4 3072 2953 3062 2943 /44 6 3073 2954 3068 2949 /44 6 3074 2955 3069 2950 /
44 6 3075 2956 3070 2951 /44 6 3076 2957 3071 2952 /44 6 3077 2958 3073 2954 /44 6 3078 2959 3074 2955 /
44 6 3079 2960 3075 2956 /44 6 3080 2961 3076 2957 /44 6 3081 2962 3077 2958 /44 6 3082 2963 3078 2959 /
44 6 3083 2964 3079 2960 /44 6 3084 2965 3080 2961 /44 6 3085 2966 3081 2962 /44 6 3086 2967 3082 2963 /
44 6 3087 2968 3083 2964 /44 6 3088 2969 3084 2965 /44 6 3089 2970 3085 2966 /44 6 3090 2971 3086 2967 /
44 6 3091 2972 3087 2968 /44 6 3092 2973 3088 2969 /44 6 3093 2974 3089 2970 /44 6 3094 2975 3090 2971 /
44 6 3095 2976 3091 2972 /44 6 3096 2977 3092 2973 /44 6 3097 2978 3093 2974 /44 6 3098 2979 3094 2975 /
44 6 3099 2980 3095 2976 /44 6 3100 2981 3096 2977 /44 6 3101 2982 3097 2978 /44 6 3102 2983 3098 2979 /
44 6 3103 2984 3099 2980 /44 6 3104 2985 3100 2981 /44 6 3105 2986 3101 2982 /44 6 3106 2987 3102 2983 /
44 6 3107 2988 3103 2984 /44 6 3108 2989 3104 2985 /44 6 3109 2990 3105 2986 /44 6 3110 2991 3106 2987 /
44 6 3111 2992 3107 2988 /44 6 3112 2993 3108 2989 /44 6 3113 2994 3109 2990 /44 6 3114 2995 3110 2991 /
44 6 3115 2996 3111 2992 /44 6 3116 2997 3112 2993 /44 6 3119 3000 3113 2994 /44 6 3120 3001 3114 2995 /
44 6 3121 3002 3115 2996 /44 6 3122 3003 3116 2997 /44 4 3118 2999 3117 2998 /5 3 3000 3119 /
5 3 3001 3120 /5 3 3002 3121 /5 3 3003 3122 /44 4 3123 3004 3118 2999 /
44 6 3124 3005 3119 3000 /44 6 3125 3006 3120 3001 /44 6 3126 3007 3121 3002 /44 6 3127 3008 3122 3003 /
44 6 3128 3009 3124 3005 /44 6 3129 3010 3125 3006 /44 6 3130 3011 3126 3007 /44 6 3131 3012 3127 3008 /
44 6 3132 3013 3128 3009 /44 6 3133 3014 3129 3010 /44 6 3134 3015 3130 3011 /44 6 3135 3016 3131 3012 /
44 6 3136 3017 3132 3013 /44 6 3137 3018 3133 3014 /44 6 3138 3019 3134 3015 /44 6 3139 3020 3135 3016 /
44 6 3140 3021 3136 3017 /44 6 3141 3022 3137 3018 /44 6 3142 3023 3138 3019 /44 6 3143 3024 3139 3020 /
44 6 3144 3025 3140 3021 /44 6 3145 3026 3141 3022 /44 6 3146 3027 3142 3023 /44 6 3147 3028 3143 3024 /
44 6 3148 3029 3144 3025 /44 6 3149 3030 3145 3026 /44 6 3150 3031 3146 3027 /44 6 3151 3032 3147 3028 /
44 6 3152 3033 3148 3029 /44 6 3153 3034 3149 3030 /44 6 3154 3035 3150 3031 /44 6 3155 3036 3151 3032 /
44 6 3156 3037 3152 3033 /44 6 3157 3038 3153 3034 /44 6 3158 3039 3154 3035 /44 6 3159 3040 3155 3036 /
44 6 3160 3041 3156 3037 /44 6 3161 3042 3157 3038 /44 6 3162 3043 3158 3039 /44 6 3163 3044 3159 3040 /
44 6 3164 3045 3160 3041 /44 6 3165 3046 3161 3042 /44 6 3166 3047 3162 3043 /44 6 3167 3048 3163 3044 /
44 6 3175 3056 3164 3045 /44 6 3176 3057 3165 3046 /44 6 3177 3058 3166 3047 /44 6 3178 3059 3167 3048 /
44 4 3169 3050 3168 3049 /44 7 3170 3169 3051 3050 /44 7 3171 3170 3052 3051 /44 7 3172 3171 3053 3052 /
44 7 3173 3172 3054 3053 /44 7 3174 3173 3055 3054 /44 7 3175 3174 3056 3055 /5 3 3056 3175 /
5 3 3057 3176 /5 3 3058 3177 /5 3 3059 3178 /44 4 3179 3060 3169 3050 /
44 4 3181 3062 3180 3061 /44 7 3182 3181 3063 3062 /44 7 3183 3182 3064 3063 /44 7 3184 3183 3065 3064 /
44 7 3185 3184 3066 3065 /44 7 3186 3185 3067 3066 /44 7 3187 3186 3068 3067 /5 3 3068 3187 /
5 3 3069 3188 /5 3 3070 3189 /5 3 3071 3190 /44 4 3191 3072 3181 3062 /
44 6 3192 3073 3187 3068 /44 6 3193 3074 3188 3069 /44 6 3194 3075 3189 3070 /44 6 3195 3076 3190 3071 /
44 6 3196 3077 3192 3073 /44 6 3197 3078 3193 3074 /44 6 3198 3079 3194 3075 /44 6 3199 3080 3195 3076 /
44 6 3200 3081 3196 3077 /44 6 3201 3082 3197 3078 /44 6 3202 3083 3198 3079 /44 6 3203 3084 3199 3080 /
44 6 3204 3085 3200 3081 /44 6 3205 3086 3201 3082 /44 6 3206 3087 3202 3083 /44 6 3207 3088 3203 3084 /
44 6 3208 3089 3204 3085 /44 6 3209 3090 3205 3086 /44 6 3210 3091 3206 3087 /44 6 3211 3092 3207 3088 /
44 6 3212 3093 3208 3089 /44 6 3213 3094 3209 3090 /44 6 3214 3095 3210 3091 /44 6 3215 3096 3211 3092 /
44 6 3216 3097 3212 3093 /44 6 3217 3098 3213 3094 /44 6 3218 3099 3214 3095 /44 6 3219 3100 3215 3096 /
44 6 3220 3101 3216 3097 /44 6 3221 3102 3217 3098 /44 6 3222 3103 3218 3099 /44 6 3223 3104 3219 3100 /
44 6 3224 3105 3220 3101 /44 6 3225 3106 3221 3102 /44 6 3226 3107 3222 3103 /44 6 3227 3108 3223 3104 /
44 6 3228 3109 3224 3105 /44 6 3229 3110 3225 3106 /44 6 3230 3111 3226 3107 /44 6 3231 3112 3227 3108 /
44 6 3232 3113 3228 3109 /44 6 3233 3114 3229 3110 /44 6 3234 3115 3230 3111 /44 6 3235 3116 3231 3112 /
44 6 3238 3119 3232 3113 /44 6 3239 3120 3233 3114 /44 6 3240 3121 3234 3115 /44 6 3241 3122 3235 3116 /
44 4 3237 3118 3236 3117 /5 3 3119 3238 /5 3 3120 3239 /5 3 3121 3240 /
5 3 3122 3241 /44 4 3242 3123 3237 3118 /44 6 3243 3124 3238 3119 /44 6 3244 3125 3239 3120 /
44 6 3245 3126 3240 3121 /44 6 3246 3127 3241 3122 /44 6 3247 3128 3243 3124 /44 6 3248 3129 3244 3125 /
44 6 3249 3130 3245 3126 /44 6 3250 3131 3246 3127 /44 6 3251 3132 3247 3128 /44 6 3252 3133 3248 3129 /
44 6 3253 3134 3249 3130 /44 6 3254 3135 3250 3131 /44 6 3255 3136 3251 3132 /44 6 3256 3137 3252 3133 /
44 6 3257 3138 3253 3134 /44 6 3258 3139 3254 3135 /44 6 3259 3140 3255 3136 /44 6 3260 3141 3256 3137 /
44 6 3261 3142 3257 3138 /44 6 3262 3143 3258 3139 /44 6 3263 3144 3259 3140 /44 6 3264 3145 3260 3141 /
44 6 3265 3146 3261 3142 /44 6 3266 3147 3262 3143 /44 6 3267 3148 3263 3144 /44 6 3268 3149 3264 3145 /
44 6 3269 3150 3265 3146 /44 6 3270 3151 3266 3147 /44 6 3271 3152 3267 3148 /44 6 3272 3153 3268 3149 /
44 6 3273 3154 3269 3150 /44 6 3274 3155 3270 3151 /44 6 3275 3156 3271 3152 /44 6 3276 3157 3272 3153 /
44 6 3277 3158 3273 3154 /44 6 3278 3159 3274 3155 /44 6 3279 3160 3275 3156 /44 6 3280 3161 3276 3157 /
44 6 3281 3162 3277 3158 /44 6 3282 3163 3278 3159 /44 6 3283 3164 3279 3160 /44 6 3284 3165 3280 3161 /
44 6 3285 3166 3281 3162 /44 6 3286 3167 3282 3163 /44 6 3294 3175 3283 3164 /44 6 3295 3176 3284 3165 /
44 6 3296 3177 3285 3166 /44 6 3297 3178 3286 3167 /44 4 3288 3169 3287 3168 /44 7 3289 3288 3170 3169 /
44 7 3290 3289 3171 3170 /44 7 3291 3290 3172 3171 /44 7 3292 3291 3173 3172 /44 7 3293 3292 3174 3173 /
44 7 3294 3293 3175 3174 /5 3 3175 3294 /5 3 3176 3295 /5 3 3177 3296 /
5 3 3178 3297 /44 4 3298 3179 3288 3169 /44 4 3300 3181 3299 3180 /44 7 3301 3300 3182 3181 /
44 7 3302 3301 3183 3182 /44 7 3303 3302 3184 3183 /44 7 3304 3303 3185 3184 /44 7 3305 3304 3186 3185 /
44 7 3306 3305 3187 3186 /5 3 3187 3306 /5 3 3188 3307 /5 3 3189 3308 /
5 3 3190 3309 /44 4 3310 3191 3300 3181 /44 6 3311 3192 3306 3187 /44 6 3312 3193 3307 3188 /
44 6 3313 3194 3308 3189 /44 6 3314 3195 3309 3190 /44 6 3315 3196 3311 3192 /44 6 3316 3197 3312 3193 /
44 6 3317 3198 3313 3194 /44 6 3318 3199 3314 3195 /44 6 3319 3200 3315 3196 /44 6 3320 3201 3316 3197 /
44 6 3321 3202 3317 3198 /44 6 3322 3203 3318 3199 /44 6 3323 3204 3319 3200 /44 6 3324 3205 3320 3201 /
44 6 3325 3206 3321 3202 /44 6 3326 3207 3322 3203 /44 6 3327 3208 3323 3204 /44 6 3328 3209 3324 3205 /
44 6 3329 3210 3325 3206 /44 6 3330 3211 3326 3207 /44 6 3331 3212 3327 3208 /44 6 3332 3213 3328 3209 /
44 6 3333 3214 3329 3210 /44 6 3334 3215 3330 3211 /44 6 3335 3216 3331 3212 /44 6 3336 3217 3332 3213 /
44 6 3337 3218 3333 3214 /44 6 3338 3219 3334 3215 /44 6 3339 3220 3335 3216 /44 6 3340 3221 3336 3217 /
44 6 3341 3222 3337 3218 /44 6 3342 3223 3338 3219 /44 6 3343 3224 3339 3220 /44 6 3344 3225 3340 3221 /
44 6 3345 3226 3341 3222 /44 6 3346 3227 3342 3223 /44 6 3347 3228 3343 3224 /44 6 3348 3229 3344 3225 /
44 6 3349 3230 3345 3226 /44 6 3350 3231 3346 3227 /44 6 3351 3232 3347 3228 /44 6 3352 3233 3348 3229 /
44 6 3353 3234 3349 3230 /44 6 3354 3235 3350 3231 /44 6 3357 3238 3351 3232 /44 6 3358 3239 3352 3233 /
44 6 3359 3240 3353 3234 /44 6 3360 3241 3354 3235 /44 4 3356 3237 3355 3236 /5 3 3238 3357 /
5 3 3239 3358 /5 3 3240 3359 /5 3 3241 3360 /44 4 3361 3242 3356 3237 /
44 6 3362 3243 3357 3238 /44 6 3363 3244 3358 3239 /44 6 3364 3245 3359 3240 /44 6 3365 3246 3360 3241 /
44 6 3366 3247 3362 3243 /44 6 3367 3248 3363 3244 /44 6 3368 3249 3364 3245 /44 6 3369 3250 3365 3246 /
44 6 3370 3251 3366 3247 /44 6 3371 3252 3367 3248 /44 6 3372 3253 3368 3249 /44 6 3373 3254 3369 3250 /
44 6 3374 3255 3370 3251 /44 6 3375 3256 3371 3252 /44 6 3376 3257 3372 3253 /44 6 3377 3258 3373 3254 /
44 6 3378 3259 3374 3255 /44 6 3379 3260 3375 3256 /44 6 3380 3261 3376 3257 /44 6 3381 3262 3377 3258 /
44 6 3382 3263 3378 3259 /44 6 3383 3264 3379 3260 /44 6 3384 3265 3380 3261 /44 6 3385 3266 3381 3262 /
44 6 3386 3267 3382 3263 /44 6 3387 3268 3383 3264 /44 6 3388 3269 3384 3265 /44 6 3389 3270 3385 3266 /
44 6 3390 3271 3386 3267 /44 6 3391 3272 3387 3268 /44 6 3392 3273 3388 3269 /44 6 3393 3274 3389 3270 /
44 6 3394 3275 3390 3271 /44 6 3395 3276 3391 3272 /44 6 3396 3277 3392 3273 /44 6 3397 3278 3393 3274 /
44 6 3398 3279 3394 3275 /44 6 3399 3280 3395 3276 /44 6 3400 3281 3396 3277 /44 6 3401 3282 3397 3278 /
44 6 3402 3283 3398 3279 /44 6 3403 3284 3399 3280 /44 6 3404 3285 3400 3281 /44 6 3405 3286 3401 3282 /
44 6 3413 3294 3402 3283 /44 6 3414 3295 3403 3284 /44 6 3415 3296 3404 3285 /44 6 3416 3297 3405 3286 /
44 4 3407 3288 3406 3287 /44 7 3408 3407 3289 3288 /44 7 3409 3408 3290 3289 /44 7 3410 3409 3291 3290 /
44 7 3411 3410 3292 3291 /44 7 3412 3411 3293 3292 /44 7 3413 3412 3294 3293 /5 3 3294 3413 /
5 3 3295 3414 /5 3 3296 3415 /5 3 3297 3416 /44 4 3417 3298 3407 3288 /
44 4 3419 3300 3418 3299 /44 7 3420 3419 3301 3300 /44 7 3421 3420 3302 3301 /44 7 3422 3421 3303 3302 /
44 7 3423 3422 3304 3303 /44 7 3424 3423 3305 3304 /44 7 3425 3424 3306 3305 /5 3 3306 3425 /
5 3 3307 3426 /5 3 3308 3427 /5 3 3309 3428 /44 4 3429 3310 3419 3300 /
44 6 3430 3311 3425 3306 /44 6 3431 3312 3426 3307 /44 6 3432 3313 3427 3308 /44 6 3433 3314 3428 3309 /
44 6 3434 3315 3430 3311 /44 6 3435 3316 3431 3312 /44 6 3436 3317 3432 3313 /44 6 3437 3318 3433 3314 /
44 6 3438 3319 3434 3315 /44 6 3439 3320 3435 3316 /44 6 3440 3321 3436 3317 /44 6 3441 3322 3437 3318 /
44 6 3442 3323 3438 3319 /44 6 3443 3324 3439 3320 /44 6 3444 3325 3440 3321 /44 6 3445 3326 3441 3322 /
44 6 3446 3327 3442 3323 /44 6 3447 3328 3443 3324 /44 6 3448 3329 3444 3325 /44 6 3449 3330 3445 3326 /
44 6 3450 3331 3446 3327 /44 6 3451 3332 3447 3328 /44 6 3452 3333 3448 3329 /44 6 3453 3334 3449 3330 /
44 6 3454 3335 3450 3331 /44 6 3455 3336 3451 3332 /44 6 3456 3337 3452 3333 /44 6 3457 3338 3453 3334 /
44 6 3458 3339 3454 3335 /44 6 3459 3340 3455 3336 /44 6 3460 3341 3456 3337 /44 6 3461 3342 3457 3338 /
44 6 3462 3343 3458 3339 /44 6 3463 3344 3459 3340 /44 6 3464 3345 3460 3341 /44 6 3465 3346 3461 3342 /
44 6 3466 3347 3462 3343 /44 6 3467 3348 3463 3344 /44 6 3468 3349 3464 3345 /44 6 3469 3350 3465 3346 /
44 6 3470 3351 3466 3347 /44 6 3471 3352 3467 3348 /44 6 3472 3353 3468 3349 /44 6 3473 3354 3469 3350 /
44 6 3476 3357 3470 3351 /44 6 3477 3358 3471 3352 /44 6 3478 3359 3472 3353 /44 6 3479 3360 3473 3354 /
44 4 3475 3356 3474 3355 /5 3 3357 3476 /5 3 3358 3477 /5 3 3359 3478 /
5 3 3360 3479 /44 4 3480 3361 3475 3356 /44 6 3481 3362 3476 3357 /44 6 3482 3363 3477 3358 /
44 6 3483 3364 3478 3359 /44 6 3484 3365 3479 3360 /44 6 3485 3366 3481 3362 /44 6 3486 3367 3482 3363 /
44 6 3487 3368 3483 3364 /44 6 3488 3369 3484 3365 /44 6 3489 3370 3485 3366 /44 6 3490 3371 3486 3367 /
44 6 3491 3372 3487 3368 /44 6 3492 3373 3488 3369 /44 6 3493 3374 3489 3370 /44 6 3494 3375 3490 3371 /
44 6 3495 3376 3491 3372 /44 6 3496 3377 3492 3373 /44 6 3497 3378 3493 3374 /44 6 3498 3379 3494 3375 /
44 6 3499 3380 3495 3376 /44 6 3500 3381 3496 3377 /44 6 3501 3382 3497 3378 /44 6 3502 3383 3498 3379 /
44 6 3503 3384 3499 3380 /44 6 3504 3385 3500 3381 /44 6 3505 3386 3501 3382 /44 6 3506 3387 3502 3383 /
44 6 3507 3388 3503 3384 /44 6 3508 3389 3504 3385 /44 6 3509 3390 3505 3386 /44 6 3510 3391 3506 3387 /
44 6 3511 3392 3507 3388 /44 6 3512 3393 3508 3389 /44 6 3513 3394 3509 3390 /44 6 3514 3395 3510 3391 /
44 6 3515 3396 3511 3392 /44 6 3516 3397 3512 3393 /44 6 3517 3398 3513 3394 /44 6 3518 3399 3514 3395 /
44 6 3519 3400 3515 3396 /44 6 3520 3401 3516 3397 /44 6 3521 3402 3517 3398 /44 6 3522 3403 3518 3399 /
44 6 3523 3404 3519 3400 /44 6 3524 3405 3520 3401 /44 6 3532 3413 3521 3402 /44 6 3533 3414 3522 3403 /
44 6 3534 3415 3523 3404 /44 6 3535 3416 3524 3405 /44 4 3526 3407 3525 3406 /44 7 3527 3526 3408 3407 /
44 7 3528 3527 3409 3408 /44 7 3529 3528 3410 3409 /44 7 3530 3529 3411 3410 /44 7 3531 3530 3412 3411 /
44 7 3532 3531 3413 3412 /5 3 3413 3532 /5 3 3414 3533 /5 3 3415 3534 /
5 3 3416 3535 /44 4 3536 3417 3526 3407 /44 4 3538 3419 3537 3418 /44 7 3539 3538 3420 3419 /
44 7 3540 3539 3421 3420 /44 7 3541 3540 3422 3421 /44 7 3542 3541 3423 3422 /44 7 3543 3542 3424 3423 /
44 7 3544 3543 3425 3424 /5 3 3425 3544 /5 3 3426 3545 /5 3 3427 3546 /
5 3 3428 3547 /44 4 3548 3429 3538 3419 /44 6 3549 3430 3544 3425 /44 6 3550 3431 3545 3426 /
44 6 3551 3432 3546 3427 /44 6 3552 3433 3547 3428 /44 6 3553 3434 3549 3430 /44 6 3554 3435 3550 3431 /
44 6 3555 3436 3551 3432 /44 6 3556 3437 3552 3433 /44 6 3557 3438 3553 3434 /44 6 3558 3439 3554 3435 /
44 6 3559 3440 3555 3436 /44 6 3560 3441 3556 3437 /44 6 3561 3442 3557 3438 /44 6 3562 3443 3558 3439 /
44 6 3563 3444 3559 3440 /44 6 3564 3445 3560 3441 /44 6 3565 3446 3561 3442 /44 6 3566 3447 3562 3443 /
44 6 3567 3448 3563 3444 /44 6 3568 3449 3564 3445 /44 6 3569 3450 3565 3446 /44 6 3570 3451 3566 3447 /
44 6 3571 3452 3567 3448 /44 6 3572 3453 3568 3449 /44 6 3573 3454 3569 3450 /44 6 3574 3455 3570 3451 /
44 6 3575 3456 3571 3452 /44 6 3576 3457 3572 3453 /44 6 3577 3458 3573 3454 /44 6 3578 3459 3574 3455 /
44 6 3579 3460 3575 3456 /44 6 3580 3461 3576 3457 /44 6 3581 3462 3577 3458 /44 6 3582 3463 3578 3459 /
44 6 3583 3464 3579 3460 /44 6 3584 3465 3580 3461 /44 6 3585 3466 3581 3462 /44 6 3586 3467 3582 3463 /
44 6 3587 3468 3583 3464 /44 6 3588 3469 3584 3465 /44 6 3589 3470 3585 3466 /44 6 3590 3471 3586 3467 /
44 6 3591 3472 3587 3468 /44 6 3592 3473 3588 3469 /44 6 3595 3476 3589 3470 /44 6 3596 3477 3590 3471 /
44 6 3597 3478 3591 3472 /44 6 3598 3479 3592 3473 /44 4 3594 3475 3593 3474 /5 3 3476 3595 /
5 3 3477 3596 /5 3 3478 3597 /5 3 3479 3598 /44 4 3599 3480 3594 3475 /
44 6 3600 3481 3595 3476 /44 6 3601 3482 3596 3477 /44 6 3602 3483 3597 3478 /44 6 3603 3484 3598 3479 /
44 6 3604 3485 3600 3481 /44 6 3605 3486 3601 3482 /44 6 3606 3487 3602 3483 /44 6 3607 3488 3603 3484 /
44 6 3608 3489 3604 3485 /44 6 3609 3490 3605 3486 /44 6 3610 3491 3606 3487 /44 6 3611 3492 3607 3488 /
44 6 3612 3493 3608 3489 /44 6 3613 3494 3609 3490 /44 6 3614 3495 3610 3491 /44 6 3615 3496 3611 3492 /
44 6 3616 3497 3612 3493 /44 6 3617 3498 3613 3494 /44 6 3618 3499 3614 3495 /44 6 3619 3500 3615 3496 /
44 6 3620 3501 3616 3497 /44 6 3621 3502 3617 3498 /44 6 3622 3503 3618 3499 /44 6 3623 3504 3619 3500 /
44 6 3624 3505 3620 3501 /44 6 3625 3506 3621 3502 /44 6 3626 3507 3622 3503 /44 6 3627 3508 3623 3504 /
44 6 3628 3509 3624 3505 /44 6 3629 3510 3625 3506 /44 6 3630 3511 3626 3507 /44 6 3631 3512 3627 3508 /
44 6 3632 3513 3628 3509 /44 6 3633 3514 3629 3510 /44 6 3634 3515 3630 3511 /44 6 3635 3516 3631 3512 /
44 6 3636 3517 3632 3513 /44 6 3637 3518 3633 3514 /44 6 3638 3519 3634 3515 /44 6 3639 3520 3635 3516 /
44 6 3640 3521 3636 3517 /44 6 3641 3522 3637 3518 /44 6 3642 3523 3638 3519 /44 6 3643 3524 3639 3520 /
44 6 3651 3532 3640 3521 /44 6 3652 3533 3641 3522 /44 6 3653 3534 3642 3523 /44 6 3654 3535 3643 3524 /
44 4 3645 3526 3644 3525 /44 7 3646 3645 3527 3526 /44 7 3647 3646 3528 3527 /44 7 3648 3647 3529 3528 /
44 7 3649 3648 3530 3529 /44 7 3650 3649 3531 3530 /44 7 3651 3650 3532 3531 /5 3 3532 3651 /
5 3 3533 3652 /5 3 3534 3653 /5 3 3535 3654 /44 4 3655 3536 3645 3526 /
44 4 3657 3538 3656 3537 /44 7 3658 3657 3539 3538 /44 7 3659 3658 3540 3539 /44 7 3660 3659 3541 3540 /
44 7 3661 3660 3542 3541 /44 7 3662 3661 3543 3542 /44 7 3663 3662 3544 3543 /5 3 3544 3663 /
5 3 3545 3664 /5 3 3546 3665 /5 3 3547 3666 /44 4 3667 3548 3657 3538 /
44 6 3668 3549 3663 3544 /44 6 3669 3550 3664 3545 /44 6 3670 3551 3665 3546 /44 6 3671 3552 3666 3547 /
44 6 3672 3553 3668 3549 /44 6 3673 3554 3669 3550 /44 6 3674 3555 3670 3551 /44 6 3675 3556 3671 3552 /
44 6 3676 3557 3672 3553 /44 6 3677 3558 3673 3554 /44 6 3678 3559 3674 3555 /44 6 3679 3560 3675 3556 /
44 6 3680 3561 3676 3557 /44 6 3681 3562 3677 3558 /44 6 3682 3563 3678 3559 /44 6 3683 3564 3679 3560 /
44 6 3684 3565 3680 3561 /44 6 3685 3566 3681 3562 /44 6 3686 3567 3682 3563 /44 6 3687 3568 3683 3564 /
44 6 3688 3569 3684 3565 /44 6 3689 3570 3685 3566 /44 6 3690 3571 3686 3567 /44 6 3691 3572 3687 3568 /
44 6 3692 3573 3688 3569 /44 6 3693 3574 3689 3570 /44 6 3694 3575 3690 3571 /44 6 3695 3576 3691 3572 /
44 6 3696 3577 3692 3573 /44 6 3697 3578 3693 3574 /44 6 3698 3579 3694 3575 /44 6 3699 3580 3695 3576 /
44 6 3700 3581 3696 3577 /44 6 3701 3582 3697 3578 /44 6 3702 3583 3698 3579 /44 6 3703 3584 3699 3580 /
44 6 3704 3585 3700 3581 /44 6 3705 3586 3701 3582 /44 6 3706 3587 3702 3583 /44 6 3707 3588 3703 3584 /
44 6 3708 3589 3704 3585 /44 6 3709 3590 3705 3586 /44 6 3710 3591 3706 3587 /44 6 3711 3592 3707 3588 /
44 6 3714 3595 3708 3589 /44 6 3715 3596 3709 3590 /44 6 3716 3597 3710 3591 /44 6 3717 3598 3711 3592 /
44 4 3713 3594 3712 3593 /5 3 3595 3714 /5 3 3596 3715 /5 3 3597 3716 /
5 3 3598 3717 /44 4 3718 3599 3713 3594 /44 6 3719 3600 3714 3595 /44 6 3720 3601 3715 3596 /
44 6 3721 3602 3716 3597 /44 6 3722 3603 3717 3598 /44 6 3723 3604 3719 3600 /44 6 3724 3605 3720 3601 /
44 6 3725 3606 3721 3602 /44 6 3726 3607 3722 3603 /44 6 3727 3608 3723 3604 /44 6 3728 3609 3724 3605 /
44 6 3729 3610 3725 3606 /44 6 3730 3611 3726 3607 /44 6 3731 3612 3727 3608 /44 6 3732 3613 3728 3609 /
44 6 3733 3614 3729 3610 /44 6 3734 3615 3730 3611 /44 6 3735 3616 3731 3612 /44 6 3736 3617 3732 3613 /
44 6 3737 3618 3733 3614 /44 6 3738 3619 3734 3615 /44 6 3739 3620 3735 3616 /44 6 3740 3621 3736 3617 /
44 6 3741 3622 3737 3618 /44 6 3742 3623 3738 3619 /44 6 3743 3624 3739 3620 /44 6 3744 3625 3740 3621 /
44 6 3745 3626 3741 3622 /44 6 3746 3627 3742 3623 /44 6 3747 3628 3743 3624 /44 6 3748 3629 3744 3625 /
44 6 3749 3630 3745 3626 /44 6 3750 3631 3746 3627 /44 6 3751 3632 3747 3628 /44 6 3752 3633 3748 3629 /
44 6 3753 3634 3749 3630 /44 6 3754 3635 3750 3631 /44 6 3755 3636 3751 3632 /44 6 3756 3637 3752 3633 /
44 6 3757 3638 3753 3634 /44 6 3758 3639 3754 3635 /44 6 3759 3640 3755 3636 /44 6 3760 3641 3756 3637 /
44 6 3761 3642 3757 3638 /44 6 3762 3643 3758 3639 /44 6 3770 3651 3759 3640 /44 6 3771 3652 3760 3641 /
44 6 3772 3653 3761 3642 /44 6 3773 3654 3762 3643 /44 4 3764 3645 3763 3644 /44 7 3765 3764 3646 3645 /
44 7 3766 3765 3647 3646 /44 7 3767 3766 3648 3647 /44 7 3768 3767 3649 3648 /44 7 3769 3768 3650 3649 /
44 7 3770 3769 3651 3650 /5 3 3651 3770 /5 3 3652 3771 /5 3 3653 3772 /
5 3 3654 3773 /44 4 3774 3655 3764 3645 /44 4 3776 3657 3775 3656 /44 7 3777 3776 3658 3657 /
44 7 3778 3777 3659 3658 /44 7 3779 3778 3660 3659 /44 7 3780 3779 3661 3660 /44 7 3781 3780 3662 3661 /
44 7 3782 3781 3663 3662 /5 3 3663 3782 /5 3 3664 3783 /5 3 3665 3784 /
5 3 3666 3785 /44 4 3786 3667 3776 3657 /44 6 3787 3668 3782 3663 /44 6 3788 3669 3783 3664 /
44 6 3789 3670 3784 3665 /44 6 3790 3671 3785 3666 /44 6 3791 3672 3787 3668 /44 6 3792 3673 3788 3669 /
44 6 3793 3674 3789 3670 /44 6 3794 3675 3790 3671 /44 6 3795 3676 3791 3672 /44 6 3796 3677 3792 3673 /
44 6 3797 3678 3793 3674 /44 6 3798 3679 3794 3675 /44 6 3799 3680 3795 3676 /44 6 3800 3681 3796 3677 /
44 6 3801 3682 3797 3678 /44 6 3802 3683 3798 3679 /44 6 3803 3684 3799 3680 /44 6 3804 3685 3800 3681 /
44 6 3805 3686 3801 3682 /44 6 3806 3687 3802 3683 /44 6 3807 3688 3803 3684 /44 6 3808 3689 3804 3685 /
44 6 3809 3690 3805 3686 /44 6 3810 3691 3806 3687 /44 6 3811 3692 3807 3688 /44 6 3812 3693 3808 3689 /
44 6 3813 3694 3809 3690 /44 6 3814 3695 3810 3691 /44 6 3815 3696 3811 3692 /44 6 3816 3697 3812 3693 /
44 6 3817 3698 3813 3694 /44 6 3818 3699 3814 3695 /44 6 3819 3700 3815 3696 /44 6 3820 3701 3816 3697 /
44 6 3821 3702 3817 3698 /44 6 3822 3703 3818 3699 /44 6 3823 3704 3819 3700 /44 6 3824 3705 3820 3701 /
44 6 3825 3706 3821 3702 /44 6 3826 3707 3822 3703 /44 6 3828 3708 3823 3704 /44 6 3829 3709 3824 3705 /
44 6 3830 3710 3825 3706 /44 6 3831 3711 3826 3707 /44 6 3833 3714 3828 3708 /44 6 3834 3715 3829 3709 /
44 6 3835 3716 3830 3710 /44 6 3836 3717 3831 3711 /44 4 3832 3713 3827 3712 /5 3 3714 3833 /
5 3 3715 3834 /5 3 3716 3835 /5 3 3717 3836 /44 4 3837 3718 3832 3713 /
44 6 3838 3719 3833 3714 /44 6 3839 3720 3834 3715 /44 6 3840 3721 3835 3716 /44 6 3841 3722 3836 3717 /
44 6 3842 3723 3838 3719 /44 6 3843 3724 3839 3720 /44 6 3844 3725 3840 3721 /44 6 3845 3726 3841 3722 /
44 6 3846 3727 3842 3723 /44 6 3847 3728 3843 3724 /44 6 3848 3729 3844 3725 /44 6 3849 3730 3845 3726 /
44 6 3850 3731 3846 3727 /44 6 3851 3732 3847 3728 /44 6 3852 3733 3848 3729 /44 6 3853 3734 3849 3730 /
44 6 3854 3735 3850 3731 /44 6 3855 3736 3851 3732 /44 6 3856 3737 3852 3733 /44 6 3857 3738 3853 3734 /
44 6 3858 3739 3854 3735 /44 6 3859 3740 3855 3736 /44 6 3860 3741 3856 3737 /44 6 3861 3742 3857 3738 /
44 6 3862 3743 3858 3739 /44 6 3863 3744 3859 3740 /44 6 3864 3745 3860 3741 /44 6 3865 3746 3861 3742 /
44 6 3866 3747 3862 3743 /44 6 3867 3748 3863 3744 /44 6 3868 3749 3864 3745 /44 6 3869 3750 3865 3746 /
44 6 3870 3751 3866 3747 /44 6 3871 3752 3867 3748 /44 6 3872 3753 3868 3749 /44 6 3873 3754 3869 3750 /
44 6 3874 3755 3870 3751 /44 6 3875 3756 3871 3752 /44 6 3876 3757 3872 3753 /44 6 3877 3758 3873 3754 /
44 6 3879 3759 3874 3755 /44 6 3880 3760 3875 3756 /44 6 3881 3761 3876 3757 /44 6 3882 3762 3877 3758 /
44 6 3889 3770 3879 3759 /44 6 3890 3771 3880 3760 /44 6 3891 3772 3881 3761 /44 6 3892 3773 3882 3762 /
44 4 3883 3764 3878 3763 /44 7 3884 3883 3765 3764 /44 7 3885 3884 3766 3765 /44 7 3886 3885 3767 3766 /
44 7 3887 3886 3768 3767 /44 7 3888 3887 3769 3768 /44 7 3889 3888 3770 3769 /5 3 3770 3889 /
5 3 3771 3890 /5 3 3772 3891 /5 3 3773 3892 /44 4 3893 3774 3883 3764 /
44 4 3913 3776 3912 3775 /44 7 3914 3913 3777 3776 /44 7 3915 3914 3778 3777 /44 7 3916 3915 3779 3778 /
44 7 3917 3916 3780 3779 /44 7 3918 3917 3781 3780 /44 7 3919 3918 3782 3781 /5 3 3782 3919 /
5 3 3783 3920 /5 3 3784 3921 /5 3 3785 3922 /44 4 3923 3786 3913 3776 /
44 6 3929 3787 3919 3782 /44 6 3930 3788 3920 3783 /44 6 3931 3789 3921 3784 /44 6 3932 3790 3922 3785 /
44 6 3939 3791 3929 3787 /44 6 3940 3792 3930 3788 /44 6 3941 3793 3931 3789 /44 6 3942 3794 3932 3790 /
44 6 3948 3795 3939 3791 /44 6 3949 3796 3940 3792 /44 6 3950 3797 3941 3793 /44 6 3951 3798 3942 3794 /
44 6 3957 3799 3948 3795 /44 6 3958 3800 3949 3796 /44 6 3959 3801 3950 3797 /44 6 3960 3802 3951 3798 /
44 6 3967 3803 3957 3799 /44 6 3968 3804 3958 3800 /44 6 3969 3805 3959 3801 /44 6 3970 3806 3960 3802 /
44 6 3977 3807 3967 3803 /44 6 3978 3808 3968 3804 /44 6 3979 3809 3969 3805 /44 6 3980 3810 3970 3806 /
44 6 3987 3811 3977 3807 /44 6 3988 3812 3978 3808 /44 6 3989 3813 3979 3809 /44 6 3990 3814 3980 3810 /
44 6 3996 3815 3987 3811 /44 6 3997 3816 3988 3812 /44 6 3998 3817 3989 3813 /44 6 3999 3818 3990 3814 /
44 6 4005 3819 3996 3815 /44 6 4006 3820 3997 3816 /44 6 4007 3821 3998 3817 /44 6 4008 3822 3999 3818 /
44 6 4015 3823 4005 3819 /44 6 4016 3824 4006 3820 /44 6 4017 3825 4007 3821 /44 6 4018 3826 4008 3822 /
44 6 4025 3828 4015 3823 /44 6 4026 3829 4016 3824 /44 6 4027 3830 4017 3825 /44 6 4028 3831 4018 3826 /
44 4 4029 3832 4019 3827 /44 6 4035 3833 4025 3828 /44 6 4036 3834 4026 3829 /44 6 4037 3835 4027 3830 /
44 6 4038 3836 4028 3831 /5 3 3833 4035 /5 3 3834 4036 /5 3 3835 4037 /
5 3 3836 4038 /44 4 4039 3837 4029 3832 /44 6 4045 3838 4035 3833 /44 6 4046 3839 4036 3834 /
44 6 4047 3840 4037 3835 /44 6 4048 3841 4038 3836 /44 6 4055 3842 4045 3838 /44 6 4056 3843 4046 3839 /
44 6 4057 3844 4047 3840 /44 6 4058 3845 4048 3841 /44 6 4065 3846 4055 3842 /44 6 4066 3847 4056 3843 /
44 6 4067 3848 4057 3844 /44 6 4068 3849 4058 3845 /44 6 4075 3850 4065 3846 /44 6 4076 3851 4066 3847 /
44 6 4077 3852 4067 3848 /44 6 4078 3853 4068 3849 /44 6 4085 3854 4075 3850 /44 6 4086 3855 4076 3851 /
44 6 4087 3856 4077 3852 /44 6 4088 3857 4078 3853 /44 6 4095 3858 4085 3854 /44 6 4096 3859 4086 3855 /
44 6 4097 3860 4087 3856 /44 6 4098 3861 4088 3857 /44 6 4105 3862 4095 3858 /44 6 4106 3863 4096 3859 /
44 6 4107 3864 4097 3860 /44 6 4108 3865 4098 3861 /44 6 4115 3866 4105 3862 /44 6 4116 3867 4106 3863 /
44 6 4117 3868 4107 3864 /44 6 4118 3869 4108 3865 /44 6 4125 3870 4115 3866 /44 6 4126 3871 4116 3867 /
44 6 4127 3872 4117 3868 /44 6 4128 3873 4118 3869 /44 6 4135 3874 4125 3870 /44 6 4136 3875 4126 3871 /
44 6 4137 3876 4127 3872 /44 6 4138 3877 4128 3873 /44 6 4145 3879 4135 3874 /44 6 4146 3880 4136 3875 /
44 6 4147 3881 4137 3876 /44 6 4148 3882 4138 3877 /44 4 4149 3883 4139 3878 /44 6 4155 3889 4145 3879 /
44 6 4156 3890 4146 3880 /44 6 4157 3891 4147 3881 /44 6 4158 3892 4148 3882 /44 7 4150 4149 3884 3883 /
44 7 4151 4150 3885 3884 /44 7 4152 4151 3886 3885 /44 7 4153 4152 3887 3886 /44 7 4154 4153 3888 3887 /
44 7 4155 4154 3889 3888 /5 3 3889 4155 /5 3 3890 4156 /5 3 3891 4157 /
5 3 3892 4158 /44 4 4159 3893 4149 3883 /44 4 3933 3894 3923 3786 /44 4 4019 3827 4009 3902 /
44 4 4049 3903 4039 3837 /44 4 4139 3878 4129 3911 /44 4 3943 3895 3933 3894 /44 4 3952 3896 3943 3895 /
44 4 3961 3897 3952 3896 /44 4 3971 3898 3961 3897 /44 4 3981 3899 3971 3898 /44 4 3991 3900 3981 3899 /
44 4 4000 3901 3991 3900 /44 4 4009 3902 4000 3901 /44 4 4059 3904 4049 3903 /44 4 4069 3905 4059 3904 /
44 4 4079 3906 4069 3905 /44 4 4089 3907 4079 3906 /44 4 4099 3908 4089 3907 /44 4 4109 3909 4099 3908 /
44 4 4119 3910 4109 3909 /44 4 4129 3911 4119 3910 /5 2 3913 3914 /5 2 3914 3915 /
5 2 3915 3916 /5 2 3916 3917 /5 2 3917 3918 /5 2 3918 3919 /
5 2 3919 3920 /5 2 3920 3921 /5 2 3921 3922 /44 7 3924 3914 3923 3913 /
44 7 3925 3915 3924 3914 /44 7 3926 3916 3925 3915 /44 7 3927 3917 3926 3916 /44 7 3928 3918 3927 3917 /
44 7 3929 3919 3928 3918 /5 3 3919 3929 /5 3 3920 3930 /5 3 3921 3931 /
5 3 3922 3932 /44 7 3934 3924 3933 3923 /44 7 3935 3925 3934 3924 /44 7 3936 3926 3935 3925 /
44 7 3937 3927 3936 3926 /44 7 3938 3928 3937 3927 /44 7 3939 3929 3938 3928 /5 3 3929 3939 /
5 3 3930 3940 /5 3 3931 3941 /5 3 3932 3942 /44 7 3944 3934 3943 3933 /
44 7 3945 3935 3944 3934 /44 7 3946 3936 3945 3935 /44 7 3948 3939 3947 3938 /5 3 3939 3948 /
5 3 3940 3949 /5 3 3941 3950 /5 3 3942 3951 /44 7 3953 3944 3952 3943 /
44 7 3954 3945 3953 3944 /44 7 3955 3946 3954 3945 /44 7 3957 3948 3956 3947 /5 3 3948 3957 /
5 3 3949 3958 /5 3 3950 3959 /5 3 3951 3960 /44 7 3962 3953 3961 3952 /
44 7 3963 3954 3962 3953 /44 7 3964 3955 3963 3954 /44 7 3967 3957 3966 3956 /5 3 3957 3967 /
5 3 3958 3968 /5 3 3959 3969 /5 3 3960 3970 /44 7 3972 3962 3971 3961 /
44 7 3973 3963 3972 3962 /44 7 3974 3964 3973 3963 /44 7 3975 3965 3974 3964 /44 7 3976 3966 3975 3965 /
44 7 3977 3967 3976 3966 /5 3 3967 3977 /5 3 3968 3978 /5 3 3969 3979 /
5 3 3970 3980 /44 7 3982 3972 3981 3971 /44 7 3983 3973 3982 3972 /44 7 3984 3974 3983 3973 /
44 7 3985 3975 3984 3974 /44 7 3986 3976 3985 3975 /44 7 3987 3977 3986 3976 /5 3 3977 3987 /
5 3 3978 3988 /5 3 3979 3989 /5 3 3980 3990 /44 7 3992 3982 3991 3981 /
44 7 3993 3983 3992 3982 /44 7 3994 3984 3993 3983 /44 7 3996 3987 3995 3986 /5 3 3987 3996 /
5 3 3988 3997 /5 3 3989 3998 /5 3 3990 3999 /44 7 4001 3992 4000 3991 /
44 7 4002 3993 4001 3992 /44 7 4003 3994 4002 3993 /44 7 4005 3996 4004 3995 /5 3 3996 4005 /
5 3 3997 4006 /5 3 3998 4007 /5 3 3999 4008 /44 7 4010 4001 4009 4000 /
44 7 4011 4002 4010 4001 /44 7 4012 4003 4011 4002 /44 7 4015 4005 4014 4004 /5 3 4005 4015 /
5 3 4006 4016 /5 3 4007 4017 /5 3 4008 4018 /44 7 4020 4010 4019 4009 /
44 7 4021 4011 4020 4010 /44 7 4022 4012 4021 4011 /44 7 4023 4013 4022 4012 /44 7 4024 4014 4023 4013 /
44 7 4025 4015 4024 4014 /5 3 4015 4025 /5 3 4016 4026 /5 3 4017 4027 /
5 3 4018 4028 /44 7 4030 4020 4029 4019 /44 7 4031 4021 4030 4020 /44 7 4032 4022 4031 4021 /
44 7 4033 4023 4032 4022 /44 7 4034 4024 4033 4023 /44 7 4035 4025 4034 4024 /5 3 4025 4035 /
5 3 4026 4036 /5 3 4027 4037 /5 3 4028 4038 /5 2 4029 4030 /
5 2 4030 4031 /5 2 4031 4032 /5 2 4032 4033 /5 2 4033 4034 /
5 2 4034 4035 /5 2 4035 4036 /5 2 4036 4037 /5 2 4037 4038 /
44 7 4040 4030 4039 4029 /44 7 4041 4031 4040 4030 /44 7 4042 4032 4041 4031 /44 7 4043 4033 4042 4032 /
44 7 4044 4034 4043 4033 /44 7 4045 4035 4044 4034 /5 3 4035 4045 /5 3 4036 4046 /
5 3 4037 4047 /5 3 4038 4048 /44 7 4050 4040 4049 4039 /44 7 4051 4041 4050 4040 /
44 7 4052 4042 4051 4041 /44 7 4053 4043 4052 4042 /44 7 4054 4044 4053 4043 /44 7 4055 4045 4054 4044 /
5 3 4045 4055 /5 3 4046 4056 /5 3 4047 4057 /5 3 4048 4058 /
44 7 4060 4050 4059 4049 /44 7 4061 4051 4060 4050 /44 7 4062 4052 4061 4051 /44 7 4063 4053 4062 4052 /
44 7 4064 4054 4063 4053 /44 7 4065 4055 4064 4054 /5 3 4055 4065 /5 3 4056 4066 /
5 3 4057 4067 /5 3 4058 4068 /44 7 4070 4060 4069 4059 /44 7 4071 4061 4070 4060 /
44 7 4072 4062 4071 4061 /44 7 4073 4063 4072 4062 /44 7 4074 4064 4073 4063 /44 7 4075 4065 4074 4064 /
5 3 4065 4075 /5 3 4066 4076 /5 3 4067 4077 /5 3 4068 4078 /
44 7 4080 4070 4079 4069 /44 7 4081 4071 4080 4070 /44 7 4082 4072 4081 4071 /44 7 4083 4073 4082 4072 /
44 7 4084 4074 4083 4073 /44 7 4085 4075 4084 4074 /5 3 4075 4085 /5 3 4076 4086 /
5 3 4077 4087 /5 3 4078 4088 /44 7 4090 4080 4089 4079 /44 7 4091 4081 4090 4080 /
44 7 4092 4082 4091 4081 /44 7 4093 4083 4092 4082 /44 7 4094 4084 4093 4083 /44 7 4095 4085 4094 4084 /
5 3 4085 4095 /5 3 4086 4096 /5 3 4087 4097 /5 3 4088 4098 /
44 7 4100 4090 4099 4089 /44 7 4101 4091 4100 4090 /44 7 4102 4092 4101 4091 /44 7 4103 4093 4102 4092 /
44 7 4104 4094 4103 4093 /44 7 4105 4095 4104 4094 /5 3 4095 4105 /5 3 4096 4106 /
5 3 4097 4107 /5 3 4098 4108 /44 7 4110 4100 4109 4099 /44 7 4111 4101 4110 4100 /
44 7 4112 4102 4111 4101 /44 7 4113 4103 4112 4102 /44 7 4114 4104 4113 4103 /44 7 4115 4105 4114 4104 /
5 3 4105 4115 /5 3 4106 4116 /5 3 4107 4117 /5 3 4108 4118 /
44 7 4120 4110 4119 4109 /44 7 4121 4111 4120 4110 /44 7 4122 4112 4121 4111 /44 7 4123 4113 4122 4112 /
44 7 4124 4114 4123 4113 /44 7 4125 4115 4124 4114 /5 3 4115 4125 /5 3 4116 4126 /
5 3 4117 4127 /5 3 4118 4128 /44 7 4130 4120 4129 4119 /44 7 4131 4121 4130 4120 /
44 7 4132 4122 4131 4121 /44 7 4133 4123 4132 4122 /44 7 4134 4124 4133 4123 /44 7 4135 4125 4134 4124 /
5 3 4125 4135 /5 3 4126 4136 /5 3 4127 4137 /5 3 4128 4138 /
44 7 4140 4130 4139 4129 /44 7 4141 4131 4140 4130 /44 7 4142 4132 4141 4131 /44 7 4143 4133 4142 4132 /
44 7 4144 4134 4143 4133 /44 7 4145 4135 4144 4134 /5 3 4135 4145 /5 3 4136 4146 /
5 3 4137 4147 /5 3 4138 4148 /44 7 4150 4140 4149 4139 /44 7 4151 4141 4150 4140 /
44 7 4152 4142 4151 4141 /44 7 4153 4143 4152 4142 /44 7 4154 4144 4153 4143 /44 7 4155 4145 4154 4144 /
5 3 4145 4155 /5 3 4146 4156 /5 3 4147 4157 /5 3 4148 4158 /
5 2 4149 4150 /5 2 4150 4151 /5 2 4151 4152 /5 2 4152 4153 /
5 2 4153 4154 /5 2 4154 4155 /5 2 4155 4156 /5 2 4156 4157 /
5 2 4157 4158 /44 4 4161 3913 4160 3912 /44 4 4162 3923 4161 3913 /44 4 4163 3933 4162 3923 /
44 4 4164 3943 4163 3933 /44 4 4165 3952 4164 3943 /44 4 4166 3961 4165 3952 /44 4 4167 3971 4166 3961 /
44 4 4168 3981 4167 3971 /44 4 4169 3991 4168 3981 /44 4 4170 4000 4169 3991 /44 4 4171 4009 4170 4000 /
44 4 4172 4019 4171 4009 /44 4 4173 4029 4172 4019 /44 4 4174 4039 4173 4029 /44 4 4175 4049 4174 4039 /
44 4 4176 4059 4175 4049 /44 4 4177 4069 4176 4059 /44 4 4178 4079 4177 4069 /44 4 4179 4089 4178 4079 /
44 4 4180 4099 4179 4089 /44 4 4181 4109 4180 4099 /44 4 4182 4119 4181 4109 /44 4 4183 4129 4182 4119 /
44 4 4184 4139 4183 4129 /44 4 4185 4149 4184 4139 /44 4 4186 4159 4185 4149 /
 )

( 3/
1 S0 3.060E+006     30     30/
 0 RO  0.225/
2 S0 3.060E+006     40     40/
 0 RO    0.4/
3 S0 3.060E+006     40     40/
 0 RO    0.4/
4 GEI 3.060E+006    0.2    0.8 RO    2.5/
5 GEI 3.060E+006    0.2    0.2 RO    2.5/
6 GEI 3.060E+006    0.2   0.16 RO    2.5/
7 GEI 3.060E+006    0.2    0.3 RO    2.5/

 )
( 4/
0.37500 0.37500 -3.30000 /0.37500 0.75000 -3.30000 /0.37500 1.25000 -3.30000 /0.37500 1.75000 -3.30000 /
0.37500 2.25000 -3.30000 /0.37500 2.75000 -3.30000 /0.37500 3.25000 -3.30000 /0.37500 3.75000 -3.30000 /
0.37500 4.25000 -3.30000 /0.37500 4.75000 -3.30000 /0.37500 5.25000 -3.30000 /0.37500 5.75000 -3.30000 /
0.37500 6.25000 -3.30000 /0.37500 6.75000 -3.30000 /0.37500 7.25000 -3.30000 /0.37500 7.75000 -3.30000 /
0.37500 8.25000 -3.30000 /0.37500 8.75000 -3.30000 /0.37500 9.25000 -3.30000 /0.37500 9.75000 -3.30000 /
0.37500 10.25000 -3.30000 /0.37500 10.75000 -3.30000 /0.37500 11.25000 -3.30000 /0.37500 11.75000 -3.30000 /
0.37500 12.25000 -3.30000 /0.37500 12.75000 -3.30000 /0.37500 13.12500 -3.30000 /0.75000 0.37500 -3.30000 /
0.75000 0.75000 -3.30000 /0.75000 0.75000 -2.75000 /0.75000 0.75000 -2.20000 /0.75000 0.75000 -1.65000 /
0.75000 0.75000 -1.10000 /0.75000 0.75000 -0.55000 /0.75000 0.75000 0.00000 /0.75000 0.75000 3.30000 /
0.75000 0.75000 6.60000 /0.75000 0.75000 9.90000 /0.75000 1.25000 -3.30000 /0.75000 1.25000 -2.75000 /
0.75000 1.25000 -2.20000 /0.75000 1.25000 -1.65000 /0.75000 1.25000 -1.10000 /0.75000 1.25000 -0.55000 /
0.75000 1.25000 0.00000 /0.75000 1.25000 3.30000 /0.75000 1.25000 6.60000 /0.75000 1.25000 9.90000 /
0.75000 1.75000 -3.30000 /0.75000 1.75000 -2.75000 /0.75000 1.75000 -2.20000 /0.75000 1.75000 -1.65000 /
0.75000 1.75000 -1.10000 /0.75000 1.75000 -0.55000 /0.75000 1.75000 0.00000 /0.75000 1.75000 3.30000 /
0.75000 1.75000 6.60000 /0.75000 1.75000 9.90000 /0.75000 2.25000 -3.30000 /0.75000 2.25000 -2.75000 /
0.75000 2.25000 -2.20000 /0.75000 2.25000 -1.65000 /0.75000 2.25000 -0.55000 /0.75000 2.25000 0.00000 /
0.75000 2.25000 3.30000 /0.75000 2.25000 6.60000 /0.75000 2.25000 9.90000 /0.75000 2.75000 -3.30000 /
0.75000 2.75000 -2.75000 /0.75000 2.75000 -2.20000 /0.75000 2.75000 -1.65000 /0.75000 2.75000 -0.55000 /
0.75000 2.75000 0.00000 /0.75000 2.75000 3.30000 /0.75000 2.75000 6.60000 /0.75000 2.75000 9.90000 /
0.75000 3.25000 -3.30000 /0.75000 3.25000 -2.75000 /0.75000 3.25000 -2.20000 /0.75000 3.25000 -1.65000 /
0.75000 3.25000 -1.10000 /0.75000 3.25000 -0.55000 /0.75000 3.25000 0.00000 /0.75000 3.25000 3.30000 /
0.75000 3.25000 6.60000 /0.75000 3.25000 9.90000 /0.75000 3.75000 -3.30000 /0.75000 3.75000 -2.75000 /
0.75000 3.75000 -2.20000 /0.75000 3.75000 -1.65000 /0.75000 3.75000 -1.10000 /0.75000 3.75000 -0.55000 /
0.75000 3.75000 0.00000 /0.75000 3.75000 3.30000 /0.75000 3.75000 6.60000 /0.75000 3.75000 9.90000 /
0.75000 4.25000 -3.30000 /0.75000 4.25000 -2.75000 /0.75000 4.25000 -2.20000 /0.75000 4.25000 -1.65000 /
0.75000 4.25000 -1.10000 /0.75000 4.25000 -0.55000 /0.75000 4.25000 0.00000 /0.75000 4.25000 3.30000 /
0.75000 4.25000 6.60000 /0.75000 4.25000 9.90000 /0.75000 4.75000 -3.30000 /0.75000 4.75000 -2.75000 /
0.75000 4.75000 -2.20000 /0.75000 4.75000 -1.65000 /0.75000 4.75000 -0.55000 /0.75000 4.75000 0.00000 /
0.75000 4.75000 3.30000 /0.75000 4.75000 6.60000 /0.75000 4.75000 9.90000 /0.75000 5.25000 -3.30000 /
0.75000 5.25000 -2.75000 /0.75000 5.25000 -2.20000 /0.75000 5.25000 -1.65000 /0.75000 5.25000 -0.55000 /
0.75000 5.25000 0.00000 /0.75000 5.25000 3.30000 /0.75000 5.25000 6.60000 /0.75000 5.25000 9.90000 /
0.75000 5.75000 -3.30000 /0.75000 5.75000 -2.75000 /0.75000 5.75000 -2.20000 /0.75000 5.75000 -1.65000 /
0.75000 5.75000 -1.10000 /0.75000 5.75000 -0.55000 /0.75000 5.75000 0.00000 /0.75000 5.75000 3.30000 /
0.75000 5.75000 6.60000 /0.75000 5.75000 9.90000 /0.75000 6.25000 -3.30000 /0.75000 6.25000 -2.75000 /
0.75000 6.25000 -2.20000 /0.75000 6.25000 -1.65000 /0.75000 6.25000 -1.10000 /0.75000 6.25000 -0.55000 /
0.75000 6.25000 0.00000 /0.75000 6.25000 3.30000 /0.75000 6.25000 6.60000 /0.75000 6.25000 9.90000 /
0.75000 6.75000 -3.30000 /0.75000 6.75000 -2.75000 /0.75000 6.75000 -2.20000 /0.75000 6.75000 -1.65000 /
0.75000 6.75000 -1.10000 /0.75000 6.75000 -0.55000 /0.75000 6.75000 0.00000 /0.75000 6.75000 3.30000 /
0.75000 6.75000 6.60000 /0.75000 6.75000 9.90000 /0.75000 7.25000 -3.30000 /0.75000 7.25000 -2.75000 /
0.75000 7.25000 -2.20000 /0.75000 7.25000 -1.65000 /0.75000 7.25000 -1.10000 /0.75000 7.25000 -0.55000 /
0.75000 7.25000 0.00000 /0.75000 7.25000 3.30000 /0.75000 7.25000 6.60000 /0.75000 7.25000 9.90000 /
0.75000 7.75000 -3.30000 /0.75000 7.75000 -2.75000 /0.75000 7.75000 -2.20000 /0.75000 7.75000 -1.65000 /
0.75000 7.75000 -1.10000 /0.75000 7.75000 -0.55000 /0.75000 7.75000 0.00000 /0.75000 7.75000 3.30000 /
0.75000 7.75000 6.60000 /0.75000 7.75000 9.90000 /0.75000 8.25000 -3.30000 /0.75000 8.25000 -2.75000 /
0.75000 8.25000 -2.20000 /0.75000 8.25000 -1.65000 /0.75000 8.25000 -0.55000 /0.75000 8.25000 0.00000 /
0.75000 8.25000 3.30000 /0.75000 8.25000 6.60000 /0.75000 8.25000 9.90000 /0.75000 8.75000 -3.30000 /
0.75000 8.75000 -2.75000 /0.75000 8.75000 -2.20000 /0.75000 8.75000 -1.65000 /0.75000 8.75000 -0.55000 /
0.75000 8.75000 0.00000 /0.75000 8.75000 3.30000 /0.75000 8.75000 6.60000 /0.75000 8.75000 9.90000 /
0.75000 9.25000 -3.30000 /0.75000 9.25000 -2.75000 /0.75000 9.25000 -2.20000 /0.75000 9.25000 -1.65000 /
0.75000 9.25000 -1.10000 /0.75000 9.25000 -0.55000 /0.75000 9.25000 0.00000 /0.75000 9.25000 3.30000 /
0.75000 9.25000 6.60000 /0.75000 9.25000 9.90000 /0.75000 9.75000 -3.30000 /0.75000 9.75000 -2.75000 /
0.75000 9.75000 -2.20000 /0.75000 9.75000 -1.65000 /0.75000 9.75000 -1.10000 /0.75000 9.75000 -0.55000 /
0.75000 9.75000 0.00000 /0.75000 9.75000 3.30000 /0.75000 9.75000 6.60000 /0.75000 9.75000 9.90000 /
0.75000 10.25000 -3.30000 /0.75000 10.25000 -2.75000 /0.75000 10.25000 -2.20000 /0.75000 10.25000 -1.65000 /
0.75000 10.25000 -1.10000 /0.75000 10.25000 -0.55000 /0.75000 10.25000 0.00000 /0.75000 10.25000 3.30000 /
0.75000 10.25000 6.60000 /0.75000 10.25000 9.90000 /0.75000 10.75000 -3.30000 /0.75000 10.75000 -2.75000 /
0.75000 10.75000 -2.20000 /0.75000 10.75000 -1.65000 /0.75000 10.75000 -0.55000 /0.75000 10.75000 0.00000 /
0.75000 10.75000 3.30000 /0.75000 10.75000 6.60000 /0.75000 10.75000 9.90000 /0.75000 11.25000 -3.30000 /
0.75000 11.25000 -2.75000 /0.75000 11.25000 -2.20000 /0.75000 11.25000 -1.65000 /0.75000 11.25000 -0.55000 /
0.75000 11.25000 0.00000 /0.75000 11.25000 3.30000 /0.75000 11.25000 6.60000 /0.75000 11.25000 9.90000 /
0.75000 11.75000 -3.30000 /0.75000 11.75000 -2.75000 /0.75000 11.75000 -2.20000 /0.75000 11.75000 -1.65000 /
0.75000 11.75000 -1.10000 /0.75000 11.75000 -0.55000 /0.75000 11.75000 0.00000 /0.75000 11.75000 3.30000 /
0.75000 11.75000 6.60000 /0.75000 11.75000 9.90000 /0.75000 12.25000 -3.30000 /0.75000 12.25000 -2.75000 /
0.75000 12.25000 -2.20000 /0.75000 12.25000 -1.65000 /0.75000 12.25000 -1.10000 /0.75000 12.25000 -0.55000 /
0.75000 12.25000 0.00000 /0.75000 12.25000 3.30000 /0.75000 12.25000 6.60000 /0.75000 12.25000 9.90000 /
0.75000 12.75000 -3.30000 /0.75000 12.75000 -2.75000 /0.75000 12.75000 -2.20000 /0.75000 12.75000 -1.65000 /
0.75000 12.75000 -1.10000 /0.75000 12.75000 -0.55000 /0.75000 12.75000 0.00000 /0.75000 12.75000 3.30000 /
0.75000 12.75000 6.60000 /0.75000 12.75000 9.90000 /0.75000 13.12500 -3.30000 /1.12500 1.75000 -3.30000 /
1.12500 2.25000 -3.30000 /1.12500 2.75000 -3.30000 /1.12500 3.25000 -3.30000 /1.12500 3.75000 -3.30000 /
1.12500 4.25000 -3.30000 /1.12500 4.75000 -3.30000 /1.12500 5.25000 -3.30000 /1.12500 5.75000 -3.30000 /
1.12500 7.75000 -3.30000 /1.12500 8.25000 -3.30000 /1.12500 8.75000 -3.30000 /1.12500 9.25000 -3.30000 /
1.12500 9.75000 -3.30000 /1.12500 10.25000 -3.30000 /1.12500 10.75000 -3.30000 /1.12500 11.25000 -3.30000 /
1.12500 11.75000 -3.30000 /1.25000 0.37500 -3.30000 /1.25000 0.75000 -3.30000 /1.25000 0.75000 -2.75000 /
1.25000 0.75000 -2.20000 /1.25000 0.75000 -1.65000 /1.25000 0.75000 -1.10000 /1.25000 0.75000 -0.55000 /
1.25000 0.75000 0.00000 /1.25000 0.75000 3.30000 /1.25000 0.75000 6.60000 /1.25000 0.75000 9.90000 /
1.25000 1.25000 -3.30000 /1.25000 1.25000 0.00000 /1.25000 1.25000 3.30000 /1.25000 1.25000 6.60000 /
1.25000 1.25000 9.90000 /1.25000 1.75000 0.00000 /1.25000 1.75000 3.30000 /1.25000 1.75000 6.60000 /
1.25000 1.75000 9.90000 /1.25000 2.25000 0.00000 /1.25000 2.25000 3.30000 /1.25000 2.25000 6.60000 /
1.25000 2.25000 9.90000 /1.25000 2.75000 0.00000 /1.25000 2.75000 3.30000 /1.25000 2.75000 6.60000 /
1.25000 2.75000 9.90000 /1.25000 3.25000 0.00000 /1.25000 3.25000 3.30000 /1.25000 3.25000 6.60000 /
1.25000 3.25000 9.90000 /1.25000 3.75000 0.00000 /1.25000 3.75000 3.30000 /1.25000 3.75000 6.60000 /
1.25000 3.75000 9.90000 /1.25000 4.25000 0.00000 /1.25000 4.25000 3.30000 /1.25000 4.25000 6.60000 /
1.25000 4.25000 9.90000 /1.25000 4.75000 0.00000 /1.25000 4.75000 3.30000 /1.25000 4.75000 6.60000 /
1.25000 4.75000 9.90000 /1.25000 5.25000 0.00000 /1.25000 5.25000 3.30000 /1.25000 5.25000 6.60000 /
1.25000 5.25000 9.90000 /1.25000 5.75000 0.00000 /1.25000 5.75000 3.30000 /1.25000 5.75000 6.60000 /
1.25000 5.75000 9.90000 /1.25000 6.25000 -3.30000 /1.25000 6.25000 0.00000 /1.25000 6.25000 3.30000 /
1.25000 6.25000 6.60000 /1.25000 6.25000 9.90000 /1.25000 6.75000 -3.30000 /1.25000 6.75000 0.00000 /
1.25000 6.75000 3.30000 /1.25000 6.75000 6.60000 /1.25000 6.75000 9.90000 /1.25000 7.25000 -3.30000 /
1.25000 7.25000 0.00000 /1.25000 7.25000 3.30000 /1.25000 7.25000 6.60000 /1.25000 7.25000 9.90000 /
1.25000 7.75000 0.00000 /1.25000 7.75000 3.30000 /1.25000 7.75000 6.60000 /1.25000 7.75000 9.90000 /
1.25000 8.25000 0.00000 /1.25000 8.25000 3.30000 /1.25000 8.25000 6.60000 /1.25000 8.25000 9.90000 /
1.25000 8.75000 0.00000 /1.25000 8.75000 3.30000 /1.25000 8.75000 6.60000 /1.25000 8.75000 9.90000 /
1.25000 9.25000 0.00000 /1.25000 9.25000 3.30000 /1.25000 9.25000 6.60000 /1.25000 9.25000 9.90000 /
1.25000 9.75000 0.00000 /1.25000 9.75000 3.30000 /1.25000 9.75000 6.60000 /1.25000 9.75000 9.90000 /
1.25000 10.25000 0.00000 /1.25000 10.25000 3.30000 /1.25000 10.25000 6.60000 /1.25000 10.25000 9.90000 /
1.25000 10.75000 0.00000 /1.25000 10.75000 3.30000 /1.25000 10.75000 6.60000 /1.25000 10.75000 9.90000 /
1.25000 11.25000 0.00000 /1.25000 11.25000 3.30000 /1.25000 11.25000 6.60000 /1.25000 11.25000 9.90000 /
1.25000 11.75000 0.00000 /1.25000 11.75000 3.30000 /1.25000 11.75000 6.60000 /1.25000 11.75000 9.90000 /
1.25000 12.25000 -3.30000 /1.25000 12.25000 0.00000 /1.25000 12.25000 3.30000 /1.25000 12.25000 6.60000 /
1.25000 12.25000 9.90000 /1.25000 12.75000 -3.30000 /1.25000 12.75000 -2.75000 /1.25000 12.75000 -2.20000 /
1.25000 12.75000 -1.65000 /1.25000 12.75000 -1.10000 /1.25000 12.75000 -0.55000 /1.25000 12.75000 0.00000 /
1.25000 12.75000 3.30000 /1.25000 12.75000 6.60000 /1.25000 12.75000 9.90000 /1.25000 13.12500 -3.30000 /
1.75000 0.37500 -3.30000 /1.75000 0.75000 -3.30000 /1.75000 0.75000 -2.75000 /1.75000 0.75000 -2.20000 /
1.75000 0.75000 -1.65000 /1.75000 0.75000 -1.10000 /1.75000 0.75000 -0.55000 /1.75000 0.75000 0.00000 /
1.75000 0.75000 3.30000 /1.75000 0.75000 6.60000 /1.75000 0.75000 9.90000 /1.75000 1.12500 -3.30000 /
1.75000 1.25000 0.00000 /1.75000 1.25000 3.30000 /1.75000 1.25000 6.60000 /1.75000 1.25000 9.90000 /
1.75000 1.75000 0.00000 /1.75000 1.75000 3.30000 /1.75000 1.75000 6.60000 /1.75000 1.75000 9.90000 /
1.75000 2.25000 0.00000 /1.75000 2.25000 3.30000 /1.75000 2.25000 6.60000 /1.75000 2.25000 9.90000 /
1.75000 2.75000 0.00000 /1.75000 2.75000 3.30000 /1.75000 2.75000 6.60000 /1.75000 2.75000 9.90000 /
1.75000 3.25000 0.00000 /1.75000 3.25000 3.30000 /1.75000 3.25000 6.60000 /1.75000 3.25000 9.90000 /
1.75000 3.75000 0.00000 /1.75000 3.75000 3.30000 /1.75000 3.75000 6.60000 /1.75000 3.75000 9.90000 /
1.75000 4.25000 0.00000 /1.75000 4.25000 3.30000 /1.75000 4.25000 6.60000 /1.75000 4.25000 9.90000 /
1.75000 4.75000 0.00000 /1.75000 4.75000 3.30000 /1.75000 4.75000 6.60000 /1.75000 4.75000 9.90000 /
1.75000 5.25000 0.00000 /1.75000 5.25000 3.30000 /1.75000 5.25000 6.60000 /1.75000 5.25000 9.90000 /
1.75000 5.75000 0.00000 /1.75000 5.75000 3.30000 /1.75000 5.75000 6.60000 /1.75000 5.75000 9.90000 /
1.75000 6.25000 0.00000 /1.75000 6.25000 3.30000 /1.75000 6.25000 6.60000 /1.75000 6.25000 9.90000 /
1.75000 6.37500 -3.30000 /1.75000 6.75000 -3.30000 /1.75000 6.75000 0.00000 /1.75000 6.75000 3.30000 /
1.75000 6.75000 6.60000 /1.75000 6.75000 9.90000 /1.75000 7.12500 -3.30000 /1.75000 7.25000 0.00000 /
1.75000 7.25000 3.30000 /1.75000 7.25000 6.60000 /1.75000 7.25000 9.90000 /1.75000 7.75000 0.00000 /
1.75000 7.75000 3.30000 /1.75000 7.75000 6.60000 /1.75000 7.75000 9.90000 /1.75000 8.25000 0.00000 /
1.75000 8.25000 3.30000 /1.75000 8.25000 6.60000 /1.75000 8.25000 9.90000 /1.75000 8.75000 0.00000 /
1.75000 8.75000 3.30000 /1.75000 8.75000 6.60000 /1.75000 8.75000 9.90000 /1.75000 9.25000 0.00000 /
1.75000 9.25000 3.30000 /1.75000 9.25000 6.60000 /1.75000 9.25000 9.90000 /1.75000 9.75000 0.00000 /
1.75000 9.75000 3.30000 /1.75000 9.75000 6.60000 /1.75000 9.75000 9.90000 /1.75000 10.25000 0.00000 /
1.75000 10.25000 3.30000 /1.75000 10.25000 6.60000 /1.75000 10.25000 9.90000 /1.75000 10.75000 0.00000 /
1.75000 10.75000 3.30000 /1.75000 10.75000 6.60000 /1.75000 10.75000 9.90000 /1.75000 11.25000 0.00000 /
1.75000 11.25000 3.30000 /1.75000 11.25000 6.60000 /1.75000 11.25000 9.90000 /1.75000 11.75000 0.00000 /
1.75000 11.75000 3.30000 /1.75000 11.75000 6.60000 /1.75000 11.75000 9.90000 /1.75000 12.25000 0.00000 /
1.75000 12.25000 3.30000 /1.75000 12.25000 6.60000 /1.75000 12.25000 9.90000 /1.75000 12.37500 -3.30000 /
1.75000 12.75000 -3.30000 /1.75000 12.75000 -2.75000 /1.75000 12.75000 -2.20000 /1.75000 12.75000 -1.65000 /
1.75000 12.75000 -1.10000 /1.75000 12.75000 -0.55000 /1.75000 12.75000 0.00000 /1.75000 12.75000 3.30000 /
1.75000 12.75000 6.60000 /1.75000 12.75000 9.90000 /1.75000 13.12500 -3.30000 /2.25000 0.37500 -3.30000 /
2.25000 0.75000 -3.30000 /2.25000 0.75000 -2.75000 /2.25000 0.75000 -2.20000 /2.25000 0.75000 -1.65000 /
2.25000 0.75000 -1.10000 /2.25000 0.75000 -0.55000 /2.25000 0.75000 0.00000 /2.25000 0.75000 3.30000 /
2.25000 0.75000 6.60000 /2.25000 0.75000 9.90000 /2.25000 1.12500 -3.30000 /2.25000 1.25000 0.00000 /
2.25000 1.25000 3.30000 /2.25000 1.25000 6.60000 /2.25000 1.25000 9.90000 /2.25000 1.75000 0.00000 /
2.25000 1.75000 3.30000 /2.25000 1.75000 6.60000 /2.25000 1.75000 9.90000 /2.25000 2.25000 0.00000 /
2.25000 2.25000 3.30000 /2.25000 2.25000 6.60000 /2.25000 2.25000 9.90000 /2.25000 2.75000 0.00000 /
2.25000 2.75000 3.30000 /2.25000 2.75000 6.60000 /2.25000 2.75000 9.90000 /2.25000 3.25000 0.00000 /
2.25000 3.25000 3.30000 /2.25000 3.25000 6.60000 /2.25000 3.25000 9.90000 /2.25000 3.75000 0.00000 /
2.25000 3.75000 3.30000 /2.25000 3.75000 6.60000 /2.25000 3.75000 9.90000 /2.25000 4.25000 0.00000 /
2.25000 4.25000 3.30000 /2.25000 4.25000 6.60000 /2.25000 4.25000 9.90000 /2.25000 4.75000 0.00000 /
2.25000 4.75000 3.30000 /2.25000 4.75000 6.60000 /2.25000 4.75000 9.90000 /2.25000 5.25000 0.00000 /
2.25000 5.25000 3.30000 /2.25000 5.25000 6.60000 /2.25000 5.25000 9.90000 /2.25000 5.75000 0.00000 /
2.25000 5.75000 3.30000 /2.25000 5.75000 6.60000 /2.25000 5.75000 9.90000 /2.25000 6.25000 0.00000 /
2.25000 6.25000 3.30000 /2.25000 6.25000 6.60000 /2.25000 6.25000 9.90000 /2.25000 6.37500 -3.30000 /
2.25000 6.75000 -3.30000 /2.25000 6.75000 0.00000 /2.25000 6.75000 3.30000 /2.25000 6.75000 6.60000 /
2.25000 6.75000 9.90000 /2.25000 7.12500 -3.30000 /2.25000 7.25000 0.00000 /2.25000 7.25000 3.30000 /
2.25000 7.25000 6.60000 /2.25000 7.25000 9.90000 /2.25000 7.75000 0.00000 /2.25000 7.75000 3.30000 /
2.25000 7.75000 6.60000 /2.25000 7.75000 9.90000 /2.25000 8.25000 0.00000 /2.25000 8.25000 3.30000 /
2.25000 8.25000 6.60000 /2.25000 8.25000 9.90000 /2.25000 8.75000 0.00000 /2.25000 8.75000 3.30000 /
2.25000 8.75000 6.60000 /2.25000 8.75000 9.90000 /2.25000 9.25000 0.00000 /2.25000 9.25000 3.30000 /
2.25000 9.25000 6.60000 /2.25000 9.25000 9.90000 /2.25000 9.75000 0.00000 /2.25000 9.75000 3.30000 /
2.25000 9.75000 6.60000 /2.25000 9.75000 9.90000 /2.25000 10.25000 0.00000 /2.25000 10.25000 3.30000 /
2.25000 10.25000 6.60000 /2.25000 10.25000 9.90000 /2.25000 10.75000 0.00000 /2.25000 10.75000 3.30000 /
2.25000 10.75000 6.60000 /2.25000 10.75000 9.90000 /2.25000 11.25000 0.00000 /2.25000 11.25000 3.30000 /
2.25000 11.25000 6.60000 /2.25000 11.25000 9.90000 /2.25000 11.75000 0.00000 /2.25000 11.75000 3.30000 /
2.25000 11.75000 6.60000 /2.25000 11.75000 9.90000 /2.25000 12.25000 0.00000 /2.25000 12.25000 3.30000 /
2.25000 12.25000 6.60000 /2.25000 12.25000 9.90000 /2.25000 12.37500 -3.30000 /2.25000 12.75000 -3.30000 /
2.25000 12.75000 -2.75000 /2.25000 12.75000 -2.20000 /2.25000 12.75000 -1.65000 /2.25000 12.75000 -1.10000 /
2.25000 12.75000 -0.55000 /2.25000 12.75000 0.00000 /2.25000 12.75000 3.30000 /2.25000 12.75000 6.60000 /
2.25000 12.75000 9.90000 /2.25000 13.12500 -3.30000 /2.75000 0.37500 -3.30000 /2.75000 0.75000 -3.30000 /
2.75000 0.75000 -2.75000 /2.75000 0.75000 -2.20000 /2.75000 0.75000 -1.65000 /2.75000 0.75000 -1.10000 /
2.75000 0.75000 -0.55000 /2.75000 0.75000 0.00000 /2.75000 0.75000 3.30000 /2.75000 0.75000 6.60000 /
2.75000 0.75000 9.90000 /2.75000 1.12500 -3.30000 /2.75000 1.25000 0.00000 /2.75000 1.25000 3.30000 /
2.75000 1.25000 6.60000 /2.75000 1.25000 9.90000 /2.75000 1.75000 0.00000 /2.75000 1.75000 3.30000 /
2.75000 1.75000 6.60000 /2.75000 1.75000 9.90000 /2.75000 2.25000 0.00000 /2.75000 2.25000 3.30000 /
2.75000 2.25000 6.60000 /2.75000 2.25000 9.90000 /2.75000 2.75000 0.00000 /2.75000 2.75000 3.30000 /
2.75000 2.75000 6.60000 /2.75000 2.75000 9.90000 /2.75000 3.25000 0.00000 /2.75000 3.25000 3.30000 /
2.75000 3.25000 6.60000 /2.75000 3.25000 9.90000 /2.75000 3.75000 0.00000 /2.75000 3.75000 3.30000 /
2.75000 3.75000 6.60000 /2.75000 3.75000 9.90000 /2.75000 4.25000 0.00000 /2.75000 4.25000 3.30000 /
2.75000 4.25000 6.60000 /2.75000 4.25000 9.90000 /2.75000 4.75000 0.00000 /2.75000 4.75000 3.30000 /
2.75000 4.75000 6.60000 /2.75000 4.75000 9.90000 /2.75000 5.25000 0.00000 /2.75000 5.25000 3.30000 /
2.75000 5.25000 6.60000 /2.75000 5.25000 9.90000 /2.75000 5.75000 0.00000 /2.75000 5.75000 3.30000 /
2.75000 5.75000 6.60000 /2.75000 5.75000 9.90000 /2.75000 6.25000 0.00000 /2.75000 6.25000 3.30000 /
2.75000 6.25000 6.60000 /2.75000 6.25000 9.90000 /2.75000 6.37500 -3.30000 /2.75000 6.75000 -3.30000 /
2.75000 6.75000 0.00000 /2.75000 6.75000 3.30000 /2.75000 6.75000 6.60000 /2.75000 6.75000 9.90000 /
2.75000 7.12500 -3.30000 /2.75000 7.25000 0.00000 /2.75000 7.25000 3.30000 /2.75000 7.25000 6.60000 /
2.75000 7.25000 9.90000 /2.75000 7.75000 0.00000 /2.75000 7.75000 3.30000 /2.75000 7.75000 6.60000 /
2.75000 7.75000 9.90000 /2.75000 8.25000 0.00000 /2.75000 8.25000 3.30000 /2.75000 8.25000 6.60000 /
2.75000 8.25000 9.90000 /2.75000 8.75000 0.00000 /2.75000 8.75000 3.30000 /2.75000 8.75000 6.60000 /
2.75000 8.75000 9.90000 /2.75000 9.25000 0.00000 /2.75000 9.25000 3.30000 /2.75000 9.25000 6.60000 /
2.75000 9.25000 9.90000 /2.75000 9.75000 0.00000 /2.75000 9.75000 3.30000 /2.75000 9.75000 6.60000 /
2.75000 9.75000 9.90000 /2.75000 10.25000 0.00000 /2.75000 10.25000 3.30000 /2.75000 10.25000 6.60000 /
2.75000 10.25000 9.90000 /2.75000 10.75000 0.00000 /2.75000 10.75000 3.30000 /2.75000 10.75000 6.60000 /
2.75000 10.75000 9.90000 /2.75000 11.25000 0.00000 /2.75000 11.25000 3.30000 /2.75000 11.25000 6.60000 /
2.75000 11.25000 9.90000 /2.75000 11.75000 0.00000 /2.75000 11.75000 3.30000 /2.75000 11.75000 6.60000 /
2.75000 11.75000 9.90000 /2.75000 12.25000 0.00000 /2.75000 12.25000 3.30000 /2.75000 12.25000 6.60000 /
2.75000 12.25000 9.90000 /2.75000 12.37500 -3.30000 /2.75000 12.75000 -3.30000 /2.75000 12.75000 -2.75000 /
2.75000 12.75000 -2.20000 /2.75000 12.75000 -1.65000 /2.75000 12.75000 -1.10000 /2.75000 12.75000 -0.55000 /
2.75000 12.75000 0.00000 /2.75000 12.75000 3.30000 /2.75000 12.75000 6.60000 /2.75000 12.75000 9.90000 /
2.75000 13.12500 -3.30000 /3.25000 0.37500 -3.30000 /3.25000 0.75000 -3.30000 /3.25000 0.75000 -2.75000 /
3.25000 0.75000 -2.20000 /3.25000 0.75000 -1.65000 /3.25000 0.75000 -1.10000 /3.25000 0.75000 -0.55000 /
3.25000 0.75000 0.00000 /3.25000 0.75000 3.30000 /3.25000 0.75000 6.60000 /3.25000 0.75000 9.90000 /
3.25000 1.12500 -3.30000 /3.25000 1.25000 0.00000 /3.25000 1.25000 3.30000 /3.25000 1.25000 6.60000 /
3.25000 1.25000 9.90000 /3.25000 1.75000 0.00000 /3.25000 1.75000 3.30000 /3.25000 1.75000 6.60000 /
3.25000 1.75000 9.90000 /3.25000 2.25000 0.00000 /3.25000 2.25000 3.30000 /3.25000 2.25000 6.60000 /
3.25000 2.25000 9.90000 /3.25000 2.75000 0.00000 /3.25000 2.75000 3.30000 /3.25000 2.75000 6.60000 /
3.25000 2.75000 9.90000 /3.25000 3.25000 0.00000 /3.25000 3.25000 3.30000 /3.25000 3.25000 6.60000 /
3.25000 3.25000 9.90000 /3.25000 3.75000 0.00000 /3.25000 3.75000 3.30000 /3.25000 3.75000 6.60000 /
3.25000 3.75000 9.90000 /3.25000 4.25000 0.00000 /3.25000 4.25000 3.30000 /3.25000 4.25000 6.60000 /
3.25000 4.25000 9.90000 /3.25000 4.75000 0.00000 /3.25000 4.75000 3.30000 /3.25000 4.75000 6.60000 /
3.25000 4.75000 9.90000 /3.25000 5.25000 0.00000 /3.25000 5.25000 3.30000 /3.25000 5.25000 6.60000 /
3.25000 5.25000 9.90000 /3.25000 5.75000 0.00000 /3.25000 5.75000 3.30000 /3.25000 5.75000 6.60000 /
3.25000 5.75000 9.90000 /3.25000 6.25000 0.00000 /3.25000 6.25000 3.30000 /3.25000 6.25000 6.60000 /
3.25000 6.25000 9.90000 /3.25000 6.37500 -3.30000 /3.25000 6.75000 -3.30000 /3.25000 6.75000 0.00000 /
3.25000 6.75000 3.30000 /3.25000 6.75000 6.60000 /3.25000 6.75000 9.90000 /3.25000 7.12500 -3.30000 /
3.25000 7.25000 0.00000 /3.25000 7.25000 3.30000 /3.25000 7.25000 6.60000 /3.25000 7.25000 9.90000 /
3.25000 7.75000 0.00000 /3.25000 7.75000 3.30000 /3.25000 7.75000 6.60000 /3.25000 7.75000 9.90000 /
3.25000 8.25000 0.00000 /3.25000 8.25000 3.30000 /3.25000 8.25000 6.60000 /3.25000 8.25000 9.90000 /
3.25000 8.75000 0.00000 /3.25000 8.75000 3.30000 /3.25000 8.75000 6.60000 /3.25000 8.75000 9.90000 /
3.25000 9.25000 0.00000 /3.25000 9.25000 3.30000 /3.25000 9.25000 6.60000 /3.25000 9.25000 9.90000 /
3.25000 9.75000 0.00000 /3.25000 9.75000 3.30000 /3.25000 9.75000 6.60000 /3.25000 9.75000 9.90000 /
3.25000 10.25000 0.00000 /3.25000 10.25000 3.30000 /3.25000 10.25000 6.60000 /3.25000 10.25000 9.90000 /
3.25000 10.75000 0.00000 /3.25000 10.75000 3.30000 /3.25000 10.75000 6.60000 /3.25000 10.75000 9.90000 /
3.25000 11.25000 0.00000 /3.25000 11.25000 3.30000 /3.25000 11.25000 6.60000 /3.25000 11.25000 9.90000 /
3.25000 11.75000 0.00000 /3.25000 11.75000 3.30000 /3.25000 11.75000 6.60000 /3.25000 11.75000 9.90000 /
3.25000 12.25000 0.00000 /3.25000 12.25000 3.30000 /3.25000 12.25000 6.60000 /3.25000 12.25000 9.90000 /
3.25000 12.37500 -3.30000 /3.25000 12.75000 -3.30000 /3.25000 12.75000 -2.75000 /3.25000 12.75000 -2.20000 /
3.25000 12.75000 -1.65000 /3.25000 12.75000 -1.10000 /3.25000 12.75000 -0.55000 /3.25000 12.75000 0.00000 /
3.25000 12.75000 3.30000 /3.25000 12.75000 6.60000 /3.25000 12.75000 9.90000 /3.25000 13.12500 -3.30000 /
3.75000 0.37500 -3.30000 /3.75000 0.75000 -3.30000 /3.75000 0.75000 -2.75000 /3.75000 0.75000 -2.20000 /
3.75000 0.75000 -1.65000 /3.75000 0.75000 -1.10000 /3.75000 0.75000 -0.55000 /3.75000 0.75000 0.00000 /
3.75000 0.75000 3.30000 /3.75000 0.75000 6.60000 /3.75000 0.75000 9.90000 /3.75000 1.12500 -3.30000 /
3.75000 1.25000 0.00000 /3.75000 1.25000 3.30000 /3.75000 1.25000 6.60000 /3.75000 1.25000 9.90000 /
3.75000 1.75000 0.00000 /3.75000 1.75000 3.30000 /3.75000 1.75000 6.60000 /3.75000 1.75000 9.90000 /
3.75000 2.25000 0.00000 /3.75000 2.25000 3.30000 /3.75000 2.25000 6.60000 /3.75000 2.25000 9.90000 /
3.75000 2.75000 0.00000 /3.75000 2.75000 3.30000 /3.75000 2.75000 6.60000 /3.75000 2.75000 9.90000 /
3.75000 3.25000 0.00000 /3.75000 3.25000 3.30000 /3.75000 3.25000 6.60000 /3.75000 3.25000 9.90000 /
3.75000 3.75000 0.00000 /3.75000 3.75000 3.30000 /3.75000 3.75000 6.60000 /3.75000 3.75000 9.90000 /
3.75000 4.25000 0.00000 /3.75000 4.25000 3.30000 /3.75000 4.25000 6.60000 /3.75000 4.25000 9.90000 /
3.75000 4.75000 0.00000 /3.75000 4.75000 3.30000 /3.75000 4.75000 6.60000 /3.75000 4.75000 9.90000 /
3.75000 5.25000 0.00000 /3.75000 5.25000 3.30000 /3.75000 5.25000 6.60000 /3.75000 5.25000 9.90000 /
3.75000 5.75000 0.00000 /3.75000 5.75000 3.30000 /3.75000 5.75000 6.60000 /3.75000 5.75000 9.90000 /
3.75000 6.25000 0.00000 /3.75000 6.25000 3.30000 /3.75000 6.25000 6.60000 /3.75000 6.25000 9.90000 /
3.75000 6.37500 -3.30000 /3.75000 6.75000 -3.30000 /3.75000 6.75000 0.00000 /3.75000 6.75000 3.30000 /
3.75000 6.75000 6.60000 /3.75000 6.75000 9.90000 /3.75000 7.12500 -3.30000 /3.75000 7.25000 0.00000 /
3.75000 7.25000 3.30000 /3.75000 7.25000 6.60000 /3.75000 7.25000 9.90000 /3.75000 7.75000 0.00000 /
3.75000 7.75000 3.30000 /3.75000 7.75000 6.60000 /3.75000 7.75000 9.90000 /3.75000 8.25000 0.00000 /
3.75000 8.25000 3.30000 /3.75000 8.25000 6.60000 /3.75000 8.25000 9.90000 /3.75000 8.75000 0.00000 /
3.75000 8.75000 3.30000 /3.75000 8.75000 6.60000 /3.75000 8.75000 9.90000 /3.75000 9.25000 0.00000 /
3.75000 9.25000 3.30000 /3.75000 9.25000 6.60000 /3.75000 9.25000 9.90000 /3.75000 9.75000 0.00000 /
3.75000 9.75000 3.30000 /3.75000 9.75000 6.60000 /3.75000 9.75000 9.90000 /3.75000 10.25000 0.00000 /
3.75000 10.25000 3.30000 /3.75000 10.25000 6.60000 /3.75000 10.25000 9.90000 /3.75000 10.75000 0.00000 /
3.75000 10.75000 3.30000 /3.75000 10.75000 6.60000 /3.75000 10.75000 9.90000 /3.75000 11.25000 0.00000 /
3.75000 11.25000 3.30000 /3.75000 11.25000 6.60000 /3.75000 11.25000 9.90000 /3.75000 11.75000 0.00000 /
3.75000 11.75000 3.30000 /3.75000 11.75000 6.60000 /3.75000 11.75000 9.90000 /3.75000 12.25000 0.00000 /
3.75000 12.25000 3.30000 /3.75000 12.25000 6.60000 /3.75000 12.25000 9.90000 /3.75000 12.37500 -3.30000 /
3.75000 12.75000 -3.30000 /3.75000 12.75000 -2.75000 /3.75000 12.75000 -2.20000 /3.75000 12.75000 -1.65000 /
3.75000 12.75000 -1.10000 /3.75000 12.75000 -0.55000 /3.75000 12.75000 0.00000 /3.75000 12.75000 3.30000 /
3.75000 12.75000 6.60000 /3.75000 12.75000 9.90000 /3.75000 13.12500 -3.30000 /4.25000 0.37500 -3.30000 /
4.25000 0.75000 -3.30000 /4.25000 0.75000 -2.75000 /4.25000 0.75000 -2.20000 /4.25000 0.75000 -1.65000 /
4.25000 0.75000 -1.10000 /4.25000 0.75000 -0.55000 /4.25000 0.75000 0.00000 /4.25000 0.75000 3.30000 /
4.25000 0.75000 6.60000 /4.25000 0.75000 9.90000 /4.25000 1.12500 -3.30000 /4.25000 1.25000 0.00000 /
4.25000 1.25000 3.30000 /4.25000 1.25000 6.60000 /4.25000 1.25000 9.90000 /4.25000 1.75000 0.00000 /
4.25000 1.75000 3.30000 /4.25000 1.75000 6.60000 /4.25000 1.75000 9.90000 /4.25000 2.25000 0.00000 /
4.25000 2.25000 3.30000 /4.25000 2.25000 6.60000 /4.25000 2.25000 9.90000 /4.25000 2.75000 0.00000 /
4.25000 2.75000 3.30000 /4.25000 2.75000 6.60000 /4.25000 2.75000 9.90000 /4.25000 3.25000 0.00000 /
4.25000 3.25000 3.30000 /4.25000 3.25000 6.60000 /4.25000 3.25000 9.90000 /4.25000 3.75000 0.00000 /
4.25000 3.75000 3.30000 /4.25000 3.75000 6.60000 /4.25000 3.75000 9.90000 /4.25000 4.25000 0.00000 /
4.25000 4.25000 3.30000 /4.25000 4.25000 6.60000 /4.25000 4.25000 9.90000 /4.25000 4.75000 0.00000 /
4.25000 4.75000 3.30000 /4.25000 4.75000 6.60000 /4.25000 4.75000 9.90000 /4.25000 5.25000 0.00000 /
4.25000 5.25000 3.30000 /4.25000 5.25000 6.60000 /4.25000 5.25000 9.90000 /4.25000 5.75000 0.00000 /
4.25000 5.75000 3.30000 /4.25000 5.75000 6.60000 /4.25000 5.75000 9.90000 /4.25000 6.25000 0.00000 /
4.25000 6.25000 3.30000 /4.25000 6.25000 6.60000 /4.25000 6.25000 9.90000 /4.25000 6.37500 -3.30000 /
4.25000 6.75000 -3.30000 /4.25000 6.75000 0.00000 /4.25000 6.75000 3.30000 /4.25000 6.75000 6.60000 /
4.25000 6.75000 9.90000 /4.25000 7.12500 -3.30000 /4.25000 7.25000 0.00000 /4.25000 7.25000 3.30000 /
4.25000 7.25000 6.60000 /4.25000 7.25000 9.90000 /4.25000 7.75000 0.00000 /4.25000 7.75000 3.30000 /
4.25000 7.75000 6.60000 /4.25000 7.75000 9.90000 /4.25000 8.25000 0.00000 /4.25000 8.25000 3.30000 /
4.25000 8.25000 6.60000 /4.25000 8.25000 9.90000 /4.25000 8.75000 0.00000 /4.25000 8.75000 3.30000 /
4.25000 8.75000 6.60000 /4.25000 8.75000 9.90000 /4.25000 9.25000 0.00000 /4.25000 9.25000 3.30000 /
4.25000 9.25000 6.60000 /4.25000 9.25000 9.90000 /4.25000 9.75000 0.00000 /4.25000 9.75000 3.30000 /
4.25000 9.75000 6.60000 /4.25000 9.75000 9.90000 /4.25000 10.25000 0.00000 /4.25000 10.25000 3.30000 /
4.25000 10.25000 6.60000 /4.25000 10.25000 9.90000 /4.25000 10.75000 0.00000 /4.25000 10.75000 3.30000 /
4.25000 10.75000 6.60000 /4.25000 10.75000 9.90000 /4.25000 11.25000 0.00000 /4.25000 11.25000 3.30000 /
4.25000 11.25000 6.60000 /4.25000 11.25000 9.90000 /4.25000 11.75000 0.00000 /4.25000 11.75000 3.30000 /
4.25000 11.75000 6.60000 /4.25000 11.75000 9.90000 /4.25000 12.25000 0.00000 /4.25000 12.25000 3.30000 /
4.25000 12.25000 6.60000 /4.25000 12.25000 9.90000 /4.25000 12.37500 -3.30000 /4.25000 12.75000 -3.30000 /
4.25000 12.75000 -2.75000 /4.25000 12.75000 -2.20000 /4.25000 12.75000 -1.65000 /4.25000 12.75000 -1.10000 /
4.25000 12.75000 -0.55000 /4.25000 12.75000 0.00000 /4.25000 12.75000 3.30000 /4.25000 12.75000 6.60000 /
4.25000 12.75000 9.90000 /4.25000 13.12500 -3.30000 /4.75000 0.37500 -3.30000 /4.75000 0.75000 -3.30000 /
4.75000 0.75000 -2.75000 /4.75000 0.75000 -2.20000 /4.75000 0.75000 -1.65000 /4.75000 0.75000 -1.10000 /
4.75000 0.75000 -0.55000 /4.75000 0.75000 0.00000 /4.75000 0.75000 3.30000 /4.75000 0.75000 6.60000 /
4.75000 0.75000 9.90000 /4.75000 1.12500 -3.30000 /4.75000 1.25000 0.00000 /4.75000 1.25000 3.30000 /
4.75000 1.25000 6.60000 /4.75000 1.25000 9.90000 /4.75000 1.75000 0.00000 /4.75000 1.75000 3.30000 /
4.75000 1.75000 6.60000 /4.75000 1.75000 9.90000 /4.75000 2.25000 0.00000 /4.75000 2.25000 3.30000 /
4.75000 2.25000 6.60000 /4.75000 2.25000 9.90000 /4.75000 2.75000 0.00000 /4.75000 2.75000 3.30000 /
4.75000 2.75000 6.60000 /4.75000 2.75000 9.90000 /4.75000 3.25000 0.00000 /4.75000 3.25000 3.30000 /
4.75000 3.25000 6.60000 /4.75000 3.25000 9.90000 /4.75000 3.75000 0.00000 /4.75000 3.75000 3.30000 /
4.75000 3.75000 6.60000 /4.75000 3.75000 9.90000 /4.75000 4.25000 0.00000 /4.75000 4.25000 3.30000 /
4.75000 4.25000 6.60000 /4.75000 4.25000 9.90000 /4.75000 4.75000 0.00000 /4.75000 4.75000 3.30000 /
4.75000 4.75000 6.60000 /4.75000 4.75000 9.90000 /4.75000 5.25000 0.00000 /4.75000 5.25000 3.30000 /
4.75000 5.25000 6.60000 /4.75000 5.25000 9.90000 /4.75000 5.75000 0.00000 /4.75000 5.75000 3.30000 /
4.75000 5.75000 6.60000 /4.75000 5.75000 9.90000 /4.75000 6.25000 0.00000 /4.75000 6.25000 3.30000 /
4.75000 6.25000 6.60000 /4.75000 6.25000 9.90000 /4.75000 6.37500 -3.30000 /4.75000 6.75000 -3.30000 /
4.75000 6.75000 0.00000 /4.75000 6.75000 3.30000 /4.75000 6.75000 6.60000 /4.75000 6.75000 9.90000 /
4.75000 7.12500 -3.30000 /4.75000 7.25000 0.00000 /4.75000 7.25000 3.30000 /4.75000 7.25000 6.60000 /
4.75000 7.25000 9.90000 /4.75000 7.75000 0.00000 /4.75000 7.75000 3.30000 /4.75000 7.75000 6.60000 /
4.75000 7.75000 9.90000 /4.75000 8.25000 0.00000 /4.75000 8.25000 3.30000 /4.75000 8.25000 6.60000 /
4.75000 8.25000 9.90000 /4.75000 8.75000 0.00000 /4.75000 8.75000 3.30000 /4.75000 8.75000 6.60000 /
4.75000 8.75000 9.90000 /4.75000 9.25000 0.00000 /4.75000 9.25000 3.30000 /4.75000 9.25000 6.60000 /
4.75000 9.25000 9.90000 /4.75000 9.75000 0.00000 /4.75000 9.75000 3.30000 /4.75000 9.75000 6.60000 /
4.75000 9.75000 9.90000 /4.75000 10.25000 0.00000 /4.75000 10.25000 3.30000 /4.75000 10.25000 6.60000 /
4.75000 10.25000 9.90000 /4.75000 10.75000 0.00000 /4.75000 10.75000 3.30000 /4.75000 10.75000 6.60000 /
4.75000 10.75000 9.90000 /4.75000 11.25000 0.00000 /4.75000 11.25000 3.30000 /4.75000 11.25000 6.60000 /
4.75000 11.25000 9.90000 /4.75000 11.75000 0.00000 /4.75000 11.75000 3.30000 /4.75000 11.75000 6.60000 /
4.75000 11.75000 9.90000 /4.75000 12.25000 0.00000 /4.75000 12.25000 3.30000 /4.75000 12.25000 6.60000 /
4.75000 12.25000 9.90000 /4.75000 12.37500 -3.30000 /4.75000 12.75000 -3.30000 /4.75000 12.75000 -2.75000 /
4.75000 12.75000 -2.20000 /4.75000 12.75000 -1.65000 /4.75000 12.75000 -1.10000 /4.75000 12.75000 -0.55000 /
4.75000 12.75000 0.00000 /4.75000 12.75000 3.30000 /4.75000 12.75000 6.60000 /4.75000 12.75000 9.90000 /
4.75000 13.12500 -3.30000 /5.25000 0.37500 -3.30000 /5.25000 0.75000 -3.30000 /5.25000 0.75000 -2.75000 /
5.25000 0.75000 -2.20000 /5.25000 0.75000 -1.65000 /5.25000 0.75000 -1.10000 /5.25000 0.75000 -0.55000 /
5.25000 0.75000 0.00000 /5.25000 0.75000 3.30000 /5.25000 0.75000 6.60000 /5.25000 0.75000 9.90000 /
5.25000 1.25000 -3.30000 /5.25000 1.25000 0.00000 /5.25000 1.25000 3.30000 /5.25000 1.25000 6.60000 /
5.25000 1.25000 9.90000 /5.25000 1.75000 0.00000 /5.25000 1.75000 3.30000 /5.25000 1.75000 6.60000 /
5.25000 1.75000 9.90000 /5.25000 2.25000 0.00000 /5.25000 2.25000 3.30000 /5.25000 2.25000 6.60000 /
5.25000 2.25000 9.90000 /5.25000 2.75000 0.00000 /5.25000 2.75000 3.30000 /5.25000 2.75000 6.60000 /
5.25000 2.75000 9.90000 /5.25000 3.25000 0.00000 /5.25000 3.25000 3.30000 /5.25000 3.25000 6.60000 /
5.25000 3.25000 9.90000 /5.25000 3.75000 0.00000 /5.25000 3.75000 3.30000 /5.25000 3.75000 6.60000 /
5.25000 3.75000 9.90000 /5.25000 4.25000 0.00000 /5.25000 4.25000 3.30000 /5.25000 4.25000 6.60000 /
5.25000 4.25000 9.90000 /5.25000 4.75000 0.00000 /5.25000 4.75000 3.30000 /5.25000 4.75000 6.60000 /
5.25000 4.75000 9.90000 /5.25000 5.25000 0.00000 /5.25000 5.25000 3.30000 /5.25000 5.25000 6.60000 /
5.25000 5.25000 9.90000 /5.25000 5.75000 0.00000 /5.25000 5.75000 3.30000 /5.25000 5.75000 6.60000 /
5.25000 5.75000 9.90000 /5.25000 6.25000 -3.30000 /5.25000 6.25000 0.00000 /5.25000 6.25000 3.30000 /
5.25000 6.25000 6.60000 /5.25000 6.25000 9.90000 /5.25000 6.75000 -3.30000 /5.25000 6.75000 0.00000 /
5.25000 6.75000 3.30000 /5.25000 6.75000 6.60000 /5.25000 6.75000 9.90000 /5.25000 7.25000 -3.30000 /
5.25000 7.25000 0.00000 /5.25000 7.25000 3.30000 /5.25000 7.25000 6.60000 /5.25000 7.25000 9.90000 /
5.25000 7.75000 0.00000 /5.25000 7.75000 3.30000 /5.25000 7.75000 6.60000 /5.25000 7.75000 9.90000 /
5.25000 8.25000 0.00000 /5.25000 8.25000 3.30000 /5.25000 8.25000 6.60000 /5.25000 8.25000 9.90000 /
5.25000 8.75000 0.00000 /5.25000 8.75000 3.30000 /5.25000 8.75000 6.60000 /5.25000 8.75000 9.90000 /
5.25000 9.25000 0.00000 /5.25000 9.25000 3.30000 /5.25000 9.25000 6.60000 /5.25000 9.25000 9.90000 /
5.25000 9.75000 0.00000 /5.25000 9.75000 3.30000 /5.25000 9.75000 6.60000 /5.25000 9.75000 9.90000 /
5.25000 10.25000 0.00000 /5.25000 10.25000 3.30000 /5.25000 10.25000 6.60000 /5.25000 10.25000 9.90000 /
5.25000 10.75000 0.00000 /5.25000 10.75000 3.30000 /5.25000 10.75000 6.60000 /5.25000 10.75000 9.90000 /
5.25000 11.25000 0.00000 /5.25000 11.25000 3.30000 /5.25000 11.25000 6.60000 /5.25000 11.25000 9.90000 /
5.25000 11.75000 0.00000 /5.25000 11.75000 3.30000 /5.25000 11.75000 6.60000 /5.25000 11.75000 9.90000 /
5.25000 12.25000 -3.30000 /5.25000 12.25000 0.00000 /5.25000 12.25000 3.30000 /5.25000 12.25000 6.60000 /
5.25000 12.25000 9.90000 /5.25000 12.75000 -3.30000 /5.25000 12.75000 -0.55000 /5.25000 12.75000 0.00000 /
5.25000 12.75000 3.30000 /5.25000 12.75000 6.60000 /5.25000 12.75000 9.90000 /5.25000 13.12500 -3.30000 /
5.37500 1.75000 -3.30000 /5.37500 2.25000 -3.30000 /5.37500 2.75000 -3.30000 /5.37500 3.25000 -3.30000 /
5.37500 3.75000 -3.30000 /5.37500 4.25000 -3.30000 /5.37500 4.75000 -3.30000 /5.37500 5.25000 -3.30000 /
5.37500 5.75000 -3.30000 /5.37500 7.75000 -3.30000 /5.37500 8.25000 -3.30000 /5.37500 8.75000 -3.30000 /
5.37500 9.25000 -3.30000 /5.37500 9.75000 -3.30000 /5.37500 10.25000 -3.30000 /5.37500 10.75000 -3.30000 /
5.37500 11.25000 -3.30000 /5.37500 11.75000 -3.30000 /5.75000 0.37500 -3.30000 /5.75000 0.75000 -3.30000 /
5.75000 0.75000 -2.75000 /5.75000 0.75000 -2.20000 /5.75000 0.75000 -1.65000 /5.75000 0.75000 -1.10000 /
5.75000 0.75000 -0.55000 /5.75000 0.75000 0.00000 /5.75000 0.75000 3.30000 /5.75000 0.75000 6.60000 /
5.75000 0.75000 9.90000 /5.75000 1.25000 -3.30000 /5.75000 1.25000 0.00000 /5.75000 1.25000 3.30000 /
5.75000 1.25000 6.60000 /5.75000 1.25000 9.90000 /5.75000 1.75000 -3.30000 /5.75000 1.75000 0.00000 /
5.75000 1.75000 3.30000 /5.75000 1.75000 6.60000 /5.75000 1.75000 9.90000 /5.75000 2.25000 -3.30000 /
5.75000 2.25000 0.00000 /5.75000 2.25000 3.30000 /5.75000 2.25000 6.60000 /5.75000 2.25000 9.90000 /
5.75000 2.75000 -3.30000 /5.75000 2.75000 0.00000 /5.75000 2.75000 3.30000 /5.75000 2.75000 6.60000 /
5.75000 2.75000 9.90000 /5.75000 3.25000 -3.30000 /5.75000 3.25000 0.00000 /5.75000 3.25000 3.30000 /
5.75000 3.25000 6.60000 /5.75000 3.25000 9.90000 /5.75000 3.75000 -3.30000 /5.75000 3.75000 0.00000 /
5.75000 3.75000 3.30000 /5.75000 3.75000 6.60000 /5.75000 3.75000 9.90000 /5.75000 4.25000 -3.30000 /
5.75000 4.25000 0.00000 /5.75000 4.25000 3.30000 /5.75000 4.25000 6.60000 /5.75000 4.25000 9.90000 /
5.75000 4.75000 -3.30000 /5.75000 4.75000 0.00000 /5.75000 4.75000 3.30000 /5.75000 4.75000 6.60000 /
5.75000 4.75000 9.90000 /5.75000 5.25000 -3.30000 /5.75000 5.25000 0.00000 /5.75000 5.25000 3.30000 /
5.75000 5.25000 6.60000 /5.75000 5.25000 9.90000 /5.75000 5.75000 -3.30000 /5.75000 5.75000 0.00000 /
5.75000 5.75000 3.30000 /5.75000 5.75000 6.60000 /5.75000 5.75000 9.90000 /5.75000 6.25000 -3.30000 /
5.75000 6.25000 0.00000 /5.75000 6.25000 3.30000 /5.75000 6.25000 6.60000 /5.75000 6.25000 9.90000 /
5.75000 6.75000 -3.30000 /5.75000 6.75000 0.00000 /5.75000 6.75000 3.30000 /5.75000 6.75000 6.60000 /
5.75000 6.75000 9.90000 /5.75000 7.25000 -3.30000 /5.75000 7.25000 0.00000 /5.75000 7.25000 3.30000 /
5.75000 7.25000 6.60000 /5.75000 7.25000 9.90000 /5.75000 7.75000 -3.30000 /5.75000 7.75000 0.00000 /
5.75000 7.75000 3.30000 /5.75000 7.75000 6.60000 /5.75000 7.75000 9.90000 /5.75000 8.25000 -3.30000 /
5.75000 8.25000 0.00000 /5.75000 8.25000 3.30000 /5.75000 8.25000 6.60000 /5.75000 8.25000 9.90000 /
5.75000 8.75000 -3.30000 /5.75000 8.75000 0.00000 /5.75000 8.75000 3.30000 /5.75000 8.75000 6.60000 /
5.75000 8.75000 9.90000 /5.75000 9.25000 -3.30000 /5.75000 9.25000 0.00000 /5.75000 9.25000 3.30000 /
5.75000 9.25000 6.60000 /5.75000 9.25000 9.90000 /5.75000 9.75000 -3.30000 /5.75000 9.75000 0.00000 /
5.75000 9.75000 3.30000 /5.75000 9.75000 6.60000 /5.75000 9.75000 9.90000 /5.75000 10.25000 -3.30000 /
5.75000 10.25000 0.00000 /5.75000 10.25000 3.30000 /5.75000 10.25000 6.60000 /5.75000 10.25000 9.90000 /
5.75000 10.75000 -3.30000 /5.75000 10.75000 0.00000 /5.75000 10.75000 3.30000 /5.75000 10.75000 6.60000 /
5.75000 10.75000 9.90000 /5.75000 11.25000 -3.30000 /5.75000 11.25000 0.00000 /5.75000 11.25000 3.30000 /
5.75000 11.25000 6.60000 /5.75000 11.25000 9.90000 /5.75000 11.75000 -3.30000 /5.75000 11.75000 0.00000 /
5.75000 11.75000 3.30000 /5.75000 11.75000 6.60000 /5.75000 11.75000 9.90000 /5.75000 12.25000 -3.30000 /
5.75000 12.25000 0.00000 /5.75000 12.25000 3.30000 /5.75000 12.25000 6.60000 /5.75000 12.25000 9.90000 /
5.75000 12.75000 -3.30000 /5.75000 12.75000 -2.75000 /5.75000 12.75000 -2.20000 /5.75000 12.75000 -1.65000 /
5.75000 12.75000 -1.10000 /5.75000 12.75000 -0.55000 /5.75000 12.75000 0.00000 /5.75000 12.75000 3.30000 /
5.75000 12.75000 6.60000 /5.75000 12.75000 9.90000 /5.75000 13.12500 -3.30000 /6.12500 1.75000 -3.30000 /
6.12500 2.25000 -3.30000 /6.12500 2.75000 -3.30000 /6.12500 3.25000 -3.30000 /6.12500 3.75000 -3.30000 /
6.12500 4.25000 -3.30000 /6.12500 4.75000 -3.30000 /6.12500 5.25000 -3.30000 /6.12500 5.75000 -3.30000 /
6.12500 7.75000 -3.30000 /6.12500 8.25000 -3.30000 /6.12500 8.75000 -3.30000 /6.12500 9.25000 -3.30000 /
6.12500 9.75000 -3.30000 /6.12500 10.25000 -3.30000 /6.12500 10.75000 -3.30000 /6.12500 11.25000 -3.30000 /
6.12500 11.75000 -3.30000 /6.25000 0.37500 -3.30000 /6.25000 0.75000 -3.30000 /6.25000 0.75000 -2.75000 /
6.25000 0.75000 -2.20000 /6.25000 0.75000 -1.65000 /6.25000 0.75000 -1.10000 /6.25000 0.75000 -0.55000 /
6.25000 0.75000 9.90000 /6.25000 1.25000 -3.30000 /6.25000 1.25000 9.90000 /6.25000 1.75000 9.90000 /
6.25000 2.25000 9.90000 /6.25000 2.75000 9.90000 /6.25000 3.25000 9.90000 /6.25000 3.75000 9.90000 /
6.25000 4.25000 9.90000 /6.25000 4.75000 9.90000 /6.25000 5.25000 9.90000 /6.25000 5.75000 0.00000 /
6.25000 5.75000 3.30000 /6.25000 5.75000 6.60000 /6.25000 5.75000 9.90000 /6.25000 6.25000 -3.30000 /
6.25000 6.25000 0.00000 /6.25000 6.25000 3.30000 /6.25000 6.25000 6.60000 /6.25000 6.25000 9.90000 /
6.25000 6.75000 -3.30000 /6.25000 6.75000 0.00000 /6.25000 6.75000 3.30000 /6.25000 6.75000 6.60000 /
6.25000 6.75000 9.90000 /6.25000 7.25000 -3.30000 /6.25000 7.25000 0.00000 /6.25000 7.25000 3.30000 /
6.25000 7.25000 6.60000 /6.25000 7.25000 9.90000 /6.25000 7.75000 0.00000 /6.25000 7.75000 3.30000 /
6.25000 7.75000 6.60000 /6.25000 7.75000 9.90000 /6.25000 8.25000 0.00000 /6.25000 8.25000 3.30000 /
6.25000 8.25000 6.60000 /6.25000 8.25000 9.90000 /6.25000 8.75000 0.00000 /6.25000 8.75000 3.30000 /
6.25000 8.75000 6.60000 /6.25000 8.75000 9.90000 /6.25000 9.25000 0.00000 /6.25000 9.25000 3.30000 /
6.25000 9.25000 6.60000 /6.25000 9.25000 9.90000 /6.25000 9.75000 0.00000 /6.25000 9.75000 3.30000 /
6.25000 9.75000 6.60000 /6.25000 9.75000 9.90000 /6.25000 10.25000 0.00000 /6.25000 10.25000 3.30000 /
6.25000 10.25000 6.60000 /6.25000 10.25000 9.90000 /6.25000 10.75000 0.00000 /6.25000 10.75000 3.30000 /
6.25000 10.75000 6.60000 /6.25000 10.75000 9.90000 /6.25000 11.25000 0.00000 /6.25000 11.25000 3.30000 /
6.25000 11.25000 6.60000 /6.25000 11.25000 9.90000 /6.25000 11.75000 0.00000 /6.25000 11.75000 3.30000 /
6.25000 11.75000 6.60000 /6.25000 11.75000 9.90000 /6.25000 12.25000 -3.30000 /6.25000 12.25000 0.00000 /
6.25000 12.25000 3.30000 /6.25000 12.25000 6.60000 /6.25000 12.25000 9.90000 /6.25000 12.75000 -3.30000 /
6.25000 12.75000 -2.75000 /6.25000 12.75000 -2.20000 /6.25000 12.75000 -1.65000 /6.25000 12.75000 -1.10000 /
6.25000 12.75000 -0.55000 /6.25000 12.75000 0.00000 /6.25000 12.75000 3.30000 /6.25000 12.75000 6.60000 /
6.25000 12.75000 9.90000 /6.25000 13.12500 -3.30000 /6.32500 0.75000 0.00000 /6.32500 0.75000 3.30000 /
6.32500 0.75000 6.60000 /6.32500 1.25000 0.00000 /6.32500 1.25000 3.30000 /6.32500 1.25000 6.60000 /
6.32500 1.75000 0.00000 /6.32500 1.75000 3.30000 /6.32500 1.75000 6.60000 /6.32500 2.25000 0.00000 /
6.32500 2.25000 3.30000 /6.32500 2.25000 6.60000 /6.32500 2.75000 0.00000 /6.32500 2.75000 3.30000 /
6.32500 2.75000 6.60000 /6.32500 3.25000 0.00000 /6.32500 3.25000 3.30000 /6.32500 3.25000 6.60000 /
6.32500 3.75000 0.00000 /6.32500 3.75000 3.30000 /6.32500 3.75000 6.60000 /6.32500 4.25000 0.00000 /
6.32500 4.25000 3.30000 /6.32500 4.25000 6.60000 /6.32500 4.75000 0.00000 /6.32500 4.75000 3.30000 /
6.32500 4.75000 6.60000 /6.32500 5.25000 0.00000 /6.32500 5.25000 3.30000 /6.32500 5.25000 6.60000 /
6.75000 0.37500 -3.30000 /6.75000 0.75000 -3.30000 /6.75000 0.75000 -2.75000 /6.75000 0.75000 -2.20000 /
6.75000 0.75000 9.90000 /6.75000 1.12500 -3.30000 /6.75000 1.25000 9.90000 /6.75000 1.75000 9.90000 /
6.75000 2.25000 9.90000 /6.75000 2.75000 9.90000 /6.75000 3.25000 9.90000 /6.75000 3.75000 9.90000 /
6.75000 4.25000 9.90000 /6.75000 4.75000 9.90000 /6.75000 5.25000 9.90000 /6.75000 5.75000 0.00000 /
6.75000 5.75000 3.30000 /6.75000 5.75000 6.60000 /6.75000 5.75000 9.90000 /6.75000 6.25000 0.00000 /
6.75000 6.25000 3.30000 /6.75000 6.25000 6.60000 /6.75000 6.25000 9.90000 /6.75000 6.37500 -3.30000 /
6.75000 6.75000 -3.30000 /6.75000 6.75000 0.00000 /6.75000 6.75000 3.30000 /6.75000 6.75000 6.60000 /
6.75000 6.75000 9.90000 /6.75000 7.12500 -3.30000 /6.75000 7.25000 0.00000 /6.75000 7.25000 3.30000 /
6.75000 7.25000 6.60000 /6.75000 7.25000 9.90000 /6.75000 7.75000 0.00000 /6.75000 7.75000 3.30000 /
6.75000 7.75000 6.60000 /6.75000 7.75000 9.90000 /6.75000 8.25000 0.00000 /6.75000 8.25000 3.30000 /
6.75000 8.25000 6.60000 /6.75000 8.25000 9.90000 /6.75000 8.75000 0.00000 /6.75000 8.75000 3.30000 /
6.75000 8.75000 6.60000 /6.75000 8.75000 9.90000 /6.75000 9.25000 0.00000 /6.75000 9.25000 3.30000 /
6.75000 9.25000 6.60000 /6.75000 9.25000 9.90000 /6.75000 9.75000 0.00000 /6.75000 9.75000 3.30000 /
6.75000 9.75000 6.60000 /6.75000 9.75000 9.90000 /6.75000 10.25000 0.00000 /6.75000 10.25000 3.30000 /
6.75000 10.25000 6.60000 /6.75000 10.25000 9.90000 /6.75000 10.75000 0.00000 /6.75000 10.75000 3.30000 /
6.75000 10.75000 6.60000 /6.75000 10.75000 9.90000 /6.75000 11.25000 0.00000 /6.75000 11.25000 3.30000 /
6.75000 11.25000 6.60000 /6.75000 11.25000 9.90000 /6.75000 11.75000 0.00000 /6.75000 11.75000 3.30000 /
6.75000 11.75000 6.60000 /6.75000 11.75000 9.90000 /6.75000 12.25000 0.00000 /6.75000 12.25000 3.30000 /
6.75000 12.25000 6.60000 /6.75000 12.25000 9.90000 /6.75000 12.37500 -3.30000 /6.75000 12.75000 -3.30000 /
6.75000 12.75000 -2.75000 /6.75000 12.75000 -2.20000 /6.75000 12.75000 -1.65000 /6.75000 12.75000 -1.10000 /
6.75000 12.75000 -0.55000 /6.75000 12.75000 0.00000 /6.75000 12.75000 3.30000 /6.75000 12.75000 6.60000 /
6.75000 12.75000 9.90000 /6.75000 13.12500 -3.30000 /6.90000 0.75000 -1.65000 /6.90000 0.75000 -1.10000 /
6.90000 0.75000 -0.55000 /6.90000 0.75000 0.00000 /6.90000 0.75000 1.65000 /6.90000 0.75000 3.30000 /
6.90000 0.75000 4.95000 /6.90000 0.75000 6.60000 /6.90000 1.25000 -1.65000 /6.90000 1.25000 0.00000 /
6.90000 1.25000 1.65000 /6.90000 1.25000 3.30000 /6.90000 1.25000 4.95000 /6.90000 1.25000 6.60000 /
6.90000 1.75000 -1.65000 /6.90000 1.75000 0.00000 /6.90000 1.75000 1.65000 /6.90000 1.75000 3.30000 /
6.90000 1.75000 4.95000 /6.90000 1.75000 6.60000 /6.90000 2.25000 -1.65000 /6.90000 2.25000 0.00000 /
6.90000 2.25000 1.65000 /6.90000 2.25000 3.30000 /6.90000 2.25000 4.95000 /6.90000 2.25000 6.60000 /
6.90000 2.67857 -1.88571 /6.90000 2.67857 1.41429 /6.90000 2.67857 4.71429 /6.90000 2.75000 0.00000 /
6.90000 2.75000 3.30000 /6.90000 2.75000 6.60000 /6.90000 3.10714 -2.12143 /6.90000 3.10714 1.17857 /
6.90000 3.10714 4.47857 /6.90000 3.25000 0.00000 /6.90000 3.25000 3.30000 /6.90000 3.25000 6.60000 /
6.90000 3.53571 -2.35714 /6.90000 3.53571 0.94286 /6.90000 3.53571 4.24286 /6.90000 3.75000 0.00000 /
6.90000 3.75000 3.30000 /6.90000 3.75000 6.60000 /6.90000 3.96429 -2.59286 /6.90000 3.96429 0.70714 /
6.90000 3.96429 4.00714 /6.90000 4.25000 0.00000 /6.90000 4.25000 3.30000 /6.90000 4.25000 6.60000 /
6.90000 4.39286 -2.82857 /6.90000 4.39286 0.47143 /6.90000 4.39286 3.77143 /6.90000 4.75000 0.00000 /
6.90000 4.75000 3.30000 /6.90000 4.75000 6.60000 /6.90000 4.82143 -3.06429 /6.90000 4.82143 0.23571 /
6.90000 4.82143 3.53571 /6.90000 5.25000 -3.30000 /6.90000 5.25000 0.00000 /6.90000 5.25000 3.30000 /
6.90000 5.25000 6.60000 /7.25000 0.37500 -3.30000 /7.25000 0.75000 -3.30000 /7.25000 0.75000 -2.75000 /
7.25000 0.75000 -2.20000 /7.25000 0.75000 -1.65000 /7.25000 0.75000 -1.10000 /7.25000 0.75000 -0.55000 /
7.25000 0.75000 0.00000 /7.25000 0.75000 3.30000 /7.25000 0.75000 6.60000 /7.25000 0.75000 9.90000 /
7.25000 1.12500 -3.30000 /7.25000 1.25000 9.90000 /7.25000 1.75000 9.90000 /7.25000 2.25000 9.90000 /
7.25000 2.75000 9.90000 /7.25000 3.25000 9.90000 /7.25000 3.75000 9.90000 /7.25000 4.25000 9.90000 /
7.25000 4.75000 9.90000 /7.25000 5.25000 0.00000 /7.25000 5.25000 3.30000 /7.25000 5.25000 6.60000 /
7.25000 5.25000 9.90000 /7.25000 5.75000 0.00000 /7.25000 5.75000 3.30000 /7.25000 5.75000 6.60000 /
7.25000 5.75000 9.90000 /7.25000 6.25000 0.00000 /7.25000 6.25000 3.30000 /7.25000 6.25000 6.60000 /
7.25000 6.25000 9.90000 /7.25000 6.37500 -3.30000 /7.25000 6.75000 -3.30000 /7.25000 6.75000 0.00000 /
7.25000 6.75000 3.30000 /7.25000 6.75000 6.60000 /7.25000 6.75000 9.90000 /7.25000 7.12500 -3.30000 /
7.25000 7.25000 0.00000 /7.25000 7.25000 3.30000 /7.25000 7.25000 6.60000 /7.25000 7.25000 9.90000 /
7.25000 7.75000 0.00000 /7.25000 7.75000 3.30000 /7.25000 7.75000 6.60000 /7.25000 7.75000 9.90000 /
7.25000 8.25000 0.00000 /7.25000 8.25000 3.30000 /7.25000 8.25000 6.60000 /7.25000 8.25000 9.90000 /
7.25000 8.75000 0.00000 /7.25000 8.75000 3.30000 /7.25000 8.75000 6.60000 /7.25000 8.75000 9.90000 /
7.25000 9.25000 0.00000 /7.25000 9.25000 3.30000 /7.25000 9.25000 6.60000 /7.25000 9.25000 9.90000 /
7.25000 9.75000 0.00000 /7.25000 9.75000 3.30000 /7.25000 9.75000 6.60000 /7.25000 9.75000 9.90000 /
7.25000 10.25000 0.00000 /7.25000 10.25000 3.30000 /7.25000 10.25000 6.60000 /7.25000 10.25000 9.90000 /
7.25000 10.75000 0.00000 /7.25000 10.75000 3.30000 /7.25000 10.75000 6.60000 /7.25000 10.75000 9.90000 /
7.25000 11.25000 0.00000 /7.25000 11.25000 3.30000 /7.25000 11.25000 6.60000 /7.25000 11.25000 9.90000 /
7.25000 11.75000 0.00000 /7.25000 11.75000 3.30000 /7.25000 11.75000 6.60000 /7.25000 11.75000 9.90000 /
7.25000 12.25000 0.00000 /7.25000 12.25000 3.30000 /7.25000 12.25000 6.60000 /7.25000 12.25000 9.90000 /
7.25000 12.37500 -3.30000 /7.25000 12.75000 -3.30000 /7.25000 12.75000 -2.75000 /7.25000 12.75000 -2.20000 /
7.25000 12.75000 -1.65000 /7.25000 12.75000 -1.10000 /7.25000 12.75000 -0.55000 /7.25000 12.75000 0.00000 /
7.25000 12.75000 3.30000 /7.25000 12.75000 6.60000 /7.25000 12.75000 9.90000 /7.25000 13.12500 -3.30000 /
7.57500 0.75000 1.65000 /7.57500 0.75000 4.95000 /7.57500 1.25000 -1.65000 /7.57500 1.25000 1.65000 /
7.57500 1.25000 4.95000 /7.57500 1.75000 -1.65000 /7.57500 1.75000 1.65000 /7.57500 1.75000 4.95000 /
7.57500 2.25000 -1.65000 /7.57500 2.25000 1.65000 /7.57500 2.25000 4.95000 /7.57500 2.67857 -1.88571 /
7.57500 2.67857 1.41429 /7.57500 2.67857 4.71429 /7.57500 3.10714 -2.12143 /7.57500 3.10714 1.17857 /
7.57500 3.10714 4.47857 /7.57500 3.53571 -2.35714 /7.57500 3.53571 0.94286 /7.57500 3.53571 4.24286 /
7.57500 3.96429 -2.59286 /7.57500 3.96429 0.70714 /7.57500 3.96429 4.00714 /7.57500 4.39286 -2.82857 /
7.57500 4.39286 0.47143 /7.57500 4.39286 3.77143 /7.57500 4.82143 -3.06429 /7.57500 4.82143 0.23571 /
7.57500 4.82143 3.53571 /7.57500 5.25000 -3.30000 /7.75000 0.37500 -3.30000 /7.75000 0.75000 -3.30000 /
7.75000 0.75000 -2.75000 /7.75000 0.75000 -2.20000 /7.75000 0.75000 -1.65000 /7.75000 0.75000 -1.10000 /
7.75000 0.75000 -0.55000 /7.75000 0.75000 0.00000 /7.75000 0.75000 3.30000 /7.75000 0.75000 6.60000 /
7.75000 0.75000 9.90000 /7.75000 1.12500 -3.30000 /7.75000 1.25000 9.90000 /7.75000 1.75000 9.90000 /
7.75000 2.25000 9.90000 /7.75000 2.75000 9.90000 /7.75000 3.25000 9.90000 /7.75000 3.75000 9.90000 /
7.75000 4.25000 9.90000 /7.75000 4.75000 9.90000 /7.75000 5.25000 0.00000 /7.75000 5.25000 3.30000 /
7.75000 5.25000 6.60000 /7.75000 5.25000 9.90000 /7.75000 5.75000 0.00000 /7.75000 5.75000 3.30000 /
7.75000 5.75000 6.60000 /7.75000 5.75000 9.90000 /7.75000 6.25000 0.00000 /7.75000 6.25000 3.30000 /
7.75000 6.25000 6.60000 /7.75000 6.25000 9.90000 /7.75000 6.37500 -3.30000 /7.75000 6.75000 -3.30000 /
7.75000 6.75000 0.00000 /7.75000 6.75000 3.30000 /7.75000 6.75000 6.60000 /7.75000 6.75000 9.90000 /
7.75000 7.12500 -3.30000 /7.75000 7.25000 0.00000 /7.75000 7.25000 3.30000 /7.75000 7.25000 6.60000 /
7.75000 7.25000 9.90000 /7.75000 7.75000 0.00000 /7.75000 7.75000 3.30000 /7.75000 7.75000 6.60000 /
7.75000 7.75000 9.90000 /7.75000 8.25000 0.00000 /7.75000 8.25000 3.30000 /7.75000 8.25000 6.60000 /
7.75000 8.25000 9.90000 /7.75000 8.75000 0.00000 /7.75000 8.75000 3.30000 /7.75000 8.75000 6.60000 /
7.75000 8.75000 9.90000 /7.75000 9.25000 0.00000 /7.75000 9.25000 3.30000 /7.75000 9.25000 6.60000 /
7.75000 9.25000 9.90000 /7.75000 9.75000 0.00000 /7.75000 9.75000 3.30000 /7.75000 9.75000 6.60000 /
7.75000 9.75000 9.90000 /7.75000 10.25000 0.00000 /7.75000 10.25000 3.30000 /7.75000 10.25000 6.60000 /
7.75000 10.25000 9.90000 /7.75000 10.75000 0.00000 /7.75000 10.75000 3.30000 /7.75000 10.75000 6.60000 /
7.75000 10.75000 9.90000 /7.75000 11.25000 0.00000 /7.75000 11.25000 3.30000 /7.75000 11.25000 6.60000 /
7.75000 11.25000 9.90000 /7.75000 11.75000 0.00000 /7.75000 11.75000 3.30000 /7.75000 11.75000 6.60000 /
7.75000 11.75000 9.90000 /7.75000 12.25000 0.00000 /7.75000 12.25000 3.30000 /7.75000 12.25000 6.60000 /
7.75000 12.25000 9.90000 /7.75000 12.37500 -3.30000 /7.75000 12.75000 -3.30000 /7.75000 12.75000 -2.75000 /
7.75000 12.75000 -2.20000 /7.75000 12.75000 -1.65000 /7.75000 12.75000 -1.10000 /7.75000 12.75000 -0.55000 /
7.75000 12.75000 0.00000 /7.75000 12.75000 3.30000 /7.75000 12.75000 6.60000 /7.75000 12.75000 9.90000 /
7.75000 13.12500 -3.30000 /8.25000 0.37500 -3.30000 /8.25000 0.75000 -3.30000 /8.25000 0.75000 -2.75000 /
8.25000 0.75000 -2.20000 /8.25000 0.75000 -1.65000 /8.25000 0.75000 -1.10000 /8.25000 0.75000 -0.55000 /
8.25000 0.75000 0.00000 /8.25000 0.75000 1.65000 /8.25000 0.75000 3.30000 /8.25000 0.75000 4.95000 /
8.25000 0.75000 6.60000 /8.25000 0.75000 9.90000 /8.25000 1.12500 -3.30000 /8.25000 1.25000 -1.65000 /
8.25000 1.25000 1.65000 /8.25000 1.25000 4.95000 /8.25000 1.25000 9.90000 /8.25000 1.75000 -1.65000 /
8.25000 1.75000 1.65000 /8.25000 1.75000 4.95000 /8.25000 1.75000 9.90000 /8.25000 2.25000 -1.65000 /
8.25000 2.25000 1.65000 /8.25000 2.25000 4.95000 /8.25000 2.25000 9.90000 /8.25000 2.67857 -1.88571 /
8.25000 2.67857 -1.41429 /8.25000 2.67857 1.41429 /8.25000 2.67857 1.88571 /8.25000 2.67857 4.71429 /
8.25000 2.67857 5.18571 /8.25000 2.75000 9.90000 /8.25000 3.10714 -2.12143 /8.25000 3.10714 -1.17857 /
8.25000 3.10714 1.17857 /8.25000 3.10714 2.12143 /8.25000 3.10714 4.47857 /8.25000 3.10714 5.42143 /
8.25000 3.25000 9.90000 /8.25000 3.53571 -2.35714 /8.25000 3.53571 -0.94286 /8.25000 3.53571 0.94286 /
8.25000 3.53571 2.35714 /8.25000 3.53571 4.24286 /8.25000 3.53571 5.65714 /8.25000 3.75000 9.90000 /
8.25000 3.96429 -2.59286 /8.25000 3.96429 -0.70714 /8.25000 3.96429 0.70714 /8.25000 3.96429 2.59286 /
8.25000 3.96429 4.00714 /8.25000 3.96429 5.89286 /8.25000 4.25000 9.90000 /8.25000 4.39286 -2.82857 /
8.25000 4.39286 -0.47143 /8.25000 4.39286 0.47143 /8.25000 4.39286 2.82857 /8.25000 4.39286 3.77143 /
8.25000 4.39286 6.12857 /8.25000 4.75000 9.90000 /8.25000 4.82143 -3.06429 /8.25000 4.82143 -0.23571 /
8.25000 4.82143 0.23571 /8.25000 4.82143 3.06429 /8.25000 4.82143 3.53571 /8.25000 4.82143 6.36429 /
8.25000 5.25000 -3.30000 /8.25000 5.25000 0.00000 /8.25000 5.25000 3.30000 /8.25000 5.25000 6.60000 /
8.25000 5.25000 9.90000 /8.25000 5.75000 0.00000 /8.25000 5.75000 3.30000 /8.25000 5.75000 6.60000 /
8.25000 5.75000 9.90000 /8.25000 6.25000 0.00000 /8.25000 6.25000 3.30000 /8.25000 6.25000 6.60000 /
8.25000 6.25000 9.90000 /8.25000 6.37500 -3.30000 /8.25000 6.75000 -3.30000 /8.25000 6.75000 0.00000 /
8.25000 6.75000 3.30000 /8.25000 6.75000 6.60000 /8.25000 6.75000 9.90000 /8.25000 7.12500 -3.30000 /
8.25000 7.25000 0.00000 /8.25000 7.25000 3.30000 /8.25000 7.25000 6.60000 /8.25000 7.25000 9.90000 /
8.25000 7.75000 0.00000 /8.25000 7.75000 3.30000 /8.25000 7.75000 6.60000 /8.25000 7.75000 9.90000 /
8.25000 8.25000 0.00000 /8.25000 8.25000 3.30000 /8.25000 8.25000 6.60000 /8.25000 8.25000 9.90000 /
8.25000 8.75000 0.00000 /8.25000 8.75000 3.30000 /8.25000 8.75000 6.60000 /8.25000 8.75000 9.90000 /
8.25000 9.25000 0.00000 /8.25000 9.25000 3.30000 /8.25000 9.25000 6.60000 /8.25000 9.25000 9.90000 /
8.25000 9.75000 0.00000 /8.25000 9.75000 3.30000 /8.25000 9.75000 6.60000 /8.25000 9.75000 9.90000 /
8.25000 10.25000 0.00000 /8.25000 10.25000 3.30000 /8.25000 10.25000 6.60000 /8.25000 10.25000 9.90000 /
8.25000 10.75000 0.00000 /8.25000 10.75000 3.30000 /8.25000 10.75000 6.60000 /8.25000 10.75000 9.90000 /
8.25000 11.25000 0.00000 /8.25000 11.25000 3.30000 /8.25000 11.25000 6.60000 /8.25000 11.25000 9.90000 /
8.25000 11.75000 0.00000 /8.25000 11.75000 3.30000 /8.25000 11.75000 6.60000 /8.25000 11.75000 9.90000 /
8.25000 12.25000 0.00000 /8.25000 12.25000 3.30000 /8.25000 12.25000 6.60000 /8.25000 12.25000 9.90000 /
8.25000 12.37500 -3.30000 /8.25000 12.75000 -3.30000 /8.25000 12.75000 -2.75000 /8.25000 12.75000 -2.20000 /
8.25000 12.75000 -1.65000 /8.25000 12.75000 -1.10000 /8.25000 12.75000 -0.55000 /8.25000 12.75000 0.00000 /
8.25000 12.75000 3.30000 /8.25000 12.75000 6.60000 /8.25000 12.75000 9.90000 /8.25000 13.12500 -3.30000 /
8.75000 0.37500 -3.30000 /8.75000 0.75000 -3.30000 /8.75000 0.75000 -2.75000 /8.75000 0.75000 -2.20000 /
8.75000 0.75000 -1.65000 /8.75000 0.75000 -1.10000 /8.75000 0.75000 -0.55000 /8.75000 0.75000 0.00000 /
8.75000 0.75000 3.30000 /8.75000 0.75000 6.60000 /8.75000 0.75000 9.90000 /8.75000 1.12500 -3.30000 /
8.75000 1.25000 9.90000 /8.75000 1.75000 9.90000 /8.75000 2.25000 9.90000 /8.75000 2.75000 9.90000 /
8.75000 3.25000 9.90000 /8.75000 3.75000 9.90000 /8.75000 4.25000 9.90000 /8.75000 4.75000 9.90000 /
8.75000 5.25000 0.00000 /8.75000 5.25000 3.30000 /8.75000 5.25000 6.60000 /8.75000 5.25000 9.90000 /
8.75000 5.75000 0.00000 /8.75000 5.75000 3.30000 /8.75000 5.75000 6.60000 /8.75000 5.75000 9.90000 /
8.75000 6.25000 0.00000 /8.75000 6.25000 3.30000 /8.75000 6.25000 6.60000 /8.75000 6.25000 9.90000 /
8.75000 6.37500 -3.30000 /8.75000 6.75000 -3.30000 /8.75000 6.75000 0.00000 /8.75000 6.75000 3.30000 /
8.75000 6.75000 6.60000 /8.75000 6.75000 9.90000 /8.75000 7.12500 -3.30000 /8.75000 7.25000 0.00000 /
8.75000 7.25000 3.30000 /8.75000 7.25000 6.60000 /8.75000 7.25000 9.90000 /8.75000 7.75000 0.00000 /
8.75000 7.75000 3.30000 /8.75000 7.75000 6.60000 /8.75000 7.75000 9.90000 /8.75000 8.25000 0.00000 /
8.75000 8.25000 3.30000 /8.75000 8.25000 6.60000 /8.75000 8.25000 9.90000 /8.75000 8.75000 0.00000 /
8.75000 8.75000 3.30000 /8.75000 8.75000 6.60000 /8.75000 8.75000 9.90000 /8.75000 9.25000 0.00000 /
8.75000 9.25000 3.30000 /8.75000 9.25000 6.60000 /8.75000 9.25000 9.90000 /8.75000 9.75000 0.00000 /
8.75000 9.75000 3.30000 /8.75000 9.75000 6.60000 /8.75000 9.75000 9.90000 /8.75000 10.25000 0.00000 /
8.75000 10.25000 3.30000 /8.75000 10.25000 6.60000 /8.75000 10.25000 9.90000 /8.75000 10.75000 0.00000 /
8.75000 10.75000 3.30000 /8.75000 10.75000 6.60000 /8.75000 10.75000 9.90000 /8.75000 11.25000 0.00000 /
8.75000 11.25000 3.30000 /8.75000 11.25000 6.60000 /8.75000 11.25000 9.90000 /8.75000 11.75000 0.00000 /
8.75000 11.75000 3.30000 /8.75000 11.75000 6.60000 /8.75000 11.75000 9.90000 /8.75000 12.25000 0.00000 /
8.75000 12.25000 3.30000 /8.75000 12.25000 6.60000 /8.75000 12.25000 9.90000 /8.75000 12.37500 -3.30000 /
8.75000 12.75000 -3.30000 /8.75000 12.75000 -2.75000 /8.75000 12.75000 -2.20000 /8.75000 12.75000 -1.65000 /
8.75000 12.75000 -1.10000 /8.75000 12.75000 -0.55000 /8.75000 12.75000 0.00000 /8.75000 12.75000 3.30000 /
8.75000 12.75000 6.60000 /8.75000 12.75000 9.90000 /8.75000 13.12500 -3.30000 /8.92500 0.75000 1.65000 /
8.92500 0.75000 4.95000 /8.92500 1.25000 -1.65000 /8.92500 1.25000 1.65000 /8.92500 1.25000 4.95000 /
8.92500 1.75000 -1.65000 /8.92500 1.75000 1.65000 /8.92500 1.75000 4.95000 /8.92500 2.25000 -1.65000 /
8.92500 2.25000 1.65000 /8.92500 2.25000 4.95000 /8.92500 2.67857 -1.41429 /8.92500 2.67857 1.88571 /
8.92500 2.67857 5.18571 /8.92500 3.10714 -1.17857 /8.92500 3.10714 2.12143 /8.92500 3.10714 5.42143 /
8.92500 3.53571 -0.94286 /8.92500 3.53571 2.35714 /8.92500 3.53571 5.65714 /8.92500 3.96429 -0.70714 /
8.92500 3.96429 2.59286 /8.92500 3.96429 5.89286 /8.92500 4.39286 -0.47143 /8.92500 4.39286 2.82857 /
8.92500 4.39286 6.12857 /8.92500 4.82143 -0.23571 /8.92500 4.82143 3.06429 /8.92500 4.82143 6.36429 /
9.25000 0.37500 -3.30000 /9.25000 0.75000 -3.30000 /9.25000 0.75000 -2.75000 /9.25000 0.75000 -2.20000 /
9.25000 0.75000 -1.65000 /9.25000 0.75000 -1.10000 /9.25000 0.75000 -0.55000 /9.25000 0.75000 0.00000 /
9.25000 0.75000 3.30000 /9.25000 0.75000 6.60000 /9.25000 0.75000 9.90000 /9.25000 1.12500 -3.30000 /
9.25000 1.25000 9.90000 /9.25000 1.75000 9.90000 /9.25000 2.25000 9.90000 /9.25000 2.75000 9.90000 /
9.25000 3.25000 9.90000 /9.25000 3.75000 9.90000 /9.25000 4.25000 9.90000 /9.25000 4.75000 9.90000 /
9.25000 5.25000 0.00000 /9.25000 5.25000 3.30000 /9.25000 5.25000 6.60000 /9.25000 5.25000 9.90000 /
9.25000 5.75000 0.00000 /9.25000 5.75000 3.30000 /9.25000 5.75000 6.60000 /9.25000 5.75000 9.90000 /
9.25000 6.25000 0.00000 /9.25000 6.25000 3.30000 /9.25000 6.25000 6.60000 /9.25000 6.25000 9.90000 /
9.25000 6.37500 -3.30000 /9.25000 6.75000 -3.30000 /9.25000 6.75000 0.00000 /9.25000 6.75000 3.30000 /
9.25000 6.75000 6.60000 /9.25000 6.75000 9.90000 /9.25000 7.12500 -3.30000 /9.25000 7.25000 0.00000 /
9.25000 7.25000 3.30000 /9.25000 7.25000 6.60000 /9.25000 7.25000 9.90000 /9.25000 7.75000 0.00000 /
9.25000 7.75000 3.30000 /9.25000 7.75000 6.60000 /9.25000 7.75000 9.90000 /9.25000 8.25000 0.00000 /
9.25000 8.25000 3.30000 /9.25000 8.25000 6.60000 /9.25000 8.25000 9.90000 /9.25000 8.75000 0.00000 /
9.25000 8.75000 3.30000 /9.25000 8.75000 6.60000 /9.25000 8.75000 9.90000 /9.25000 9.25000 0.00000 /
9.25000 9.25000 3.30000 /9.25000 9.25000 6.60000 /9.25000 9.25000 9.90000 /9.25000 9.75000 0.00000 /
9.25000 9.75000 3.30000 /9.25000 9.75000 6.60000 /9.25000 9.75000 9.90000 /9.25000 10.25000 0.00000 /
9.25000 10.25000 3.30000 /9.25000 10.25000 6.60000 /9.25000 10.25000 9.90000 /9.25000 10.75000 0.00000 /
9.25000 10.75000 3.30000 /9.25000 10.75000 6.60000 /9.25000 10.75000 9.90000 /9.25000 11.25000 0.00000 /
9.25000 11.25000 3.30000 /9.25000 11.25000 6.60000 /9.25000 11.25000 9.90000 /9.25000 11.75000 0.00000 /
9.25000 11.75000 3.30000 /9.25000 11.75000 6.60000 /9.25000 11.75000 9.90000 /9.25000 12.25000 0.00000 /
9.25000 12.25000 3.30000 /9.25000 12.25000 6.60000 /9.25000 12.25000 9.90000 /9.25000 12.37500 -3.30000 /
9.25000 12.75000 -3.30000 /9.25000 12.75000 -2.75000 /9.25000 12.75000 -2.20000 /9.25000 12.75000 -1.65000 /
9.25000 12.75000 -1.10000 /9.25000 12.75000 -0.55000 /9.25000 12.75000 0.00000 /9.25000 12.75000 3.30000 /
9.25000 12.75000 6.60000 /9.25000 12.75000 9.90000 /9.25000 13.12500 -3.30000 /9.60000 0.75000 -1.65000 /
9.60000 0.75000 -1.10000 /9.60000 0.75000 -0.55000 /9.60000 0.75000 0.00000 /9.60000 0.75000 0.82500 /
9.60000 0.75000 1.65000 /9.60000 0.75000 2.47500 /9.60000 0.75000 3.30000 /9.60000 0.75000 4.12500 /
9.60000 0.75000 4.95000 /9.60000 0.75000 6.60000 /9.60000 1.25000 -1.65000 /9.60000 1.25000 0.00000 /
9.60000 1.25000 1.65000 /9.60000 1.25000 3.30000 /9.60000 1.25000 4.95000 /9.60000 1.25000 6.60000 /
9.60000 1.75000 -1.65000 /9.60000 1.75000 0.00000 /9.60000 1.75000 1.65000 /9.60000 1.75000 3.30000 /
9.60000 1.75000 4.95000 /9.60000 1.75000 6.60000 /9.60000 2.25000 -1.65000 /9.60000 2.25000 0.00000 /
9.60000 2.25000 1.65000 /9.60000 2.25000 3.30000 /9.60000 2.25000 4.95000 /9.60000 2.25000 6.60000 /
9.60000 2.67857 -1.41429 /9.60000 2.67857 1.88571 /9.60000 2.67857 5.18571 /9.60000 2.75000 0.00000 /
9.60000 2.75000 3.30000 /9.60000 2.75000 6.60000 /9.60000 3.10714 -1.17857 /9.60000 3.10714 2.12143 /
9.60000 3.10714 5.42143 /9.60000 3.25000 0.00000 /9.60000 3.25000 3.30000 /9.60000 3.25000 6.60000 /
9.60000 3.53571 -0.94286 /9.60000 3.53571 2.35714 /9.60000 3.53571 5.65714 /9.60000 3.75000 0.00000 /
9.60000 3.75000 3.30000 /9.60000 3.75000 6.60000 /9.60000 3.96429 -0.70714 /9.60000 3.96429 2.59286 /
9.60000 3.96429 5.89286 /9.60000 4.25000 0.00000 /9.60000 4.25000 3.30000 /9.60000 4.25000 6.60000 /
9.60000 4.39286 -0.47143 /9.60000 4.39286 2.82857 /9.60000 4.39286 6.12857 /9.60000 4.75000 0.00000 /
9.60000 4.75000 3.30000 /9.60000 4.75000 6.60000 /9.60000 4.82143 -0.23571 /9.60000 4.82143 3.06429 /
9.60000 4.82143 6.36429 /9.60000 5.25000 0.00000 /9.60000 5.25000 3.30000 /9.60000 5.25000 6.60000 /
9.75000 0.37500 -3.30000 /9.75000 0.75000 -3.30000 /9.75000 0.75000 -2.75000 /9.75000 0.75000 -2.20000 /
9.75000 0.75000 9.90000 /9.75000 1.12500 -3.30000 /9.75000 1.25000 9.90000 /9.75000 1.75000 9.90000 /
9.75000 2.25000 9.90000 /9.75000 2.75000 9.90000 /9.75000 3.25000 9.90000 /9.75000 3.75000 9.90000 /
9.75000 4.25000 9.90000 /9.75000 4.75000 9.90000 /9.75000 5.25000 9.90000 /9.75000 5.75000 0.00000 /
9.75000 5.75000 3.30000 /9.75000 5.75000 6.60000 /9.75000 5.75000 9.90000 /9.75000 6.25000 0.00000 /
9.75000 6.25000 3.30000 /9.75000 6.25000 6.60000 /9.75000 6.25000 9.90000 /9.75000 6.37500 -3.30000 /
9.75000 6.75000 -3.30000 /9.75000 6.75000 0.00000 /9.75000 6.75000 3.30000 /9.75000 6.75000 6.60000 /
9.75000 6.75000 9.90000 /9.75000 7.12500 -3.30000 /9.75000 7.25000 0.00000 /9.75000 7.25000 3.30000 /
9.75000 7.25000 6.60000 /9.75000 7.25000 9.90000 /9.75000 7.75000 0.00000 /9.75000 7.75000 3.30000 /
9.75000 7.75000 6.60000 /9.75000 7.75000 9.90000 /9.75000 8.25000 0.00000 /9.75000 8.25000 3.30000 /
9.75000 8.25000 6.60000 /9.75000 8.25000 9.90000 /9.75000 8.75000 0.00000 /9.75000 8.75000 3.30000 /
9.75000 8.75000 6.60000 /9.75000 8.75000 9.90000 /9.75000 9.25000 0.00000 /9.75000 9.25000 3.30000 /
9.75000 9.25000 6.60000 /9.75000 9.25000 9.90000 /9.75000 9.75000 0.00000 /9.75000 9.75000 3.30000 /
9.75000 9.75000 6.60000 /9.75000 9.75000 9.90000 /9.75000 10.25000 0.00000 /9.75000 10.25000 3.30000 /
9.75000 10.25000 6.60000 /9.75000 10.25000 9.90000 /9.75000 10.75000 0.00000 /9.75000 10.75000 3.30000 /
9.75000 10.75000 6.60000 /9.75000 10.75000 9.90000 /9.75000 11.25000 0.00000 /9.75000 11.25000 3.30000 /
9.75000 11.25000 6.60000 /9.75000 11.25000 9.90000 /9.75000 11.75000 0.00000 /9.75000 11.75000 3.30000 /
9.75000 11.75000 6.60000 /9.75000 11.75000 9.90000 /9.75000 12.25000 0.00000 /9.75000 12.25000 3.30000 /
9.75000 12.25000 6.60000 /9.75000 12.25000 9.90000 /9.75000 12.37500 -3.30000 /9.75000 12.75000 -3.30000 /
9.75000 12.75000 -2.75000 /9.75000 12.75000 -2.20000 /9.75000 12.75000 -1.65000 /9.75000 12.75000 -1.10000 /
9.75000 12.75000 -0.55000 /9.75000 12.75000 0.00000 /9.75000 12.75000 3.30000 /9.75000 12.75000 6.60000 /
9.75000 12.75000 9.90000 /9.75000 13.12500 -3.30000 /10.17500 0.75000 0.00000 /10.17500 0.75000 3.30000 /
10.17500 0.75000 6.60000 /10.17500 1.25000 0.00000 /10.17500 1.25000 3.30000 /10.17500 1.25000 6.60000 /
10.17500 1.75000 0.00000 /10.17500 1.75000 3.30000 /10.17500 1.75000 6.60000 /10.17500 2.25000 0.00000 /
10.17500 2.25000 3.30000 /10.17500 2.25000 6.60000 /10.17500 2.75000 0.00000 /10.17500 2.75000 3.30000 /
10.17500 2.75000 6.60000 /10.17500 3.25000 0.00000 /10.17500 3.25000 3.30000 /10.17500 3.25000 6.60000 /
10.17500 3.75000 0.00000 /10.17500 3.75000 3.30000 /10.17500 3.75000 6.60000 /10.17500 4.25000 0.00000 /
10.17500 4.25000 3.30000 /10.17500 4.25000 6.60000 /10.17500 4.75000 0.00000 /10.17500 4.75000 3.30000 /
10.17500 4.75000 6.60000 /10.17500 5.25000 0.00000 /10.17500 5.25000 3.30000 /10.17500 5.25000 6.60000 /
10.25000 0.37500 -3.30000 /10.25000 0.75000 -3.30000 /10.25000 0.75000 -2.75000 /10.25000 0.75000 -2.20000 /
10.25000 0.75000 -1.65000 /10.25000 0.75000 -1.10000 /10.25000 0.75000 -0.55000 /10.25000 0.75000 9.90000 /
10.25000 1.25000 -3.30000 /10.25000 1.25000 9.90000 /10.25000 1.75000 9.90000 /10.25000 2.25000 9.90000 /
10.25000 2.75000 9.90000 /10.25000 3.25000 9.90000 /10.25000 3.75000 9.90000 /10.25000 4.25000 9.90000 /
10.25000 4.75000 9.90000 /10.25000 5.25000 9.90000 /10.25000 5.75000 0.00000 /10.25000 5.75000 3.30000 /
10.25000 5.75000 6.60000 /10.25000 5.75000 9.90000 /10.25000 6.25000 -3.30000 /10.25000 6.25000 0.00000 /
10.25000 6.25000 3.30000 /10.25000 6.25000 6.60000 /10.25000 6.25000 9.90000 /10.25000 6.75000 -3.30000 /
10.25000 6.75000 0.00000 /10.25000 6.75000 3.30000 /10.25000 6.75000 6.60000 /10.25000 6.75000 9.90000 /
10.25000 7.25000 -3.30000 /10.25000 7.25000 0.00000 /10.25000 7.25000 3.30000 /10.25000 7.25000 6.60000 /
10.25000 7.25000 9.90000 /10.25000 7.75000 0.00000 /10.25000 7.75000 3.30000 /10.25000 7.75000 6.60000 /
10.25000 7.75000 9.90000 /10.25000 8.25000 0.00000 /10.25000 8.25000 3.30000 /10.25000 8.25000 6.60000 /
10.25000 8.25000 9.90000 /10.25000 8.75000 0.00000 /10.25000 8.75000 3.30000 /10.25000 8.75000 6.60000 /
10.25000 8.75000 9.90000 /10.25000 9.25000 0.00000 /10.25000 9.25000 3.30000 /10.25000 9.25000 6.60000 /
10.25000 9.25000 9.90000 /10.25000 9.75000 0.00000 /10.25000 9.75000 3.30000 /10.25000 9.75000 6.60000 /
10.25000 9.75000 9.90000 /10.25000 10.25000 0.00000 /10.25000 10.25000 3.30000 /10.25000 10.25000 6.60000 /
10.25000 10.25000 9.90000 /10.25000 10.75000 0.00000 /10.25000 10.75000 3.30000 /10.25000 10.75000 6.60000 /
10.25000 10.75000 9.90000 /10.25000 11.25000 0.00000 /10.25000 11.25000 3.30000 /10.25000 11.25000 6.60000 /
10.25000 11.25000 9.90000 /10.25000 11.75000 0.00000 /10.25000 11.75000 3.30000 /10.25000 11.75000 6.60000 /
10.25000 11.75000 9.90000 /10.25000 12.25000 -3.30000 /10.25000 12.25000 0.00000 /10.25000 12.25000 3.30000 /
10.25000 12.25000 6.60000 /10.25000 12.25000 9.90000 /10.25000 12.75000 -3.30000 /10.25000 12.75000 -2.75000 /
10.25000 12.75000 -2.20000 /10.25000 12.75000 -1.65000 /10.25000 12.75000 -1.10000 /10.25000 12.75000 -0.55000 /
10.25000 12.75000 0.00000 /10.25000 12.75000 3.30000 /10.25000 12.75000 6.60000 /10.25000 12.75000 9.90000 /
10.25000 13.12500 -3.30000 /10.37500 1.75000 -3.30000 /10.37500 2.25000 -3.30000 /10.37500 2.75000 -3.30000 /
10.37500 3.25000 -3.30000 /10.37500 3.75000 -3.30000 /10.37500 4.25000 -3.30000 /10.37500 4.75000 -3.30000 /
10.37500 5.25000 -3.30000 /10.37500 5.75000 -3.30000 /10.37500 7.75000 -3.30000 /10.37500 8.25000 -3.30000 /
10.37500 8.75000 -3.30000 /10.37500 9.25000 -3.30000 /10.37500 9.75000 -3.30000 /10.37500 10.25000 -3.30000 /
10.37500 10.75000 -3.30000 /10.37500 11.25000 -3.30000 /10.37500 11.75000 -3.30000 /10.75000 0.37500 -3.30000 /
10.75000 0.75000 -3.30000 /10.75000 0.75000 -2.75000 /10.75000 0.75000 -2.20000 /10.75000 0.75000 -1.65000 /
10.75000 0.75000 -1.10000 /10.75000 0.75000 -0.55000 /10.75000 0.75000 0.00000 /10.75000 0.75000 3.30000 /
10.75000 0.75000 6.60000 /10.75000 0.75000 9.90000 /10.75000 1.25000 -3.30000 /10.75000 1.25000 0.00000 /
10.75000 1.25000 3.30000 /10.75000 1.25000 6.60000 /10.75000 1.25000 9.90000 /10.75000 1.75000 -3.30000 /
10.75000 1.75000 0.00000 /10.75000 1.75000 3.30000 /10.75000 1.75000 6.60000 /10.75000 1.75000 9.90000 /
10.75000 2.25000 -3.30000 /10.75000 2.25000 0.00000 /10.75000 2.25000 3.30000 /10.75000 2.25000 6.60000 /
10.75000 2.25000 9.90000 /10.75000 2.75000 -3.30000 /10.75000 2.75000 0.00000 /10.75000 2.75000 3.30000 /
10.75000 2.75000 6.60000 /10.75000 2.75000 9.90000 /10.75000 3.25000 -3.30000 /10.75000 3.25000 0.00000 /
10.75000 3.25000 3.30000 /10.75000 3.25000 6.60000 /10.75000 3.25000 9.90000 /10.75000 3.75000 -3.30000 /
10.75000 3.75000 0.00000 /10.75000 3.75000 3.30000 /10.75000 3.75000 6.60000 /10.75000 3.75000 9.90000 /
10.75000 4.25000 -3.30000 /10.75000 4.25000 0.00000 /10.75000 4.25000 3.30000 /10.75000 4.25000 6.60000 /
10.75000 4.25000 9.90000 /10.75000 4.75000 -3.30000 /10.75000 4.75000 0.00000 /10.75000 4.75000 3.30000 /
10.75000 4.75000 6.60000 /10.75000 4.75000 9.90000 /10.75000 5.25000 -3.30000 /10.75000 5.25000 0.00000 /
10.75000 5.25000 3.30000 /10.75000 5.25000 6.60000 /10.75000 5.25000 9.90000 /10.75000 5.75000 -3.30000 /
10.75000 5.75000 0.00000 /10.75000 5.75000 3.30000 /10.75000 5.75000 6.60000 /10.75000 5.75000 9.90000 /
10.75000 6.25000 -3.30000 /10.75000 6.25000 0.00000 /10.75000 6.25000 3.30000 /10.75000 6.25000 6.60000 /
10.75000 6.25000 9.90000 /10.75000 6.75000 -3.30000 /10.75000 6.75000 0.00000 /10.75000 6.75000 3.30000 /
10.75000 6.75000 6.60000 /10.75000 6.75000 9.90000 /10.75000 7.25000 -3.30000 /10.75000 7.25000 0.00000 /
10.75000 7.25000 3.30000 /10.75000 7.25000 6.60000 /10.75000 7.25000 9.90000 /10.75000 7.75000 -3.30000 /
10.75000 7.75000 0.00000 /10.75000 7.75000 3.30000 /10.75000 7.75000 6.60000 /10.75000 7.75000 9.90000 /
10.75000 8.25000 -3.30000 /10.75000 8.25000 0.00000 /10.75000 8.25000 3.30000 /10.75000 8.25000 6.60000 /
10.75000 8.25000 9.90000 /10.75000 8.75000 -3.30000 /10.75000 8.75000 0.00000 /10.75000 8.75000 3.30000 /
10.75000 8.75000 6.60000 /10.75000 8.75000 9.90000 /10.75000 9.25000 -3.30000 /10.75000 9.25000 0.00000 /
10.75000 9.25000 3.30000 /10.75000 9.25000 6.60000 /10.75000 9.25000 9.90000 /10.75000 9.75000 -3.30000 /
10.75000 9.75000 0.00000 /10.75000 9.75000 3.30000 /10.75000 9.75000 6.60000 /10.75000 9.75000 9.90000 /
10.75000 10.25000 -3.30000 /10.75000 10.25000 0.00000 /10.75000 10.25000 3.30000 /10.75000 10.25000 6.60000 /
10.75000 10.25000 9.90000 /10.75000 10.75000 -3.30000 /10.75000 10.75000 0.00000 /10.75000 10.75000 3.30000 /
10.75000 10.75000 6.60000 /10.75000 10.75000 9.90000 /10.75000 11.25000 -3.30000 /10.75000 11.25000 0.00000 /
10.75000 11.25000 3.30000 /10.75000 11.25000 6.60000 /10.75000 11.25000 9.90000 /10.75000 11.75000 -3.30000 /
10.75000 11.75000 0.00000 /10.75000 11.75000 3.30000 /10.75000 11.75000 6.60000 /10.75000 11.75000 9.90000 /
10.75000 12.25000 -3.30000 /10.75000 12.25000 0.00000 /10.75000 12.25000 3.30000 /10.75000 12.25000 6.60000 /
10.75000 12.25000 9.90000 /10.75000 12.75000 -3.30000 /10.75000 12.75000 -2.75000 /10.75000 12.75000 -2.20000 /
10.75000 12.75000 -1.65000 /10.75000 12.75000 -1.10000 /10.75000 12.75000 -0.55000 /10.75000 12.75000 0.00000 /
10.75000 12.75000 3.30000 /10.75000 12.75000 6.60000 /10.75000 12.75000 9.90000 /10.75000 13.12500 -3.30000 /
11.12500 1.75000 -3.30000 /11.12500 2.25000 -3.30000 /11.12500 2.75000 -3.30000 /11.12500 3.25000 -3.30000 /
11.12500 3.75000 -3.30000 /11.12500 4.25000 -3.30000 /11.12500 4.75000 -3.30000 /11.12500 5.25000 -3.30000 /
11.12500 5.75000 -3.30000 /11.12500 7.75000 -3.30000 /11.12500 8.25000 -3.30000 /11.12500 8.75000 -3.30000 /
11.12500 9.25000 -3.30000 /11.12500 9.75000 -3.30000 /11.12500 10.25000 -3.30000 /11.12500 10.75000 -3.30000 /
11.12500 11.25000 -3.30000 /11.12500 11.75000 -3.30000 /11.25000 0.37500 -3.30000 /11.25000 0.75000 -3.30000 /
11.25000 0.75000 -2.75000 /11.25000 0.75000 -2.20000 /11.25000 0.75000 -1.65000 /11.25000 0.75000 -1.10000 /
11.25000 0.75000 -0.55000 /11.25000 0.75000 0.00000 /11.25000 0.75000 3.30000 /11.25000 0.75000 6.60000 /
11.25000 0.75000 9.90000 /11.25000 1.25000 -3.30000 /11.25000 1.25000 0.00000 /11.25000 1.25000 3.30000 /
11.25000 1.25000 6.60000 /11.25000 1.25000 9.90000 /11.25000 1.75000 0.00000 /11.25000 1.75000 3.30000 /
11.25000 1.75000 6.60000 /11.25000 1.75000 9.90000 /11.25000 2.25000 0.00000 /11.25000 2.25000 3.30000 /
11.25000 2.25000 6.60000 /11.25000 2.25000 9.90000 /11.25000 2.75000 0.00000 /11.25000 2.75000 3.30000 /
11.25000 2.75000 6.60000 /11.25000 2.75000 9.90000 /11.25000 3.25000 0.00000 /11.25000 3.25000 3.30000 /
11.25000 3.25000 6.60000 /11.25000 3.25000 9.90000 /11.25000 3.75000 0.00000 /11.25000 3.75000 3.30000 /
11.25000 3.75000 6.60000 /11.25000 3.75000 9.90000 /11.25000 4.25000 0.00000 /11.25000 4.25000 3.30000 /
11.25000 4.25000 6.60000 /11.25000 4.25000 9.90000 /11.25000 4.75000 0.00000 /11.25000 4.75000 3.30000 /
11.25000 4.75000 6.60000 /11.25000 4.75000 9.90000 /11.25000 5.25000 0.00000 /11.25000 5.25000 3.30000 /
11.25000 5.25000 6.60000 /11.25000 5.25000 9.90000 /11.25000 5.75000 0.00000 /11.25000 5.75000 3.30000 /
11.25000 5.75000 6.60000 /11.25000 5.75000 9.90000 /11.25000 6.25000 -3.30000 /11.25000 6.25000 0.00000 /
11.25000 6.25000 3.30000 /11.25000 6.25000 6.60000 /11.25000 6.25000 9.90000 /11.25000 6.75000 -3.30000 /
11.25000 6.75000 0.00000 /11.25000 6.75000 3.30000 /11.25000 6.75000 6.60000 /11.25000 6.75000 9.90000 /
11.25000 7.25000 -3.30000 /11.25000 7.25000 0.00000 /11.25000 7.25000 3.30000 /11.25000 7.25000 6.60000 /
11.25000 7.25000 9.90000 /11.25000 7.75000 0.00000 /11.25000 7.75000 3.30000 /11.25000 7.75000 6.60000 /
11.25000 7.75000 9.90000 /11.25000 8.25000 0.00000 /11.25000 8.25000 3.30000 /11.25000 8.25000 6.60000 /
11.25000 8.25000 9.90000 /11.25000 8.75000 0.00000 /11.25000 8.75000 3.30000 /11.25000 8.75000 6.60000 /
11.25000 8.75000 9.90000 /11.25000 9.25000 0.00000 /11.25000 9.25000 3.30000 /11.25000 9.25000 6.60000 /
11.25000 9.25000 9.90000 /11.25000 9.75000 0.00000 /11.25000 9.75000 3.30000 /11.25000 9.75000 6.60000 /
11.25000 9.75000 9.90000 /11.25000 10.25000 0.00000 /11.25000 10.25000 3.30000 /11.25000 10.25000 6.60000 /
11.25000 10.25000 9.90000 /11.25000 10.75000 0.00000 /11.25000 10.75000 3.30000 /11.25000 10.75000 6.60000 /
11.25000 10.75000 9.90000 /11.25000 11.25000 0.00000 /11.25000 11.25000 3.30000 /11.25000 11.25000 6.60000 /
11.25000 11.25000 9.90000 /11.25000 11.75000 0.00000 /11.25000 11.75000 3.30000 /11.25000 11.75000 6.60000 /
11.25000 11.75000 9.90000 /11.25000 12.25000 -3.30000 /11.25000 12.25000 0.00000 /11.25000 12.25000 3.30000 /
11.25000 12.25000 6.60000 /11.25000 12.25000 9.90000 /11.25000 12.75000 -3.30000 /11.25000 12.75000 -2.75000 /
11.25000 12.75000 -2.20000 /11.25000 12.75000 -1.65000 /11.25000 12.75000 -1.10000 /11.25000 12.75000 -0.55000 /
11.25000 12.75000 0.00000 /11.25000 12.75000 3.30000 /11.25000 12.75000 6.60000 /11.25000 12.75000 9.90000 /
11.25000 13.12500 -3.30000 /11.75000 0.37500 -3.30000 /11.75000 0.75000 -3.30000 /11.75000 0.75000 -2.75000 /
11.75000 0.75000 -2.20000 /11.75000 0.75000 -1.65000 /11.75000 0.75000 -1.10000 /11.75000 0.75000 -0.55000 /
11.75000 0.75000 0.00000 /11.75000 0.75000 3.30000 /11.75000 0.75000 6.60000 /11.75000 0.75000 9.90000 /
11.75000 1.12500 -3.30000 /11.75000 1.25000 0.00000 /11.75000 1.25000 3.30000 /11.75000 1.25000 6.60000 /
11.75000 1.25000 9.90000 /11.75000 1.75000 0.00000 /11.75000 1.75000 3.30000 /11.75000 1.75000 6.60000 /
11.75000 1.75000 9.90000 /11.75000 2.25000 0.00000 /11.75000 2.25000 3.30000 /11.75000 2.25000 6.60000 /
11.75000 2.25000 9.90000 /11.75000 2.75000 0.00000 /11.75000 2.75000 3.30000 /11.75000 2.75000 6.60000 /
11.75000 2.75000 9.90000 /11.75000 3.25000 0.00000 /11.75000 3.25000 3.30000 /11.75000 3.25000 6.60000 /
11.75000 3.25000 9.90000 /11.75000 3.75000 0.00000 /11.75000 3.75000 3.30000 /11.75000 3.75000 6.60000 /
11.75000 3.75000 9.90000 /11.75000 4.25000 0.00000 /11.75000 4.25000 3.30000 /11.75000 4.25000 6.60000 /
11.75000 4.25000 9.90000 /11.75000 4.75000 0.00000 /11.75000 4.75000 3.30000 /11.75000 4.75000 6.60000 /
11.75000 4.75000 9.90000 /11.75000 5.25000 0.00000 /11.75000 5.25000 3.30000 /11.75000 5.25000 6.60000 /
11.75000 5.25000 9.90000 /11.75000 5.75000 0.00000 /11.75000 5.75000 3.30000 /11.75000 5.75000 6.60000 /
11.75000 5.75000 9.90000 /11.75000 6.25000 0.00000 /11.75000 6.25000 3.30000 /11.75000 6.25000 6.60000 /
11.75000 6.25000 9.90000 /11.75000 6.37500 -3.30000 /11.75000 6.75000 -3.30000 /11.75000 6.75000 0.00000 /
11.75000 6.75000 3.30000 /11.75000 6.75000 6.60000 /11.75000 6.75000 9.90000 /11.75000 7.12500 -3.30000 /
11.75000 7.25000 0.00000 /11.75000 7.25000 3.30000 /11.75000 7.25000 6.60000 /11.75000 7.25000 9.90000 /
11.75000 7.75000 0.00000 /11.75000 7.75000 3.30000 /11.75000 7.75000 6.60000 /11.75000 7.75000 9.90000 /
11.75000 8.25000 0.00000 /11.75000 8.25000 3.30000 /11.75000 8.25000 6.60000 /11.75000 8.25000 9.90000 /
11.75000 8.75000 0.00000 /11.75000 8.75000 3.30000 /11.75000 8.75000 6.60000 /11.75000 8.75000 9.90000 /
11.75000 9.25000 0.00000 /11.75000 9.25000 3.30000 /11.75000 9.25000 6.60000 /11.75000 9.25000 9.90000 /
11.75000 9.75000 0.00000 /11.75000 9.75000 3.30000 /11.75000 9.75000 6.60000 /11.75000 9.75000 9.90000 /
11.75000 10.25000 0.00000 /11.75000 10.25000 3.30000 /11.75000 10.25000 6.60000 /11.75000 10.25000 9.90000 /
11.75000 10.75000 0.00000 /11.75000 10.75000 3.30000 /11.75000 10.75000 6.60000 /11.75000 10.75000 9.90000 /
11.75000 11.25000 0.00000 /11.75000 11.25000 3.30000 /11.75000 11.25000 6.60000 /11.75000 11.25000 9.90000 /
11.75000 11.75000 0.00000 /11.75000 11.75000 3.30000 /11.75000 11.75000 6.60000 /11.75000 11.75000 9.90000 /
11.75000 12.25000 0.00000 /11.75000 12.25000 3.30000 /11.75000 12.25000 6.60000 /11.75000 12.25000 9.90000 /
11.75000 12.37500 -3.30000 /11.75000 12.75000 -3.30000 /11.75000 12.75000 -2.75000 /11.75000 12.75000 -2.20000 /
11.75000 12.75000 -1.65000 /11.75000 12.75000 -1.10000 /11.75000 12.75000 -0.55000 /11.75000 12.75000 0.00000 /
11.75000 12.75000 3.30000 /11.75000 12.75000 6.60000 /11.75000 12.75000 9.90000 /11.75000 13.12500 -3.30000 /
12.25000 0.37500 -3.30000 /12.25000 0.75000 -3.30000 /12.25000 0.75000 -2.75000 /12.25000 0.75000 -2.20000 /
12.25000 0.75000 -1.65000 /12.25000 0.75000 -1.10000 /12.25000 0.75000 -0.55000 /12.25000 0.75000 0.00000 /
12.25000 0.75000 3.30000 /12.25000 0.75000 6.60000 /12.25000 0.75000 9.90000 /12.25000 1.12500 -3.30000 /
12.25000 1.25000 0.00000 /12.25000 1.25000 3.30000 /12.25000 1.25000 6.60000 /12.25000 1.25000 9.90000 /
12.25000 1.75000 0.00000 /12.25000 1.75000 3.30000 /12.25000 1.75000 6.60000 /12.25000 1.75000 9.90000 /
12.25000 2.25000 0.00000 /12.25000 2.25000 3.30000 /12.25000 2.25000 6.60000 /12.25000 2.25000 9.90000 /
12.25000 2.75000 0.00000 /12.25000 2.75000 3.30000 /12.25000 2.75000 6.60000 /12.25000 2.75000 9.90000 /
12.25000 3.25000 0.00000 /12.25000 3.25000 3.30000 /12.25000 3.25000 6.60000 /12.25000 3.25000 9.90000 /
12.25000 3.75000 0.00000 /12.25000 3.75000 3.30000 /12.25000 3.75000 6.60000 /12.25000 3.75000 9.90000 /
12.25000 4.25000 0.00000 /12.25000 4.25000 3.30000 /12.25000 4.25000 6.60000 /12.25000 4.25000 9.90000 /
12.25000 4.75000 0.00000 /12.25000 4.75000 3.30000 /12.25000 4.75000 6.60000 /12.25000 4.75000 9.90000 /
12.25000 5.25000 0.00000 /12.25000 5.25000 3.30000 /12.25000 5.25000 6.60000 /12.25000 5.25000 9.90000 /
12.25000 5.75000 0.00000 /12.25000 5.75000 3.30000 /12.25000 5.75000 6.60000 /12.25000 5.75000 9.90000 /
12.25000 6.25000 0.00000 /12.25000 6.25000 3.30000 /12.25000 6.25000 6.60000 /12.25000 6.25000 9.90000 /
12.25000 6.37500 -3.30000 /12.25000 6.75000 -3.30000 /12.25000 6.75000 0.00000 /12.25000 6.75000 3.30000 /
12.25000 6.75000 6.60000 /12.25000 6.75000 9.90000 /12.25000 7.12500 -3.30000 /12.25000 7.25000 0.00000 /
12.25000 7.25000 3.30000 /12.25000 7.25000 6.60000 /12.25000 7.25000 9.90000 /12.25000 7.75000 0.00000 /
12.25000 7.75000 3.30000 /12.25000 7.75000 6.60000 /12.25000 7.75000 9.90000 /12.25000 8.25000 0.00000 /
12.25000 8.25000 3.30000 /12.25000 8.25000 6.60000 /12.25000 8.25000 9.90000 /12.25000 8.75000 0.00000 /
12.25000 8.75000 3.30000 /12.25000 8.75000 6.60000 /12.25000 8.75000 9.90000 /12.25000 9.25000 0.00000 /
12.25000 9.25000 3.30000 /12.25000 9.25000 6.60000 /12.25000 9.25000 9.90000 /12.25000 9.75000 0.00000 /
12.25000 9.75000 3.30000 /12.25000 9.75000 6.60000 /12.25000 9.75000 9.90000 /12.25000 10.25000 0.00000 /
12.25000 10.25000 3.30000 /12.25000 10.25000 6.60000 /12.25000 10.25000 9.90000 /12.25000 10.75000 0.00000 /
12.25000 10.75000 3.30000 /12.25000 10.75000 6.60000 /12.25000 10.75000 9.90000 /12.25000 11.25000 0.00000 /
12.25000 11.25000 3.30000 /12.25000 11.25000 6.60000 /12.25000 11.25000 9.90000 /12.25000 11.75000 0.00000 /
12.25000 11.75000 3.30000 /12.25000 11.75000 6.60000 /12.25000 11.75000 9.90000 /12.25000 12.25000 0.00000 /
12.25000 12.25000 3.30000 /12.25000 12.25000 6.60000 /12.25000 12.25000 9.90000 /12.25000 12.37500 -3.30000 /
12.25000 12.75000 -3.30000 /12.25000 12.75000 -2.75000 /12.25000 12.75000 -2.20000 /12.25000 12.75000 -1.65000 /
12.25000 12.75000 -1.10000 /12.25000 12.75000 -0.55000 /12.25000 12.75000 0.00000 /12.25000 12.75000 3.30000 /
12.25000 12.75000 6.60000 /12.25000 12.75000 9.90000 /12.25000 13.12500 -3.30000 /12.75000 0.37500 -3.30000 /
12.75000 0.75000 -3.30000 /12.75000 0.75000 -2.75000 /12.75000 0.75000 -2.20000 /12.75000 0.75000 -1.65000 /
12.75000 0.75000 -1.10000 /12.75000 0.75000 -0.55000 /12.75000 0.75000 0.00000 /12.75000 0.75000 3.30000 /
12.75000 0.75000 6.60000 /12.75000 0.75000 9.90000 /12.75000 1.12500 -3.30000 /12.75000 1.25000 0.00000 /
12.75000 1.25000 3.30000 /12.75000 1.25000 6.60000 /12.75000 1.25000 9.90000 /12.75000 1.75000 0.00000 /
12.75000 1.75000 3.30000 /12.75000 1.75000 6.60000 /12.75000 1.75000 9.90000 /12.75000 2.25000 0.00000 /
12.75000 2.25000 3.30000 /12.75000 2.25000 6.60000 /12.75000 2.25000 9.90000 /12.75000 2.75000 0.00000 /
12.75000 2.75000 3.30000 /12.75000 2.75000 6.60000 /12.75000 2.75000 9.90000 /12.75000 3.25000 0.00000 /
12.75000 3.25000 3.30000 /12.75000 3.25000 6.60000 /12.75000 3.25000 9.90000 /12.75000 3.75000 0.00000 /
12.75000 3.75000 3.30000 /12.75000 3.75000 6.60000 /12.75000 3.75000 9.90000 /12.75000 4.25000 0.00000 /
12.75000 4.25000 3.30000 /12.75000 4.25000 6.60000 /12.75000 4.25000 9.90000 /12.75000 4.75000 0.00000 /
12.75000 4.75000 3.30000 /12.75000 4.75000 6.60000 /12.75000 4.75000 9.90000 /12.75000 5.25000 0.00000 /
12.75000 5.25000 3.30000 /12.75000 5.25000 6.60000 /12.75000 5.25000 9.90000 /12.75000 5.75000 0.00000 /
12.75000 5.75000 3.30000 /12.75000 5.75000 6.60000 /12.75000 5.75000 9.90000 /12.75000 6.25000 0.00000 /
12.75000 6.25000 3.30000 /12.75000 6.25000 6.60000 /12.75000 6.25000 9.90000 /12.75000 6.37500 -3.30000 /
12.75000 6.75000 -3.30000 /12.75000 6.75000 0.00000 /12.75000 6.75000 3.30000 /12.75000 6.75000 6.60000 /
12.75000 6.75000 9.90000 /12.75000 7.12500 -3.30000 /12.75000 7.25000 0.00000 /12.75000 7.25000 3.30000 /
12.75000 7.25000 6.60000 /12.75000 7.25000 9.90000 /12.75000 7.75000 0.00000 /12.75000 7.75000 3.30000 /
12.75000 7.75000 6.60000 /12.75000 7.75000 9.90000 /12.75000 8.25000 0.00000 /12.75000 8.25000 3.30000 /
12.75000 8.25000 6.60000 /12.75000 8.25000 9.90000 /12.75000 8.75000 0.00000 /12.75000 8.75000 3.30000 /
12.75000 8.75000 6.60000 /12.75000 8.75000 9.90000 /12.75000 9.25000 0.00000 /12.75000 9.25000 3.30000 /
12.75000 9.25000 6.60000 /12.75000 9.25000 9.90000 /12.75000 9.75000 0.00000 /12.75000 9.75000 3.30000 /
12.75000 9.75000 6.60000 /12.75000 9.75000 9.90000 /12.75000 10.25000 0.00000 /12.75000 10.25000 3.30000 /
12.75000 10.25000 6.60000 /12.75000 10.25000 9.90000 /12.75000 10.75000 0.00000 /12.75000 10.75000 3.30000 /
12.75000 10.75000 6.60000 /12.75000 10.75000 9.90000 /12.75000 11.25000 0.00000 /12.75000 11.25000 3.30000 /
12.75000 11.25000 6.60000 /12.75000 11.25000 9.90000 /12.75000 11.75000 0.00000 /12.75000 11.75000 3.30000 /
12.75000 11.75000 6.60000 /12.75000 11.75000 9.90000 /12.75000 12.25000 0.00000 /12.75000 12.25000 3.30000 /
12.75000 12.25000 6.60000 /12.75000 12.25000 9.90000 /12.75000 12.37500 -3.30000 /12.75000 12.75000 -3.30000 /
12.75000 12.75000 -2.75000 /12.75000 12.75000 -2.20000 /12.75000 12.75000 -1.65000 /12.75000 12.75000 -1.10000 /
12.75000 12.75000 -0.55000 /12.75000 12.75000 0.00000 /12.75000 12.75000 3.30000 /12.75000 12.75000 6.60000 /
12.75000 12.75000 9.90000 /12.75000 13.12500 -3.30000 /13.25000 0.37500 -3.30000 /13.25000 0.75000 -3.30000 /
13.25000 0.75000 -2.75000 /13.25000 0.75000 -2.20000 /13.25000 0.75000 -1.65000 /13.25000 0.75000 -1.10000 /
13.25000 0.75000 -0.55000 /13.25000 0.75000 0.00000 /13.25000 0.75000 3.30000 /13.25000 0.75000 6.60000 /
13.25000 0.75000 9.90000 /13.25000 1.12500 -3.30000 /13.25000 1.25000 0.00000 /13.25000 1.25000 3.30000 /
13.25000 1.25000 6.60000 /13.25000 1.25000 9.90000 /13.25000 1.75000 0.00000 /13.25000 1.75000 3.30000 /
13.25000 1.75000 6.60000 /13.25000 1.75000 9.90000 /13.25000 2.25000 0.00000 /13.25000 2.25000 3.30000 /
13.25000 2.25000 6.60000 /13.25000 2.25000 9.90000 /13.25000 2.75000 0.00000 /13.25000 2.75000 3.30000 /
13.25000 2.75000 6.60000 /13.25000 2.75000 9.90000 /13.25000 3.25000 0.00000 /13.25000 3.25000 3.30000 /
13.25000 3.25000 6.60000 /13.25000 3.25000 9.90000 /13.25000 3.75000 0.00000 /13.25000 3.75000 3.30000 /
13.25000 3.75000 6.60000 /13.25000 3.75000 9.90000 /13.25000 4.25000 0.00000 /13.25000 4.25000 3.30000 /
13.25000 4.25000 6.60000 /13.25000 4.25000 9.90000 /13.25000 4.75000 0.00000 /13.25000 4.75000 3.30000 /
13.25000 4.75000 6.60000 /13.25000 4.75000 9.90000 /13.25000 5.25000 0.00000 /13.25000 5.25000 3.30000 /
13.25000 5.25000 6.60000 /13.25000 5.25000 9.90000 /13.25000 5.75000 0.00000 /13.25000 5.75000 3.30000 /
13.25000 5.75000 6.60000 /13.25000 5.75000 9.90000 /13.25000 6.25000 0.00000 /13.25000 6.25000 3.30000 /
13.25000 6.25000 6.60000 /13.25000 6.25000 9.90000 /13.25000 6.37500 -3.30000 /13.25000 6.75000 -3.30000 /
13.25000 6.75000 0.00000 /13.25000 6.75000 3.30000 /13.25000 6.75000 6.60000 /13.25000 6.75000 9.90000 /
13.25000 7.12500 -3.30000 /13.25000 7.25000 0.00000 /13.25000 7.25000 3.30000 /13.25000 7.25000 6.60000 /
13.25000 7.25000 9.90000 /13.25000 7.75000 0.00000 /13.25000 7.75000 3.30000 /13.25000 7.75000 6.60000 /
13.25000 7.75000 9.90000 /13.25000 8.25000 0.00000 /13.25000 8.25000 3.30000 /13.25000 8.25000 6.60000 /
13.25000 8.25000 9.90000 /13.25000 8.75000 0.00000 /13.25000 8.75000 3.30000 /13.25000 8.75000 6.60000 /
13.25000 8.75000 9.90000 /13.25000 9.25000 0.00000 /13.25000 9.25000 3.30000 /13.25000 9.25000 6.60000 /
13.25000 9.25000 9.90000 /13.25000 9.75000 0.00000 /13.25000 9.75000 3.30000 /13.25000 9.75000 6.60000 /
13.25000 9.75000 9.90000 /13.25000 10.25000 0.00000 /13.25000 10.25000 3.30000 /13.25000 10.25000 6.60000 /
13.25000 10.25000 9.90000 /13.25000 10.75000 0.00000 /13.25000 10.75000 3.30000 /13.25000 10.75000 6.60000 /
13.25000 10.75000 9.90000 /13.25000 11.25000 0.00000 /13.25000 11.25000 3.30000 /13.25000 11.25000 6.60000 /
13.25000 11.25000 9.90000 /13.25000 11.75000 0.00000 /13.25000 11.75000 3.30000 /13.25000 11.75000 6.60000 /
13.25000 11.75000 9.90000 /13.25000 12.25000 0.00000 /13.25000 12.25000 3.30000 /13.25000 12.25000 6.60000 /
13.25000 12.25000 9.90000 /13.25000 12.37500 -3.30000 /13.25000 12.75000 -3.30000 /13.25000 12.75000 -2.75000 /
13.25000 12.75000 -2.20000 /13.25000 12.75000 -1.65000 /13.25000 12.75000 -1.10000 /13.25000 12.75000 -0.55000 /
13.25000 12.75000 0.00000 /13.25000 12.75000 3.30000 /13.25000 12.75000 6.60000 /13.25000 12.75000 9.90000 /
13.25000 13.12500 -3.30000 /13.75000 0.37500 -3.30000 /13.75000 0.75000 -3.30000 /13.75000 0.75000 -2.75000 /
13.75000 0.75000 -2.20000 /13.75000 0.75000 -1.65000 /13.75000 0.75000 -1.10000 /13.75000 0.75000 -0.55000 /
13.75000 0.75000 0.00000 /13.75000 0.75000 3.30000 /13.75000 0.75000 6.60000 /13.75000 0.75000 9.90000 /
13.75000 1.12500 -3.30000 /13.75000 1.25000 0.00000 /13.75000 1.25000 3.30000 /13.75000 1.25000 6.60000 /
13.75000 1.25000 9.90000 /13.75000 1.75000 0.00000 /13.75000 1.75000 3.30000 /13.75000 1.75000 6.60000 /
13.75000 1.75000 9.90000 /13.75000 2.25000 0.00000 /13.75000 2.25000 3.30000 /13.75000 2.25000 6.60000 /
13.75000 2.25000 9.90000 /13.75000 2.75000 0.00000 /13.75000 2.75000 3.30000 /13.75000 2.75000 6.60000 /
13.75000 2.75000 9.90000 /13.75000 3.25000 0.00000 /13.75000 3.25000 3.30000 /13.75000 3.25000 6.60000 /
13.75000 3.25000 9.90000 /13.75000 3.75000 0.00000 /13.75000 3.75000 3.30000 /13.75000 3.75000 6.60000 /
13.75000 3.75000 9.90000 /13.75000 4.25000 0.00000 /13.75000 4.25000 3.30000 /13.75000 4.25000 6.60000 /
13.75000 4.25000 9.90000 /13.75000 4.75000 0.00000 /13.75000 4.75000 3.30000 /13.75000 4.75000 6.60000 /
13.75000 4.75000 9.90000 /13.75000 5.25000 0.00000 /13.75000 5.25000 3.30000 /13.75000 5.25000 6.60000 /
13.75000 5.25000 9.90000 /13.75000 5.75000 0.00000 /13.75000 5.75000 3.30000 /13.75000 5.75000 6.60000 /
13.75000 5.75000 9.90000 /13.75000 6.25000 0.00000 /13.75000 6.25000 3.30000 /13.75000 6.25000 6.60000 /
13.75000 6.25000 9.90000 /13.75000 6.37500 -3.30000 /13.75000 6.75000 -3.30000 /13.75000 6.75000 0.00000 /
13.75000 6.75000 3.30000 /13.75000 6.75000 6.60000 /13.75000 6.75000 9.90000 /13.75000 7.12500 -3.30000 /
13.75000 7.25000 0.00000 /13.75000 7.25000 3.30000 /13.75000 7.25000 6.60000 /13.75000 7.25000 9.90000 /
13.75000 7.75000 0.00000 /13.75000 7.75000 3.30000 /13.75000 7.75000 6.60000 /13.75000 7.75000 9.90000 /
13.75000 8.25000 0.00000 /13.75000 8.25000 3.30000 /13.75000 8.25000 6.60000 /13.75000 8.25000 9.90000 /
13.75000 8.75000 0.00000 /13.75000 8.75000 3.30000 /13.75000 8.75000 6.60000 /13.75000 8.75000 9.90000 /
13.75000 9.25000 0.00000 /13.75000 9.25000 3.30000 /13.75000 9.25000 6.60000 /13.75000 9.25000 9.90000 /
13.75000 9.75000 0.00000 /13.75000 9.75000 3.30000 /13.75000 9.75000 6.60000 /13.75000 9.75000 9.90000 /
13.75000 10.25000 0.00000 /13.75000 10.25000 3.30000 /13.75000 10.25000 6.60000 /13.75000 10.25000 9.90000 /
13.75000 10.75000 0.00000 /13.75000 10.75000 3.30000 /13.75000 10.75000 6.60000 /13.75000 10.75000 9.90000 /
13.75000 11.25000 0.00000 /13.75000 11.25000 3.30000 /13.75000 11.25000 6.60000 /13.75000 11.25000 9.90000 /
13.75000 11.75000 0.00000 /13.75000 11.75000 3.30000 /13.75000 11.75000 6.60000 /13.75000 11.75000 9.90000 /
13.75000 12.25000 0.00000 /13.75000 12.25000 3.30000 /13.75000 12.25000 6.60000 /13.75000 12.25000 9.90000 /
13.75000 12.37500 -3.30000 /13.75000 12.75000 -3.30000 /13.75000 12.75000 -2.75000 /13.75000 12.75000 -2.20000 /
13.75000 12.75000 -1.65000 /13.75000 12.75000 -1.10000 /13.75000 12.75000 -0.55000 /13.75000 12.75000 0.00000 /
13.75000 12.75000 3.30000 /13.75000 12.75000 6.60000 /13.75000 12.75000 9.90000 /13.75000 13.12500 -3.30000 /
14.25000 0.37500 -3.30000 /14.25000 0.75000 -3.30000 /14.25000 0.75000 -2.75000 /14.25000 0.75000 -2.20000 /
14.25000 0.75000 -1.65000 /14.25000 0.75000 -1.10000 /14.25000 0.75000 -0.55000 /14.25000 0.75000 0.00000 /
14.25000 0.75000 3.30000 /14.25000 0.75000 6.60000 /14.25000 0.75000 9.90000 /14.25000 1.12500 -3.30000 /
14.25000 1.25000 0.00000 /14.25000 1.25000 3.30000 /14.25000 1.25000 6.60000 /14.25000 1.25000 9.90000 /
14.25000 1.75000 0.00000 /14.25000 1.75000 3.30000 /14.25000 1.75000 6.60000 /14.25000 1.75000 9.90000 /
14.25000 2.25000 0.00000 /14.25000 2.25000 3.30000 /14.25000 2.25000 6.60000 /14.25000 2.25000 9.90000 /
14.25000 2.75000 0.00000 /14.25000 2.75000 3.30000 /14.25000 2.75000 6.60000 /14.25000 2.75000 9.90000 /
14.25000 3.25000 0.00000 /14.25000 3.25000 3.30000 /14.25000 3.25000 6.60000 /14.25000 3.25000 9.90000 /
14.25000 3.75000 0.00000 /14.25000 3.75000 3.30000 /14.25000 3.75000 6.60000 /14.25000 3.75000 9.90000 /
14.25000 4.25000 0.00000 /14.25000 4.25000 3.30000 /14.25000 4.25000 6.60000 /14.25000 4.25000 9.90000 /
14.25000 4.75000 0.00000 /14.25000 4.75000 3.30000 /14.25000 4.75000 6.60000 /14.25000 4.75000 9.90000 /
14.25000 5.25000 0.00000 /14.25000 5.25000 3.30000 /14.25000 5.25000 6.60000 /14.25000 5.25000 9.90000 /
14.25000 5.75000 0.00000 /14.25000 5.75000 3.30000 /14.25000 5.75000 6.60000 /14.25000 5.75000 9.90000 /
14.25000 6.25000 0.00000 /14.25000 6.25000 3.30000 /14.25000 6.25000 6.60000 /14.25000 6.25000 9.90000 /
14.25000 6.37500 -3.30000 /14.25000 6.75000 -3.30000 /14.25000 6.75000 0.00000 /14.25000 6.75000 3.30000 /
14.25000 6.75000 6.60000 /14.25000 6.75000 9.90000 /14.25000 7.12500 -3.30000 /14.25000 7.25000 0.00000 /
14.25000 7.25000 3.30000 /14.25000 7.25000 6.60000 /14.25000 7.25000 9.90000 /14.25000 7.75000 0.00000 /
14.25000 7.75000 3.30000 /14.25000 7.75000 6.60000 /14.25000 7.75000 9.90000 /14.25000 8.25000 0.00000 /
14.25000 8.25000 3.30000 /14.25000 8.25000 6.60000 /14.25000 8.25000 9.90000 /14.25000 8.75000 0.00000 /
14.25000 8.75000 3.30000 /14.25000 8.75000 6.60000 /14.25000 8.75000 9.90000 /14.25000 9.25000 0.00000 /
14.25000 9.25000 3.30000 /14.25000 9.25000 6.60000 /14.25000 9.25000 9.90000 /14.25000 9.75000 0.00000 /
14.25000 9.75000 3.30000 /14.25000 9.75000 6.60000 /14.25000 9.75000 9.90000 /14.25000 10.25000 0.00000 /
14.25000 10.25000 3.30000 /14.25000 10.25000 6.60000 /14.25000 10.25000 9.90000 /14.25000 10.75000 0.00000 /
14.25000 10.75000 3.30000 /14.25000 10.75000 6.60000 /14.25000 10.75000 9.90000 /14.25000 11.25000 0.00000 /
14.25000 11.25000 3.30000 /14.25000 11.25000 6.60000 /14.25000 11.25000 9.90000 /14.25000 11.75000 0.00000 /
14.25000 11.75000 3.30000 /14.25000 11.75000 6.60000 /14.25000 11.75000 9.90000 /14.25000 12.25000 0.00000 /
14.25000 12.25000 3.30000 /14.25000 12.25000 6.60000 /14.25000 12.25000 9.90000 /14.25000 12.37500 -3.30000 /
14.25000 12.75000 -3.30000 /14.25000 12.75000 -2.75000 /14.25000 12.75000 -2.20000 /14.25000 12.75000 -1.65000 /
14.25000 12.75000 -1.10000 /14.25000 12.75000 -0.55000 /14.25000 12.75000 0.00000 /14.25000 12.75000 3.30000 /
14.25000 12.75000 6.60000 /14.25000 12.75000 9.90000 /14.25000 13.12500 -3.30000 /14.75000 0.37500 -3.30000 /
14.75000 0.75000 -3.30000 /14.75000 0.75000 -2.75000 /14.75000 0.75000 -2.20000 /14.75000 0.75000 -1.65000 /
14.75000 0.75000 -1.10000 /14.75000 0.75000 -0.55000 /14.75000 0.75000 0.00000 /14.75000 0.75000 3.30000 /
14.75000 0.75000 6.60000 /14.75000 0.75000 9.90000 /14.75000 1.12500 -3.30000 /14.75000 1.25000 0.00000 /
14.75000 1.25000 3.30000 /14.75000 1.25000 6.60000 /14.75000 1.25000 9.90000 /14.75000 1.75000 0.00000 /
14.75000 1.75000 3.30000 /14.75000 1.75000 6.60000 /14.75000 1.75000 9.90000 /14.75000 2.25000 0.00000 /
14.75000 2.25000 3.30000 /14.75000 2.25000 6.60000 /14.75000 2.25000 9.90000 /14.75000 2.75000 0.00000 /
14.75000 2.75000 3.30000 /14.75000 2.75000 6.60000 /14.75000 2.75000 9.90000 /14.75000 3.25000 0.00000 /
14.75000 3.25000 3.30000 /14.75000 3.25000 6.60000 /14.75000 3.25000 9.90000 /14.75000 3.75000 0.00000 /
14.75000 3.75000 3.30000 /14.75000 3.75000 6.60000 /14.75000 3.75000 9.90000 /14.75000 4.25000 0.00000 /
14.75000 4.25000 3.30000 /14.75000 4.25000 6.60000 /14.75000 4.25000 9.90000 /14.75000 4.75000 0.00000 /
14.75000 4.75000 3.30000 /14.75000 4.75000 6.60000 /14.75000 4.75000 9.90000 /14.75000 5.25000 0.00000 /
14.75000 5.25000 3.30000 /14.75000 5.25000 6.60000 /14.75000 5.25000 9.90000 /14.75000 5.75000 0.00000 /
14.75000 5.75000 3.30000 /14.75000 5.75000 6.60000 /14.75000 5.75000 9.90000 /14.75000 6.25000 0.00000 /
14.75000 6.25000 3.30000 /14.75000 6.25000 6.60000 /14.75000 6.25000 9.90000 /14.75000 6.37500 -3.30000 /
14.75000 6.75000 -3.30000 /14.75000 6.75000 0.00000 /14.75000 6.75000 3.30000 /14.75000 6.75000 6.60000 /
14.75000 6.75000 9.90000 /14.75000 7.12500 -3.30000 /14.75000 7.25000 0.00000 /14.75000 7.25000 3.30000 /
14.75000 7.25000 6.60000 /14.75000 7.25000 9.90000 /14.75000 7.75000 0.00000 /14.75000 7.75000 3.30000 /
14.75000 7.75000 6.60000 /14.75000 7.75000 9.90000 /14.75000 8.25000 0.00000 /14.75000 8.25000 3.30000 /
14.75000 8.25000 6.60000 /14.75000 8.25000 9.90000 /14.75000 8.75000 0.00000 /14.75000 8.75000 3.30000 /
14.75000 8.75000 6.60000 /14.75000 8.75000 9.90000 /14.75000 9.25000 0.00000 /14.75000 9.25000 3.30000 /
14.75000 9.25000 6.60000 /14.75000 9.25000 9.90000 /14.75000 9.75000 0.00000 /14.75000 9.75000 3.30000 /
14.75000 9.75000 6.60000 /14.75000 9.75000 9.90000 /14.75000 10.25000 0.00000 /14.75000 10.25000 3.30000 /
14.75000 10.25000 6.60000 /14.75000 10.25000 9.90000 /14.75000 10.75000 0.00000 /14.75000 10.75000 3.30000 /
14.75000 10.75000 6.60000 /14.75000 10.75000 9.90000 /14.75000 11.25000 0.00000 /14.75000 11.25000 3.30000 /
14.75000 11.25000 6.60000 /14.75000 11.25000 9.90000 /14.75000 11.75000 0.00000 /14.75000 11.75000 3.30000 /
14.75000 11.75000 6.60000 /14.75000 11.75000 9.90000 /14.75000 12.25000 0.00000 /14.75000 12.25000 3.30000 /
14.75000 12.25000 6.60000 /14.75000 12.25000 9.90000 /14.75000 12.37500 -3.30000 /14.75000 12.75000 -3.30000 /
14.75000 12.75000 -2.75000 /14.75000 12.75000 -2.20000 /14.75000 12.75000 -1.65000 /14.75000 12.75000 -1.10000 /
14.75000 12.75000 -0.55000 /14.75000 12.75000 0.00000 /14.75000 12.75000 3.30000 /14.75000 12.75000 6.60000 /
14.75000 12.75000 9.90000 /14.75000 13.12500 -3.30000 /15.25000 0.37500 -3.30000 /15.25000 0.75000 -3.30000 /
15.25000 0.75000 -2.75000 /15.25000 0.75000 -2.20000 /15.25000 0.75000 -1.65000 /15.25000 0.75000 -1.10000 /
15.25000 0.75000 -0.55000 /15.25000 0.75000 0.00000 /15.25000 0.75000 3.30000 /15.25000 0.75000 6.60000 /
15.25000 0.75000 9.90000 /15.25000 1.25000 -3.30000 /15.25000 1.25000 0.00000 /15.25000 1.25000 3.30000 /
15.25000 1.25000 6.60000 /15.25000 1.25000 9.90000 /15.25000 1.75000 0.00000 /15.25000 1.75000 3.30000 /
15.25000 1.75000 6.60000 /15.25000 1.75000 9.90000 /15.25000 2.25000 0.00000 /15.25000 2.25000 3.30000 /
15.25000 2.25000 6.60000 /15.25000 2.25000 9.90000 /15.25000 2.75000 0.00000 /15.25000 2.75000 3.30000 /
15.25000 2.75000 6.60000 /15.25000 2.75000 9.90000 /15.25000 3.25000 0.00000 /15.25000 3.25000 3.30000 /
15.25000 3.25000 6.60000 /15.25000 3.25000 9.90000 /15.25000 3.75000 0.00000 /15.25000 3.75000 3.30000 /
15.25000 3.75000 6.60000 /15.25000 3.75000 9.90000 /15.25000 4.25000 0.00000 /15.25000 4.25000 3.30000 /
15.25000 4.25000 6.60000 /15.25000 4.25000 9.90000 /15.25000 4.75000 0.00000 /15.25000 4.75000 3.30000 /
15.25000 4.75000 6.60000 /15.25000 4.75000 9.90000 /15.25000 5.25000 0.00000 /15.25000 5.25000 3.30000 /
15.25000 5.25000 6.60000 /15.25000 5.25000 9.90000 /15.25000 5.75000 0.00000 /15.25000 5.75000 3.30000 /
15.25000 5.75000 6.60000 /15.25000 5.75000 9.90000 /15.25000 6.25000 -3.30000 /15.25000 6.25000 0.00000 /
15.25000 6.25000 3.30000 /15.25000 6.25000 6.60000 /15.25000 6.25000 9.90000 /15.25000 6.75000 -3.30000 /
15.25000 6.75000 0.00000 /15.25000 6.75000 3.30000 /15.25000 6.75000 6.60000 /15.25000 6.75000 9.90000 /
15.25000 7.25000 -3.30000 /15.25000 7.25000 0.00000 /15.25000 7.25000 3.30000 /15.25000 7.25000 6.60000 /
15.25000 7.25000 9.90000 /15.25000 7.75000 0.00000 /15.25000 7.75000 3.30000 /15.25000 7.75000 6.60000 /
15.25000 7.75000 9.90000 /15.25000 8.25000 0.00000 /15.25000 8.25000 3.30000 /15.25000 8.25000 6.60000 /
15.25000 8.25000 9.90000 /15.25000 8.75000 0.00000 /15.25000 8.75000 3.30000 /15.25000 8.75000 6.60000 /
15.25000 8.75000 9.90000 /15.25000 9.25000 0.00000 /15.25000 9.25000 3.30000 /15.25000 9.25000 6.60000 /
15.25000 9.25000 9.90000 /15.25000 9.75000 0.00000 /15.25000 9.75000 3.30000 /15.25000 9.75000 6.60000 /
15.25000 9.75000 9.90000 /15.25000 10.25000 0.00000 /15.25000 10.25000 3.30000 /15.25000 10.25000 6.60000 /
15.25000 10.25000 9.90000 /15.25000 10.75000 0.00000 /15.25000 10.75000 3.30000 /15.25000 10.75000 6.60000 /
15.25000 10.75000 9.90000 /15.25000 11.25000 0.00000 /15.25000 11.25000 3.30000 /15.25000 11.25000 6.60000 /
15.25000 11.25000 9.90000 /15.25000 11.75000 0.00000 /15.25000 11.75000 3.30000 /15.25000 11.75000 6.60000 /
15.25000 11.75000 9.90000 /15.25000 12.25000 -3.30000 /15.25000 12.25000 0.00000 /15.25000 12.25000 3.30000 /
15.25000 12.25000 6.60000 /15.25000 12.25000 9.90000 /15.25000 12.75000 -3.30000 /15.25000 12.75000 -2.75000 /
15.25000 12.75000 -2.20000 /15.25000 12.75000 -1.65000 /15.25000 12.75000 -1.10000 /15.25000 12.75000 -0.55000 /
15.25000 12.75000 0.00000 /15.25000 12.75000 3.30000 /15.25000 12.75000 6.60000 /15.25000 12.75000 9.90000 /
15.25000 13.12500 -3.30000 /15.37500 1.75000 -3.30000 /15.37500 2.25000 -3.30000 /15.37500 2.75000 -3.30000 /
15.37500 3.25000 -3.30000 /15.37500 3.75000 -3.30000 /15.37500 4.25000 -3.30000 /15.37500 4.75000 -3.30000 /
15.37500 5.25000 -3.30000 /15.37500 5.75000 -3.30000 /15.37500 7.75000 -3.30000 /15.37500 8.25000 -3.30000 /
15.37500 8.75000 -3.30000 /15.37500 9.25000 -3.30000 /15.37500 9.75000 -3.30000 /15.37500 10.25000 -3.30000 /
15.37500 10.75000 -3.30000 /15.37500 11.25000 -3.30000 /15.37500 11.75000 -3.30000 /15.75000 0.37500 -3.30000 /
15.75000 0.75000 -3.30000 /15.75000 0.75000 -2.75000 /15.75000 0.75000 -2.20000 /15.75000 0.75000 -1.65000 /
15.75000 0.75000 -1.10000 /15.75000 0.75000 -0.55000 /15.75000 0.75000 0.00000 /15.75000 0.75000 3.30000 /
15.75000 0.75000 6.60000 /15.75000 0.75000 9.90000 /15.75000 1.25000 -3.30000 /15.75000 1.25000 -2.75000 /
15.75000 1.25000 -2.20000 /15.75000 1.25000 -1.65000 /15.75000 1.25000 -1.10000 /15.75000 1.25000 -0.55000 /
15.75000 1.25000 0.00000 /15.75000 1.25000 3.30000 /15.75000 1.25000 6.60000 /15.75000 1.25000 9.90000 /
15.75000 1.75000 -3.30000 /15.75000 1.75000 -2.75000 /15.75000 1.75000 -2.20000 /15.75000 1.75000 -1.65000 /
15.75000 1.75000 -1.10000 /15.75000 1.75000 -0.55000 /15.75000 1.75000 0.00000 /15.75000 1.75000 3.30000 /
15.75000 1.75000 6.60000 /15.75000 1.75000 9.90000 /15.75000 2.25000 -3.30000 /15.75000 2.25000 -2.75000 /
15.75000 2.25000 -2.20000 /15.75000 2.25000 -1.65000 /15.75000 2.25000 -0.55000 /15.75000 2.25000 0.00000 /
15.75000 2.25000 3.30000 /15.75000 2.25000 6.60000 /15.75000 2.25000 9.90000 /15.75000 2.75000 -3.30000 /
15.75000 2.75000 -2.75000 /15.75000 2.75000 -2.20000 /15.75000 2.75000 -1.65000 /15.75000 2.75000 -0.55000 /
15.75000 2.75000 0.00000 /15.75000 2.75000 3.30000 /15.75000 2.75000 6.60000 /15.75000 2.75000 9.90000 /
15.75000 3.25000 -3.30000 /15.75000 3.25000 -2.75000 /15.75000 3.25000 -2.20000 /15.75000 3.25000 -1.65000 /
15.75000 3.25000 -1.10000 /15.75000 3.25000 -0.55000 /15.75000 3.25000 0.00000 /15.75000 3.25000 3.30000 /
15.75000 3.25000 6.60000 /15.75000 3.25000 9.90000 /15.75000 3.75000 -3.30000 /15.75000 3.75000 -2.75000 /
15.75000 3.75000 -2.20000 /15.75000 3.75000 -1.65000 /15.75000 3.75000 -1.10000 /15.75000 3.75000 -0.55000 /
15.75000 3.75000 0.00000 /15.75000 3.75000 3.30000 /15.75000 3.75000 6.60000 /15.75000 3.75000 9.90000 /
15.75000 4.25000 -3.30000 /15.75000 4.25000 -2.75000 /15.75000 4.25000 -2.20000 /15.75000 4.25000 -1.65000 /
15.75000 4.25000 -1.10000 /15.75000 4.25000 -0.55000 /15.75000 4.25000 0.00000 /15.75000 4.25000 3.30000 /
15.75000 4.25000 6.60000 /15.75000 4.25000 9.90000 /15.75000 4.75000 -3.30000 /15.75000 4.75000 -2.75000 /
15.75000 4.75000 -2.20000 /15.75000 4.75000 -1.65000 /15.75000 4.75000 -0.55000 /15.75000 4.75000 0.00000 /
15.75000 4.75000 3.30000 /15.75000 4.75000 6.60000 /15.75000 4.75000 9.90000 /15.75000 5.25000 -3.30000 /
15.75000 5.25000 -2.75000 /15.75000 5.25000 -2.20000 /15.75000 5.25000 -1.65000 /15.75000 5.25000 -0.55000 /
15.75000 5.25000 0.00000 /15.75000 5.25000 3.30000 /15.75000 5.25000 6.60000 /15.75000 5.25000 9.90000 /
15.75000 5.75000 -3.30000 /15.75000 5.75000 -2.75000 /15.75000 5.75000 -2.20000 /15.75000 5.75000 -1.65000 /
15.75000 5.75000 -1.10000 /15.75000 5.75000 -0.55000 /15.75000 5.75000 0.00000 /15.75000 5.75000 3.30000 /
15.75000 5.75000 6.60000 /15.75000 5.75000 9.90000 /15.75000 6.25000 -3.30000 /15.75000 6.25000 -2.75000 /
15.75000 6.25000 -2.20000 /15.75000 6.25000 -1.65000 /15.75000 6.25000 -1.10000 /15.75000 6.25000 -0.55000 /
15.75000 6.25000 0.00000 /15.75000 6.25000 3.30000 /15.75000 6.25000 6.60000 /15.75000 6.25000 9.90000 /
15.75000 6.75000 -3.30000 /15.75000 6.75000 -2.75000 /15.75000 6.75000 -2.20000 /15.75000 6.75000 -1.65000 /
15.75000 6.75000 -1.10000 /15.75000 6.75000 -0.55000 /15.75000 6.75000 0.00000 /15.75000 6.75000 3.30000 /
15.75000 6.75000 6.60000 /15.75000 6.75000 9.90000 /15.75000 7.25000 -3.30000 /15.75000 7.25000 -2.75000 /
15.75000 7.25000 -2.20000 /15.75000 7.25000 -1.65000 /15.75000 7.25000 -1.10000 /15.75000 7.25000 -0.55000 /
15.75000 7.25000 0.00000 /15.75000 7.25000 3.30000 /15.75000 7.25000 6.60000 /15.75000 7.25000 9.90000 /
15.75000 7.75000 -3.30000 /15.75000 7.75000 -2.75000 /15.75000 7.75000 -2.20000 /15.75000 7.75000 -1.65000 /
15.75000 7.75000 -1.10000 /15.75000 7.75000 -0.55000 /15.75000 7.75000 0.00000 /15.75000 7.75000 3.30000 /
15.75000 7.75000 6.60000 /15.75000 7.75000 9.90000 /15.75000 8.25000 -3.30000 /15.75000 8.25000 -2.75000 /
15.75000 8.25000 -2.20000 /15.75000 8.25000 -1.65000 /15.75000 8.25000 -1.10000 /15.75000 8.25000 -0.55000 /
15.75000 8.25000 0.00000 /15.75000 8.25000 3.30000 /15.75000 8.25000 6.60000 /15.75000 8.25000 9.90000 /
15.75000 8.75000 -3.30000 /15.75000 8.75000 -2.75000 /15.75000 8.75000 -2.20000 /15.75000 8.75000 -1.65000 /
15.75000 8.75000 -1.10000 /15.75000 8.75000 -0.55000 /15.75000 8.75000 0.00000 /15.75000 8.75000 3.30000 /
15.75000 8.75000 6.60000 /15.75000 8.75000 9.90000 /15.75000 9.25000 -3.30000 /15.75000 9.25000 -2.75000 /
15.75000 9.25000 -2.20000 /15.75000 9.25000 -1.65000 /15.75000 9.25000 -1.10000 /15.75000 9.25000 -0.55000 /
15.75000 9.25000 0.00000 /15.75000 9.25000 3.30000 /15.75000 9.25000 6.60000 /15.75000 9.25000 9.90000 /
15.75000 9.75000 -3.30000 /15.75000 9.75000 -2.75000 /15.75000 9.75000 -2.20000 /15.75000 9.75000 -1.65000 /
15.75000 9.75000 -1.10000 /15.75000 9.75000 -0.55000 /15.75000 9.75000 0.00000 /15.75000 9.75000 3.30000 /
15.75000 9.75000 6.60000 /15.75000 9.75000 9.90000 /15.75000 10.25000 -3.30000 /15.75000 10.25000 -2.75000 /
15.75000 10.25000 -2.20000 /15.75000 10.25000 -1.65000 /15.75000 10.25000 -1.10000 /15.75000 10.25000 -0.55000 /
15.75000 10.25000 0.00000 /15.75000 10.25000 3.30000 /15.75000 10.25000 6.60000 /15.75000 10.25000 9.90000 /
15.75000 10.75000 -3.30000 /15.75000 10.75000 -2.75000 /15.75000 10.75000 -2.20000 /15.75000 10.75000 -1.65000 /
15.75000 10.75000 -1.10000 /15.75000 10.75000 -0.55000 /15.75000 10.75000 0.00000 /15.75000 10.75000 3.30000 /
15.75000 10.75000 6.60000 /15.75000 10.75000 9.90000 /15.75000 11.25000 -3.30000 /15.75000 11.25000 -2.75000 /
15.75000 11.25000 -2.20000 /15.75000 11.25000 -1.65000 /15.75000 11.25000 -1.10000 /15.75000 11.25000 -0.55000 /
15.75000 11.25000 0.00000 /15.75000 11.25000 3.30000 /15.75000 11.25000 6.60000 /15.75000 11.25000 9.90000 /
15.75000 11.75000 -3.30000 /15.75000 11.75000 -2.75000 /15.75000 11.75000 -2.20000 /15.75000 11.75000 -1.65000 /
15.75000 11.75000 -1.10000 /15.75000 11.75000 -0.55000 /15.75000 11.75000 0.00000 /15.75000 11.75000 3.30000 /
15.75000 11.75000 6.60000 /15.75000 11.75000 9.90000 /15.75000 12.25000 -3.30000 /15.75000 12.25000 -2.75000 /
15.75000 12.25000 -2.20000 /15.75000 12.25000 -1.65000 /15.75000 12.25000 -1.10000 /15.75000 12.25000 -0.55000 /
15.75000 12.25000 0.00000 /15.75000 12.25000 3.30000 /15.75000 12.25000 6.60000 /15.75000 12.25000 9.90000 /
15.75000 12.75000 -3.30000 /15.75000 12.75000 -2.75000 /15.75000 12.75000 -2.20000 /15.75000 12.75000 -1.65000 /
15.75000 12.75000 -1.10000 /15.75000 12.75000 -0.55000 /15.75000 12.75000 0.00000 /15.75000 12.75000 3.30000 /
15.75000 12.75000 6.60000 /15.75000 12.75000 9.90000 /15.75000 13.12500 -3.30000 /16.12500 0.37500 -3.30000 /
16.12500 0.75000 -3.30000 /16.12500 1.25000 -3.30000 /16.12500 1.75000 -3.30000 /16.12500 2.25000 -3.30000 /
16.12500 2.75000 -3.30000 /16.12500 3.25000 -3.30000 /16.12500 3.75000 -3.30000 /16.12500 4.25000 -3.30000 /
16.12500 4.75000 -3.30000 /16.12500 5.25000 -3.30000 /16.12500 5.75000 -3.30000 /16.12500 6.25000 -3.30000 /
16.12500 6.75000 -3.30000 /16.12500 7.25000 -3.30000 /16.12500 7.75000 -3.30000 /16.12500 8.25000 -3.30000 /
16.12500 8.75000 -3.30000 /16.12500 9.25000 -3.30000 /16.12500 9.75000 -3.30000 /16.12500 10.25000 -3.30000 /
16.12500 10.75000 -3.30000 /16.12500 11.25000 -3.30000 /16.12500 11.75000 -3.30000 /16.12500 12.25000 -3.30000 /
16.12500 12.75000 -3.30000 /16.12500 13.12500 -3.30000 /
 )
( 5/
29 1 2 /
39 1 2 /
49 1 2 /
59 1 2 /
68 1 2 /
77 1 2 /
87 1 2 /
97 1 2 /
107 1 2 /
116 1 2 /
125 1 2 /
135 1 2 /
145 1 2 /
155 1 2 /
165 1 2 /
175 1 2 /
184 1 2 /
193 1 2 /
203 1 2 /
213 1 2 /
223 1 2 /
232 1 2 /
241 1 2 /
251 1 2 /
261 1 2 /
291 1 2 /
398 1 2 /
410 1 2 /
517 1 2 /
529 1 2 /
636 1 2 /
648 1 2 /
755 1 2 /
767 1 2 /
874 1 2 /
886 1 2 /
993 1 2 /
1005 1 2 /
1112 1 2 /
1124 1 2 /
1231 1 2 /
1243 1 2 /
1350 1 2 /
1376 1 2 /
1441 1 2 /
1501 1 2 /
1531 1 2 /
1608 1 2 /
1650 1 2 /
1724 1 2 /
1794 1 2 3 5 6 /
1799 1 2 /
1882 1 2 /
1922 1 2 3 5 6 /
1924 1 2 /
2007 1 2 /
2019 1 2 /
2085 1 2 3 5 6 /
2150 1 2 /
2162 1 2 /
2245 1 2 /
2286 1 2 /
2369 1 2 /
2446 1 2 /
2520 1 2 /
2562 1 2 /
2639 1 2 /
2669 1 2 /
2734 1 2 /
2794 1 2 /
2824 1 2 /
2931 1 2 /
2943 1 2 /
3050 1 2 /
3062 1 2 /
3169 1 2 /
3181 1 2 /
3288 1 2 /
3300 1 2 /
3407 1 2 /
3419 1 2 /
3526 1 2 /
3538 1 2 /
3645 1 2 /
3657 1 2 /
3764 1 2 /
3776 1 2 /
3883 1 2 /
3913 1 2 /
3923 1 2 /
3933 1 2 /
3943 1 2 /
3952 1 2 /
3961 1 2 /
3971 1 2 /
3981 1 2 /
3991 1 2 /
4000 1 2 /
4009 1 2 /
4019 1 2 /
4029 1 2 /
4039 1 2 /
4049 1 2 /
4059 1 2 /
4069 1 2 /
4079 1 2 /
4089 1 2 /
4099 1 2 /
4109 1 2 /
4119 1 2 /
4129 1 2 /
4139 1 2 /
4149 1 2 /

 )

( 6/
 1 16 3 1 1 / 2 16 3 1 1 / 3 16 3 1 1 / 4 16 3 1 1 /
 5 16 3 1 1 / 6 16 3 1 1 / 7 16 3 1 1 / 8 16 3 1 1 /
 9 16 3 1 1 / 10 16 3 1 1 / 11 16 3 1 1 / 12 16 3 1 1 /
 13 16 3 1 1 / 14 16 3 1 1 / 15 16 3 1 1 / 16 16 3 1 1 /
 17 16 3 1 1 / 18 16 3 1 1 / 19 16 3 1 1 / 20 16 3 1 1 /
 21 16 3 1 1 / 22 16 3 1 1 / 23 16 3 1 1 / 24 16 3 1 1 /
 25 16 3 1 1 / 26 16 3 1 1 / 27 16 3 2 1 / 28 16 3 2 1 /
 29 16 3 2 1 / 30 16 3 2 1 / 31 16 3 2 1 / 32 16 3 2 1 /
 33 16 3 2 1 / 34 16 3 2 1 / 35 16 3 2 1 / 36 17 1 3 2 /
 36 16 3 4 1 / 37 17 1 5 2 / 37 16 3 4 1 / 38 17 1 6 2 /
 38 16 3 4 1 / 39 17 1 7 2 / 39 16 3 4 1 / 40 17 1 8 2 /
 40 16 3 4 1 / 41 16 3 4 1 / 42 16 3 2 1 / 43 16 3 2 1 /
 44 16 3 2 1 / 45 16 3 2 1 / 46 17 1 3 2 / 46 16 3 4 1 /
 47 17 1 5 2 / 47 16 3 4 1 / 48 17 1 6 2 / 48 16 3 4 1 /
 49 17 1 7 2 / 49 16 3 4 1 / 50 17 1 8 2 / 50 16 3 4 1 /
 51 16 3 4 1 / 52 16 3 2 1 / 53 16 3 2 1 / 54 16 3 2 1 /
 55 16 3 2 1 / 56 17 1 3 2 / 56 16 3 4 1 / 57 17 1 5 2 /
 57 16 3 4 1 / 58 17 1 6 2 / 58 16 3 4 1 / 59 16 3 4 1 /
 60 16 3 2 1 / 61 16 3 2 1 / 62 16 3 2 1 / 63 16 3 2 1 /
 64 17 1 3 2 / 64 16 3 4 1 / 65 17 1 5 2 / 65 16 3 4 1 /
 66 17 1 6 2 / 66 16 3 4 1 / 67 16 3 4 1 / 68 16 3 2 1 /
 69 16 3 2 1 / 70 16 3 2 1 / 71 16 3 2 1 / 72 17 1 3 2 /
 72 16 3 4 1 / 73 17 1 5 2 / 73 16 3 4 1 / 74 17 1 6 2 /
 74 16 3 4 1 / 75 16 3 4 1 / 76 16 3 2 1 / 77 16 3 2 1 /
 78 16 3 2 1 / 79 16 3 2 1 / 80 17 1 3 2 / 80 16 3 4 1 /
 81 17 1 5 2 / 81 16 3 4 1 / 82 17 1 6 2 / 82 16 3 4 1 /
 83 17 1 7 2 / 83 16 3 4 1 / 84 17 1 8 2 / 84 16 3 4 1 /
 85 16 3 4 1 / 86 16 3 2 1 / 87 16 3 2 1 / 88 16 3 2 1 /
 89 16 3 2 1 / 90 17 1 3 2 / 90 16 3 4 1 / 91 17 1 5 2 /
 91 16 3 4 1 / 92 17 1 6 2 / 92 16 3 4 1 / 93 17 1 7 2 /
 93 16 3 4 1 / 94 17 1 8 2 / 94 16 3 4 1 / 95 16 3 4 1 /
 96 16 3 2 1 / 97 16 3 2 1 / 98 16 3 2 1 / 99 16 3 2 1 /
 100 17 1 3 2 / 100 16 3 4 1 / 101 17 1 5 2 / 101 16 3 4 1 /
 102 17 1 6 2 / 102 16 3 4 1 / 103 16 3 4 1 / 104 16 3 2 1 /
 105 16 3 2 1 / 106 16 3 2 1 / 107 16 3 2 1 / 108 17 1 3 2 /
 108 16 3 4 1 / 109 17 1 5 2 / 109 16 3 4 1 / 110 17 1 6 2 /
 110 16 3 4 1 / 111 16 3 4 1 / 112 16 3 2 1 / 113 16 3 2 1 /
 114 16 3 2 1 / 115 16 3 2 1 / 116 17 1 3 2 / 116 16 3 4 1 /
 117 17 1 5 2 / 117 16 3 4 1 / 118 17 1 6 2 / 118 16 3 4 1 /
 119 16 3 4 1 / 120 16 3 2 1 / 121 16 3 2 1 / 122 16 3 2 1 /
 123 16 3 2 1 / 124 17 1 3 2 / 124 16 3 4 1 / 125 17 1 5 2 /
 125 16 3 4 1 / 126 17 1 6 2 / 126 16 3 4 1 / 127 17 1 7 2 /
 127 16 3 4 1 / 128 17 1 8 2 / 128 16 3 4 1 / 129 16 3 4 1 /
 130 16 3 2 1 / 131 16 3 2 1 / 132 16 3 2 1 / 133 16 3 2 1 /
 134 17 1 3 2 / 134 16 3 4 1 / 135 17 1 5 2 / 135 16 3 4 1 /
 136 17 1 6 2 / 136 16 3 4 1 / 137 17 1 7 2 / 137 16 3 4 1 /
 138 17 1 8 2 / 138 16 3 4 1 / 139 16 3 4 1 / 140 16 3 2 1 /
 141 16 3 2 1 / 142 16 3 2 1 / 143 16 3 2 1 / 144 16 3 2 1 /
 145 16 3 2 1 / 146 16 3 2 1 / 147 16 3 2 1 / 148 16 3 2 1 /
 149 16 3 2 1 / 150 16 3 2 1 / 151 16 3 2 1 / 152 16 3 2 1 /
 153 17 1 3 2 / 153 16 3 4 1 / 154 17 1 5 2 / 154 16 3 4 1 /
 155 17 1 6 2 / 155 16 3 4 1 / 156 17 1 7 2 / 156 16 3 4 1 /
 157 17 1 8 2 / 157 16 3 4 1 / 158 16 3 4 1 / 159 16 3 2 1 /
 160 16 3 2 1 / 161 16 3 2 1 / 162 16 3 2 1 / 163 17 1 3 2 /
 163 16 3 4 1 / 164 17 1 5 2 / 164 16 3 4 1 / 165 17 1 6 2 /
 165 16 3 4 1 / 166 17 1 7 2 / 166 16 3 4 1 / 167 17 1 8 2 /
 167 16 3 4 1 / 168 16 3 4 1 / 169 16 3 2 1 / 170 16 3 2 1 /
 171 16 3 2 1 / 172 16 3 2 1 / 173 17 1 3 2 / 173 16 3 4 1 /
 174 17 1 5 2 / 174 16 3 4 1 / 175 17 1 6 2 / 175 16 3 4 1 /
 176 16 3 4 1 / 177 16 3 2 1 / 178 16 3 2 1 / 179 16 3 2 1 /
 180 16 3 2 1 / 181 17 1 3 2 / 181 16 3 4 1 / 182 17 1 5 2 /
 182 16 3 4 1 / 183 17 1 6 2 / 183 16 3 4 1 / 184 16 3 4 1 /
 185 16 3 2 1 / 186 16 3 2 1 / 187 16 3 2 1 / 188 16 3 2 1 /
 189 17 1 3 2 / 189 16 3 4 1 / 190 17 1 5 2 / 190 16 3 4 1 /
 191 17 1 6 2 / 191 16 3 4 1 / 192 16 3 4 1 / 193 16 3 2 1 /
 194 16 3 2 1 / 195 16 3 2 1 / 196 16 3 2 1 / 197 17 1 3 2 /
 197 16 3 4 1 / 198 17 1 5 2 / 198 16 3 4 1 / 199 17 1 6 2 /
 199 16 3 4 1 / 200 17 1 7 2 / 200 16 3 4 1 / 201 17 1 8 2 /
 201 16 3 4 1 / 202 16 3 4 1 / 203 16 3 2 1 / 204 16 3 2 1 /
 205 16 3 2 1 / 206 16 3 2 1 / 207 17 1 3 2 / 207 16 3 4 1 /
 208 17 1 5 2 / 208 16 3 4 1 / 209 17 1 6 2 / 209 16 3 4 1 /
 210 17 1 7 2 / 210 16 3 4 1 / 211 17 1 8 2 / 211 16 3 4 1 /
 212 16 3 4 1 / 213 16 3 2 1 / 214 16 3 2 1 / 215 16 3 2 1 /
 216 16 3 2 1 / 217 17 1 3 2 / 217 16 3 4 1 / 218 17 1 5 2 /
 218 16 3 4 1 / 219 17 1 6 2 / 219 16 3 4 1 / 220 16 3 4 1 /
 221 16 3 2 1 / 222 16 3 2 1 / 223 16 3 2 1 / 224 16 3 2 1 /
 225 17 1 3 2 / 225 16 3 4 1 / 226 17 1 5 2 / 226 16 3 4 1 /
 227 17 1 6 2 / 227 16 3 4 1 / 228 16 3 4 1 / 229 16 3 2 1 /
 230 16 3 2 1 / 231 16 3 2 1 / 232 16 3 2 1 / 233 17 1 3 2 /
 233 16 3 4 1 / 234 17 1 5 2 / 234 16 3 4 1 / 235 17 1 6 2 /
 235 16 3 4 1 / 236 16 3 4 1 / 237 16 3 2 1 / 238 16 3 2 1 /
 239 16 3 2 1 / 240 16 3 2 1 / 241 17 1 3 2 / 241 16 3 4 1 /
 242 17 1 5 2 / 242 16 3 4 1 / 243 17 1 6 2 / 243 16 3 4 1 /
 244 17 1 7 2 / 244 16 3 4 1 / 245 17 1 8 2 / 245 16 3 4 1 /
 246 16 3 4 1 / 247 16 3 2 1 / 248 16 3 2 1 / 249 16 3 2 1 /
 250 16 3 2 1 / 251 17 1 3 2 / 251 16 3 4 1 / 252 17 1 5 2 /
 252 16 3 4 1 / 253 17 1 6 2 / 253 16 3 4 1 / 254 17 1 7 2 /
 254 16 3 4 1 / 255 17 1 8 2 / 255 16 3 4 1 / 256 16 3 4 1 /
 257 16 3 2 1 / 258 16 3 2 1 / 259 16 3 2 1 / 260 16 3 2 1 /
 261 16 3 2 1 / 262 16 3 2 1 / 263 16 3 2 1 / 264 16 3 2 1 /
 265 16 3 2 1 / 266 16 3 2 1 / 267 16 3 2 1 / 268 16 3 2 1 /
 269 16 3 2 1 / 270 16 3 1 1 / 271 16 3 1 1 / 272 16 3 1 1 /
 273 16 3 1 1 / 274 16 3 1 1 / 275 16 3 1 1 / 276 16 3 1 1 /
 277 16 3 1 1 / 278 16 3 1 1 / 279 16 3 1 1 / 280 16 3 1 1 /
 281 16 3 1 1 / 282 16 3 1 1 / 283 16 3 1 1 / 284 16 3 1 1 /
 285 16 3 1 1 / 286 16 3 1 1 / 287 16 3 1 1 / 288 16 3 1 1 /
 289 16 3 1 1 / 290 16 3 1 1 / 291 17 2 9 2 / 291 16 3 4 1 /
 292 17 2 10 2 / 292 16 3 4 1 / 293 17 2 11 2 / 293 16 3 4 1 /
 294 17 2 12 2 / 294 16 3 4 1 / 295 17 2 13 2 / 295 16 3 4 1 /
 296 16 3 4 1 / 297 16 3 2 1 / 298 16 3 2 1 / 299 16 3 2 1 /
 300 16 3 2 1 / 301 16 3 1 1 / 302 16 3 14 4 / 302 16 3 15 6 /
 302 19 3 16 9 / 302 19 3 17 9 / 302 16 3 2 1 / 303 16 3 18 3 /
 303 16 3 15 6 / 303 19 3 16 9 / 303 19 3 17 9 / 303 16 3 2 1 /
 304 16 3 18 3 / 304 16 3 15 6 / 304 19 3 16 9 / 304 19 3 17 9 /
 304 16 3 2 1 / 305 16 3 19 5 / 305 16 3 20 7 / 305 16 3 21 8 /
 305 16 3 2 1 / 306 16 3 14 4 / 306 16 3 15 6 / 306 19 3 17 9 /
 306 16 3 2 1 / 307 16 3 18 3 / 307 16 3 15 6 / 307 19 3 17 9 /
 307 16 3 2 1 / 308 16 3 18 3 / 308 16 3 15 6 / 308 19 3 17 9 /
 308 16 3 2 1 / 309 16 3 19 5 / 309 16 3 20 7 / 309 16 3 21 8 /
 309 16 3 2 1 / 310 16 3 14 4 / 310 16 3 15 6 / 310 19 3 17 9 /
 310 16 3 2 1 / 311 16 3 18 3 / 311 16 3 15 6 / 311 19 3 17 9 /
 311 16 3 2 1 / 312 16 3 18 3 / 312 16 3 15 6 / 312 19 3 17 9 /
 312 16 3 2 1 / 313 16 3 19 5 / 313 16 3 20 7 / 313 16 3 21 8 /
 313 16 3 2 1 / 314 16 3 14 4 / 314 16 3 15 6 / 314 19 3 17 9 /
 314 16 3 2 1 / 315 16 3 18 3 / 315 16 3 15 6 / 315 19 3 17 9 /
 315 16 3 2 1 / 316 16 3 18 3 / 316 16 3 15 6 / 316 19 3 17 9 /
 316 16 3 2 1 / 317 16 3 19 5 / 317 16 3 20 7 / 317 16 3 21 8 /
 317 16 3 2 1 / 318 16 3 14 4 / 318 16 3 15 6 / 318 19 3 17 9 /
 318 16 3 2 1 / 319 16 3 18 3 / 319 16 3 15 6 / 319 19 3 17 9 /
 319 16 3 2 1 / 320 16 3 18 3 / 320 16 3 15 6 / 320 19 3 17 9 /
 320 16 3 2 1 / 321 16 3 19 5 / 321 16 3 20 7 / 321 16 3 21 8 /
 321 16 3 2 1 / 322 16 3 14 4 / 322 16 3 15 6 / 322 19 3 17 9 /
 322 16 3 2 1 / 323 16 3 18 3 / 323 16 3 15 6 / 323 19 3 17 9 /
 323 16 3 2 1 / 324 16 3 18 3 / 324 16 3 15 6 / 324 19 3 17 9 /
 324 16 3 2 1 / 325 16 3 19 5 / 325 16 3 20 7 / 325 16 3 21 8 /
 325 16 3 2 1 / 326 16 3 14 4 / 326 16 3 15 6 / 326 19 3 17 9 /
 326 16 3 2 1 / 327 16 3 18 3 / 327 16 3 15 6 / 327 19 3 17 9 /
 327 16 3 2 1 / 328 16 3 18 3 / 328 16 3 15 6 / 328 19 3 17 9 /
 328 16 3 2 1 / 329 16 3 19 5 / 329 16 3 20 7 / 329 16 3 21 8 /
 329 16 3 2 1 / 330 16 3 14 4 / 330 16 3 15 6 / 330 19 3 17 9 /
 330 16 3 2 1 / 331 16 3 18 3 / 331 16 3 15 6 / 331 19 3 17 9 /
 331 16 3 2 1 / 332 16 3 18 3 / 332 16 3 15 6 / 332 19 3 17 9 /
 332 16 3 2 1 / 333 16 3 19 5 / 333 16 3 20 7 / 333 16 3 21 8 /
 333 16 3 2 1 / 334 16 3 14 4 / 334 16 3 15 6 / 334 19 3 17 9 /
 334 16 3 2 1 / 335 16 3 18 3 / 335 16 3 15 6 / 335 19 3 17 9 /
 335 16 3 2 1 / 336 16 3 18 3 / 336 16 3 15 6 / 336 19 3 17 9 /
 336 16 3 2 1 / 337 16 3 19 5 / 337 16 3 20 7 / 337 16 3 21 8 /
 337 16 3 2 1 / 338 16 3 14 4 / 338 16 3 15 6 / 338 19 3 17 9 /
 338 16 3 2 1 / 339 16 3 18 3 / 339 16 3 15 6 / 339 19 3 17 9 /
 339 16 3 2 1 / 340 16 3 18 3 / 340 16 3 15 6 / 340 19 3 17 9 /
 340 16 3 2 1 / 341 16 3 19 5 / 341 16 3 20 7 / 341 16 3 21 8 /
 341 16 3 2 1 / 342 16 3 14 4 / 342 16 3 15 6 / 342 19 3 17 9 /
 342 16 3 2 1 / 343 16 3 18 3 / 343 16 3 15 6 / 343 19 3 17 9 /
 343 16 3 2 1 / 344 16 3 18 3 / 344 16 3 15 6 / 344 19 3 17 9 /
 344 16 3 2 1 / 345 16 3 19 5 / 345 16 3 20 7 / 345 16 3 21 8 /
 345 16 3 2 1 / 346 16 3 1 1 / 347 16 3 14 4 / 347 16 3 15 6 /
 347 19 3 17 9 / 347 16 3 2 1 / 348 16 3 18 3 / 348 16 3 15 6 /
 348 19 3 17 9 / 348 19 3 22 10 / 348 16 3 2 1 / 349 16 3 18 3 /
 349 16 3 15 6 / 349 19 3 17 9 / 349 19 3 22 10 / 349 16 3 2 1 /
 350 16 3 19 5 / 350 16 3 20 7 / 350 16 3 21 8 / 350 16 3 2 1 /
 351 16 3 2 1 / 352 16 3 2 1 / 353 16 3 2 1 / 354 16 3 2 1 /
 355 16 3 1 1 / 356 16 3 14 4 / 356 16 3 15 6 / 356 19 3 17 9 /
 356 16 3 2 1 / 357 16 3 18 3 / 357 16 3 15 6 / 357 19 3 17 9 /
 357 16 3 2 1 / 358 16 3 18 3 / 358 16 3 15 6 / 358 19 3 17 9 /
 358 16 3 2 1 / 359 16 3 19 5 / 359 16 3 20 7 / 359 16 3 21 8 /
 359 16 3 2 1 / 360 16 3 14 4 / 360 16 3 15 6 / 360 19 3 17 9 /
 360 16 3 2 1 / 361 16 3 18 3 / 361 16 3 15 6 / 361 19 3 17 9 /
 361 16 3 2 1 / 362 16 3 18 3 / 362 16 3 15 6 / 362 19 3 17 9 /
 362 16 3 2 1 / 363 16 3 19 5 / 363 16 3 20 7 / 363 16 3 21 8 /
 363 16 3 2 1 / 364 16 3 14 4 / 364 16 3 15 6 / 364 19 3 17 9 /
 364 16 3 2 1 / 365 16 3 18 3 / 365 16 3 15 6 / 365 19 3 17 9 /
 365 16 3 2 1 / 366 16 3 18 3 / 366 16 3 15 6 / 366 19 3 17 9 /
 366 16 3 2 1 / 367 16 3 19 5 / 367 16 3 20 7 / 367 16 3 21 8 /
 367 16 3 2 1 / 368 16 3 14 4 / 368 16 3 15 6 / 368 19 3 17 9 /
 368 16 3 2 1 / 369 16 3 18 3 / 369 16 3 15 6 / 369 19 3 17 9 /
 369 16 3 2 1 / 370 16 3 18 3 / 370 16 3 15 6 / 370 19 3 17 9 /
 370 16 3 2 1 / 371 16 3 19 5 / 371 16 3 20 7 / 371 16 3 21 8 /
 371 16 3 2 1 / 372 16 3 14 4 / 372 16 3 15 6 / 372 19 3 17 9 /
 372 16 3 2 1 / 373 16 3 18 3 / 373 16 3 15 6 / 373 19 3 17 9 /
 373 16 3 2 1 / 374 16 3 18 3 / 374 16 3 15 6 / 374 19 3 17 9 /
 374 16 3 2 1 / 375 16 3 19 5 / 375 16 3 20 7 / 375 16 3 21 8 /
 375 16 3 2 1 / 376 16 3 14 4 / 376 16 3 15 6 / 376 19 3 17 9 /
 376 19 3 22 10 / 376 16 3 2 1 / 377 16 3 18 3 / 377 16 3 15 6 /
 377 19 3 17 9 / 377 16 3 2 1 / 378 16 3 18 3 / 378 16 3 15 6 /
 378 19 3 17 9 / 378 16 3 2 1 / 379 16 3 19 5 / 379 16 3 20 7 /
 379 16 3 21 8 / 379 16 3 2 1 / 380 16 3 14 4 / 380 16 3 15 6 /
 380 19 3 17 9 / 380 16 3 2 1 / 381 16 3 18 3 / 381 16 3 15 6 /
 381 19 3 17 9 / 381 16 3 2 1 / 382 16 3 18 3 / 382 16 3 15 6 /
 382 19 3 17 9 / 382 16 3 2 1 / 383 16 3 19 5 / 383 16 3 20 7 /
 383 16 3 21 8 / 383 16 3 2 1 / 384 16 3 14 4 / 384 16 3 15 6 /
 384 19 3 17 9 / 384 16 3 2 1 / 385 16 3 18 3 / 385 16 3 15 6 /
 385 19 3 17 9 / 385 16 3 2 1 / 386 16 3 18 3 / 386 16 3 15 6 /
 386 19 3 17 9 / 386 16 3 2 1 / 387 16 3 19 5 / 387 16 3 20 7 /
 387 16 3 21 8 / 387 16 3 2 1 / 388 16 3 14 4 / 388 16 3 15 6 /
 388 19 3 17 9 / 388 16 3 2 1 / 389 16 3 18 3 / 389 16 3 15 6 /
 389 19 3 17 9 / 389 16 3 2 1 / 390 16 3 18 3 / 390 16 3 15 6 /
 390 19 3 17 9 / 390 16 3 2 1 / 391 16 3 19 5 / 391 16 3 20 7 /
 391 16 3 21 8 / 391 16 3 2 1 / 392 16 3 14 4 / 392 16 3 15 6 /
 392 19 3 17 9 / 392 16 3 2 1 / 393 16 3 18 3 / 393 16 3 15 6 /
 393 19 3 17 9 / 393 16 3 2 1 / 394 16 3 18 3 / 394 16 3 15 6 /
 394 19 3 17 9 / 394 16 3 2 1 / 395 16 3 19 5 / 395 16 3 20 7 /
 395 16 3 21 8 / 395 16 3 2 1 / 396 16 3 14 4 / 396 16 3 15 6 /
 396 19 3 17 9 / 396 16 3 2 1 / 397 16 3 18 3 / 397 16 3 15 6 /
 397 19 3 17 9 / 397 16 3 2 1 / 398 16 3 18 3 / 398 16 3 15 6 /
 398 19 3 17 9 / 398 16 3 2 1 / 399 16 3 19 5 / 399 16 3 20 7 /
 399 16 3 21 8 / 399 16 3 2 1 / 400 16 3 1 1 / 401 16 3 14 4 /
 401 16 3 15 6 / 401 19 3 17 9 / 401 19 3 23 9 / 401 16 3 2 1 /
 402 16 3 18 3 / 402 16 3 15 6 / 402 19 3 17 9 / 402 19 3 23 9 /
 402 16 3 2 1 / 403 16 3 18 3 / 403 16 3 15 6 / 403 19 3 17 9 /
 403 19 3 23 9 / 403 16 3 2 1 / 404 16 3 19 5 / 404 16 3 20 7 /
 404 16 3 21 8 / 404 16 3 2 1 / 405 17 2 24 2 / 405 16 3 4 1 /
 406 17 2 25 2 / 406 16 3 4 1 / 407 17 2 26 2 / 407 16 3 4 1 /
 408 17 2 27 2 / 408 16 3 4 1 / 409 17 2 28 2 / 409 16 3 4 1 /
 410 16 3 4 1 / 411 16 3 2 1 / 412 16 3 2 1 / 413 16 3 2 1 /
 414 16 3 2 1 / 415 16 3 1 1 / 416 16 3 1 1 / 417 17 2 9 2 /
 417 16 3 4 1 / 418 17 2 10 2 / 418 16 3 4 1 / 419 17 2 11 2 /
 419 16 3 4 1 / 420 17 2 12 2 / 420 16 3 4 1 / 421 17 2 13 2 /
 421 16 3 4 1 / 422 16 3 4 1 / 423 16 3 2 1 / 424 16 3 2 1 /
 425 16 3 2 1 / 426 16 3 2 1 / 427 16 3 1 1 / 428 16 3 14 4 /
 428 16 3 15 6 / 428 19 3 16 9 / 428 16 3 2 1 / 429 16 3 18 3 /
 429 16 3 15 6 / 429 19 3 16 9 / 429 16 3 2 1 / 430 16 3 18 3 /
 430 16 3 15 6 / 430 19 3 16 9 / 430 16 3 2 1 / 431 16 3 19 5 /
 431 16 3 20 7 / 431 16 3 21 8 / 431 16 3 2 1 / 432 16 3 14 4 /
 432 16 3 15 6 / 432 16 3 2 1 / 433 16 3 18 3 / 433 16 3 15 6 /
 433 16 3 2 1 / 434 16 3 18 3 / 434 16 3 15 6 / 434 16 3 2 1 /
 435 16 3 19 5 / 435 16 3 20 7 / 435 16 3 21 8 / 435 16 3 2 1 /
 436 16 3 14 4 / 436 16 3 15 6 / 436 16 3 2 1 / 437 16 3 18 3 /
 437 16 3 15 6 / 437 16 3 2 1 / 438 16 3 18 3 / 438 16 3 15 6 /
 438 16 3 2 1 / 439 16 3 19 5 / 439 16 3 20 7 / 439 16 3 21 8 /
 439 16 3 2 1 / 440 16 3 14 4 / 440 16 3 15 6 / 440 16 3 2 1 /
 441 16 3 18 3 / 441 16 3 15 6 / 441 16 3 2 1 / 442 16 3 18 3 /
 442 16 3 15 6 / 442 16 3 2 1 / 443 16 3 19 5 / 443 16 3 20 7 /
 443 16 3 21 8 / 443 16 3 2 1 / 444 16 3 14 4 / 444 16 3 15 6 /
 444 16 3 2 1 / 445 16 3 18 3 / 445 16 3 15 6 / 445 16 3 2 1 /
 446 16 3 18 3 / 446 16 3 15 6 / 446 16 3 2 1 / 447 16 3 19 5 /
 447 16 3 20 7 / 447 16 3 21 8 / 447 16 3 2 1 / 448 16 3 14 4 /
 448 16 3 15 6 / 448 16 3 2 1 / 449 16 3 18 3 / 449 16 3 15 6 /
 449 16 3 2 1 / 450 16 3 18 3 / 450 16 3 15 6 / 450 16 3 2 1 /
 451 16 3 19 5 / 451 16 3 20 7 / 451 16 3 21 8 / 451 16 3 2 1 /
 452 16 3 14 4 / 452 16 3 15 6 / 452 16 3 2 1 / 453 16 3 18 3 /
 453 16 3 15 6 / 453 16 3 2 1 / 454 16 3 18 3 / 454 16 3 15 6 /
 454 16 3 2 1 / 455 16 3 19 5 / 455 16 3 20 7 / 455 16 3 21 8 /
 455 16 3 2 1 / 456 16 3 14 4 / 456 16 3 15 6 / 456 16 3 2 1 /
 457 16 3 18 3 / 457 16 3 15 6 / 457 16 3 2 1 / 458 16 3 18 3 /
 458 16 3 15 6 / 458 16 3 2 1 / 459 16 3 19 5 / 459 16 3 20 7 /
 459 16 3 21 8 / 459 16 3 2 1 / 460 16 3 14 4 / 460 16 3 15 6 /
 460 16 3 2 1 / 461 16 3 18 3 / 461 16 3 15 6 / 461 16 3 2 1 /
 462 16 3 18 3 / 462 16 3 15 6 / 462 16 3 2 1 / 463 16 3 19 5 /
 463 16 3 20 7 / 463 16 3 21 8 / 463 16 3 2 1 / 464 16 3 14 4 /
 464 16 3 15 6 / 464 16 3 2 1 / 465 16 3 18 3 / 465 16 3 15 6 /
 465 16 3 2 1 / 466 16 3 18 3 / 466 16 3 15 6 / 466 16 3 2 1 /
 467 16 3 19 5 / 467 16 3 20 7 / 467 16 3 21 8 / 467 16 3 2 1 /
 468 16 3 14 4 / 468 16 3 15 6 / 468 16 3 2 1 / 469 16 3 18 3 /
 469 16 3 15 6 / 469 16 3 2 1 / 470 16 3 18 3 / 470 16 3 15 6 /
 470 16 3 2 1 / 471 16 3 19 5 / 471 16 3 20 7 / 471 16 3 21 8 /
 471 16 3 2 1 / 472 16 3 14 4 / 472 16 3 15 6 / 472 16 3 2 1 /
 473 16 3 18 3 / 473 16 3 15 6 / 473 19 3 22 10 / 473 16 3 2 1 /
 474 16 3 18 3 / 474 16 3 15 6 / 474 19 3 22 10 / 474 16 3 2 1 /
 475 16 3 19 5 / 475 16 3 20 7 / 475 16 3 21 8 / 475 16 3 2 1 /
 476 16 3 1 1 / 477 16 3 2 1 / 478 16 3 2 1 / 479 16 3 2 1 /
 480 16 3 2 1 / 481 16 3 1 1 / 482 16 3 14 4 / 482 16 3 15 6 /
 482 16 3 2 1 / 483 16 3 18 3 / 483 16 3 15 6 / 483 16 3 2 1 /
 484 16 3 18 3 / 484 16 3 15 6 / 484 16 3 2 1 / 485 16 3 19 5 /
 485 16 3 20 7 / 485 16 3 21 8 / 485 16 3 2 1 / 486 16 3 14 4 /
 486 16 3 15 6 / 486 16 3 2 1 / 487 16 3 18 3 / 487 16 3 15 6 /
 487 16 3 2 1 / 488 16 3 18 3 / 488 16 3 15 6 / 488 16 3 2 1 /
 489 16 3 19 5 / 489 16 3 20 7 / 489 16 3 21 8 / 489 16 3 2 1 /
 490 16 3 14 4 / 490 16 3 15 6 / 490 16 3 2 1 / 491 16 3 18 3 /
 491 16 3 15 6 / 491 16 3 2 1 / 492 16 3 18 3 / 492 16 3 15 6 /
 492 16 3 2 1 / 493 16 3 19 5 / 493 16 3 20 7 / 493 16 3 21 8 /
 493 16 3 2 1 / 494 16 3 14 4 / 494 16 3 15 6 / 494 16 3 2 1 /
 495 16 3 18 3 / 495 16 3 15 6 / 495 16 3 2 1 / 496 16 3 18 3 /
 496 16 3 15 6 / 496 16 3 2 1 / 497 16 3 19 5 / 497 16 3 20 7 /
 497 16 3 21 8 / 497 16 3 2 1 / 498 16 3 14 4 / 498 16 3 15 6 /
 498 16 3 2 1 / 499 16 3 18 3 / 499 16 3 15 6 / 499 16 3 2 1 /
 500 16 3 18 3 / 500 16 3 15 6 / 500 16 3 2 1 / 501 16 3 19 5 /
 501 16 3 20 7 / 501 16 3 21 8 / 501 16 3 2 1 / 502 16 3 14 4 /
 502 16 3 15 6 / 502 19 3 22 10 / 502 16 3 2 1 / 503 16 3 18 3 /
 503 16 3 15 6 / 503 16 3 2 1 / 504 16 3 18 3 / 504 16 3 15 6 /
 504 16 3 2 1 / 505 16 3 19 5 / 505 16 3 20 7 / 505 16 3 21 8 /
 505 16 3 2 1 / 506 16 3 14 4 / 506 16 3 15 6 / 506 16 3 2 1 /
 507 16 3 18 3 / 507 16 3 15 6 / 507 16 3 2 1 / 508 16 3 18 3 /
 508 16 3 15 6 / 508 16 3 2 1 / 509 16 3 19 5 / 509 16 3 20 7 /
 509 16 3 21 8 / 509 16 3 2 1 / 510 16 3 14 4 / 510 16 3 15 6 /
 510 16 3 2 1 / 511 16 3 18 3 / 511 16 3 15 6 / 511 16 3 2 1 /
 512 16 3 18 3 / 512 16 3 15 6 / 512 16 3 2 1 / 513 16 3 19 5 /
 513 16 3 20 7 / 513 16 3 21 8 / 513 16 3 2 1 / 514 16 3 14 4 /
 514 16 3 15 6 / 514 16 3 2 1 / 515 16 3 18 3 / 515 16 3 15 6 /
 515 16 3 2 1 / 516 16 3 18 3 / 516 16 3 15 6 / 516 16 3 2 1 /
 517 16 3 19 5 / 517 16 3 20 7 / 517 16 3 21 8 / 517 16 3 2 1 /
 518 16 3 14 4 / 518 16 3 15 6 / 518 16 3 2 1 / 519 16 3 18 3 /
 519 16 3 15 6 / 519 16 3 2 1 / 520 16 3 18 3 / 520 16 3 15 6 /
 520 16 3 2 1 / 521 16 3 19 5 / 521 16 3 20 7 / 521 16 3 21 8 /
 521 16 3 2 1 / 522 16 3 14 4 / 522 16 3 15 6 / 522 16 3 2 1 /
 523 16 3 18 3 / 523 16 3 15 6 / 523 16 3 2 1 / 524 16 3 18 3 /
 524 16 3 15 6 / 524 16 3 2 1 / 525 16 3 19 5 / 525 16 3 20 7 /
 525 16 3 21 8 / 525 16 3 2 1 / 526 16 3 14 4 / 526 16 3 15 6 /
 526 19 3 23 9 / 526 16 3 2 1 / 527 16 3 18 3 / 527 16 3 15 6 /
 527 19 3 23 9 / 527 16 3 2 1 / 528 16 3 18 3 / 528 16 3 15 6 /
 528 19 3 23 9 / 528 16 3 2 1 / 529 16 3 19 5 / 529 16 3 20 7 /
 529 16 3 21 8 / 529 16 3 2 1 / 530 16 3 1 1 / 531 17 2 24 2 /
 531 16 3 4 1 / 532 17 2 25 2 / 532 16 3 4 1 / 533 17 2 26 2 /
 533 16 3 4 1 / 534 17 2 27 2 / 534 16 3 4 1 / 535 17 2 28 2 /
 535 16 3 4 1 / 536 16 3 4 1 / 537 16 3 2 1 / 538 16 3 2 1 /
 539 16 3 2 1 / 540 16 3 2 1 / 541 16 3 1 1 / 542 16 3 1 1 /
 543 17 2 9 2 / 543 16 3 4 1 / 544 17 2 10 2 / 544 16 3 4 1 /
 545 17 2 11 2 / 545 16 3 4 1 / 546 17 2 12 2 / 546 16 3 4 1 /
 547 17 2 13 2 / 547 16 3 4 1 / 548 16 3 4 1 / 549 16 3 2 1 /
 550 16 3 2 1 / 551 16 3 2 1 / 552 16 3 2 1 / 553 16 3 1 1 /
 554 16 3 14 4 / 554 16 3 15 6 / 554 19 3 16 9 / 554 16 3 2 1 /
 555 16 3 18 3 / 555 16 3 15 6 / 555 19 3 16 9 / 555 16 3 2 1 /
 556 16 3 18 3 / 556 16 3 15 6 / 556 19 3 16 9 / 556 16 3 2 1 /
 557 16 3 19 5 / 557 16 3 20 7 / 557 16 3 21 8 / 557 16 3 2 1 /
 558 16 3 14 4 / 558 16 3 15 6 / 558 16 3 2 1 / 559 16 3 18 3 /
 559 16 3 15 6 / 559 16 3 2 1 / 560 16 3 18 3 / 560 16 3 15 6 /
 560 16 3 2 1 / 561 16 3 19 5 / 561 16 3 20 7 / 561 16 3 21 8 /
 561 16 3 2 1 / 562 16 3 14 4 / 562 16 3 15 6 / 562 16 3 2 1 /
 563 16 3 18 3 / 563 16 3 15 6 / 563 16 3 2 1 / 564 16 3 18 3 /
 564 16 3 15 6 / 564 16 3 2 1 / 565 16 3 19 5 / 565 16 3 20 7 /
 565 16 3 21 8 / 565 16 3 2 1 / 566 16 3 14 4 / 566 16 3 15 6 /
 566 16 3 2 1 / 567 16 3 18 3 / 567 16 3 15 6 / 567 16 3 2 1 /
 568 16 3 18 3 / 568 16 3 15 6 / 568 16 3 2 1 / 569 16 3 19 5 /
 569 16 3 20 7 / 569 16 3 21 8 / 569 16 3 2 1 / 570 16 3 14 4 /
 570 16 3 15 6 / 570 16 3 2 1 / 571 16 3 18 3 / 571 16 3 15 6 /
 571 16 3 2 1 / 572 16 3 18 3 / 572 16 3 15 6 / 572 16 3 2 1 /
 573 16 3 19 5 / 573 16 3 20 7 / 573 16 3 21 8 / 573 16 3 2 1 /
 574 16 3 14 4 / 574 16 3 15 6 / 574 16 3 2 1 / 575 16 3 18 3 /
 575 16 3 15 6 / 575 16 3 2 1 / 576 16 3 18 3 / 576 16 3 15 6 /
 576 16 3 2 1 / 577 16 3 19 5 / 577 16 3 20 7 / 577 16 3 21 8 /
 577 16 3 2 1 / 578 16 3 14 4 / 578 16 3 15 6 / 578 16 3 2 1 /
 579 16 3 18 3 / 579 16 3 15 6 / 579 16 3 2 1 / 580 16 3 18 3 /
 580 16 3 15 6 / 580 16 3 2 1 / 581 16 3 19 5 / 581 16 3 20 7 /
 581 16 3 21 8 / 581 16 3 2 1 / 582 16 3 14 4 / 582 16 3 15 6 /
 582 16 3 2 1 / 583 16 3 18 3 / 583 16 3 15 6 / 583 16 3 2 1 /
 584 16 3 18 3 / 584 16 3 15 6 / 584 16 3 2 1 / 585 16 3 19 5 /
 585 16 3 20 7 / 585 16 3 21 8 / 585 16 3 2 1 / 586 16 3 14 4 /
 586 16 3 15 6 / 586 16 3 2 1 / 587 16 3 18 3 / 587 16 3 15 6 /
 587 16 3 2 1 / 588 16 3 18 3 / 588 16 3 15 6 / 588 16 3 2 1 /
 589 16 3 19 5 / 589 16 3 20 7 / 589 16 3 21 8 / 589 16 3 2 1 /
 590 16 3 14 4 / 590 16 3 15 6 / 590 16 3 2 1 / 591 16 3 18 3 /
 591 16 3 15 6 / 591 16 3 2 1 / 592 16 3 18 3 / 592 16 3 15 6 /
 592 16 3 2 1 / 593 16 3 19 5 / 593 16 3 20 7 / 593 16 3 21 8 /
 593 16 3 2 1 / 594 16 3 14 4 / 594 16 3 15 6 / 594 16 3 2 1 /
 595 16 3 18 3 / 595 16 3 15 6 / 595 16 3 2 1 / 596 16 3 18 3 /
 596 16 3 15 6 / 596 16 3 2 1 / 597 16 3 19 5 / 597 16 3 20 7 /
 597 16 3 21 8 / 597 16 3 2 1 / 598 16 3 14 4 / 598 16 3 15 6 /
 598 16 3 2 1 / 599 16 3 18 3 / 599 16 3 15 6 / 599 19 3 22 10 /
 599 16 3 2 1 / 600 16 3 18 3 / 600 16 3 15 6 / 600 19 3 22 10 /
 600 16 3 2 1 / 601 16 3 19 5 / 601 16 3 20 7 / 601 16 3 21 8 /
 601 16 3 2 1 / 602 16 3 1 1 / 603 16 3 2 1 / 604 16 3 2 1 /
 605 16 3 2 1 / 606 16 3 2 1 / 607 16 3 1 1 / 608 16 3 14 4 /
 608 16 3 15 6 / 608 16 3 2 1 / 609 16 3 18 3 / 609 16 3 15 6 /
 609 16 3 2 1 / 610 16 3 18 3 / 610 16 3 15 6 / 610 16 3 2 1 /
 611 16 3 19 5 / 611 16 3 20 7 / 611 16 3 21 8 / 611 16 3 2 1 /
 612 16 3 14 4 / 612 16 3 15 6 / 612 16 3 2 1 / 613 16 3 18 3 /
 613 16 3 15 6 / 613 16 3 2 1 / 614 16 3 18 3 / 614 16 3 15 6 /
 614 16 3 2 1 / 615 16 3 19 5 / 615 16 3 20 7 / 615 16 3 21 8 /
 615 16 3 2 1 / 616 16 3 14 4 / 616 16 3 15 6 / 616 16 3 2 1 /
 617 16 3 18 3 / 617 16 3 15 6 / 617 16 3 2 1 / 618 16 3 18 3 /
 618 16 3 15 6 / 618 16 3 2 1 / 619 16 3 19 5 / 619 16 3 20 7 /
 619 16 3 21 8 / 619 16 3 2 1 / 620 16 3 14 4 / 620 16 3 15 6 /
 620 16 3 2 1 / 621 16 3 18 3 / 621 16 3 15 6 / 621 16 3 2 1 /
 622 16 3 18 3 / 622 16 3 15 6 / 622 16 3 2 1 / 623 16 3 19 5 /
 623 16 3 20 7 / 623 16 3 21 8 / 623 16 3 2 1 / 624 16 3 14 4 /
 624 16 3 15 6 / 624 16 3 2 1 / 625 16 3 18 3 / 625 16 3 15 6 /
 625 16 3 2 1 / 626 16 3 18 3 / 626 16 3 15 6 / 626 16 3 2 1 /
 627 16 3 19 5 / 627 16 3 20 7 / 627 16 3 21 8 / 627 16 3 2 1 /
 628 16 3 14 4 / 628 16 3 15 6 / 628 19 3 22 10 / 628 16 3 2 1 /
 629 16 3 18 3 / 629 16 3 15 6 / 629 16 3 2 1 / 630 16 3 18 3 /
 630 16 3 15 6 / 630 16 3 2 1 / 631 16 3 19 5 / 631 16 3 20 7 /
 631 16 3 21 8 / 631 16 3 2 1 / 632 16 3 14 4 / 632 16 3 15 6 /
 632 16 3 2 1 / 633 16 3 18 3 / 633 16 3 15 6 / 633 16 3 2 1 /
 634 16 3 18 3 / 634 16 3 15 6 / 634 16 3 2 1 / 635 16 3 19 5 /
 635 16 3 20 7 / 635 16 3 21 8 / 635 16 3 2 1 / 636 16 3 14 4 /
 636 16 3 15 6 / 636 16 3 2 1 / 637 16 3 18 3 / 637 16 3 15 6 /
 637 16 3 2 1 / 638 16 3 18 3 / 638 16 3 15 6 / 638 16 3 2 1 /
 639 16 3 19 5 / 639 16 3 20 7 / 639 16 3 21 8 / 639 16 3 2 1 /
 640 16 3 14 4 / 640 16 3 15 6 / 640 16 3 2 1 / 641 16 3 18 3 /
 641 16 3 15 6 / 641 16 3 2 1 / 642 16 3 18 3 / 642 16 3 15 6 /
 642 16 3 2 1 / 643 16 3 19 5 / 643 16 3 20 7 / 643 16 3 21 8 /
 643 16 3 2 1 / 644 16 3 14 4 / 644 16 3 15 6 / 644 16 3 2 1 /
 645 16 3 18 3 / 645 16 3 15 6 / 645 16 3 2 1 / 646 16 3 18 3 /
 646 16 3 15 6 / 646 16 3 2 1 / 647 16 3 19 5 / 647 16 3 20 7 /
 647 16 3 21 8 / 647 16 3 2 1 / 648 16 3 14 4 / 648 16 3 15 6 /
 648 16 3 2 1 / 649 16 3 18 3 / 649 16 3 15 6 / 649 16 3 2 1 /
 650 16 3 18 3 / 650 16 3 15 6 / 650 16 3 2 1 / 651 16 3 19 5 /
 651 16 3 20 7 / 651 16 3 21 8 / 651 16 3 2 1 / 652 16 3 14 4 /
 652 16 3 15 6 / 652 19 3 23 9 / 652 16 3 2 1 / 653 16 3 18 3 /
 653 16 3 15 6 / 653 19 3 23 9 / 653 16 3 2 1 / 654 16 3 18 3 /
 654 16 3 15 6 / 654 19 3 23 9 / 654 16 3 2 1 / 655 16 3 19 5 /
 655 16 3 20 7 / 655 16 3 21 8 / 655 16 3 2 1 / 656 16 3 1 1 /
 657 17 2 24 2 / 657 16 3 4 1 / 658 17 2 25 2 / 658 16 3 4 1 /
 659 17 2 26 2 / 659 16 3 4 1 / 660 17 2 27 2 / 660 16 3 4 1 /
 661 17 2 28 2 / 661 16 3 4 1 / 662 16 3 4 1 / 663 16 3 2 1 /
 664 16 3 2 1 / 665 16 3 2 1 / 666 16 3 2 1 / 667 16 3 1 1 /
 668 16 3 1 1 / 669 17 2 9 2 / 669 16 3 4 1 / 670 17 2 10 2 /
 670 16 3 4 1 / 671 17 2 11 2 / 671 16 3 4 1 / 672 17 2 12 2 /
 672 16 3 4 1 / 673 17 2 13 2 / 673 16 3 4 1 / 674 16 3 4 1 /
 675 16 3 2 1 / 676 16 3 2 1 / 677 16 3 2 1 / 678 16 3 2 1 /
 679 16 3 1 1 / 680 16 3 14 4 / 680 16 3 15 6 / 680 19 3 16 9 /
 680 16 3 2 1 / 681 16 3 18 3 / 681 16 3 15 6 / 681 19 3 16 9 /
 681 16 3 2 1 / 682 16 3 18 3 / 682 16 3 15 6 / 682 19 3 16 9 /
 682 16 3 2 1 / 683 16 3 19 5 / 683 16 3 20 7 / 683 16 3 21 8 /
 683 16 3 2 1 / 684 16 3 14 4 / 684 16 3 15 6 / 684 16 3 2 1 /
 685 16 3 18 3 / 685 16 3 15 6 / 685 16 3 2 1 / 686 16 3 18 3 /
 686 16 3 15 6 / 686 16 3 2 1 / 687 16 3 19 5 / 687 16 3 20 7 /
 687 16 3 21 8 / 687 16 3 2 1 / 688 16 3 14 4 / 688 16 3 15 6 /
 688 16 3 2 1 / 689 16 3 18 3 / 689 16 3 15 6 / 689 16 3 2 1 /
 690 16 3 18 3 / 690 16 3 15 6 / 690 16 3 2 1 / 691 16 3 19 5 /
 691 16 3 20 7 / 691 16 3 21 8 / 691 16 3 2 1 / 692 16 3 14 4 /
 692 16 3 15 6 / 692 16 3 2 1 / 693 16 3 18 3 / 693 16 3 15 6 /
 693 16 3 2 1 / 694 16 3 18 3 / 694 16 3 15 6 / 694 16 3 2 1 /
 695 16 3 19 5 / 695 16 3 20 7 / 695 16 3 21 8 / 695 16 3 2 1 /
 696 16 3 14 4 / 696 16 3 15 6 / 696 16 3 2 1 / 697 16 3 18 3 /
 697 16 3 15 6 / 697 16 3 2 1 / 698 16 3 18 3 / 698 16 3 15 6 /
 698 16 3 2 1 / 699 16 3 19 5 / 699 16 3 20 7 / 699 16 3 21 8 /
 699 16 3 2 1 / 700 16 3 14 4 / 700 16 3 15 6 / 700 16 3 2 1 /
 701 16 3 18 3 / 701 16 3 15 6 / 701 16 3 2 1 / 702 16 3 18 3 /
 702 16 3 15 6 / 702 16 3 2 1 / 703 16 3 19 5 / 703 16 3 20 7 /
 703 16 3 21 8 / 703 16 3 2 1 / 704 16 3 14 4 / 704 16 3 15 6 /
 704 16 3 2 1 / 705 16 3 18 3 / 705 16 3 15 6 / 705 16 3 2 1 /
 706 16 3 18 3 / 706 16 3 15 6 / 706 16 3 2 1 / 707 16 3 19 5 /
 707 16 3 20 7 / 707 16 3 21 8 / 707 16 3 2 1 / 708 16 3 14 4 /
 708 16 3 15 6 / 708 16 3 2 1 / 709 16 3 18 3 / 709 16 3 15 6 /
 709 16 3 2 1 / 710 16 3 18 3 / 710 16 3 15 6 / 710 16 3 2 1 /
 711 16 3 19 5 / 711 16 3 20 7 / 711 16 3 21 8 / 711 16 3 2 1 /
 712 16 3 14 4 / 712 16 3 15 6 / 712 16 3 2 1 / 713 16 3 18 3 /
 713 16 3 15 6 / 713 16 3 2 1 / 714 16 3 18 3 / 714 16 3 15 6 /
 714 16 3 2 1 / 715 16 3 19 5 / 715 16 3 20 7 / 715 16 3 21 8 /
 715 16 3 2 1 / 716 16 3 14 4 / 716 16 3 15 6 / 716 16 3 2 1 /
 717 16 3 18 3 / 717 16 3 15 6 / 717 16 3 2 1 / 718 16 3 18 3 /
 718 16 3 15 6 / 718 16 3 2 1 / 719 16 3 19 5 / 719 16 3 20 7 /
 719 16 3 21 8 / 719 16 3 2 1 / 720 16 3 14 4 / 720 16 3 15 6 /
 720 16 3 2 1 / 721 16 3 18 3 / 721 16 3 15 6 / 721 16 3 2 1 /
 722 16 3 18 3 / 722 16 3 15 6 / 722 16 3 2 1 / 723 16 3 19 5 /
 723 16 3 20 7 / 723 16 3 21 8 / 723 16 3 2 1 / 724 16 3 14 4 /
 724 16 3 15 6 / 724 16 3 2 1 / 725 16 3 18 3 / 725 16 3 15 6 /
 725 19 3 22 10 / 725 16 3 2 1 / 726 16 3 18 3 / 726 16 3 15 6 /
 726 19 3 22 10 / 726 16 3 2 1 / 727 16 3 19 5 / 727 16 3 20 7 /
 727 16 3 21 8 / 727 16 3 2 1 / 728 16 3 1 1 / 729 16 3 2 1 /
 730 16 3 2 1 / 731 16 3 2 1 / 732 16 3 2 1 / 733 16 3 1 1 /
 734 16 3 14 4 / 734 16 3 15 6 / 734 16 3 2 1 / 735 16 3 18 3 /
 735 16 3 15 6 / 735 16 3 2 1 / 736 16 3 18 3 / 736 16 3 15 6 /
 736 16 3 2 1 / 737 16 3 19 5 / 737 16 3 20 7 / 737 16 3 21 8 /
 737 16 3 2 1 / 738 16 3 14 4 / 738 16 3 15 6 / 738 16 3 2 1 /
 739 16 3 18 3 / 739 16 3 15 6 / 739 16 3 2 1 / 740 16 3 18 3 /
 740 16 3 15 6 / 740 16 3 2 1 / 741 16 3 19 5 / 741 16 3 20 7 /
 741 16 3 21 8 / 741 16 3 2 1 / 742 16 3 14 4 / 742 16 3 15 6 /
 742 16 3 2 1 / 743 16 3 18 3 / 743 16 3 15 6 / 743 16 3 2 1 /
 744 16 3 18 3 / 744 16 3 15 6 / 744 16 3 2 1 / 745 16 3 19 5 /
 745 16 3 20 7 / 745 16 3 21 8 / 745 16 3 2 1 / 746 16 3 14 4 /
 746 16 3 15 6 / 746 16 3 2 1 / 747 16 3 18 3 / 747 16 3 15 6 /
 747 16 3 2 1 / 748 16 3 18 3 / 748 16 3 15 6 / 748 16 3 2 1 /
 749 16 3 19 5 / 749 16 3 20 7 / 749 16 3 21 8 / 749 16 3 2 1 /
 750 16 3 14 4 / 750 16 3 15 6 / 750 16 3 2 1 / 751 16 3 18 3 /
 751 16 3 15 6 / 751 16 3 2 1 / 752 16 3 18 3 / 752 16 3 15 6 /
 752 16 3 2 1 / 753 16 3 19 5 / 753 16 3 20 7 / 753 16 3 21 8 /
 753 16 3 2 1 / 754 16 3 14 4 / 754 16 3 15 6 / 754 19 3 22 10 /
 754 16 3 2 1 / 755 16 3 18 3 / 755 16 3 15 6 / 755 16 3 2 1 /
 756 16 3 18 3 / 756 16 3 15 6 / 756 16 3 2 1 / 757 16 3 19 5 /
 757 16 3 20 7 / 757 16 3 21 8 / 757 16 3 2 1 / 758 16 3 14 4 /
 758 16 3 15 6 / 758 16 3 2 1 / 759 16 3 18 3 / 759 16 3 15 6 /
 759 16 3 2 1 / 760 16 3 18 3 / 760 16 3 15 6 / 760 16 3 2 1 /
 761 16 3 19 5 / 761 16 3 20 7 / 761 16 3 21 8 / 761 16 3 2 1 /
 762 16 3 14 4 / 762 16 3 15 6 / 762 16 3 2 1 / 763 16 3 18 3 /
 763 16 3 15 6 / 763 16 3 2 1 / 764 16 3 18 3 / 764 16 3 15 6 /
 764 16 3 2 1 / 765 16 3 19 5 / 765 16 3 20 7 / 765 16 3 21 8 /
 765 16 3 2 1 / 766 16 3 14 4 / 766 16 3 15 6 / 766 16 3 2 1 /
 767 16 3 18 3 / 767 16 3 15 6 / 767 16 3 2 1 / 768 16 3 18 3 /
 768 16 3 15 6 / 768 16 3 2 1 / 769 16 3 19 5 / 769 16 3 20 7 /
 769 16 3 21 8 / 769 16 3 2 1 / 770 16 3 14 4 / 770 16 3 15 6 /
 770 16 3 2 1 / 771 16 3 18 3 / 771 16 3 15 6 / 771 16 3 2 1 /
 772 16 3 18 3 / 772 16 3 15 6 / 772 16 3 2 1 / 773 16 3 19 5 /
 773 16 3 20 7 / 773 16 3 21 8 / 773 16 3 2 1 / 774 16 3 14 4 /
 774 16 3 15 6 / 774 16 3 2 1 / 775 16 3 18 3 / 775 16 3 15 6 /
 775 16 3 2 1 / 776 16 3 18 3 / 776 16 3 15 6 / 776 16 3 2 1 /
 777 16 3 19 5 / 777 16 3 20 7 / 777 16 3 21 8 / 777 16 3 2 1 /
 778 16 3 14 4 / 778 16 3 15 6 / 778 19 3 23 9 / 778 16 3 2 1 /
 779 16 3 18 3 / 779 16 3 15 6 / 779 19 3 23 9 / 779 16 3 2 1 /
 780 16 3 18 3 / 780 16 3 15 6 / 780 19 3 23 9 / 780 16 3 2 1 /
 781 16 3 19 5 / 781 16 3 20 7 / 781 16 3 21 8 / 781 16 3 2 1 /
 782 16 3 1 1 / 783 17 2 24 2 / 783 16 3 4 1 / 784 17 2 25 2 /
 784 16 3 4 1 / 785 17 2 26 2 / 785 16 3 4 1 / 786 17 2 27 2 /
 786 16 3 4 1 / 787 17 2 28 2 / 787 16 3 4 1 / 788 16 3 4 1 /
 789 16 3 2 1 / 790 16 3 2 1 / 791 16 3 2 1 / 792 16 3 2 1 /
 793 16 3 1 1 / 794 16 3 1 1 / 795 17 2 9 2 / 795 16 3 4 1 /
 796 17 2 10 2 / 796 16 3 4 1 / 797 17 2 11 2 / 797 16 3 4 1 /
 798 17 2 12 2 / 798 16 3 4 1 / 799 17 2 13 2 / 799 16 3 4 1 /
 800 16 3 4 1 / 801 16 3 2 1 / 802 16 3 2 1 / 803 16 3 2 1 /
 804 16 3 2 1 / 805 16 3 1 1 / 806 16 3 14 4 / 806 16 3 15 6 /
 806 19 3 16 9 / 806 16 3 2 1 / 807 16 3 18 3 / 807 16 3 15 6 /
 807 19 3 16 9 / 807 16 3 2 1 / 808 16 3 18 3 / 808 16 3 15 6 /
 808 19 3 16 9 / 808 16 3 2 1 / 809 16 3 19 5 / 809 16 3 20 7 /
 809 16 3 21 8 / 809 16 3 2 1 / 810 16 3 14 4 / 810 16 3 15 6 /
 810 16 3 2 1 / 811 16 3 18 3 / 811 16 3 15 6 / 811 16 3 2 1 /
 812 16 3 18 3 / 812 16 3 15 6 / 812 16 3 2 1 / 813 16 3 19 5 /
 813 16 3 20 7 / 813 16 3 21 8 / 813 16 3 2 1 / 814 16 3 14 4 /
 814 16 3 15 6 / 814 16 3 2 1 / 815 16 3 18 3 / 815 16 3 15 6 /
 815 16 3 2 1 / 816 16 3 18 3 / 816 16 3 15 6 / 816 16 3 2 1 /
 817 16 3 19 5 / 817 16 3 20 7 / 817 16 3 21 8 / 817 16 3 2 1 /
 818 16 3 14 4 / 818 16 3 15 6 / 818 16 3 2 1 / 819 16 3 18 3 /
 819 16 3 15 6 / 819 16 3 2 1 / 820 16 3 18 3 / 820 16 3 15 6 /
 820 16 3 2 1 / 821 16 3 19 5 / 821 16 3 20 7 / 821 16 3 21 8 /
 821 16 3 2 1 / 822 16 3 14 4 / 822 16 3 15 6 / 822 16 3 2 1 /
 823 16 3 18 3 / 823 16 3 15 6 / 823 16 3 2 1 / 824 16 3 18 3 /
 824 16 3 15 6 / 824 16 3 2 1 / 825 16 3 19 5 / 825 16 3 20 7 /
 825 16 3 21 8 / 825 16 3 2 1 / 826 16 3 14 4 / 826 16 3 15 6 /
 826 16 3 2 1 / 827 16 3 18 3 / 827 16 3 15 6 / 827 16 3 2 1 /
 828 16 3 18 3 / 828 16 3 15 6 / 828 16 3 2 1 / 829 16 3 19 5 /
 829 16 3 20 7 / 829 16 3 21 8 / 829 16 3 2 1 / 830 16 3 14 4 /
 830 16 3 15 6 / 830 16 3 2 1 / 831 16 3 18 3 / 831 16 3 15 6 /
 831 16 3 2 1 / 832 16 3 18 3 / 832 16 3 15 6 / 832 16 3 2 1 /
 833 16 3 19 5 / 833 16 3 20 7 / 833 16 3 21 8 / 833 16 3 2 1 /
 834 16 3 14 4 / 834 16 3 15 6 / 834 16 3 2 1 / 835 16 3 18 3 /
 835 16 3 15 6 / 835 16 3 2 1 / 836 16 3 18 3 / 836 16 3 15 6 /
 836 16 3 2 1 / 837 16 3 19 5 / 837 16 3 20 7 / 837 16 3 21 8 /
 837 16 3 2 1 / 838 16 3 14 4 / 838 16 3 15 6 / 838 16 3 2 1 /
 839 16 3 18 3 / 839 16 3 15 6 / 839 16 3 2 1 / 840 16 3 18 3 /
 840 16 3 15 6 / 840 16 3 2 1 / 841 16 3 19 5 / 841 16 3 20 7 /
 841 16 3 21 8 / 841 16 3 2 1 / 842 16 3 14 4 / 842 16 3 15 6 /
 842 16 3 2 1 / 843 16 3 18 3 / 843 16 3 15 6 / 843 16 3 2 1 /
 844 16 3 18 3 / 844 16 3 15 6 / 844 16 3 2 1 / 845 16 3 19 5 /
 845 16 3 20 7 / 845 16 3 21 8 / 845 16 3 2 1 / 846 16 3 14 4 /
 846 16 3 15 6 / 846 16 3 2 1 / 847 16 3 18 3 / 847 16 3 15 6 /
 847 16 3 2 1 / 848 16 3 18 3 / 848 16 3 15 6 / 848 16 3 2 1 /
 849 16 3 19 5 / 849 16 3 20 7 / 849 16 3 21 8 / 849 16 3 2 1 /
 850 16 3 14 4 / 850 16 3 15 6 / 850 16 3 2 1 / 851 16 3 18 3 /
 851 16 3 15 6 / 851 19 3 22 10 / 851 16 3 2 1 / 852 16 3 18 3 /
 852 16 3 15 6 / 852 19 3 22 10 / 852 16 3 2 1 / 853 16 3 19 5 /
 853 16 3 20 7 / 853 16 3 21 8 / 853 16 3 2 1 / 854 16 3 1 1 /
 855 16 3 2 1 / 856 16 3 2 1 / 857 16 3 2 1 / 858 16 3 2 1 /
 859 16 3 1 1 / 860 16 3 14 4 / 860 16 3 15 6 / 860 16 3 2 1 /
 861 16 3 18 3 / 861 16 3 15 6 / 861 16 3 2 1 / 862 16 3 18 3 /
 862 16 3 15 6 / 862 16 3 2 1 / 863 16 3 19 5 / 863 16 3 20 7 /
 863 16 3 21 8 / 863 16 3 2 1 / 864 16 3 14 4 / 864 16 3 15 6 /
 864 16 3 2 1 / 865 16 3 18 3 / 865 16 3 15 6 / 865 16 3 2 1 /
 866 16 3 18 3 / 866 16 3 15 6 / 866 16 3 2 1 / 867 16 3 19 5 /
 867 16 3 20 7 / 867 16 3 21 8 / 867 16 3 2 1 / 868 16 3 14 4 /
 868 16 3 15 6 / 868 16 3 2 1 / 869 16 3 18 3 / 869 16 3 15 6 /
 869 16 3 2 1 / 870 16 3 18 3 / 870 16 3 15 6 / 870 16 3 2 1 /
 871 16 3 19 5 / 871 16 3 20 7 / 871 16 3 21 8 / 871 16 3 2 1 /
 872 16 3 14 4 / 872 16 3 15 6 / 872 16 3 2 1 / 873 16 3 18 3 /
 873 16 3 15 6 / 873 16 3 2 1 / 874 16 3 18 3 / 874 16 3 15 6 /
 874 16 3 2 1 / 875 16 3 19 5 / 875 16 3 20 7 / 875 16 3 21 8 /
 875 16 3 2 1 / 876 16 3 14 4 / 876 16 3 15 6 / 876 16 3 2 1 /
 877 16 3 18 3 / 877 16 3 15 6 / 877 16 3 2 1 / 878 16 3 18 3 /
 878 16 3 15 6 / 878 16 3 2 1 / 879 16 3 19 5 / 879 16 3 20 7 /
 879 16 3 21 8 / 879 16 3 2 1 / 880 16 3 14 4 / 880 16 3 15 6 /
 880 19 3 22 10 / 880 16 3 2 1 / 881 16 3 18 3 / 881 16 3 15 6 /
 881 16 3 2 1 / 882 16 3 18 3 / 882 16 3 15 6 / 882 16 3 2 1 /
 883 16 3 19 5 / 883 16 3 20 7 / 883 16 3 21 8 / 883 16 3 2 1 /
 884 16 3 14 4 / 884 16 3 15 6 / 884 16 3 2 1 / 885 16 3 18 3 /
 885 16 3 15 6 / 885 16 3 2 1 / 886 16 3 18 3 / 886 16 3 15 6 /
 886 16 3 2 1 / 887 16 3 19 5 / 887 16 3 20 7 / 887 16 3 21 8 /
 887 16 3 2 1 / 888 16 3 14 4 / 888 16 3 15 6 / 888 16 3 2 1 /
 889 16 3 18 3 / 889 16 3 15 6 / 889 16 3 2 1 / 890 16 3 18 3 /
 890 16 3 15 6 / 890 16 3 2 1 / 891 16 3 19 5 / 891 16 3 20 7 /
 891 16 3 21 8 / 891 16 3 2 1 / 892 16 3 14 4 / 892 16 3 15 6 /
 892 16 3 2 1 / 893 16 3 18 3 / 893 16 3 15 6 / 893 16 3 2 1 /
 894 16 3 18 3 / 894 16 3 15 6 / 894 16 3 2 1 / 895 16 3 19 5 /
 895 16 3 20 7 / 895 16 3 21 8 / 895 16 3 2 1 / 896 16 3 14 4 /
 896 16 3 15 6 / 896 16 3 2 1 / 897 16 3 18 3 / 897 16 3 15 6 /
 897 16 3 2 1 / 898 16 3 18 3 / 898 16 3 15 6 / 898 16 3 2 1 /
 899 16 3 19 5 / 899 16 3 20 7 / 899 16 3 21 8 / 899 16 3 2 1 /
 900 16 3 14 4 / 900 16 3 15 6 / 900 16 3 2 1 / 901 16 3 18 3 /
 901 16 3 15 6 / 901 16 3 2 1 / 902 16 3 18 3 / 902 16 3 15 6 /
 902 16 3 2 1 / 903 16 3 19 5 / 903 16 3 20 7 / 903 16 3 21 8 /
 903 16 3 2 1 / 904 16 3 14 4 / 904 16 3 15 6 / 904 19 3 23 9 /
 904 16 3 2 1 / 905 16 3 18 3 / 905 16 3 15 6 / 905 19 3 23 9 /
 905 16 3 2 1 / 906 16 3 18 3 / 906 16 3 15 6 / 906 19 3 23 9 /
 906 16 3 2 1 / 907 16 3 19 5 / 907 16 3 20 7 / 907 16 3 21 8 /
 907 16 3 2 1 / 908 16 3 1 1 / 909 17 2 24 2 / 909 16 3 4 1 /
 910 17 2 25 2 / 910 16 3 4 1 / 911 17 2 26 2 / 911 16 3 4 1 /
 912 17 2 27 2 / 912 16 3 4 1 / 913 17 2 28 2 / 913 16 3 4 1 /
 914 16 3 4 1 / 915 16 3 2 1 / 916 16 3 2 1 / 917 16 3 2 1 /
 918 16 3 2 1 / 919 16 3 1 1 / 920 16 3 1 1 / 921 17 2 9 2 /
 921 16 3 4 1 / 922 17 2 10 2 / 922 16 3 4 1 / 923 17 2 11 2 /
 923 16 3 4 1 / 924 17 2 12 2 / 924 16 3 4 1 / 925 17 2 13 2 /
 925 16 3 4 1 / 926 16 3 4 1 / 927 16 3 2 1 / 928 16 3 2 1 /
 929 16 3 2 1 / 930 16 3 2 1 / 931 16 3 1 1 / 932 16 3 14 4 /
 932 16 3 15 6 / 932 19 3 16 9 / 932 16 3 2 1 / 933 16 3 18 3 /
 933 16 3 15 6 / 933 19 3 16 9 / 933 16 3 2 1 / 934 16 3 18 3 /
 934 16 3 15 6 / 934 19 3 16 9 / 934 16 3 2 1 / 935 16 3 19 5 /
 935 16 3 20 7 / 935 16 3 21 8 / 935 16 3 2 1 / 936 16 3 14 4 /
 936 16 3 15 6 / 936 16 3 2 1 / 937 16 3 18 3 / 937 16 3 15 6 /
 937 16 3 2 1 / 938 16 3 18 3 / 938 16 3 15 6 / 938 16 3 2 1 /
 939 16 3 19 5 / 939 16 3 20 7 / 939 16 3 21 8 / 939 16 3 2 1 /
 940 16 3 14 4 / 940 16 3 15 6 / 940 16 3 2 1 / 941 16 3 18 3 /
 941 16 3 15 6 / 941 16 3 2 1 / 942 16 3 18 3 / 942 16 3 15 6 /
 942 16 3 2 1 / 943 16 3 19 5 / 943 16 3 20 7 / 943 16 3 21 8 /
 943 16 3 2 1 / 944 16 3 14 4 / 944 16 3 15 6 / 944 16 3 2 1 /
 945 16 3 18 3 / 945 16 3 15 6 / 945 16 3 2 1 / 946 16 3 18 3 /
 946 16 3 15 6 / 946 16 3 2 1 / 947 16 3 19 5 / 947 16 3 20 7 /
 947 16 3 21 8 / 947 16 3 2 1 / 948 16 3 14 4 / 948 16 3 15 6 /
 948 16 3 2 1 / 949 16 3 18 3 / 949 16 3 15 6 / 949 16 3 2 1 /
 950 16 3 18 3 / 950 16 3 15 6 / 950 16 3 2 1 / 951 16 3 19 5 /
 951 16 3 20 7 / 951 16 3 21 8 / 951 16 3 2 1 / 952 16 3 14 4 /
 952 16 3 15 6 / 952 16 3 2 1 / 953 16 3 18 3 / 953 16 3 15 6 /
 953 16 3 2 1 / 954 16 3 18 3 / 954 16 3 15 6 / 954 16 3 2 1 /
 955 16 3 19 5 / 955 16 3 20 7 / 955 16 3 21 8 / 955 16 3 2 1 /
 956 16 3 14 4 / 956 16 3 15 6 / 956 16 3 2 1 / 957 16 3 18 3 /
 957 16 3 15 6 / 957 16 3 2 1 / 958 16 3 18 3 / 958 16 3 15 6 /
 958 16 3 2 1 / 959 16 3 19 5 / 959 16 3 20 7 / 959 16 3 21 8 /
 959 16 3 2 1 / 960 16 3 14 4 / 960 16 3 15 6 / 960 16 3 2 1 /
 961 16 3 18 3 / 961 16 3 15 6 / 961 16 3 2 1 / 962 16 3 18 3 /
 962 16 3 15 6 / 962 16 3 2 1 / 963 16 3 19 5 / 963 16 3 20 7 /
 963 16 3 21 8 / 963 16 3 2 1 / 964 16 3 14 4 / 964 16 3 15 6 /
 964 16 3 2 1 / 965 16 3 18 3 / 965 16 3 15 6 / 965 16 3 2 1 /
 966 16 3 18 3 / 966 16 3 15 6 / 966 16 3 2 1 / 967 16 3 19 5 /
 967 16 3 20 7 / 967 16 3 21 8 / 967 16 3 2 1 / 968 16 3 14 4 /
 968 16 3 15 6 / 968 16 3 2 1 / 969 16 3 18 3 / 969 16 3 15 6 /
 969 16 3 2 1 / 970 16 3 18 3 / 970 16 3 15 6 / 970 16 3 2 1 /
 971 16 3 19 5 / 971 16 3 20 7 / 971 16 3 21 8 / 971 16 3 2 1 /
 972 16 3 14 4 / 972 16 3 15 6 / 972 16 3 2 1 / 973 16 3 18 3 /
 973 16 3 15 6 / 973 16 3 2 1 / 974 16 3 18 3 / 974 16 3 15 6 /
 974 16 3 2 1 / 975 16 3 19 5 / 975 16 3 20 7 / 975 16 3 21 8 /
 975 16 3 2 1 / 976 16 3 14 4 / 976 16 3 15 6 / 976 16 3 2 1 /
 977 16 3 18 3 / 977 16 3 15 6 / 977 19 3 22 10 / 977 16 3 2 1 /
 978 16 3 18 3 / 978 16 3 15 6 / 978 19 3 22 10 / 978 16 3 2 1 /
 979 16 3 19 5 / 979 16 3 20 7 / 979 16 3 21 8 / 979 16 3 2 1 /
 980 16 3 1 1 / 981 16 3 2 1 / 982 16 3 2 1 / 983 16 3 2 1 /
 984 16 3 2 1 / 985 16 3 1 1 / 986 16 3 14 4 / 986 16 3 15 6 /
 986 16 3 2 1 / 987 16 3 18 3 / 987 16 3 15 6 / 987 16 3 2 1 /
 988 16 3 18 3 / 988 16 3 15 6 / 988 16 3 2 1 / 989 16 3 19 5 /
 989 16 3 20 7 / 989 16 3 21 8 / 989 16 3 2 1 / 990 16 3 14 4 /
 990 16 3 15 6 / 990 16 3 2 1 / 991 16 3 18 3 / 991 16 3 15 6 /
 991 16 3 2 1 / 992 16 3 18 3 / 992 16 3 15 6 / 992 16 3 2 1 /
 993 16 3 19 5 / 993 16 3 20 7 / 993 16 3 21 8 / 993 16 3 2 1 /
 994 16 3 14 4 / 994 16 3 15 6 / 994 16 3 2 1 / 995 16 3 18 3 /
 995 16 3 15 6 / 995 16 3 2 1 / 996 16 3 18 3 / 996 16 3 15 6 /
 996 16 3 2 1 / 997 16 3 19 5 / 997 16 3 20 7 / 997 16 3 21 8 /
 997 16 3 2 1 / 998 16 3 14 4 / 998 16 3 15 6 / 998 16 3 2 1 /
 999 16 3 18 3 / 999 16 3 15 6 / 999 16 3 2 1 / 1000 16 3 18 3 /
 1000 16 3 15 6 / 1000 16 3 2 1 / 1001 16 3 19 5 / 1001 16 3 20 7 /
 1001 16 3 21 8 / 1001 16 3 2 1 / 1002 16 3 14 4 / 1002 16 3 15 6 /
 1002 16 3 2 1 / 1003 16 3 18 3 / 1003 16 3 15 6 / 1003 16 3 2 1 /
 1004 16 3 18 3 / 1004 16 3 15 6 / 1004 16 3 2 1 / 1005 16 3 19 5 /
 1005 16 3 20 7 / 1005 16 3 21 8 / 1005 16 3 2 1 / 1006 16 3 14 4 /
 1006 16 3 15 6 / 1006 19 3 22 10 / 1006 16 3 2 1 / 1007 16 3 18 3 /
 1007 16 3 15 6 / 1007 16 3 2 1 / 1008 16 3 18 3 / 1008 16 3 15 6 /
 1008 16 3 2 1 / 1009 16 3 19 5 / 1009 16 3 20 7 / 1009 16 3 21 8 /
 1009 16 3 2 1 / 1010 16 3 14 4 / 1010 16 3 15 6 / 1010 16 3 2 1 /
 1011 16 3 18 3 / 1011 16 3 15 6 / 1011 16 3 2 1 / 1012 16 3 18 3 /
 1012 16 3 15 6 / 1012 16 3 2 1 / 1013 16 3 19 5 / 1013 16 3 20 7 /
 1013 16 3 21 8 / 1013 16 3 2 1 / 1014 16 3 14 4 / 1014 16 3 15 6 /
 1014 16 3 2 1 / 1015 16 3 18 3 / 1015 16 3 15 6 / 1015 16 3 2 1 /
 1016 16 3 18 3 / 1016 16 3 15 6 / 1016 16 3 2 1 / 1017 16 3 19 5 /
 1017 16 3 20 7 / 1017 16 3 21 8 / 1017 16 3 2 1 / 1018 16 3 14 4 /
 1018 16 3 15 6 / 1018 16 3 2 1 / 1019 16 3 18 3 / 1019 16 3 15 6 /
 1019 16 3 2 1 / 1020 16 3 18 3 / 1020 16 3 15 6 / 1020 16 3 2 1 /
 1021 16 3 19 5 / 1021 16 3 20 7 / 1021 16 3 21 8 / 1021 16 3 2 1 /
 1022 16 3 14 4 / 1022 16 3 15 6 / 1022 16 3 2 1 / 1023 16 3 18 3 /
 1023 16 3 15 6 / 1023 16 3 2 1 / 1024 16 3 18 3 / 1024 16 3 15 6 /
 1024 16 3 2 1 / 1025 16 3 19 5 / 1025 16 3 20 7 / 1025 16 3 21 8 /
 1025 16 3 2 1 / 1026 16 3 14 4 / 1026 16 3 15 6 / 1026 16 3 2 1 /
 1027 16 3 18 3 / 1027 16 3 15 6 / 1027 16 3 2 1 / 1028 16 3 18 3 /
 1028 16 3 15 6 / 1028 16 3 2 1 / 1029 16 3 19 5 / 1029 16 3 20 7 /
 1029 16 3 21 8 / 1029 16 3 2 1 / 1030 16 3 14 4 / 1030 16 3 15 6 /
 1030 19 3 23 9 / 1030 16 3 2 1 / 1031 16 3 18 3 / 1031 16 3 15 6 /
 1031 19 3 23 9 / 1031 16 3 2 1 / 1032 16 3 18 3 / 1032 16 3 15 6 /
 1032 19 3 23 9 / 1032 16 3 2 1 / 1033 16 3 19 5 / 1033 16 3 20 7 /
 1033 16 3 21 8 / 1033 16 3 2 1 / 1034 16 3 1 1 / 1035 17 2 24 2 /
 1035 16 3 4 1 / 1036 17 2 25 2 / 1036 16 3 4 1 / 1037 17 2 26 2 /
 1037 16 3 4 1 / 1038 17 2 27 2 / 1038 16 3 4 1 / 1039 17 2 28 2 /
 1039 16 3 4 1 / 1040 16 3 4 1 / 1041 16 3 2 1 / 1042 16 3 2 1 /
 1043 16 3 2 1 / 1044 16 3 2 1 / 1045 16 3 1 1 / 1046 16 3 1 1 /
 1047 17 2 9 2 / 1047 16 3 4 1 / 1048 17 2 10 2 / 1048 16 3 4 1 /
 1049 17 2 11 2 / 1049 16 3 4 1 / 1050 17 2 12 2 / 1050 16 3 4 1 /
 1051 17 2 13 2 / 1051 16 3 4 1 / 1052 16 3 4 1 / 1053 16 3 2 1 /
 1054 16 3 2 1 / 1055 16 3 2 1 / 1056 16 3 2 1 / 1057 16 3 1 1 /
 1058 16 3 14 4 / 1058 16 3 15 6 / 1058 19 3 16 9 / 1058 16 3 2 1 /
 1059 16 3 18 3 / 1059 16 3 15 6 / 1059 19 3 16 9 / 1059 16 3 2 1 /
 1060 16 3 18 3 / 1060 16 3 15 6 / 1060 19 3 16 9 / 1060 16 3 2 1 /
 1061 16 3 19 5 / 1061 16 3 20 7 / 1061 16 3 21 8 / 1061 16 3 2 1 /
 1062 16 3 14 4 / 1062 16 3 15 6 / 1062 16 3 2 1 / 1063 16 3 18 3 /
 1063 16 3 15 6 / 1063 16 3 2 1 / 1064 16 3 18 3 / 1064 16 3 15 6 /
 1064 16 3 2 1 / 1065 16 3 19 5 / 1065 16 3 20 7 / 1065 16 3 21 8 /
 1065 16 3 2 1 / 1066 16 3 14 4 / 1066 16 3 15 6 / 1066 16 3 2 1 /
 1067 16 3 18 3 / 1067 16 3 15 6 / 1067 16 3 2 1 / 1068 16 3 18 3 /
 1068 16 3 15 6 / 1068 16 3 2 1 / 1069 16 3 19 5 / 1069 16 3 20 7 /
 1069 16 3 21 8 / 1069 16 3 2 1 / 1070 16 3 14 4 / 1070 16 3 15 6 /
 1070 16 3 2 1 / 1071 16 3 18 3 / 1071 16 3 15 6 / 1071 16 3 2 1 /
 1072 16 3 18 3 / 1072 16 3 15 6 / 1072 16 3 2 1 / 1073 16 3 19 5 /
 1073 16 3 20 7 / 1073 16 3 21 8 / 1073 16 3 2 1 / 1074 16 3 14 4 /
 1074 16 3 15 6 / 1074 16 3 2 1 / 1075 16 3 18 3 / 1075 16 3 15 6 /
 1075 16 3 2 1 / 1076 16 3 18 3 / 1076 16 3 15 6 / 1076 16 3 2 1 /
 1077 16 3 19 5 / 1077 16 3 20 7 / 1077 16 3 21 8 / 1077 16 3 2 1 /
 1078 16 3 14 4 / 1078 16 3 15 6 / 1078 16 3 2 1 / 1079 16 3 18 3 /
 1079 16 3 15 6 / 1079 16 3 2 1 / 1080 16 3 18 3 / 1080 16 3 15 6 /
 1080 16 3 2 1 / 1081 16 3 19 5 / 1081 16 3 20 7 / 1081 16 3 21 8 /
 1081 16 3 2 1 / 1082 16 3 14 4 / 1082 16 3 15 6 / 1082 16 3 2 1 /
 1083 16 3 18 3 / 1083 16 3 15 6 / 1083 16 3 2 1 / 1084 16 3 18 3 /
 1084 16 3 15 6 / 1084 16 3 2 1 / 1085 16 3 19 5 / 1085 16 3 20 7 /
 1085 16 3 21 8 / 1085 16 3 2 1 / 1086 16 3 14 4 / 1086 16 3 15 6 /
 1086 16 3 2 1 / 1087 16 3 18 3 / 1087 16 3 15 6 / 1087 16 3 2 1 /
 1088 16 3 18 3 / 1088 16 3 15 6 / 1088 16 3 2 1 / 1089 16 3 19 5 /
 1089 16 3 20 7 / 1089 16 3 21 8 / 1089 16 3 2 1 / 1090 16 3 14 4 /
 1090 16 3 15 6 / 1090 16 3 2 1 / 1091 16 3 18 3 / 1091 16 3 15 6 /
 1091 16 3 2 1 / 1092 16 3 18 3 / 1092 16 3 15 6 / 1092 16 3 2 1 /
 1093 16 3 19 5 / 1093 16 3 20 7 / 1093 16 3 21 8 / 1093 16 3 2 1 /
 1094 16 3 14 4 / 1094 16 3 15 6 / 1094 16 3 2 1 / 1095 16 3 18 3 /
 1095 16 3 15 6 / 1095 16 3 2 1 / 1096 16 3 18 3 / 1096 16 3 15 6 /
 1096 16 3 2 1 / 1097 16 3 19 5 / 1097 16 3 20 7 / 1097 16 3 21 8 /
 1097 16 3 2 1 / 1098 16 3 14 4 / 1098 16 3 15 6 / 1098 16 3 2 1 /
 1099 16 3 18 3 / 1099 16 3 15 6 / 1099 16 3 2 1 / 1100 16 3 18 3 /
 1100 16 3 15 6 / 1100 16 3 2 1 / 1101 16 3 19 5 / 1101 16 3 20 7 /
 1101 16 3 21 8 / 1101 16 3 2 1 / 1102 16 3 14 4 / 1102 16 3 15 6 /
 1102 16 3 2 1 / 1103 16 3 18 3 / 1103 16 3 15 6 / 1103 19 3 22 10 /
 1103 16 3 2 1 / 1104 16 3 18 3 / 1104 16 3 15 6 / 1104 19 3 22 10 /
 1104 16 3 2 1 / 1105 16 3 19 5 / 1105 16 3 20 7 / 1105 16 3 21 8 /
 1105 16 3 2 1 / 1106 16 3 1 1 / 1107 16 3 2 1 / 1108 16 3 2 1 /
 1109 16 3 2 1 / 1110 16 3 2 1 / 1111 16 3 1 1 / 1112 16 3 14 4 /
 1112 16 3 15 6 / 1112 16 3 2 1 / 1113 16 3 18 3 / 1113 16 3 15 6 /
 1113 16 3 2 1 / 1114 16 3 18 3 / 1114 16 3 15 6 / 1114 16 3 2 1 /
 1115 16 3 19 5 / 1115 16 3 20 7 / 1115 16 3 21 8 / 1115 16 3 2 1 /
 1116 16 3 14 4 / 1116 16 3 15 6 / 1116 16 3 2 1 / 1117 16 3 18 3 /
 1117 16 3 15 6 / 1117 16 3 2 1 / 1118 16 3 18 3 / 1118 16 3 15 6 /
 1118 16 3 2 1 / 1119 16 3 19 5 / 1119 16 3 20 7 / 1119 16 3 21 8 /
 1119 16 3 2 1 / 1120 16 3 14 4 / 1120 16 3 15 6 / 1120 16 3 2 1 /
 1121 16 3 18 3 / 1121 16 3 15 6 / 1121 16 3 2 1 / 1122 16 3 18 3 /
 1122 16 3 15 6 / 1122 16 3 2 1 / 1123 16 3 19 5 / 1123 16 3 20 7 /
 1123 16 3 21 8 / 1123 16 3 2 1 / 1124 16 3 14 4 / 1124 16 3 15 6 /
 1124 16 3 2 1 / 1125 16 3 18 3 / 1125 16 3 15 6 / 1125 16 3 2 1 /
 1126 16 3 18 3 / 1126 16 3 15 6 / 1126 16 3 2 1 / 1127 16 3 19 5 /
 1127 16 3 20 7 / 1127 16 3 21 8 / 1127 16 3 2 1 / 1128 16 3 14 4 /
 1128 16 3 15 6 / 1128 16 3 2 1 / 1129 16 3 18 3 / 1129 16 3 15 6 /
 1129 16 3 2 1 / 1130 16 3 18 3 / 1130 16 3 15 6 / 1130 16 3 2 1 /
 1131 16 3 19 5 / 1131 16 3 20 7 / 1131 16 3 21 8 / 1131 16 3 2 1 /
 1132 16 3 14 4 / 1132 16 3 15 6 / 1132 19 3 22 10 / 1132 16 3 2 1 /
 1133 16 3 18 3 / 1133 16 3 15 6 / 1133 16 3 2 1 / 1134 16 3 18 3 /
 1134 16 3 15 6 / 1134 16 3 2 1 / 1135 16 3 19 5 / 1135 16 3 20 7 /
 1135 16 3 21 8 / 1135 16 3 2 1 / 1136 16 3 14 4 / 1136 16 3 15 6 /
 1136 16 3 2 1 / 1137 16 3 18 3 / 1137 16 3 15 6 / 1137 16 3 2 1 /
 1138 16 3 18 3 / 1138 16 3 15 6 / 1138 16 3 2 1 / 1139 16 3 19 5 /
 1139 16 3 20 7 / 1139 16 3 21 8 / 1139 16 3 2 1 / 1140 16 3 14 4 /
 1140 16 3 15 6 / 1140 16 3 2 1 / 1141 16 3 18 3 / 1141 16 3 15 6 /
 1141 16 3 2 1 / 1142 16 3 18 3 / 1142 16 3 15 6 / 1142 16 3 2 1 /
 1143 16 3 19 5 / 1143 16 3 20 7 / 1143 16 3 21 8 / 1143 16 3 2 1 /
 1144 16 3 14 4 / 1144 16 3 15 6 / 1144 16 3 2 1 / 1145 16 3 18 3 /
 1145 16 3 15 6 / 1145 16 3 2 1 / 1146 16 3 18 3 / 1146 16 3 15 6 /
 1146 16 3 2 1 / 1147 16 3 19 5 / 1147 16 3 20 7 / 1147 16 3 21 8 /
 1147 16 3 2 1 / 1148 16 3 14 4 / 1148 16 3 15 6 / 1148 16 3 2 1 /
 1149 16 3 18 3 / 1149 16 3 15 6 / 1149 16 3 2 1 / 1150 16 3 18 3 /
 1150 16 3 15 6 / 1150 16 3 2 1 / 1151 16 3 19 5 / 1151 16 3 20 7 /
 1151 16 3 21 8 / 1151 16 3 2 1 / 1152 16 3 14 4 / 1152 16 3 15 6 /
 1152 16 3 2 1 / 1153 16 3 18 3 / 1153 16 3 15 6 / 1153 16 3 2 1 /
 1154 16 3 18 3 / 1154 16 3 15 6 / 1154 16 3 2 1 / 1155 16 3 19 5 /
 1155 16 3 20 7 / 1155 16 3 21 8 / 1155 16 3 2 1 / 1156 16 3 14 4 /
 1156 16 3 15 6 / 1156 19 3 23 9 / 1156 16 3 2 1 / 1157 16 3 18 3 /
 1157 16 3 15 6 / 1157 19 3 23 9 / 1157 16 3 2 1 / 1158 16 3 18 3 /
 1158 16 3 15 6 / 1158 19 3 23 9 / 1158 16 3 2 1 / 1159 16 3 19 5 /
 1159 16 3 20 7 / 1159 16 3 21 8 / 1159 16 3 2 1 / 1160 16 3 1 1 /
 1161 17 2 24 2 / 1161 16 3 4 1 / 1162 17 2 25 2 / 1162 16 3 4 1 /
 1163 17 2 26 2 / 1163 16 3 4 1 / 1164 17 2 27 2 / 1164 16 3 4 1 /
 1165 17 2 28 2 / 1165 16 3 4 1 / 1166 16 3 4 1 / 1167 16 3 2 1 /
 1168 16 3 2 1 / 1169 16 3 2 1 / 1170 16 3 2 1 / 1171 16 3 1 1 /
 1172 16 3 1 1 / 1173 17 2 9 2 / 1173 16 3 4 1 / 1174 17 2 10 2 /
 1174 16 3 4 1 / 1175 17 2 11 2 / 1175 16 3 4 1 / 1176 17 2 12 2 /
 1176 16 3 4 1 / 1177 17 2 13 2 / 1177 16 3 4 1 / 1178 16 3 4 1 /
 1179 16 3 2 1 / 1180 16 3 2 1 / 1181 16 3 2 1 / 1182 16 3 2 1 /
 1183 16 3 1 1 / 1184 16 3 14 4 / 1184 16 3 15 6 / 1184 19 3 16 9 /
 1184 16 3 2 1 / 1185 16 3 18 3 / 1185 16 3 15 6 / 1185 19 3 16 9 /
 1185 16 3 2 1 / 1186 16 3 18 3 / 1186 16 3 15 6 / 1186 19 3 16 9 /
 1186 16 3 2 1 / 1187 16 3 19 5 / 1187 16 3 20 7 / 1187 16 3 21 8 /
 1187 16 3 2 1 / 1188 16 3 14 4 / 1188 16 3 15 6 / 1188 16 3 2 1 /
 1189 16 3 18 3 / 1189 16 3 15 6 / 1189 16 3 2 1 / 1190 16 3 18 3 /
 1190 16 3 15 6 / 1190 16 3 2 1 / 1191 16 3 19 5 / 1191 16 3 20 7 /
 1191 16 3 21 8 / 1191 16 3 2 1 / 1192 16 3 14 4 / 1192 16 3 15 6 /
 1192 16 3 2 1 / 1193 16 3 18 3 / 1193 16 3 15 6 / 1193 16 3 2 1 /
 1194 16 3 18 3 / 1194 16 3 15 6 / 1194 16 3 2 1 / 1195 16 3 19 5 /
 1195 16 3 20 7 / 1195 16 3 21 8 / 1195 16 3 2 1 / 1196 16 3 14 4 /
 1196 16 3 15 6 / 1196 16 3 2 1 / 1197 16 3 18 3 / 1197 16 3 15 6 /
 1197 16 3 2 1 / 1198 16 3 18 3 / 1198 16 3 15 6 / 1198 16 3 2 1 /
 1199 16 3 19 5 / 1199 16 3 20 7 / 1199 16 3 21 8 / 1199 16 3 2 1 /
 1200 16 3 14 4 / 1200 16 3 15 6 / 1200 16 3 2 1 / 1201 16 3 18 3 /
 1201 16 3 15 6 / 1201 16 3 2 1 / 1202 16 3 18 3 / 1202 16 3 15 6 /
 1202 16 3 2 1 / 1203 16 3 19 5 / 1203 16 3 20 7 / 1203 16 3 21 8 /
 1203 16 3 2 1 / 1204 16 3 14 4 / 1204 16 3 15 6 / 1204 16 3 2 1 /
 1205 16 3 18 3 / 1205 16 3 15 6 / 1205 16 3 2 1 / 1206 16 3 18 3 /
 1206 16 3 15 6 / 1206 16 3 2 1 / 1207 16 3 19 5 / 1207 16 3 20 7 /
 1207 16 3 21 8 / 1207 16 3 2 1 / 1208 16 3 14 4 / 1208 16 3 15 6 /
 1208 16 3 2 1 / 1209 16 3 18 3 / 1209 16 3 15 6 / 1209 16 3 2 1 /
 1210 16 3 18 3 / 1210 16 3 15 6 / 1210 16 3 2 1 / 1211 16 3 19 5 /
 1211 16 3 20 7 / 1211 16 3 21 8 / 1211 16 3 2 1 / 1212 16 3 14 4 /
 1212 16 3 15 6 / 1212 16 3 2 1 / 1213 16 3 18 3 / 1213 16 3 15 6 /
 1213 16 3 2 1 / 1214 16 3 18 3 / 1214 16 3 15 6 / 1214 16 3 2 1 /
 1215 16 3 19 5 / 1215 16 3 20 7 / 1215 16 3 21 8 / 1215 16 3 2 1 /
 1216 16 3 14 4 / 1216 16 3 15 6 / 1216 16 3 2 1 / 1217 16 3 18 3 /
 1217 16 3 15 6 / 1217 16 3 2 1 / 1218 16 3 18 3 / 1218 16 3 15 6 /
 1218 16 3 2 1 / 1219 16 3 19 5 / 1219 16 3 20 7 / 1219 16 3 21 8 /
 1219 16 3 2 1 / 1220 16 3 14 4 / 1220 16 3 15 6 / 1220 16 3 2 1 /
 1221 16 3 18 3 / 1221 16 3 15 6 / 1221 16 3 2 1 / 1222 16 3 18 3 /
 1222 16 3 15 6 / 1222 16 3 2 1 / 1223 16 3 19 5 / 1223 16 3 20 7 /
 1223 16 3 21 8 / 1223 16 3 2 1 / 1224 16 3 14 4 / 1224 16 3 15 6 /
 1224 16 3 2 1 / 1225 16 3 18 3 / 1225 16 3 15 6 / 1225 16 3 2 1 /
 1226 16 3 18 3 / 1226 16 3 15 6 / 1226 16 3 2 1 / 1227 16 3 19 5 /
 1227 16 3 20 7 / 1227 16 3 21 8 / 1227 16 3 2 1 / 1228 16 3 14 4 /
 1228 16 3 15 6 / 1228 16 3 2 1 / 1229 16 3 18 3 / 1229 16 3 15 6 /
 1229 19 3 22 10 / 1229 16 3 2 1 / 1230 16 3 18 3 / 1230 16 3 15 6 /
 1230 19 3 22 10 / 1230 16 3 2 1 / 1231 16 3 19 5 / 1231 16 3 20 7 /
 1231 16 3 21 8 / 1231 16 3 2 1 / 1232 16 3 1 1 / 1233 16 3 2 1 /
 1234 16 3 2 1 / 1235 16 3 2 1 / 1236 16 3 2 1 / 1237 16 3 1 1 /
 1238 16 3 14 4 / 1238 16 3 15 6 / 1238 16 3 2 1 / 1239 16 3 18 3 /
 1239 16 3 15 6 / 1239 16 3 2 1 / 1240 16 3 18 3 / 1240 16 3 15 6 /
 1240 16 3 2 1 / 1241 16 3 19 5 / 1241 16 3 20 7 / 1241 16 3 21 8 /
 1241 16 3 2 1 / 1242 16 3 14 4 / 1242 16 3 15 6 / 1242 16 3 2 1 /
 1243 16 3 18 3 / 1243 16 3 15 6 / 1243 16 3 2 1 / 1244 16 3 18 3 /
 1244 16 3 15 6 / 1244 16 3 2 1 / 1245 16 3 19 5 / 1245 16 3 20 7 /
 1245 16 3 21 8 / 1245 16 3 2 1 / 1246 16 3 14 4 / 1246 16 3 15 6 /
 1246 16 3 2 1 / 1247 16 3 18 3 / 1247 16 3 15 6 / 1247 16 3 2 1 /
 1248 16 3 18 3 / 1248 16 3 15 6 / 1248 16 3 2 1 / 1249 16 3 19 5 /
 1249 16 3 20 7 / 1249 16 3 21 8 / 1249 16 3 2 1 / 1250 16 3 14 4 /
 1250 16 3 15 6 / 1250 16 3 2 1 / 1251 16 3 18 3 / 1251 16 3 15 6 /
 1251 16 3 2 1 / 1252 16 3 18 3 / 1252 16 3 15 6 / 1252 16 3 2 1 /
 1253 16 3 19 5 / 1253 16 3 20 7 / 1253 16 3 21 8 / 1253 16 3 2 1 /
 1254 16 3 14 4 / 1254 16 3 15 6 / 1254 16 3 2 1 / 1255 16 3 18 3 /
 1255 16 3 15 6 / 1255 16 3 2 1 / 1256 16 3 18 3 / 1256 16 3 15 6 /
 1256 16 3 2 1 / 1257 16 3 19 5 / 1257 16 3 20 7 / 1257 16 3 21 8 /
 1257 16 3 2 1 / 1258 16 3 14 4 / 1258 16 3 15 6 / 1258 19 3 22 10 /
 1258 16 3 2 1 / 1259 16 3 18 3 / 1259 16 3 15 6 / 1259 16 3 2 1 /
 1260 16 3 18 3 / 1260 16 3 15 6 / 1260 16 3 2 1 / 1261 16 3 19 5 /
 1261 16 3 20 7 / 1261 16 3 21 8 / 1261 16 3 2 1 / 1262 16 3 14 4 /
 1262 16 3 15 6 / 1262 16 3 2 1 / 1263 16 3 18 3 / 1263 16 3 15 6 /
 1263 16 3 2 1 / 1264 16 3 18 3 / 1264 16 3 15 6 / 1264 16 3 2 1 /
 1265 16 3 19 5 / 1265 16 3 20 7 / 1265 16 3 21 8 / 1265 16 3 2 1 /
 1266 16 3 14 4 / 1266 16 3 15 6 / 1266 16 3 2 1 / 1267 16 3 18 3 /
 1267 16 3 15 6 / 1267 16 3 2 1 / 1268 16 3 18 3 / 1268 16 3 15 6 /
 1268 16 3 2 1 / 1269 16 3 19 5 / 1269 16 3 20 7 / 1269 16 3 21 8 /
 1269 16 3 2 1 / 1270 16 3 14 4 / 1270 16 3 15 6 / 1270 16 3 2 1 /
 1271 16 3 18 3 / 1271 16 3 15 6 / 1271 16 3 2 1 / 1272 16 3 18 3 /
 1272 16 3 15 6 / 1272 16 3 2 1 / 1273 16 3 19 5 / 1273 16 3 20 7 /
 1273 16 3 21 8 / 1273 16 3 2 1 / 1274 16 3 14 4 / 1274 16 3 15 6 /
 1274 16 3 2 1 / 1275 16 3 18 3 / 1275 16 3 15 6 / 1275 16 3 2 1 /
 1276 16 3 18 3 / 1276 16 3 15 6 / 1276 16 3 2 1 / 1277 16 3 19 5 /
 1277 16 3 20 7 / 1277 16 3 21 8 / 1277 16 3 2 1 / 1278 16 3 14 4 /
 1278 16 3 15 6 / 1278 16 3 2 1 / 1279 16 3 18 3 / 1279 16 3 15 6 /
 1279 16 3 2 1 / 1280 16 3 18 3 / 1280 16 3 15 6 / 1280 16 3 2 1 /
 1281 16 3 19 5 / 1281 16 3 20 7 / 1281 16 3 21 8 / 1281 16 3 2 1 /
 1282 16 3 14 4 / 1282 16 3 15 6 / 1282 19 3 23 9 / 1282 16 3 2 1 /
 1283 16 3 18 3 / 1283 16 3 15 6 / 1283 19 3 23 9 / 1283 16 3 2 1 /
 1284 16 3 18 3 / 1284 16 3 15 6 / 1284 19 3 23 9 / 1284 16 3 2 1 /
 1285 16 3 19 5 / 1285 16 3 20 7 / 1285 16 3 21 8 / 1285 16 3 2 1 /
 1286 16 3 1 1 / 1287 17 2 24 2 / 1287 16 3 4 1 / 1288 17 2 25 2 /
 1288 16 3 4 1 / 1289 17 2 26 2 / 1289 16 3 4 1 / 1290 17 2 27 2 /
 1290 16 3 4 1 / 1291 17 2 28 2 / 1291 16 3 4 1 / 1292 16 3 4 1 /
 1293 16 3 2 1 / 1294 16 3 2 1 / 1295 16 3 2 1 / 1296 16 3 2 1 /
 1297 16 3 1 1 / 1298 16 3 1 1 / 1299 17 2 9 2 / 1299 16 3 4 1 /
 1300 17 2 10 2 / 1300 16 3 4 1 / 1301 17 2 11 2 / 1301 16 3 4 1 /
 1302 17 2 12 2 / 1302 16 3 4 1 / 1303 17 2 13 2 / 1303 16 3 4 1 /
 1304 16 3 4 1 / 1305 16 3 2 1 / 1306 16 3 2 1 / 1307 16 3 2 1 /
 1308 16 3 2 1 / 1309 16 3 1 1 / 1310 16 3 14 4 / 1310 16 3 15 6 /
 1310 19 3 16 9 / 1310 16 3 2 1 / 1311 16 3 18 3 / 1311 16 3 15 6 /
 1311 19 3 16 9 / 1311 16 3 2 1 / 1312 16 3 18 3 / 1312 16 3 15 6 /
 1312 19 3 16 9 / 1312 16 3 2 1 / 1313 16 3 19 5 / 1313 16 3 20 7 /
 1313 16 3 21 8 / 1313 16 3 2 1 / 1314 16 3 14 4 / 1314 16 3 15 6 /
 1314 16 3 2 1 / 1315 16 3 18 3 / 1315 16 3 15 6 / 1315 16 3 2 1 /
 1316 16 3 18 3 / 1316 16 3 15 6 / 1316 16 3 2 1 / 1317 16 3 19 5 /
 1317 16 3 20 7 / 1317 16 3 21 8 / 1317 16 3 2 1 / 1318 16 3 14 4 /
 1318 16 3 15 6 / 1318 16 3 2 1 / 1319 16 3 18 3 / 1319 16 3 15 6 /
 1319 16 3 2 1 / 1320 16 3 18 3 / 1320 16 3 15 6 / 1320 16 3 2 1 /
 1321 16 3 19 5 / 1321 16 3 20 7 / 1321 16 3 21 8 / 1321 16 3 2 1 /
 1322 16 3 14 4 / 1322 16 3 15 6 / 1322 16 3 2 1 / 1323 16 3 18 3 /
 1323 16 3 15 6 / 1323 16 3 2 1 / 1324 16 3 18 3 / 1324 16 3 15 6 /
 1324 16 3 2 1 / 1325 16 3 19 5 / 1325 16 3 20 7 / 1325 16 3 21 8 /
 1325 16 3 2 1 / 1326 16 3 14 4 / 1326 16 3 15 6 / 1326 16 3 2 1 /
 1327 16 3 18 3 / 1327 16 3 15 6 / 1327 16 3 2 1 / 1328 16 3 18 3 /
 1328 16 3 15 6 / 1328 16 3 2 1 / 1329 16 3 19 5 / 1329 16 3 20 7 /
 1329 16 3 21 8 / 1329 16 3 2 1 / 1330 16 3 14 4 / 1330 16 3 15 6 /
 1330 16 3 2 1 / 1331 16 3 18 3 / 1331 16 3 15 6 / 1331 16 3 2 1 /
 1332 16 3 18 3 / 1332 16 3 15 6 / 1332 16 3 2 1 / 1333 16 3 19 5 /
 1333 16 3 20 7 / 1333 16 3 21 8 / 1333 16 3 2 1 / 1334 16 3 14 4 /
 1334 16 3 15 6 / 1334 16 3 2 1 / 1335 16 3 18 3 / 1335 16 3 15 6 /
 1335 16 3 2 1 / 1336 16 3 18 3 / 1336 16 3 15 6 / 1336 16 3 2 1 /
 1337 16 3 19 5 / 1337 16 3 20 7 / 1337 16 3 21 8 / 1337 16 3 2 1 /
 1338 16 3 14 4 / 1338 16 3 15 6 / 1338 16 3 2 1 / 1339 16 3 18 3 /
 1339 16 3 15 6 / 1339 16 3 2 1 / 1340 16 3 18 3 / 1340 16 3 15 6 /
 1340 16 3 2 1 / 1341 16 3 19 5 / 1341 16 3 20 7 / 1341 16 3 21 8 /
 1341 16 3 2 1 / 1342 16 3 14 4 / 1342 16 3 15 6 / 1342 16 3 2 1 /
 1343 16 3 18 3 / 1343 16 3 15 6 / 1343 16 3 2 1 / 1344 16 3 18 3 /
 1344 16 3 15 6 / 1344 16 3 2 1 / 1345 16 3 19 5 / 1345 16 3 20 7 /
 1345 16 3 21 8 / 1345 16 3 2 1 / 1346 16 3 14 4 / 1346 16 3 15 6 /
 1346 16 3 2 1 / 1347 16 3 18 3 / 1347 16 3 15 6 / 1347 16 3 2 1 /
 1348 16 3 18 3 / 1348 16 3 15 6 / 1348 16 3 2 1 / 1349 16 3 19 5 /
 1349 16 3 20 7 / 1349 16 3 21 8 / 1349 16 3 2 1 / 1350 16 3 14 4 /
 1350 16 3 15 6 / 1350 16 3 2 1 / 1351 16 3 18 3 / 1351 16 3 15 6 /
 1351 16 3 2 1 / 1352 16 3 18 3 / 1352 16 3 15 6 / 1352 16 3 2 1 /
 1353 16 3 19 5 / 1353 16 3 20 7 / 1353 16 3 21 8 / 1353 16 3 2 1 /
 1354 16 3 14 4 / 1354 16 3 15 6 / 1354 16 3 2 1 / 1355 16 3 18 3 /
 1355 16 3 15 6 / 1355 19 3 22 10 / 1355 16 3 2 1 / 1356 16 3 18 3 /
 1356 16 3 15 6 / 1356 19 3 22 10 / 1356 16 3 2 1 / 1357 16 3 19 5 /
 1357 16 3 20 7 / 1357 16 3 21 8 / 1357 16 3 2 1 / 1358 16 3 1 1 /
 1359 16 3 2 1 / 1360 16 3 2 1 / 1361 16 3 2 1 / 1362 16 3 2 1 /
 1363 16 3 1 1 / 1364 16 3 14 4 / 1364 16 3 15 6 / 1364 16 3 2 1 /
 1365 16 3 18 3 / 1365 16 3 15 6 / 1365 16 3 2 1 / 1366 16 3 18 3 /
 1366 16 3 15 6 / 1366 16 3 2 1 / 1367 16 3 19 5 / 1367 16 3 20 7 /
 1367 16 3 21 8 / 1367 16 3 2 1 / 1368 16 3 14 4 / 1368 16 3 15 6 /
 1368 16 3 2 1 / 1369 16 3 18 3 / 1369 16 3 15 6 / 1369 16 3 2 1 /
 1370 16 3 18 3 / 1370 16 3 15 6 / 1370 16 3 2 1 / 1371 16 3 19 5 /
 1371 16 3 20 7 / 1371 16 3 21 8 / 1371 16 3 2 1 / 1372 16 3 14 4 /
 1372 16 3 15 6 / 1372 16 3 2 1 / 1373 16 3 18 3 / 1373 16 3 15 6 /
 1373 16 3 2 1 / 1374 16 3 18 3 / 1374 16 3 15 6 / 1374 16 3 2 1 /
 1375 16 3 19 5 / 1375 16 3 20 7 / 1375 16 3 21 8 / 1375 16 3 2 1 /
 1376 16 3 14 4 / 1376 16 3 15 6 / 1376 16 3 2 1 / 1377 16 3 18 3 /
 1377 16 3 15 6 / 1377 16 3 2 1 / 1378 16 3 18 3 / 1378 16 3 15 6 /
 1378 16 3 2 1 / 1379 16 3 19 5 / 1379 16 3 20 7 / 1379 16 3 21 8 /
 1379 16 3 2 1 / 1380 16 3 14 4 / 1380 16 3 15 6 / 1380 16 3 2 1 /
 1381 16 3 18 3 / 1381 16 3 15 6 / 1381 16 3 2 1 / 1382 16 3 18 3 /
 1382 16 3 15 6 / 1382 16 3 2 1 / 1383 16 3 19 5 / 1383 16 3 20 7 /
 1383 16 3 21 8 / 1383 16 3 2 1 / 1384 16 3 14 4 / 1384 16 3 15 6 /
 1384 19 3 22 10 / 1384 16 3 2 1 / 1385 16 3 18 3 / 1385 16 3 15 6 /
 1385 16 3 2 1 / 1386 16 3 18 3 / 1386 16 3 15 6 / 1386 16 3 2 1 /
 1387 16 3 19 5 / 1387 16 3 20 7 / 1387 16 3 21 8 / 1387 16 3 2 1 /
 1388 16 3 14 4 / 1388 16 3 15 6 / 1388 16 3 2 1 / 1389 16 3 18 3 /
 1389 16 3 15 6 / 1389 16 3 2 1 / 1390 16 3 18 3 / 1390 16 3 15 6 /
 1390 16 3 2 1 / 1391 16 3 19 5 / 1391 16 3 20 7 / 1391 16 3 21 8 /
 1391 16 3 2 1 / 1392 16 3 14 4 / 1392 16 3 15 6 / 1392 16 3 2 1 /
 1393 16 3 18 3 / 1393 16 3 15 6 / 1393 16 3 2 1 / 1394 16 3 18 3 /
 1394 16 3 15 6 / 1394 16 3 2 1 / 1395 16 3 19 5 / 1395 16 3 20 7 /
 1395 16 3 21 8 / 1395 16 3 2 1 / 1396 16 3 14 4 / 1396 16 3 15 6 /
 1396 16 3 2 1 / 1397 16 3 18 3 / 1397 16 3 15 6 / 1397 16 3 2 1 /
 1398 16 3 18 3 / 1398 16 3 15 6 / 1398 16 3 2 1 / 1399 16 3 19 5 /
 1399 16 3 20 7 / 1399 16 3 21 8 / 1399 16 3 2 1 / 1400 16 3 14 4 /
 1400 16 3 15 6 / 1400 16 3 2 1 / 1401 16 3 18 3 / 1401 16 3 15 6 /
 1401 16 3 2 1 / 1402 16 3 18 3 / 1402 16 3 15 6 / 1402 16 3 2 1 /
 1403 16 3 19 5 / 1403 16 3 20 7 / 1403 16 3 21 8 / 1403 16 3 2 1 /
 1404 16 3 14 4 / 1404 16 3 15 6 / 1404 16 3 2 1 / 1405 16 3 18 3 /
 1405 16 3 15 6 / 1405 16 3 2 1 / 1406 16 3 18 3 / 1406 16 3 15 6 /
 1406 16 3 2 1 / 1407 16 3 19 5 / 1407 16 3 20 7 / 1407 16 3 21 8 /
 1407 16 3 2 1 / 1408 16 3 14 4 / 1408 16 3 15 6 / 1408 19 3 23 9 /
 1408 16 3 2 1 / 1409 16 3 18 3 / 1409 16 3 15 6 / 1409 19 3 23 9 /
 1409 16 3 2 1 / 1410 16 3 18 3 / 1410 16 3 15 6 / 1410 19 3 23 9 /
 1410 16 3 2 1 / 1411 16 3 19 5 / 1411 16 3 20 7 / 1411 16 3 21 8 /
 1411 16 3 2 1 / 1412 16 3 1 1 / 1413 16 3 4 1 / 1414 16 3 2 1 /
 1415 16 3 2 1 / 1416 16 3 2 1 / 1417 16 3 2 1 / 1418 16 3 1 1 /
 1419 16 3 1 1 / 1420 17 2 9 2 / 1420 16 3 4 1 / 1421 17 2 10 2 /
 1421 16 3 4 1 / 1422 17 2 11 2 / 1422 16 3 4 1 / 1423 17 2 12 2 /
 1423 16 3 4 1 / 1424 17 2 13 2 / 1424 16 3 4 1 / 1425 16 3 4 1 /
 1426 16 3 2 1 / 1427 16 3 2 1 / 1428 16 3 2 1 / 1429 16 3 2 1 /
 1430 16 3 1 1 / 1431 16 3 14 4 / 1431 16 3 15 6 / 1431 19 3 16 9 /
 1431 16 3 2 1 / 1432 16 3 18 3 / 1432 16 3 15 6 / 1432 19 3 16 9 /
 1432 16 3 2 1 / 1433 16 3 18 3 / 1433 16 3 15 6 / 1433 19 3 16 9 /
 1433 16 3 2 1 / 1434 16 3 19 5 / 1434 16 3 20 7 / 1434 16 3 21 8 /
 1434 16 3 2 1 / 1435 16 3 14 4 / 1435 16 3 15 6 / 1435 16 3 2 1 /
 1436 16 3 18 3 / 1436 16 3 15 6 / 1436 16 3 2 1 / 1437 16 3 18 3 /
 1437 16 3 15 6 / 1437 16 3 2 1 / 1438 16 3 19 5 / 1438 16 3 20 7 /
 1438 16 3 21 8 / 1438 16 3 2 1 / 1439 16 3 14 4 / 1439 16 3 15 6 /
 1439 16 3 2 1 / 1440 16 3 18 3 / 1440 16 3 15 6 / 1440 16 3 2 1 /
 1441 16 3 18 3 / 1441 16 3 15 6 / 1441 16 3 2 1 / 1442 16 3 19 5 /
 1442 16 3 20 7 / 1442 16 3 21 8 / 1442 16 3 2 1 / 1443 16 3 14 4 /
 1443 16 3 15 6 / 1443 16 3 2 1 / 1444 16 3 18 3 / 1444 16 3 15 6 /
 1444 16 3 2 1 / 1445 16 3 18 3 / 1445 16 3 15 6 / 1445 16 3 2 1 /
 1446 16 3 19 5 / 1446 16 3 20 7 / 1446 16 3 21 8 / 1446 16 3 2 1 /
 1447 16 3 14 4 / 1447 16 3 15 6 / 1447 16 3 2 1 / 1448 16 3 18 3 /
 1448 16 3 15 6 / 1448 16 3 2 1 / 1449 16 3 18 3 / 1449 16 3 15 6 /
 1449 16 3 2 1 / 1450 16 3 19 5 / 1450 16 3 20 7 / 1450 16 3 21 8 /
 1450 16 3 2 1 / 1451 16 3 14 4 / 1451 16 3 15 6 / 1451 16 3 2 1 /
 1452 16 3 18 3 / 1452 16 3 15 6 / 1452 16 3 2 1 / 1453 16 3 18 3 /
 1453 16 3 15 6 / 1453 16 3 2 1 / 1454 16 3 19 5 / 1454 16 3 20 7 /
 1454 16 3 21 8 / 1454 16 3 2 1 / 1455 16 3 14 4 / 1455 16 3 15 6 /
 1455 16 3 2 1 / 1456 16 3 18 3 / 1456 16 3 15 6 / 1456 16 3 2 1 /
 1457 16 3 18 3 / 1457 16 3 15 6 / 1457 16 3 2 1 / 1458 16 3 19 5 /
 1458 16 3 20 7 / 1458 16 3 21 8 / 1458 16 3 2 1 / 1459 16 3 14 4 /
 1459 16 3 15 6 / 1459 16 3 2 1 / 1460 16 3 18 3 / 1460 16 3 15 6 /
 1460 16 3 2 1 / 1461 16 3 18 3 / 1461 16 3 15 6 / 1461 16 3 2 1 /
 1462 16 3 19 5 / 1462 16 3 20 7 / 1462 16 3 21 8 / 1462 16 3 2 1 /
 1463 16 3 14 4 / 1463 16 3 15 6 / 1463 16 3 2 1 / 1464 16 3 18 3 /
 1464 16 3 15 6 / 1464 16 3 2 1 / 1465 16 3 18 3 / 1465 16 3 15 6 /
 1465 16 3 2 1 / 1466 16 3 19 5 / 1466 16 3 20 7 / 1466 16 3 21 8 /
 1466 16 3 2 1 / 1467 16 3 14 4 / 1467 16 3 15 6 / 1467 16 3 2 1 /
 1468 16 3 18 3 / 1468 16 3 15 6 / 1468 16 3 2 1 / 1469 16 3 18 3 /
 1469 16 3 15 6 / 1469 16 3 2 1 / 1470 16 3 19 5 / 1470 16 3 20 7 /
 1470 16 3 21 8 / 1470 16 3 2 1 / 1471 16 3 14 4 / 1471 16 3 15 6 /
 1471 16 3 2 1 / 1472 16 3 18 3 / 1472 16 3 15 6 / 1472 16 3 2 1 /
 1473 16 3 18 3 / 1473 16 3 15 6 / 1473 16 3 2 1 / 1474 16 3 19 5 /
 1474 16 3 20 7 / 1474 16 3 21 8 / 1474 16 3 2 1 / 1475 16 3 1 1 /
 1476 16 3 14 4 / 1476 16 3 15 6 / 1476 16 3 2 1 / 1477 16 3 18 3 /
 1477 16 3 15 6 / 1477 19 3 22 10 / 1477 16 3 2 1 / 1478 16 3 18 3 /
 1478 16 3 15 6 / 1478 19 3 22 10 / 1478 16 3 2 1 / 1479 16 3 19 5 /
 1479 16 3 20 7 / 1479 16 3 21 8 / 1479 16 3 2 1 / 1480 16 3 2 1 /
 1481 16 3 2 1 / 1482 16 3 2 1 / 1483 16 3 2 1 / 1484 16 3 1 1 /
 1485 16 3 14 4 / 1485 16 3 15 6 / 1485 16 3 2 1 / 1486 16 3 18 3 /
 1486 16 3 15 6 / 1486 16 3 2 1 / 1487 16 3 18 3 / 1487 16 3 15 6 /
 1487 16 3 2 1 / 1488 16 3 19 5 / 1488 16 3 20 7 / 1488 16 3 21 8 /
 1488 16 3 2 1 / 1489 16 3 14 4 / 1489 16 3 15 6 / 1489 16 3 2 1 /
 1490 16 3 18 3 / 1490 16 3 15 6 / 1490 16 3 2 1 / 1491 16 3 18 3 /
 1491 16 3 15 6 / 1491 16 3 2 1 / 1492 16 3 19 5 / 1492 16 3 20 7 /
 1492 16 3 21 8 / 1492 16 3 2 1 / 1493 16 3 14 4 / 1493 16 3 15 6 /
 1493 16 3 2 1 / 1494 16 3 18 3 / 1494 16 3 15 6 / 1494 16 3 2 1 /
 1495 16 3 18 3 / 1495 16 3 15 6 / 1495 16 3 2 1 / 1496 16 3 19 5 /
 1496 16 3 20 7 / 1496 16 3 21 8 / 1496 16 3 2 1 / 1497 16 3 14 4 /
 1497 16 3 15 6 / 1497 16 3 2 1 / 1498 16 3 18 3 / 1498 16 3 15 6 /
 1498 16 3 2 1 / 1499 16 3 18 3 / 1499 16 3 15 6 / 1499 16 3 2 1 /
 1500 16 3 19 5 / 1500 16 3 20 7 / 1500 16 3 21 8 / 1500 16 3 2 1 /
 1501 16 3 14 4 / 1501 16 3 15 6 / 1501 16 3 2 1 / 1502 16 3 18 3 /
 1502 16 3 15 6 / 1502 16 3 2 1 / 1503 16 3 18 3 / 1503 16 3 15 6 /
 1503 16 3 2 1 / 1504 16 3 19 5 / 1504 16 3 20 7 / 1504 16 3 21 8 /
 1504 16 3 2 1 / 1505 16 3 14 4 / 1505 16 3 15 6 / 1505 19 3 22 10 /
 1505 16 3 2 1 / 1506 16 3 18 3 / 1506 16 3 15 6 / 1506 16 3 2 1 /
 1507 16 3 18 3 / 1507 16 3 15 6 / 1507 16 3 2 1 / 1508 16 3 19 5 /
 1508 16 3 20 7 / 1508 16 3 21 8 / 1508 16 3 2 1 / 1509 16 3 14 4 /
 1509 16 3 15 6 / 1509 16 3 2 1 / 1510 16 3 18 3 / 1510 16 3 15 6 /
 1510 16 3 2 1 / 1511 16 3 18 3 / 1511 16 3 15 6 / 1511 16 3 2 1 /
 1512 16 3 19 5 / 1512 16 3 20 7 / 1512 16 3 21 8 / 1512 16 3 2 1 /
 1513 16 3 14 4 / 1513 16 3 15 6 / 1513 16 3 2 1 / 1514 16 3 18 3 /
 1514 16 3 15 6 / 1514 16 3 2 1 / 1515 16 3 18 3 / 1515 16 3 15 6 /
 1515 16 3 2 1 / 1516 16 3 19 5 / 1516 16 3 20 7 / 1516 16 3 21 8 /
 1516 16 3 2 1 / 1517 16 3 14 4 / 1517 16 3 15 6 / 1517 16 3 2 1 /
 1518 16 3 18 3 / 1518 16 3 15 6 / 1518 16 3 2 1 / 1519 16 3 18 3 /
 1519 16 3 15 6 / 1519 16 3 2 1 / 1520 16 3 19 5 / 1520 16 3 20 7 /
 1520 16 3 21 8 / 1520 16 3 2 1 / 1521 16 3 14 4 / 1521 16 3 15 6 /
 1521 16 3 2 1 / 1522 16 3 18 3 / 1522 16 3 15 6 / 1522 16 3 2 1 /
 1523 16 3 18 3 / 1523 16 3 15 6 / 1523 16 3 2 1 / 1524 16 3 19 5 /
 1524 16 3 20 7 / 1524 16 3 21 8 / 1524 16 3 2 1 / 1525 16 3 14 4 /
 1525 16 3 15 6 / 1525 16 3 2 1 / 1526 16 3 18 3 / 1526 16 3 15 6 /
 1526 16 3 2 1 / 1527 16 3 18 3 / 1527 16 3 15 6 / 1527 16 3 2 1 /
 1528 16 3 19 5 / 1528 16 3 20 7 / 1528 16 3 21 8 / 1528 16 3 2 1 /
 1529 16 3 1 1 / 1530 16 3 14 4 / 1530 16 3 15 6 / 1530 19 3 23 9 /
 1530 16 3 2 1 / 1531 16 3 18 3 / 1531 16 3 15 6 / 1531 19 3 23 9 /
 1531 16 3 2 1 / 1532 16 3 18 3 / 1532 16 3 15 6 / 1532 19 3 23 9 /
 1532 16 3 2 1 / 1533 16 3 19 5 / 1533 16 3 20 7 / 1533 16 3 21 8 /
 1533 16 3 2 1 / 1534 16 3 4 1 / 1535 16 3 2 1 / 1536 16 3 2 1 /
 1537 16 3 2 1 / 1538 16 3 2 1 / 1539 16 3 1 1 / 1540 16 3 1 1 /
 1541 16 3 1 1 / 1542 16 3 1 1 / 1543 16 3 1 1 / 1544 16 3 1 1 /
 1545 16 3 1 1 / 1546 16 3 1 1 / 1547 16 3 1 1 / 1548 16 3 1 1 /
 1549 16 3 1 1 / 1550 16 3 1 1 / 1551 16 3 1 1 / 1552 16 3 1 1 /
 1553 16 3 1 1 / 1554 16 3 1 1 / 1555 16 3 1 1 / 1556 16 3 1 1 /
 1557 16 3 1 1 / 1558 16 3 1 1 / 1559 16 3 1 1 / 1560 16 3 2 1 /
 1561 16 3 2 1 / 1562 16 3 2 1 / 1563 16 3 2 1 / 1564 16 3 2 1 /
 1565 16 3 2 1 / 1566 16 3 2 1 / 1567 16 3 2 1 / 1568 16 3 2 1 /
 1569 16 3 2 1 / 1570 16 3 2 1 / 1571 16 3 2 1 / 1572 16 3 2 1 /
 1573 16 3 2 1 / 1574 16 3 2 1 / 1575 16 3 2 1 / 1576 16 3 2 1 /
 1577 16 3 2 1 / 1578 16 3 2 1 / 1579 16 3 2 1 / 1580 16 3 2 1 /
 1581 16 3 2 1 / 1582 16 3 2 1 / 1583 16 3 2 1 / 1584 16 3 2 1 /
 1585 16 3 2 1 / 1586 16 3 2 1 / 1587 16 3 2 1 / 1588 16 3 2 1 /
 1589 16 3 2 1 / 1590 16 3 2 1 / 1591 16 3 2 1 / 1592 16 3 2 1 /
 1593 16 3 2 1 / 1594 16 3 2 1 / 1595 16 3 2 1 / 1596 16 3 2 1 /
 1597 16 3 2 1 / 1598 16 3 2 1 / 1599 16 3 2 1 / 1600 16 3 2 1 /
 1601 16 3 2 1 / 1602 16 3 2 1 / 1603 16 3 2 1 / 1604 16 3 2 1 /
 1605 16 3 2 1 / 1606 16 3 2 1 / 1607 16 3 2 1 / 1608 16 3 2 1 /
 1609 16 3 2 1 / 1610 16 3 2 1 / 1611 16 3 2 1 / 1612 16 3 2 1 /
 1613 16 3 2 1 / 1614 16 3 2 1 / 1615 16 3 2 1 / 1616 16 3 2 1 /
 1617 16 3 2 1 / 1618 16 3 2 1 / 1619 16 3 2 1 / 1620 16 3 2 1 /
 1621 16 3 2 1 / 1622 16 3 2 1 / 1623 16 3 2 1 / 1624 16 3 2 1 /
 1625 16 3 2 1 / 1626 16 3 2 1 / 1627 16 3 2 1 / 1628 16 3 2 1 /
 1629 16 3 2 1 / 1630 16 3 2 1 / 1631 16 3 2 1 / 1632 16 3 2 1 /
 1633 16 3 2 1 / 1634 16 3 2 1 / 1635 16 3 2 1 / 1636 16 3 2 1 /
 1637 16 3 2 1 / 1638 16 3 2 1 / 1639 16 3 2 1 / 1640 16 3 2 1 /
 1641 16 3 2 1 / 1642 16 3 2 1 / 1643 16 3 2 1 / 1644 16 3 2 1 /
 1645 16 3 2 1 / 1646 16 3 2 1 / 1647 16 3 2 1 / 1648 16 3 2 1 /
 1649 16 3 2 1 / 1650 16 3 2 1 / 1651 16 3 2 1 / 1652 16 3 2 1 /
 1653 16 3 2 1 / 1654 16 3 2 1 / 1655 16 3 2 1 / 1656 16 3 2 1 /
 1657 16 3 2 1 / 1658 16 3 2 1 / 1659 16 3 2 1 / 1660 16 3 2 1 /
 1661 16 3 2 1 / 1662 16 3 2 1 / 1663 16 3 2 1 / 1664 16 3 2 1 /
 1665 16 3 2 1 / 1666 16 3 2 1 / 1667 16 3 2 1 / 1668 16 3 2 1 /
 1669 16 3 2 1 / 1670 16 3 2 1 / 1671 16 3 2 1 / 1672 16 3 2 1 /
 1673 16 3 2 1 / 1674 16 3 2 1 / 1675 16 3 2 1 / 1676 16 3 2 1 /
 1677 16 3 2 1 / 1678 16 3 1 1 / 1679 16 3 1 1 / 1680 16 3 1 1 /
 1681 16 3 1 1 / 1682 16 3 1 1 / 1683 16 3 1 1 / 1684 16 3 1 1 /
 1685 16 3 1 1 / 1686 16 3 1 1 / 1687 16 3 1 1 / 1688 16 3 1 1 /
 1689 16 3 1 1 / 1690 16 3 1 1 / 1691 16 3 1 1 / 1692 16 3 1 1 /
 1693 16 3 1 1 / 1694 16 3 1 1 / 1695 16 3 1 1 / 1696 16 3 1 1 /
 1697 16 3 1 1 / 1698 16 3 1 1 / 1699 17 2 9 2 / 1699 16 3 4 1 /
 1700 17 2 10 2 / 1700 16 3 4 1 / 1701 17 2 11 2 / 1701 16 3 4 1 /
 1702 17 2 12 2 / 1702 16 3 4 1 / 1703 17 2 13 2 / 1703 16 3 4 1 /
 1704 16 3 2 1 / 1705 16 3 1 1 / 1706 16 3 19 5 / 1706 16 3 20 7 /
 1706 16 3 21 8 / 1706 16 3 2 1 / 1707 16 3 19 5 / 1707 16 3 20 7 /
 1707 16 3 21 8 / 1707 16 3 2 1 / 1708 16 3 19 5 / 1708 16 3 20 7 /
 1708 16 3 21 8 / 1708 16 3 2 1 / 1709 16 3 19 5 / 1709 16 3 20 7 /
 1709 16 3 21 8 / 1709 16 3 2 1 / 1710 16 3 19 5 / 1710 16 3 20 7 /
 1710 16 3 21 8 / 1710 16 3 2 1 / 1711 16 3 19 5 / 1711 16 3 20 7 /
 1711 16 3 21 8 / 1711 16 3 2 1 / 1712 16 3 19 5 / 1712 16 3 20 7 /
 1712 16 3 21 8 / 1712 16 3 2 1 / 1713 16 3 19 5 / 1713 16 3 20 7 /
 1713 16 3 21 8 / 1713 16 3 2 1 / 1714 16 3 19 5 / 1714 16 3 20 7 /
 1714 16 3 21 8 / 1714 16 3 2 1 / 1715 16 3 19 5 / 1715 16 3 20 7 /
 1715 16 3 21 8 / 1715 16 3 2 1 / 1716 16 3 14 4 / 1716 16 3 15 6 /
 1716 16 3 2 1 / 1717 16 3 18 3 / 1717 16 3 15 6 / 1717 16 3 2 1 /
 1718 16 3 18 3 / 1718 16 3 15 6 / 1718 16 3 2 1 / 1719 16 3 19 5 /
 1719 16 3 20 7 / 1719 16 3 21 8 / 1719 16 3 2 1 / 1720 16 3 1 1 /
 1721 16 3 14 4 / 1721 16 3 15 6 / 1721 16 3 2 1 / 1722 16 3 18 3 /
 1722 16 3 15 6 / 1722 19 3 22 10 / 1722 16 3 2 1 / 1723 16 3 18 3 /
 1723 16 3 15 6 / 1723 19 3 22 10 / 1723 16 3 2 1 / 1724 16 3 19 5 /
 1724 16 3 20 7 / 1724 16 3 21 8 / 1724 16 3 2 1 / 1725 16 3 2 1 /
 1726 16 3 2 1 / 1727 16 3 2 1 / 1728 16 3 2 1 / 1729 16 3 1 1 /
 1730 16 3 14 4 / 1730 16 3 15 6 / 1730 16 3 2 1 / 1731 16 3 18 3 /
 1731 16 3 15 6 / 1731 16 3 2 1 / 1732 16 3 18 3 / 1732 16 3 15 6 /
 1732 16 3 2 1 / 1733 16 3 19 5 / 1733 16 3 20 7 / 1733 16 3 21 8 /
 1733 16 3 2 1 / 1734 16 3 14 4 / 1734 16 3 15 6 / 1734 16 3 2 1 /
 1735 16 3 18 3 / 1735 16 3 15 6 / 1735 16 3 2 1 / 1736 16 3 18 3 /
 1736 16 3 15 6 / 1736 16 3 2 1 / 1737 16 3 19 5 / 1737 16 3 20 7 /
 1737 16 3 21 8 / 1737 16 3 2 1 / 1738 16 3 14 4 / 1738 16 3 15 6 /
 1738 16 3 2 1 / 1739 16 3 18 3 / 1739 16 3 15 6 / 1739 16 3 2 1 /
 1740 16 3 18 3 / 1740 16 3 15 6 / 1740 16 3 2 1 / 1741 16 3 19 5 /
 1741 16 3 20 7 / 1741 16 3 21 8 / 1741 16 3 2 1 / 1742 16 3 14 4 /
 1742 16 3 15 6 / 1742 16 3 2 1 / 1743 16 3 18 3 / 1743 16 3 15 6 /
 1743 16 3 2 1 / 1744 16 3 18 3 / 1744 16 3 15 6 / 1744 16 3 2 1 /
 1745 16 3 19 5 / 1745 16 3 20 7 / 1745 16 3 21 8 / 1745 16 3 2 1 /
 1746 16 3 14 4 / 1746 16 3 15 6 / 1746 16 3 2 1 / 1747 16 3 18 3 /
 1747 16 3 15 6 / 1747 16 3 2 1 / 1748 16 3 18 3 / 1748 16 3 15 6 /
 1748 16 3 2 1 / 1749 16 3 19 5 / 1749 16 3 20 7 / 1749 16 3 21 8 /
 1749 16 3 2 1 / 1750 16 3 14 4 / 1750 16 3 15 6 / 1750 19 3 22 10 /
 1750 16 3 2 1 / 1751 16 3 18 3 / 1751 16 3 15 6 / 1751 16 3 2 1 /
 1752 16 3 18 3 / 1752 16 3 15 6 / 1752 16 3 2 1 / 1753 16 3 19 5 /
 1753 16 3 20 7 / 1753 16 3 21 8 / 1753 16 3 2 1 / 1754 16 3 14 4 /
 1754 16 3 15 6 / 1754 19 3 29 10 / 1754 16 3 2 1 / 1755 16 3 18 3 /
 1755 16 3 15 6 / 1755 16 3 2 1 / 1756 16 3 18 3 / 1756 16 3 15 6 /
 1756 16 3 2 1 / 1757 16 3 19 5 / 1757 16 3 20 7 / 1757 16 3 21 8 /
 1757 16 3 2 1 / 1758 16 3 14 4 / 1758 16 3 15 6 / 1758 19 3 29 10 /
 1758 16 3 2 1 / 1759 16 3 18 3 / 1759 16 3 15 6 / 1759 16 3 2 1 /
 1760 16 3 18 3 / 1760 16 3 15 6 / 1760 16 3 2 1 / 1761 16 3 19 5 /
 1761 16 3 20 7 / 1761 16 3 21 8 / 1761 16 3 2 1 / 1762 16 3 14 4 /
 1762 16 3 15 6 / 1762 19 3 29 10 / 1762 16 3 2 1 / 1763 16 3 18 3 /
 1763 16 3 15 6 / 1763 16 3 2 1 / 1764 16 3 18 3 / 1764 16 3 15 6 /
 1764 16 3 2 1 / 1765 16 3 19 5 / 1765 16 3 20 7 / 1765 16 3 21 8 /
 1765 16 3 2 1 / 1766 16 3 14 4 / 1766 16 3 15 6 / 1766 19 3 29 10 /
 1766 16 3 2 1 / 1767 16 3 18 3 / 1767 16 3 15 6 / 1767 16 3 2 1 /
 1768 16 3 18 3 / 1768 16 3 15 6 / 1768 16 3 2 1 / 1769 16 3 19 5 /
 1769 16 3 20 7 / 1769 16 3 21 8 / 1769 16 3 2 1 / 1770 16 3 14 4 /
 1770 16 3 15 6 / 1770 19 3 29 10 / 1770 16 3 2 1 / 1771 16 3 18 3 /
 1771 16 3 15 6 / 1771 16 3 2 1 / 1772 16 3 18 3 / 1772 16 3 15 6 /
 1772 16 3 2 1 / 1773 16 3 19 5 / 1773 16 3 20 7 / 1773 16 3 21 8 /
 1773 16 3 2 1 / 1774 16 3 1 1 / 1775 16 3 14 4 / 1775 16 3 15 6 /
 1775 19 3 23 9 / 1775 19 3 29 10 / 1775 16 3 2 1 / 1776 16 3 18 3 /
 1776 16 3 15 6 / 1776 19 3 23 9 / 1776 16 3 2 1 / 1777 16 3 18 3 /
 1777 16 3 15 6 / 1777 19 3 23 9 / 1777 16 3 2 1 / 1778 16 3 19 5 /
 1778 16 3 20 7 / 1778 16 3 21 8 / 1778 16 3 2 1 / 1779 17 2 24 2 /
 1779 16 3 4 1 / 1780 17 2 25 2 / 1780 16 3 4 1 / 1781 17 2 26 2 /
 1781 16 3 4 1 / 1782 17 2 27 2 / 1782 16 3 4 1 / 1783 17 2 28 2 /
 1783 16 3 4 1 / 1784 16 3 4 1 / 1785 16 3 2 1 / 1786 16 3 2 1 /
 1787 16 3 2 1 / 1788 16 3 2 1 / 1789 16 3 1 1 / 1790 16 3 4 1 /
 1791 16 3 14 4 / 1791 16 3 15 6 / 1791 16 3 2 1 / 1792 16 3 18 3 /
 1792 16 3 15 6 / 1792 16 3 2 1 / 1793 16 3 18 3 / 1793 16 3 15 6 /
 1793 16 3 2 1 / 1794 16 3 2 1 / 1795 16 3 2 1 / 1796 16 3 2 1 /
 1797 16 3 14 4 / 1797 16 3 15 6 / 1797 19 3 16 9 / 1797 16 3 2 1 /
 1798 16 3 18 3 / 1798 16 3 15 6 / 1798 19 3 16 9 / 1798 16 3 2 1 /
 1799 16 3 18 3 / 1799 16 3 15 6 / 1799 19 3 16 9 / 1799 16 3 2 1 /
 1800 16 3 14 4 / 1800 16 3 15 6 / 1800 16 3 2 1 / 1801 16 3 18 3 /
 1801 16 3 15 6 / 1801 16 3 2 1 / 1802 16 3 18 3 / 1802 16 3 15 6 /
 1802 16 3 2 1 / 1803 16 3 14 4 / 1803 16 3 15 6 / 1803 16 3 2 1 /
 1804 16 3 18 3 / 1804 16 3 15 6 / 1804 16 3 2 1 / 1805 16 3 18 3 /
 1805 16 3 15 6 / 1805 16 3 2 1 / 1806 16 3 14 4 / 1806 16 3 15 6 /
 1806 16 3 2 1 / 1807 16 3 18 3 / 1807 16 3 15 6 / 1807 16 3 2 1 /
 1808 16 3 18 3 / 1808 16 3 15 6 / 1808 16 3 2 1 / 1809 16 3 14 4 /
 1809 16 3 15 6 / 1809 16 3 2 1 / 1810 16 3 18 3 / 1810 16 3 15 6 /
 1810 16 3 2 1 / 1811 16 3 18 3 / 1811 16 3 15 6 / 1811 16 3 2 1 /
 1812 16 3 14 4 / 1812 16 3 15 6 / 1812 16 3 2 1 / 1813 16 3 18 3 /
 1813 16 3 15 6 / 1813 16 3 2 1 / 1814 16 3 18 3 / 1814 16 3 15 6 /
 1814 16 3 2 1 / 1815 16 3 14 4 / 1815 16 3 15 6 / 1815 16 3 2 1 /
 1816 16 3 18 3 / 1816 16 3 15 6 / 1816 16 3 2 1 / 1817 16 3 18 3 /
 1817 16 3 15 6 / 1817 16 3 2 1 / 1818 16 3 14 4 / 1818 16 3 15 6 /
 1818 16 3 2 1 / 1819 16 3 18 3 / 1819 16 3 15 6 / 1819 16 3 2 1 /
 1820 16 3 18 3 / 1820 16 3 15 6 / 1820 16 3 2 1 / 1821 16 3 14 4 /
 1821 16 3 15 6 / 1821 16 3 2 1 / 1822 16 3 18 3 / 1822 16 3 15 6 /
 1822 16 3 2 1 / 1823 16 3 18 3 / 1823 16 3 15 6 / 1823 16 3 2 1 /
 1824 16 3 1 1 / 1825 17 2 9 2 / 1825 16 3 4 1 / 1826 17 2 10 2 /
 1826 16 3 4 1 / 1827 16 3 2 1 / 1828 16 3 1 1 / 1829 16 3 19 5 /
 1829 16 3 20 7 / 1829 16 3 21 8 / 1829 16 3 2 1 / 1830 16 3 19 5 /
 1830 16 3 20 7 / 1830 16 3 21 8 / 1830 16 3 2 1 / 1831 16 3 19 5 /
 1831 16 3 20 7 / 1831 16 3 21 8 / 1831 16 3 2 1 / 1832 16 3 19 5 /
 1832 16 3 20 7 / 1832 16 3 21 8 / 1832 16 3 2 1 / 1833 16 3 19 5 /
 1833 16 3 20 7 / 1833 16 3 21 8 / 1833 16 3 2 1 / 1834 16 3 19 5 /
 1834 16 3 20 7 / 1834 16 3 21 8 / 1834 16 3 2 1 / 1835 16 3 19 5 /
 1835 16 3 20 7 / 1835 16 3 21 8 / 1835 16 3 2 1 / 1836 16 3 19 5 /
 1836 16 3 20 7 / 1836 16 3 21 8 / 1836 16 3 2 1 / 1837 16 3 19 5 /
 1837 16 3 20 7 / 1837 16 3 21 8 / 1837 16 3 2 1 / 1838 16 3 19 5 /
 1838 16 3 20 7 / 1838 16 3 21 8 / 1838 16 3 2 1 / 1839 16 3 14 4 /
 1839 16 3 15 6 / 1839 19 3 29 10 / 1839 16 3 2 1 / 1840 16 3 18 3 /
 1840 16 3 15 6 / 1840 19 3 29 10 / 1840 16 3 2 1 / 1841 16 3 18 3 /
 1841 16 3 15 6 / 1841 19 3 29 10 / 1841 16 3 2 1 / 1842 16 3 19 5 /
 1842 16 3 20 7 / 1842 16 3 21 8 / 1842 16 3 2 1 / 1843 16 3 14 4 /
 1843 16 3 15 6 / 1843 19 3 29 10 / 1843 16 3 2 1 / 1844 16 3 18 3 /
 1844 16 3 15 6 / 1844 19 3 29 10 / 1844 19 3 22 10 / 1844 16 3 2 1 /
 1845 16 3 18 3 / 1845 16 3 15 6 / 1845 19 3 29 10 / 1845 19 3 22 10 /
 1845 16 3 2 1 / 1846 16 3 19 5 / 1846 16 3 20 7 / 1846 16 3 21 8 /
 1846 16 3 2 1 / 1847 16 3 1 1 / 1848 16 3 2 1 / 1849 16 3 2 1 /
 1850 16 3 2 1 / 1851 16 3 2 1 / 1852 16 3 1 1 / 1853 16 3 14 4 /
 1853 16 3 15 6 / 1853 16 3 2 1 / 1854 16 3 18 3 / 1854 16 3 15 6 /
 1854 16 3 2 1 / 1855 16 3 18 3 / 1855 16 3 15 6 / 1855 16 3 2 1 /
 1856 16 3 19 5 / 1856 16 3 20 7 / 1856 16 3 21 8 / 1856 16 3 2 1 /
 1857 16 3 14 4 / 1857 16 3 15 6 / 1857 16 3 2 1 / 1858 16 3 18 3 /
 1858 16 3 15 6 / 1858 16 3 2 1 / 1859 16 3 18 3 / 1859 16 3 15 6 /
 1859 16 3 2 1 / 1860 16 3 19 5 / 1860 16 3 20 7 / 1860 16 3 21 8 /
 1860 16 3 2 1 / 1861 16 3 14 4 / 1861 16 3 15 6 / 1861 16 3 2 1 /
 1862 16 3 18 3 / 1862 16 3 15 6 / 1862 16 3 2 1 / 1863 16 3 18 3 /
 1863 16 3 15 6 / 1863 16 3 2 1 / 1864 16 3 19 5 / 1864 16 3 20 7 /
 1864 16 3 21 8 / 1864 16 3 2 1 / 1865 16 3 14 4 / 1865 16 3 15 6 /
 1865 16 3 2 1 / 1866 16 3 18 3 / 1866 16 3 15 6 / 1866 16 3 2 1 /
 1867 16 3 18 3 / 1867 16 3 15 6 / 1867 16 3 2 1 / 1868 16 3 19 5 /
 1868 16 3 20 7 / 1868 16 3 21 8 / 1868 16 3 2 1 / 1869 16 3 14 4 /
 1869 16 3 15 6 / 1869 16 3 2 1 / 1870 16 3 18 3 / 1870 16 3 15 6 /
 1870 16 3 2 1 / 1871 16 3 18 3 / 1871 16 3 15 6 / 1871 16 3 2 1 /
 1872 16 3 19 5 / 1872 16 3 20 7 / 1872 16 3 21 8 / 1872 16 3 2 1 /
 1873 16 3 14 4 / 1873 16 3 15 6 / 1873 19 3 22 10 / 1873 16 3 2 1 /
 1874 16 3 18 3 / 1874 16 3 15 6 / 1874 16 3 2 1 / 1875 16 3 18 3 /
 1875 16 3 15 6 / 1875 16 3 2 1 / 1876 16 3 19 5 / 1876 16 3 20 7 /
 1876 16 3 21 8 / 1876 16 3 2 1 / 1877 16 3 14 4 / 1877 16 3 15 6 /
 1877 16 3 2 1 / 1878 16 3 18 3 / 1878 16 3 15 6 / 1878 16 3 2 1 /
 1879 16 3 18 3 / 1879 16 3 15 6 / 1879 16 3 2 1 / 1880 16 3 19 5 /
 1880 16 3 20 7 / 1880 16 3 21 8 / 1880 16 3 2 1 / 1881 16 3 14 4 /
 1881 16 3 15 6 / 1881 16 3 2 1 / 1882 16 3 18 3 / 1882 16 3 15 6 /
 1882 16 3 2 1 / 1883 16 3 18 3 / 1883 16 3 15 6 / 1883 16 3 2 1 /
 1884 16 3 19 5 / 1884 16 3 20 7 / 1884 16 3 21 8 / 1884 16 3 2 1 /
 1885 16 3 14 4 / 1885 16 3 15 6 / 1885 16 3 2 1 / 1886 16 3 18 3 /
 1886 16 3 15 6 / 1886 16 3 2 1 / 1887 16 3 18 3 / 1887 16 3 15 6 /
 1887 16 3 2 1 / 1888 16 3 19 5 / 1888 16 3 20 7 / 1888 16 3 21 8 /
 1888 16 3 2 1 / 1889 16 3 14 4 / 1889 16 3 15 6 / 1889 16 3 2 1 /
 1890 16 3 18 3 / 1890 16 3 15 6 / 1890 16 3 2 1 / 1891 16 3 18 3 /
 1891 16 3 15 6 / 1891 16 3 2 1 / 1892 16 3 19 5 / 1892 16 3 20 7 /
 1892 16 3 21 8 / 1892 16 3 2 1 / 1893 16 3 14 4 / 1893 16 3 15 6 /
 1893 16 3 2 1 / 1894 16 3 18 3 / 1894 16 3 15 6 / 1894 16 3 2 1 /
 1895 16 3 18 3 / 1895 16 3 15 6 / 1895 16 3 2 1 / 1896 16 3 19 5 /
 1896 16 3 20 7 / 1896 16 3 21 8 / 1896 16 3 2 1 / 1897 16 3 14 4 /
 1897 16 3 15 6 / 1897 19 3 23 9 / 1897 16 3 2 1 / 1898 16 3 18 3 /
 1898 16 3 15 6 / 1898 19 3 23 9 / 1898 16 3 2 1 / 1899 16 3 18 3 /
 1899 16 3 15 6 / 1899 19 3 23 9 / 1899 16 3 2 1 / 1900 16 3 19 5 /
 1900 16 3 20 7 / 1900 16 3 21 8 / 1900 16 3 2 1 / 1901 16 3 1 1 /
 1902 17 2 24 2 / 1902 16 3 4 1 / 1903 17 2 25 2 / 1903 16 3 4 1 /
 1904 17 2 26 2 / 1904 16 3 4 1 / 1905 17 2 27 2 / 1905 16 3 4 1 /
 1906 17 2 28 2 / 1906 16 3 4 1 / 1907 16 3 4 1 / 1908 16 3 2 1 /
 1909 16 3 2 1 / 1910 16 3 2 1 / 1911 16 3 2 1 / 1912 16 3 1 1 /
 1913 17 2 11 2 / 1913 16 3 4 1 / 1914 16 3 14 4 / 1914 16 3 15 6 /
 1914 19 3 29 10 / 1914 16 3 2 1 / 1915 16 3 18 3 / 1915 16 3 15 6 /
 1915 19 3 29 10 / 1915 16 3 2 1 / 1916 16 3 18 3 / 1916 16 3 15 6 /
 1916 19 3 29 10 / 1916 16 3 2 1 / 1917 17 2 12 2 / 1917 16 3 4 1 /
 1918 17 2 13 2 / 1918 16 3 4 1 / 1919 16 3 4 1 / 1920 16 3 2 1 /
 1921 16 3 2 1 / 1922 16 3 2 1 / 1923 16 3 14 4 / 1923 16 3 15 6 /
 1923 19 3 16 9 / 1923 19 3 29 10 / 1923 16 3 2 1 / 1924 16 3 18 3 /
 1924 16 3 15 6 / 1924 19 3 16 9 / 1924 19 3 29 10 / 1924 16 3 2 1 /
 1925 16 3 18 3 / 1925 16 3 15 6 / 1925 19 3 16 9 / 1925 19 3 29 10 /
 1925 16 3 2 1 / 1926 16 3 14 4 / 1926 16 3 15 6 / 1926 19 3 29 10 /
 1926 16 3 2 1 / 1927 16 3 18 3 / 1927 16 3 15 6 / 1927 19 3 29 10 /
 1927 16 3 2 1 / 1928 16 3 18 3 / 1928 16 3 15 6 / 1928 19 3 29 10 /
 1928 16 3 2 1 / 1929 16 3 14 4 / 1929 16 3 15 6 / 1929 19 3 29 10 /
 1929 16 3 2 1 / 1930 16 3 18 3 / 1930 16 3 15 6 / 1930 19 3 29 10 /
 1930 16 3 2 1 / 1931 16 3 18 3 / 1931 16 3 15 6 / 1931 19 3 29 10 /
 1931 16 3 2 1 / 1932 16 3 14 4 / 1932 16 3 15 6 / 1932 19 3 29 10 /
 1932 16 3 2 1 / 1933 16 3 18 3 / 1933 16 3 15 6 / 1933 19 3 29 10 /
 1933 16 3 2 1 / 1934 16 3 18 3 / 1934 16 3 15 6 / 1934 19 3 29 10 /
 1934 16 3 2 1 / 1935 16 3 14 4 / 1935 16 3 15 6 / 1935 19 3 29 10 /
 1935 16 3 2 1 / 1936 16 3 18 3 / 1936 16 3 15 6 / 1936 19 3 29 10 /
 1936 16 3 2 1 / 1937 16 3 18 3 / 1937 16 3 15 6 / 1937 19 3 29 10 /
 1937 16 3 2 1 / 1938 16 3 14 4 / 1938 16 3 15 6 / 1938 19 3 29 10 /
 1938 16 3 2 1 / 1939 16 3 18 3 / 1939 16 3 15 6 / 1939 19 3 29 10 /
 1939 16 3 2 1 / 1940 16 3 18 3 / 1940 16 3 15 6 / 1940 19 3 29 10 /
 1940 16 3 2 1 / 1941 16 3 14 4 / 1941 16 3 15 6 / 1941 19 3 29 10 /
 1941 16 3 2 1 / 1942 16 3 18 3 / 1942 16 3 15 6 / 1942 19 3 29 10 /
 1942 16 3 2 1 / 1943 16 3 18 3 / 1943 16 3 15 6 / 1943 19 3 29 10 /
 1943 16 3 2 1 / 1944 16 3 14 4 / 1944 16 3 15 6 / 1944 19 3 29 10 /
 1944 16 3 2 1 / 1945 16 3 18 3 / 1945 16 3 15 6 / 1945 19 3 29 10 /
 1945 16 3 2 1 / 1946 16 3 18 3 / 1946 16 3 15 6 / 1946 19 3 29 10 /
 1946 16 3 2 1 / 1947 16 3 14 4 / 1947 16 3 15 6 / 1947 19 3 29 10 /
 1947 16 3 2 1 / 1948 16 3 18 3 / 1948 16 3 15 6 / 1948 19 3 29 10 /
 1948 16 3 2 1 / 1949 16 3 18 3 / 1949 16 3 15 6 / 1949 19 3 29 10 /
 1949 16 3 2 1 / 1950 16 3 1 1 / 1951 17 2 9 2 / 1951 16 3 4 1 /
 1952 17 2 10 2 / 1952 16 3 4 1 / 1953 16 3 2 1 / 1954 16 3 1 1 /
 1955 16 3 19 5 / 1955 16 3 20 7 / 1955 16 3 21 8 / 1955 16 3 2 1 /
 1956 16 3 19 5 / 1956 16 3 20 7 / 1956 16 3 21 8 / 1956 16 3 2 1 /
 1957 16 3 19 5 / 1957 16 3 20 7 / 1957 16 3 21 8 / 1957 16 3 2 1 /
 1958 16 3 19 5 / 1958 16 3 20 7 / 1958 16 3 21 8 / 1958 16 3 2 1 /
 1959 16 3 19 5 / 1959 16 3 20 7 / 1959 16 3 21 8 / 1959 16 3 2 1 /
 1960 16 3 19 5 / 1960 16 3 20 7 / 1960 16 3 21 8 / 1960 16 3 2 1 /
 1961 16 3 19 5 / 1961 16 3 20 7 / 1961 16 3 21 8 / 1961 16 3 2 1 /
 1962 16 3 19 5 / 1962 16 3 20 7 / 1962 16 3 21 8 / 1962 16 3 2 1 /
 1963 16 3 19 5 / 1963 16 3 20 7 / 1963 16 3 21 8 / 1963 16 3 2 1 /
 1964 16 3 19 5 / 1964 16 3 20 7 / 1964 16 3 21 8 / 1964 16 3 2 1 /
 1965 16 3 2 1 / 1966 16 3 2 1 / 1967 16 3 2 1 / 1968 16 3 19 5 /
 1968 16 3 20 7 / 1968 16 3 21 8 / 1968 16 3 2 1 / 1969 19 3 22 10 /
 1969 16 3 2 1 / 1970 19 3 22 10 / 1970 16 3 2 1 / 1971 19 3 22 10 /
 1971 16 3 2 1 / 1972 16 3 19 5 / 1972 16 3 20 7 / 1972 16 3 21 8 /
 1972 16 3 2 1 / 1973 16 3 1 1 / 1974 16 3 2 1 / 1975 16 3 2 1 /
 1976 16 3 2 1 / 1977 16 3 2 1 / 1978 16 3 1 1 / 1979 16 3 2 1 /
 1980 16 3 2 1 / 1981 16 3 2 1 / 1982 16 3 19 5 / 1982 16 3 20 7 /
 1982 16 3 21 8 / 1982 16 3 2 1 / 1983 16 3 2 1 / 1984 16 3 2 1 /
 1985 16 3 2 1 / 1986 16 3 19 5 / 1986 16 3 20 7 / 1986 16 3 21 8 /
 1986 16 3 2 1 / 1987 16 3 2 1 / 1988 16 3 2 1 / 1989 16 3 2 1 /
 1990 16 3 19 5 / 1990 16 3 20 7 / 1990 16 3 21 8 / 1990 16 3 2 1 /
 1991 16 3 2 1 / 1992 16 3 2 1 / 1993 16 3 2 1 / 1994 16 3 19 5 /
 1994 16 3 20 7 / 1994 16 3 21 8 / 1994 16 3 2 1 / 1995 16 3 2 1 /
 1996 16 3 2 1 / 1997 16 3 2 1 / 1998 16 3 19 5 / 1998 16 3 20 7 /
 1998 16 3 21 8 / 1998 16 3 2 1 / 1999 19 3 22 10 / 1999 16 3 2 1 /
 2000 16 3 2 1 / 2001 16 3 2 1 / 2002 16 3 19 5 / 2002 16 3 20 7 /
 2002 16 3 21 8 / 2002 16 3 2 1 / 2003 16 3 2 1 / 2004 16 3 2 1 /
 2005 16 3 2 1 / 2006 16 3 19 5 / 2006 16 3 20 7 / 2006 16 3 21 8 /
 2006 16 3 2 1 / 2007 16 3 2 1 / 2008 16 3 2 1 / 2009 16 3 2 1 /
 2010 16 3 19 5 / 2010 16 3 20 7 / 2010 16 3 21 8 / 2010 16 3 2 1 /
 2011 16 3 2 1 / 2012 16 3 2 1 / 2013 16 3 2 1 / 2014 16 3 19 5 /
 2014 16 3 20 7 / 2014 16 3 21 8 / 2014 16 3 2 1 / 2015 16 3 2 1 /
 2016 16 3 2 1 / 2017 16 3 2 1 / 2018 16 3 19 5 / 2018 16 3 20 7 /
 2018 16 3 21 8 / 2018 16 3 2 1 / 2019 16 3 2 1 / 2020 16 3 2 1 /
 2021 16 3 2 1 / 2022 16 3 19 5 / 2022 16 3 20 7 / 2022 16 3 21 8 /
 2022 16 3 2 1 / 2023 19 3 23 9 / 2023 16 3 2 1 / 2024 19 3 23 9 /
 2024 16 3 2 1 / 2025 19 3 23 9 / 2025 16 3 2 1 / 2026 16 3 19 5 /
 2026 16 3 20 7 / 2026 16 3 21 8 / 2026 16 3 2 1 / 2027 16 3 1 1 /
 2028 17 2 24 2 / 2028 16 3 4 1 / 2029 17 2 25 2 / 2029 16 3 4 1 /
 2030 17 2 26 2 / 2030 16 3 4 1 / 2031 17 2 27 2 / 2031 16 3 4 1 /
 2032 17 2 28 2 / 2032 16 3 4 1 / 2033 16 3 4 1 / 2034 16 3 2 1 /
 2035 16 3 2 1 / 2036 16 3 2 1 / 2037 16 3 2 1 / 2038 16 3 1 1 /
 2039 17 2 11 2 / 2039 16 3 4 1 / 2040 16 3 2 1 / 2041 16 3 2 1 /
 2042 16 3 2 1 / 2043 17 2 12 2 / 2043 16 3 4 1 / 2044 17 2 13 2 /
 2044 16 3 4 1 / 2045 16 3 4 1 / 2046 16 3 2 1 / 2047 16 3 2 1 /
 2048 16 3 2 1 / 2049 16 3 14 4 / 2049 16 3 15 6 / 2049 16 3 30 1 /
 2050 16 3 14 4 / 2050 16 3 15 6 / 2050 16 3 30 1 / 2051 16 3 14 4 /
 2051 16 3 15 6 / 2051 16 3 30 1 / 2052 16 3 14 4 / 2052 16 3 15 6 /
 2052 16 3 30 1 / 2053 16 3 14 4 / 2053 16 3 15 6 / 2053 16 3 30 1 /
 2054 16 3 14 4 / 2054 16 3 15 6 / 2054 16 3 30 1 / 2055 16 3 14 4 /
 2055 16 3 15 6 / 2055 16 3 30 1 / 2056 16 3 14 4 / 2056 16 3 15 6 /
 2056 16 3 30 1 / 2057 16 3 14 4 / 2057 16 3 15 6 / 2057 16 3 30 1 /
 2058 16 3 14 4 / 2058 16 3 15 6 / 2058 16 3 30 1 / 2059 16 3 14 4 /
 2059 16 3 15 6 / 2059 16 3 30 1 / 2060 16 3 14 4 / 2060 16 3 15 6 /
 2060 16 3 30 1 / 2061 16 3 14 4 / 2061 16 3 15 6 / 2061 16 3 30 1 /
 2062 16 3 14 4 / 2062 16 3 15 6 / 2062 16 3 30 1 / 2063 16 3 14 4 /
 2063 16 3 15 6 / 2063 16 3 30 1 / 2064 16 3 14 4 / 2064 16 3 15 6 /
 2064 16 3 30 1 / 2065 16 3 14 4 / 2065 16 3 15 6 / 2065 16 3 30 1 /
 2066 16 3 14 4 / 2066 16 3 15 6 / 2066 16 3 30 1 / 2067 16 3 14 4 /
 2067 16 3 15 6 / 2067 16 3 30 1 / 2068 16 3 14 4 / 2068 16 3 15 6 /
 2068 16 3 30 1 / 2069 16 3 14 4 / 2069 16 3 15 6 / 2069 16 3 30 1 /
 2070 16 3 14 4 / 2070 16 3 15 6 / 2070 16 3 30 1 / 2071 16 3 14 4 /
 2071 16 3 15 6 / 2071 16 3 30 1 / 2072 16 3 14 4 / 2072 16 3 15 6 /
 2072 16 3 30 1 / 2073 16 3 14 4 / 2073 16 3 15 6 / 2073 16 3 30 1 /
 2074 16 3 14 4 / 2074 16 3 15 6 / 2074 16 3 30 1 / 2075 16 3 14 4 /
 2075 16 3 15 6 / 2075 16 3 30 1 / 2076 16 3 14 4 / 2076 16 3 15 6 /
 2076 16 3 30 1 / 2077 16 3 14 4 / 2077 16 3 15 6 / 2077 16 3 30 1 /
 2078 16 3 14 4 / 2078 16 3 15 6 / 2078 16 3 30 1 / 2079 16 3 1 1 /
 2080 17 2 9 2 / 2080 16 3 4 1 / 2081 17 2 10 2 / 2081 16 3 4 1 /
 2082 17 2 11 2 / 2082 16 3 4 1 / 2083 17 2 12 2 / 2083 16 3 4 1 /
 2084 17 2 13 2 / 2084 16 3 4 1 / 2085 16 3 4 1 / 2086 16 3 2 1 /
 2087 16 3 2 1 / 2088 16 3 2 1 / 2089 16 3 2 1 / 2090 16 3 1 1 /
 2091 16 3 19 5 / 2091 16 3 20 7 / 2091 16 3 21 8 / 2091 16 3 2 1 /
 2092 16 3 19 5 / 2092 16 3 20 7 / 2092 16 3 21 8 / 2092 16 3 2 1 /
 2093 16 3 19 5 / 2093 16 3 20 7 / 2093 16 3 21 8 / 2093 16 3 2 1 /
 2094 16 3 19 5 / 2094 16 3 20 7 / 2094 16 3 21 8 / 2094 16 3 2 1 /
 2095 16 3 19 5 / 2095 16 3 20 7 / 2095 16 3 21 8 / 2095 16 3 2 1 /
 2096 16 3 19 5 / 2096 16 3 20 7 / 2096 16 3 21 8 / 2096 16 3 2 1 /
 2097 16 3 19 5 / 2097 16 3 20 7 / 2097 16 3 21 8 / 2097 16 3 2 1 /
 2098 16 3 19 5 / 2098 16 3 20 7 / 2098 16 3 21 8 / 2098 16 3 2 1 /
 2099 16 3 19 5 / 2099 16 3 20 7 / 2099 16 3 21 8 / 2099 16 3 2 1 /
 2100 16 3 14 4 / 2100 16 3 15 6 / 2100 16 3 2 1 / 2101 16 3 14 4 /
 2101 16 3 15 6 / 2101 16 3 2 1 / 2102 16 3 14 4 / 2102 16 3 15 6 /
 2102 16 3 2 1 / 2103 16 3 19 5 / 2103 16 3 20 7 / 2103 16 3 21 8 /
 2103 16 3 2 1 / 2104 16 3 14 4 / 2104 16 3 15 6 / 2104 16 3 2 1 /
 2105 16 3 14 4 / 2105 16 3 15 6 / 2105 16 3 2 1 / 2106 16 3 14 4 /
 2106 16 3 15 6 / 2106 16 3 2 1 / 2107 16 3 19 5 / 2107 16 3 20 7 /
 2107 16 3 21 8 / 2107 16 3 2 1 / 2108 16 3 14 4 / 2108 16 3 15 6 /
 2108 19 3 22 10 / 2108 16 3 2 1 / 2109 16 3 14 4 / 2109 16 3 15 6 /
 2109 19 3 22 10 / 2109 16 3 2 1 / 2110 16 3 14 4 / 2110 16 3 15 6 /
 2110 19 3 22 10 / 2110 16 3 2 1 / 2111 16 3 19 5 / 2111 16 3 20 7 /
 2111 16 3 21 8 / 2111 16 3 2 1 / 2112 16 3 1 1 / 2113 16 3 2 1 /
 2114 16 3 2 1 / 2115 16 3 2 1 / 2116 16 3 2 1 / 2117 16 3 1 1 /
 2118 16 3 14 4 / 2118 16 3 15 6 / 2118 16 3 2 1 / 2119 16 3 18 3 /
 2119 16 3 15 6 / 2119 16 3 2 1 / 2120 16 3 18 3 / 2120 16 3 15 6 /
 2120 16 3 2 1 / 2121 16 3 19 5 / 2121 16 3 20 7 / 2121 16 3 21 8 /
 2121 16 3 2 1 / 2122 16 3 14 4 / 2122 16 3 15 6 / 2122 16 3 2 1 /
 2123 16 3 18 3 / 2123 16 3 15 6 / 2123 16 3 2 1 / 2124 16 3 18 3 /
 2124 16 3 15 6 / 2124 16 3 2 1 / 2125 16 3 19 5 / 2125 16 3 20 7 /
 2125 16 3 21 8 / 2125 16 3 2 1 / 2126 16 3 14 4 / 2126 16 3 15 6 /
 2126 16 3 2 1 / 2127 16 3 18 3 / 2127 16 3 15 6 / 2127 16 3 2 1 /
 2128 16 3 18 3 / 2128 16 3 15 6 / 2128 16 3 2 1 / 2129 16 3 19 5 /
 2129 16 3 20 7 / 2129 16 3 21 8 / 2129 16 3 2 1 / 2130 16 3 14 4 /
 2130 16 3 15 6 / 2130 16 3 2 1 / 2131 16 3 18 3 / 2131 16 3 15 6 /
 2131 16 3 2 1 / 2132 16 3 18 3 / 2132 16 3 15 6 / 2132 16 3 2 1 /
 2133 16 3 19 5 / 2133 16 3 20 7 / 2133 16 3 21 8 / 2133 16 3 2 1 /
 2134 16 3 14 4 / 2134 16 3 15 6 / 2134 16 3 2 1 / 2135 16 3 18 3 /
 2135 16 3 15 6 / 2135 16 3 2 1 / 2136 16 3 18 3 / 2136 16 3 15 6 /
 2136 16 3 2 1 / 2137 16 3 19 5 / 2137 16 3 20 7 / 2137 16 3 21 8 /
 2137 16 3 2 1 / 2138 16 3 14 4 / 2138 16 3 15 6 / 2138 19 3 22 10 /
 2138 16 3 2 1 / 2139 16 3 18 3 / 2139 16 3 15 6 / 2139 16 3 2 1 /
 2140 16 3 18 3 / 2140 16 3 15 6 / 2140 16 3 2 1 / 2141 16 3 19 5 /
 2141 16 3 20 7 / 2141 16 3 21 8 / 2141 16 3 2 1 / 2142 16 3 14 4 /
 2142 16 3 15 6 / 2142 16 3 2 1 / 2143 16 3 18 3 / 2143 16 3 15 6 /
 2143 16 3 2 1 / 2144 16 3 18 3 / 2144 16 3 15 6 / 2144 16 3 2 1 /
 2145 16 3 19 5 / 2145 16 3 20 7 / 2145 16 3 21 8 / 2145 16 3 2 1 /
 2146 16 3 14 4 / 2146 16 3 15 6 / 2146 16 3 2 1 / 2147 16 3 18 3 /
 2147 16 3 15 6 / 2147 16 3 2 1 / 2148 16 3 18 3 / 2148 16 3 15 6 /
 2148 16 3 2 1 / 2149 16 3 19 5 / 2149 16 3 20 7 / 2149 16 3 21 8 /
 2149 16 3 2 1 / 2150 16 3 14 4 / 2150 16 3 15 6 / 2150 16 3 2 1 /
 2151 16 3 18 3 / 2151 16 3 15 6 / 2151 16 3 2 1 / 2152 16 3 18 3 /
 2152 16 3 15 6 / 2152 16 3 2 1 / 2153 16 3 19 5 / 2153 16 3 20 7 /
 2153 16 3 21 8 / 2153 16 3 2 1 / 2154 16 3 14 4 / 2154 16 3 15 6 /
 2154 16 3 2 1 / 2155 16 3 18 3 / 2155 16 3 15 6 / 2155 16 3 2 1 /
 2156 16 3 18 3 / 2156 16 3 15 6 / 2156 16 3 2 1 / 2157 16 3 19 5 /
 2157 16 3 20 7 / 2157 16 3 21 8 / 2157 16 3 2 1 / 2158 16 3 14 4 /
 2158 16 3 15 6 / 2158 16 3 2 1 / 2159 16 3 18 3 / 2159 16 3 15 6 /
 2159 16 3 2 1 / 2160 16 3 18 3 / 2160 16 3 15 6 / 2160 16 3 2 1 /
 2161 16 3 19 5 / 2161 16 3 20 7 / 2161 16 3 21 8 / 2161 16 3 2 1 /
 2162 16 3 14 4 / 2162 16 3 15 6 / 2162 19 3 23 9 / 2162 16 3 2 1 /
 2163 16 3 18 3 / 2163 16 3 15 6 / 2163 19 3 23 9 / 2163 16 3 2 1 /
 2164 16 3 18 3 / 2164 16 3 15 6 / 2164 19 3 23 9 / 2164 16 3 2 1 /
 2165 16 3 19 5 / 2165 16 3 20 7 / 2165 16 3 21 8 / 2165 16 3 2 1 /
 2166 16 3 1 1 / 2167 17 2 24 2 / 2167 16 3 4 1 / 2168 17 2 25 2 /
 2168 16 3 4 1 / 2169 17 2 26 2 / 2169 16 3 4 1 / 2170 17 2 27 2 /
 2170 16 3 4 1 / 2171 17 2 28 2 / 2171 16 3 4 1 / 2172 16 3 4 1 /
 2173 16 3 2 1 / 2174 16 3 2 1 / 2175 16 3 2 1 / 2176 16 3 2 1 /
 2177 16 3 1 1 / 2178 16 3 14 4 / 2178 16 3 15 6 / 2178 16 3 30 1 /
 2179 16 3 14 4 / 2179 16 3 15 6 / 2179 16 3 30 1 / 2180 16 3 14 4 /
 2180 16 3 15 6 / 2180 16 3 30 1 / 2181 16 3 14 4 / 2181 16 3 15 6 /
 2181 16 3 30 1 / 2182 16 3 14 4 / 2182 16 3 15 6 / 2182 16 3 30 1 /
 2183 16 3 14 4 / 2183 16 3 15 6 / 2183 16 3 30 1 / 2184 16 3 14 4 /
 2184 16 3 15 6 / 2184 16 3 30 1 / 2185 16 3 14 4 / 2185 16 3 15 6 /
 2185 16 3 30 1 / 2186 16 3 14 4 / 2186 16 3 15 6 / 2186 16 3 30 1 /
 2187 16 3 14 4 / 2187 16 3 15 6 / 2187 16 3 30 1 / 2188 16 3 14 4 /
 2188 16 3 15 6 / 2188 16 3 30 1 / 2189 16 3 14 4 / 2189 16 3 15 6 /
 2189 16 3 30 1 / 2190 16 3 14 4 / 2190 16 3 15 6 / 2190 16 3 30 1 /
 2191 16 3 14 4 / 2191 16 3 15 6 / 2191 16 3 30 1 / 2192 16 3 14 4 /
 2192 16 3 15 6 / 2192 16 3 30 1 / 2193 16 3 14 4 / 2193 16 3 15 6 /
 2193 16 3 30 1 / 2194 16 3 14 4 / 2194 16 3 15 6 / 2194 16 3 30 1 /
 2195 16 3 14 4 / 2195 16 3 15 6 / 2195 16 3 30 1 / 2196 16 3 14 4 /
 2196 16 3 15 6 / 2196 16 3 30 1 / 2197 16 3 14 4 / 2197 16 3 15 6 /
 2197 16 3 30 1 / 2198 16 3 14 4 / 2198 16 3 15 6 / 2198 16 3 30 1 /
 2199 16 3 14 4 / 2199 16 3 15 6 / 2199 16 3 30 1 / 2200 16 3 14 4 /
 2200 16 3 15 6 / 2200 16 3 30 1 / 2201 16 3 14 4 / 2201 16 3 15 6 /
 2201 16 3 30 1 / 2202 16 3 14 4 / 2202 16 3 15 6 / 2202 16 3 30 1 /
 2203 16 3 14 4 / 2203 16 3 15 6 / 2203 16 3 30 1 / 2204 16 3 14 4 /
 2204 16 3 15 6 / 2204 16 3 30 1 / 2205 16 3 14 4 / 2205 16 3 15 6 /
 2205 16 3 30 1 / 2206 16 3 14 4 / 2206 16 3 15 6 / 2206 16 3 30 1 /
 2207 16 3 14 4 / 2207 16 3 15 6 / 2207 16 3 30 1 / 2208 16 3 14 4 /
 2208 16 3 15 6 / 2208 16 3 30 1 / 2209 16 3 14 4 / 2209 16 3 15 6 /
 2209 16 3 30 1 / 2210 16 3 14 4 / 2210 16 3 15 6 / 2210 16 3 30 1 /
 2211 16 3 1 1 / 2212 17 2 9 2 / 2212 16 3 4 1 / 2213 17 2 10 2 /
 2213 16 3 4 1 / 2214 17 2 11 2 / 2214 16 3 4 1 / 2215 17 2 12 2 /
 2215 16 3 4 1 / 2216 17 2 13 2 / 2216 16 3 4 1 / 2217 16 3 4 1 /
 2218 16 3 2 1 / 2219 16 3 2 1 / 2220 16 3 2 1 / 2221 16 3 2 1 /
 2222 16 3 1 1 / 2223 16 3 19 5 / 2223 16 3 20 7 / 2223 16 3 21 8 /
 2223 16 3 2 1 / 2224 16 3 19 5 / 2224 16 3 20 7 / 2224 16 3 21 8 /
 2224 16 3 2 1 / 2225 16 3 19 5 / 2225 16 3 20 7 / 2225 16 3 21 8 /
 2225 16 3 2 1 / 2226 16 3 19 5 / 2226 16 3 20 7 / 2226 16 3 21 8 /
 2226 16 3 2 1 / 2227 16 3 19 5 / 2227 16 3 20 7 / 2227 16 3 21 8 /
 2227 16 3 2 1 / 2228 16 3 19 5 / 2228 16 3 20 7 / 2228 16 3 21 8 /
 2228 16 3 2 1 / 2229 16 3 19 5 / 2229 16 3 20 7 / 2229 16 3 21 8 /
 2229 16 3 2 1 / 2230 16 3 19 5 / 2230 16 3 20 7 / 2230 16 3 21 8 /
 2230 16 3 2 1 / 2231 16 3 19 5 / 2231 16 3 20 7 / 2231 16 3 21 8 /
 2231 16 3 2 1 / 2232 16 3 14 4 / 2232 16 3 15 6 / 2232 16 3 2 1 /
 2233 16 3 14 4 / 2233 16 3 15 6 / 2233 16 3 2 1 / 2234 16 3 14 4 /
 2234 16 3 15 6 / 2234 16 3 2 1 / 2235 16 3 19 5 / 2235 16 3 20 7 /
 2235 16 3 21 8 / 2235 16 3 2 1 / 2236 16 3 14 4 / 2236 16 3 15 6 /
 2236 16 3 2 1 / 2237 16 3 14 4 / 2237 16 3 15 6 / 2237 16 3 2 1 /
 2238 16 3 14 4 / 2238 16 3 15 6 / 2238 16 3 2 1 / 2239 16 3 19 5 /
 2239 16 3 20 7 / 2239 16 3 21 8 / 2239 16 3 2 1 / 2240 16 3 14 4 /
 2240 16 3 15 6 / 2240 19 3 22 10 / 2240 16 3 2 1 / 2241 16 3 14 4 /
 2241 16 3 15 6 / 2241 19 3 22 10 / 2241 16 3 2 1 / 2242 16 3 14 4 /
 2242 16 3 15 6 / 2242 19 3 22 10 / 2242 16 3 2 1 / 2243 16 3 19 5 /
 2243 16 3 20 7 / 2243 16 3 21 8 / 2243 16 3 2 1 / 2244 16 3 1 1 /
 2245 16 3 2 1 / 2246 16 3 2 1 / 2247 16 3 2 1 / 2248 16 3 2 1 /
 2249 16 3 1 1 / 2250 16 3 14 4 / 2250 16 3 15 6 / 2250 19 3 29 10 /
 2250 16 3 2 1 / 2251 16 3 18 3 / 2251 16 3 15 6 / 2251 16 3 2 1 /
 2252 16 3 18 3 / 2252 16 3 15 6 / 2252 16 3 2 1 / 2253 16 3 19 5 /
 2253 16 3 20 7 / 2253 16 3 21 8 / 2253 16 3 2 1 / 2254 16 3 14 4 /
 2254 16 3 15 6 / 2254 19 3 29 10 / 2254 16 3 2 1 / 2255 16 3 18 3 /
 2255 16 3 15 6 / 2255 16 3 2 1 / 2256 16 3 18 3 / 2256 16 3 15 6 /
 2256 16 3 2 1 / 2257 16 3 19 5 / 2257 16 3 20 7 / 2257 16 3 21 8 /
 2257 16 3 2 1 / 2258 16 3 14 4 / 2258 16 3 15 6 / 2258 19 3 29 10 /
 2258 16 3 2 1 / 2259 16 3 18 3 / 2259 16 3 15 6 / 2259 16 3 2 1 /
 2260 16 3 18 3 / 2260 16 3 15 6 / 2260 16 3 2 1 / 2261 16 3 19 5 /
 2261 16 3 20 7 / 2261 16 3 21 8 / 2261 16 3 2 1 / 2262 16 3 14 4 /
 2262 16 3 15 6 / 2262 19 3 29 10 / 2262 16 3 2 1 / 2263 16 3 18 3 /
 2263 16 3 15 6 / 2263 16 3 2 1 / 2264 16 3 18 3 / 2264 16 3 15 6 /
 2264 16 3 2 1 / 2265 16 3 19 5 / 2265 16 3 20 7 / 2265 16 3 21 8 /
 2265 16 3 2 1 / 2266 16 3 14 4 / 2266 16 3 15 6 / 2266 19 3 29 10 /
 2266 16 3 2 1 / 2267 16 3 18 3 / 2267 16 3 15 6 / 2267 16 3 2 1 /
 2268 16 3 18 3 / 2268 16 3 15 6 / 2268 16 3 2 1 / 2269 16 3 19 5 /
 2269 16 3 20 7 / 2269 16 3 21 8 / 2269 16 3 2 1 / 2270 16 3 14 4 /
 2270 16 3 15 6 / 2270 19 3 29 10 / 2270 19 3 22 10 / 2270 16 3 2 1 /
 2271 16 3 18 3 / 2271 16 3 15 6 / 2271 16 3 2 1 / 2272 16 3 18 3 /
 2272 16 3 15 6 / 2272 16 3 2 1 / 2273 16 3 19 5 / 2273 16 3 20 7 /
 2273 16 3 21 8 / 2273 16 3 2 1 / 2274 16 3 14 4 / 2274 16 3 15 6 /
 2274 19 3 29 10 / 2274 16 3 2 1 / 2275 16 3 18 3 / 2275 16 3 15 6 /
 2275 16 3 2 1 / 2276 16 3 18 3 / 2276 16 3 15 6 / 2276 16 3 2 1 /
 2277 16 3 19 5 / 2277 16 3 20 7 / 2277 16 3 21 8 / 2277 16 3 2 1 /
 2278 16 3 14 4 / 2278 16 3 15 6 / 2278 19 3 29 10 / 2278 16 3 2 1 /
 2279 16 3 18 3 / 2279 16 3 15 6 / 2279 16 3 2 1 / 2280 16 3 18 3 /
 2280 16 3 15 6 / 2280 16 3 2 1 / 2281 16 3 19 5 / 2281 16 3 20 7 /
 2281 16 3 21 8 / 2281 16 3 2 1 / 2282 16 3 14 4 / 2282 16 3 15 6 /
 2282 19 3 29 10 / 2282 16 3 2 1 / 2283 16 3 18 3 / 2283 16 3 15 6 /
 2283 16 3 2 1 / 2284 16 3 18 3 / 2284 16 3 15 6 / 2284 16 3 2 1 /
 2285 16 3 19 5 / 2285 16 3 20 7 / 2285 16 3 21 8 / 2285 16 3 2 1 /
 2286 16 3 14 4 / 2286 16 3 15 6 / 2286 19 3 29 10 / 2286 16 3 2 1 /
 2287 16 3 18 3 / 2287 16 3 15 6 / 2287 16 3 2 1 / 2288 16 3 18 3 /
 2288 16 3 15 6 / 2288 16 3 2 1 / 2289 16 3 19 5 / 2289 16 3 20 7 /
 2289 16 3 21 8 / 2289 16 3 2 1 / 2290 16 3 14 4 / 2290 16 3 15 6 /
 2290 19 3 29 10 / 2290 16 3 2 1 / 2291 16 3 18 3 / 2291 16 3 15 6 /
 2291 16 3 2 1 / 2292 16 3 18 3 / 2292 16 3 15 6 / 2292 16 3 2 1 /
 2293 16 3 19 5 / 2293 16 3 20 7 / 2293 16 3 21 8 / 2293 16 3 2 1 /
 2294 16 3 14 4 / 2294 16 3 15 6 / 2294 19 3 23 9 / 2294 19 3 29 10 /
 2294 16 3 2 1 / 2295 16 3 18 3 / 2295 16 3 15 6 / 2295 19 3 23 9 /
 2295 16 3 2 1 / 2296 16 3 18 3 / 2296 16 3 15 6 / 2296 19 3 23 9 /
 2296 16 3 2 1 / 2297 16 3 19 5 / 2297 16 3 20 7 / 2297 16 3 21 8 /
 2297 16 3 2 1 / 2298 16 3 1 1 / 2299 17 2 24 2 / 2299 16 3 4 1 /
 2300 17 2 25 2 / 2300 16 3 4 1 / 2301 17 2 26 2 / 2301 16 3 4 1 /
 2302 17 2 27 2 / 2302 16 3 4 1 / 2303 17 2 28 2 / 2303 16 3 4 1 /
 2304 16 3 4 1 / 2305 16 3 2 1 / 2306 16 3 2 1 / 2307 16 3 2 1 /
 2308 16 3 2 1 / 2309 16 3 1 1 / 2310 16 3 1 1 / 2311 17 2 9 2 /
 2311 16 3 4 1 / 2312 17 2 10 2 / 2312 16 3 4 1 / 2313 17 2 11 2 /
 2313 16 3 4 1 / 2314 17 2 12 2 / 2314 16 3 4 1 / 2315 17 2 13 2 /
 2315 16 3 4 1 / 2316 16 3 4 1 / 2317 16 3 2 1 / 2318 16 3 2 1 /
 2319 16 3 2 1 / 2320 16 3 2 1 / 2321 16 3 1 1 / 2322 16 3 19 5 /
 2322 16 3 20 7 / 2322 16 3 21 8 / 2322 16 3 2 1 / 2323 16 3 19 5 /
 2323 16 3 20 7 / 2323 16 3 21 8 / 2323 16 3 2 1 / 2324 16 3 19 5 /
 2324 16 3 20 7 / 2324 16 3 21 8 / 2324 16 3 2 1 / 2325 16 3 19 5 /
 2325 16 3 20 7 / 2325 16 3 21 8 / 2325 16 3 2 1 / 2326 16 3 19 5 /
 2326 16 3 20 7 / 2326 16 3 21 8 / 2326 16 3 2 1 / 2327 16 3 19 5 /
 2327 16 3 20 7 / 2327 16 3 21 8 / 2327 16 3 2 1 / 2328 16 3 19 5 /
 2328 16 3 20 7 / 2328 16 3 21 8 / 2328 16 3 2 1 / 2329 16 3 19 5 /
 2329 16 3 20 7 / 2329 16 3 21 8 / 2329 16 3 2 1 / 2330 16 3 19 5 /
 2330 16 3 20 7 / 2330 16 3 21 8 / 2330 16 3 2 1 / 2331 16 3 14 4 /
 2331 16 3 15 6 / 2331 16 3 2 1 / 2332 16 3 14 4 / 2332 16 3 15 6 /
 2332 16 3 2 1 / 2333 16 3 14 4 / 2333 16 3 15 6 / 2333 16 3 2 1 /
 2334 16 3 19 5 / 2334 16 3 20 7 / 2334 16 3 21 8 / 2334 16 3 2 1 /
 2335 16 3 14 4 / 2335 16 3 15 6 / 2335 16 3 2 1 / 2336 16 3 14 4 /
 2336 16 3 15 6 / 2336 16 3 2 1 / 2337 16 3 14 4 / 2337 16 3 15 6 /
 2337 16 3 2 1 / 2338 16 3 19 5 / 2338 16 3 20 7 / 2338 16 3 21 8 /
 2338 16 3 2 1 / 2339 16 3 14 4 / 2339 16 3 15 6 / 2339 19 3 22 10 /
 2339 16 3 2 1 / 2340 16 3 14 4 / 2340 16 3 15 6 / 2340 19 3 22 10 /
 2340 16 3 2 1 / 2341 16 3 14 4 / 2341 16 3 15 6 / 2341 19 3 22 10 /
 2341 16 3 2 1 / 2342 16 3 19 5 / 2342 16 3 20 7 / 2342 16 3 21 8 /
 2342 16 3 2 1 / 2343 16 3 1 1 / 2344 16 3 2 1 / 2345 16 3 2 1 /
 2346 16 3 2 1 / 2347 16 3 2 1 / 2348 16 3 1 1 / 2349 16 3 14 4 /
 2349 16 3 15 6 / 2349 16 3 2 1 / 2350 16 3 18 3 / 2350 16 3 15 6 /
 2350 16 3 2 1 / 2351 16 3 18 3 / 2351 16 3 15 6 / 2351 16 3 2 1 /
 2352 16 3 19 5 / 2352 16 3 20 7 / 2352 16 3 21 8 / 2352 16 3 2 1 /
 2353 16 3 14 4 / 2353 16 3 15 6 / 2353 16 3 2 1 / 2354 16 3 18 3 /
 2354 16 3 15 6 / 2354 16 3 2 1 / 2355 16 3 18 3 / 2355 16 3 15 6 /
 2355 16 3 2 1 / 2356 16 3 19 5 / 2356 16 3 20 7 / 2356 16 3 21 8 /
 2356 16 3 2 1 / 2357 16 3 14 4 / 2357 16 3 15 6 / 2357 16 3 2 1 /
 2358 16 3 18 3 / 2358 16 3 15 6 / 2358 16 3 2 1 / 2359 16 3 18 3 /
 2359 16 3 15 6 / 2359 16 3 2 1 / 2360 16 3 19 5 / 2360 16 3 20 7 /
 2360 16 3 21 8 / 2360 16 3 2 1 / 2361 16 3 14 4 / 2361 16 3 15 6 /
 2361 16 3 2 1 / 2362 16 3 18 3 / 2362 16 3 15 6 / 2362 16 3 2 1 /
 2363 16 3 18 3 / 2363 16 3 15 6 / 2363 16 3 2 1 / 2364 16 3 19 5 /
 2364 16 3 20 7 / 2364 16 3 21 8 / 2364 16 3 2 1 / 2365 16 3 14 4 /
 2365 16 3 15 6 / 2365 16 3 2 1 / 2366 16 3 18 3 / 2366 16 3 15 6 /
 2366 16 3 2 1 / 2367 16 3 18 3 / 2367 16 3 15 6 / 2367 16 3 2 1 /
 2368 16 3 19 5 / 2368 16 3 20 7 / 2368 16 3 21 8 / 2368 16 3 2 1 /
 2369 16 3 14 4 / 2369 16 3 15 6 / 2369 16 3 2 1 / 2370 16 3 18 3 /
 2370 16 3 15 6 / 2370 16 3 2 1 / 2371 16 3 18 3 / 2371 16 3 15 6 /
 2371 16 3 2 1 / 2372 16 3 19 5 / 2372 16 3 20 7 / 2372 16 3 21 8 /
 2372 16 3 2 1 / 2373 16 3 14 4 / 2373 16 3 15 6 / 2373 16 3 2 1 /
 2374 16 3 18 3 / 2374 16 3 15 6 / 2374 16 3 2 1 / 2375 16 3 18 3 /
 2375 16 3 15 6 / 2375 16 3 2 1 / 2376 16 3 19 5 / 2376 16 3 20 7 /
 2376 16 3 21 8 / 2376 16 3 2 1 / 2377 16 3 14 4 / 2377 16 3 15 6 /
 2377 16 3 2 1 / 2378 16 3 18 3 / 2378 16 3 15 6 / 2378 16 3 2 1 /
 2379 16 3 18 3 / 2379 16 3 15 6 / 2379 16 3 2 1 / 2380 16 3 19 5 /
 2380 16 3 20 7 / 2380 16 3 21 8 / 2380 16 3 2 1 / 2381 16 3 14 4 /
 2381 16 3 15 6 / 2381 16 3 2 1 / 2382 16 3 18 3 / 2382 16 3 15 6 /
 2382 16 3 2 1 / 2383 16 3 18 3 / 2383 16 3 15 6 / 2383 16 3 2 1 /
 2384 16 3 19 5 / 2384 16 3 20 7 / 2384 16 3 21 8 / 2384 16 3 2 1 /
 2385 16 3 14 4 / 2385 16 3 15 6 / 2385 16 3 2 1 / 2386 16 3 18 3 /
 2386 16 3 15 6 / 2386 16 3 2 1 / 2387 16 3 18 3 / 2387 16 3 15 6 /
 2387 16 3 2 1 / 2388 16 3 19 5 / 2388 16 3 20 7 / 2388 16 3 21 8 /
 2388 16 3 2 1 / 2389 16 3 14 4 / 2389 16 3 15 6 / 2389 16 3 2 1 /
 2390 16 3 18 3 / 2390 16 3 15 6 / 2390 16 3 2 1 / 2391 16 3 18 3 /
 2391 16 3 15 6 / 2391 16 3 2 1 / 2392 16 3 19 5 / 2392 16 3 20 7 /
 2392 16 3 21 8 / 2392 16 3 2 1 / 2393 16 3 14 4 / 2393 16 3 15 6 /
 2393 19 3 23 9 / 2393 16 3 2 1 / 2394 16 3 18 3 / 2394 16 3 15 6 /
 2394 19 3 23 9 / 2394 16 3 2 1 / 2395 16 3 18 3 / 2395 16 3 15 6 /
 2395 19 3 23 9 / 2395 16 3 2 1 / 2396 16 3 19 5 / 2396 16 3 20 7 /
 2396 16 3 21 8 / 2396 16 3 2 1 / 2397 16 3 1 1 / 2398 17 2 24 2 /
 2398 16 3 4 1 / 2399 17 2 25 2 / 2399 16 3 4 1 / 2400 17 2 26 2 /
 2400 16 3 4 1 / 2401 17 2 27 2 / 2401 16 3 4 1 / 2402 17 2 28 2 /
 2402 16 3 4 1 / 2403 16 3 4 1 / 2404 16 3 2 1 / 2405 16 3 2 1 /
 2406 16 3 2 1 / 2407 16 3 2 1 / 2408 16 3 1 1 / 2409 16 3 14 4 /
 2409 16 3 15 6 / 2409 16 3 30 1 / 2410 16 3 14 4 / 2410 16 3 15 6 /
 2410 16 3 30 1 / 2411 16 3 14 4 / 2411 16 3 15 6 / 2411 16 3 30 1 /
 2412 16 3 14 4 / 2412 16 3 15 6 / 2412 16 3 30 1 / 2413 16 3 14 4 /
 2413 16 3 15 6 / 2413 16 3 30 1 / 2414 16 3 14 4 / 2414 16 3 15 6 /
 2414 16 3 30 1 / 2415 16 3 14 4 / 2415 16 3 15 6 / 2415 16 3 30 1 /
 2416 16 3 14 4 / 2416 16 3 15 6 / 2416 16 3 30 1 / 2417 16 3 14 4 /
 2417 16 3 15 6 / 2417 16 3 30 1 / 2418 16 3 14 4 / 2418 16 3 15 6 /
 2418 16 3 30 1 / 2419 16 3 14 4 / 2419 16 3 15 6 / 2419 16 3 30 1 /
 2420 16 3 14 4 / 2420 16 3 15 6 / 2420 16 3 30 1 / 2421 16 3 14 4 /
 2421 16 3 15 6 / 2421 16 3 30 1 / 2422 16 3 14 4 / 2422 16 3 15 6 /
 2422 16 3 30 1 / 2423 16 3 14 4 / 2423 16 3 15 6 / 2423 16 3 30 1 /
 2424 16 3 14 4 / 2424 16 3 15 6 / 2424 16 3 30 1 / 2425 16 3 14 4 /
 2425 16 3 15 6 / 2425 16 3 30 1 / 2426 16 3 14 4 / 2426 16 3 15 6 /
 2426 16 3 30 1 / 2427 16 3 14 4 / 2427 16 3 15 6 / 2427 16 3 30 1 /
 2428 16 3 14 4 / 2428 16 3 15 6 / 2428 16 3 30 1 / 2429 16 3 14 4 /
 2429 16 3 15 6 / 2429 16 3 30 1 / 2430 16 3 14 4 / 2430 16 3 15 6 /
 2430 16 3 30 1 / 2431 16 3 14 4 / 2431 16 3 15 6 / 2431 16 3 30 1 /
 2432 16 3 14 4 / 2432 16 3 15 6 / 2432 16 3 30 1 / 2433 16 3 14 4 /
 2433 16 3 15 6 / 2433 16 3 30 1 / 2434 16 3 14 4 / 2434 16 3 15 6 /
 2434 16 3 30 1 / 2435 16 3 14 4 / 2435 16 3 15 6 / 2435 16 3 30 1 /
 2436 16 3 14 4 / 2436 16 3 15 6 / 2436 16 3 30 1 / 2437 16 3 14 4 /
 2437 16 3 15 6 / 2437 16 3 30 1 / 2438 16 3 14 4 / 2438 16 3 15 6 /
 2438 16 3 30 1 / 2439 16 3 14 4 / 2439 16 3 15 6 / 2439 16 3 30 1 /
 2440 16 3 14 4 / 2440 16 3 15 6 / 2440 16 3 30 1 / 2441 16 3 14 4 /
 2441 16 3 15 6 / 2441 16 3 30 1 / 2442 16 3 14 4 / 2442 16 3 15 6 /
 2442 16 3 30 1 / 2443 16 3 1 1 / 2444 17 2 9 2 / 2444 16 3 4 1 /
 2445 17 2 10 2 / 2445 16 3 4 1 / 2446 17 2 11 2 / 2446 16 3 4 1 /
 2447 17 2 12 2 / 2447 16 3 4 1 / 2448 17 2 13 2 / 2448 16 3 4 1 /
 2449 16 3 4 1 / 2450 16 3 2 1 / 2451 16 3 2 1 / 2452 16 3 2 1 /
 2453 16 3 2 1 / 2454 16 3 1 1 / 2455 16 3 19 5 / 2455 16 3 20 7 /
 2455 16 3 21 8 / 2455 16 3 2 1 / 2456 16 3 19 5 / 2456 16 3 20 7 /
 2456 16 3 21 8 / 2456 16 3 2 1 / 2457 16 3 19 5 / 2457 16 3 20 7 /
 2457 16 3 21 8 / 2457 16 3 2 1 / 2458 16 3 19 5 / 2458 16 3 20 7 /
 2458 16 3 21 8 / 2458 16 3 2 1 / 2459 16 3 19 5 / 2459 16 3 20 7 /
 2459 16 3 21 8 / 2459 16 3 2 1 / 2460 16 3 19 5 / 2460 16 3 20 7 /
 2460 16 3 21 8 / 2460 16 3 2 1 / 2461 16 3 19 5 / 2461 16 3 20 7 /
 2461 16 3 21 8 / 2461 16 3 2 1 / 2462 16 3 19 5 / 2462 16 3 20 7 /
 2462 16 3 21 8 / 2462 16 3 2 1 / 2463 16 3 19 5 / 2463 16 3 20 7 /
 2463 16 3 21 8 / 2463 16 3 2 1 / 2464 16 3 14 4 / 2464 16 3 15 6 /
 2464 16 3 2 1 / 2465 16 3 14 4 / 2465 16 3 15 6 / 2465 16 3 2 1 /
 2466 16 3 14 4 / 2466 16 3 15 6 / 2466 16 3 2 1 / 2467 16 3 19 5 /
 2467 16 3 20 7 / 2467 16 3 21 8 / 2467 16 3 2 1 / 2468 16 3 14 4 /
 2468 16 3 15 6 / 2468 16 3 2 1 / 2469 16 3 14 4 / 2469 16 3 15 6 /
 2469 16 3 2 1 / 2470 16 3 14 4 / 2470 16 3 15 6 / 2470 16 3 2 1 /
 2471 16 3 19 5 / 2471 16 3 20 7 / 2471 16 3 21 8 / 2471 16 3 2 1 /
 2472 16 3 14 4 / 2472 16 3 15 6 / 2472 19 3 22 10 / 2472 16 3 2 1 /
 2473 16 3 14 4 / 2473 16 3 15 6 / 2473 19 3 22 10 / 2473 16 3 2 1 /
 2474 16 3 14 4 / 2474 16 3 15 6 / 2474 19 3 22 10 / 2474 16 3 2 1 /
 2475 16 3 19 5 / 2475 16 3 20 7 / 2475 16 3 21 8 / 2475 16 3 2 1 /
 2476 16 3 1 1 / 2477 16 3 2 1 / 2478 16 3 2 1 / 2479 16 3 2 1 /
 2480 16 3 2 1 / 2481 16 3 1 1 / 2482 16 3 14 4 / 2482 16 3 15 6 /
 2482 16 3 2 1 / 2483 16 3 18 3 / 2483 16 3 15 6 / 2483 16 3 2 1 /
 2484 16 3 18 3 / 2484 16 3 15 6 / 2484 16 3 2 1 / 2485 16 3 19 5 /
 2485 16 3 20 7 / 2485 16 3 21 8 / 2485 16 3 2 1 / 2486 16 3 14 4 /
 2486 16 3 15 6 / 2486 16 3 2 1 / 2487 16 3 18 3 / 2487 16 3 15 6 /
 2487 16 3 2 1 / 2488 16 3 18 3 / 2488 16 3 15 6 / 2488 16 3 2 1 /
 2489 16 3 19 5 / 2489 16 3 20 7 / 2489 16 3 21 8 / 2489 16 3 2 1 /
 2490 16 3 14 4 / 2490 16 3 15 6 / 2490 16 3 2 1 / 2491 16 3 18 3 /
 2491 16 3 15 6 / 2491 16 3 2 1 / 2492 16 3 18 3 / 2492 16 3 15 6 /
 2492 16 3 2 1 / 2493 16 3 19 5 / 2493 16 3 20 7 / 2493 16 3 21 8 /
 2493 16 3 2 1 / 2494 16 3 14 4 / 2494 16 3 15 6 / 2494 16 3 2 1 /
 2495 16 3 18 3 / 2495 16 3 15 6 / 2495 16 3 2 1 / 2496 16 3 18 3 /
 2496 16 3 15 6 / 2496 16 3 2 1 / 2497 16 3 19 5 / 2497 16 3 20 7 /
 2497 16 3 21 8 / 2497 16 3 2 1 / 2498 16 3 14 4 / 2498 16 3 15 6 /
 2498 16 3 2 1 / 2499 16 3 18 3 / 2499 16 3 15 6 / 2499 16 3 2 1 /
 2500 16 3 18 3 / 2500 16 3 15 6 / 2500 16 3 2 1 / 2501 16 3 19 5 /
 2501 16 3 20 7 / 2501 16 3 21 8 / 2501 16 3 2 1 / 2502 16 3 14 4 /
 2502 16 3 15 6 / 2502 16 3 2 1 / 2503 16 3 18 3 / 2503 16 3 15 6 /
 2503 16 3 2 1 / 2504 16 3 18 3 / 2504 16 3 15 6 / 2504 16 3 2 1 /
 2505 16 3 19 5 / 2505 16 3 20 7 / 2505 16 3 21 8 / 2505 16 3 2 1 /
 2506 16 3 14 4 / 2506 16 3 15 6 / 2506 16 3 2 1 / 2507 16 3 18 3 /
 2507 16 3 15 6 / 2507 16 3 2 1 / 2508 16 3 18 3 / 2508 16 3 15 6 /
 2508 16 3 2 1 / 2509 16 3 19 5 / 2509 16 3 20 7 / 2509 16 3 21 8 /
 2509 16 3 2 1 / 2510 16 3 14 4 / 2510 16 3 15 6 / 2510 16 3 2 1 /
 2511 16 3 18 3 / 2511 16 3 15 6 / 2511 16 3 2 1 / 2512 16 3 18 3 /
 2512 16 3 15 6 / 2512 16 3 2 1 / 2513 16 3 19 5 / 2513 16 3 20 7 /
 2513 16 3 21 8 / 2513 16 3 2 1 / 2514 16 3 14 4 / 2514 16 3 15 6 /
 2514 16 3 2 1 / 2515 16 3 18 3 / 2515 16 3 15 6 / 2515 16 3 2 1 /
 2516 16 3 18 3 / 2516 16 3 15 6 / 2516 16 3 2 1 / 2517 16 3 19 5 /
 2517 16 3 20 7 / 2517 16 3 21 8 / 2517 16 3 2 1 / 2518 16 3 14 4 /
 2518 16 3 15 6 / 2518 16 3 2 1 / 2519 16 3 18 3 / 2519 16 3 15 6 /
 2519 16 3 2 1 / 2520 16 3 18 3 / 2520 16 3 15 6 / 2520 16 3 2 1 /
 2521 16 3 19 5 / 2521 16 3 20 7 / 2521 16 3 21 8 / 2521 16 3 2 1 /
 2522 16 3 14 4 / 2522 16 3 15 6 / 2522 16 3 2 1 / 2523 16 3 18 3 /
 2523 16 3 15 6 / 2523 16 3 2 1 / 2524 16 3 18 3 / 2524 16 3 15 6 /
 2524 16 3 2 1 / 2525 16 3 19 5 / 2525 16 3 20 7 / 2525 16 3 21 8 /
 2525 16 3 2 1 / 2526 16 3 14 4 / 2526 16 3 15 6 / 2526 19 3 23 9 /
 2526 16 3 2 1 / 2527 16 3 18 3 / 2527 16 3 15 6 / 2527 19 3 23 9 /
 2527 16 3 2 1 / 2528 16 3 18 3 / 2528 16 3 15 6 / 2528 19 3 23 9 /
 2528 16 3 2 1 / 2529 16 3 19 5 / 2529 16 3 20 7 / 2529 16 3 21 8 /
 2529 16 3 2 1 / 2530 16 3 1 1 / 2531 17 2 24 2 / 2531 16 3 4 1 /
 2532 17 2 25 2 / 2532 16 3 4 1 / 2533 17 2 26 2 / 2533 16 3 4 1 /
 2534 17 2 27 2 / 2534 16 3 4 1 / 2535 17 2 28 2 / 2535 16 3 4 1 /
 2536 16 3 4 1 / 2537 16 3 2 1 / 2538 16 3 2 1 / 2539 16 3 2 1 /
 2540 16 3 2 1 / 2541 16 3 1 1 / 2542 16 3 14 4 / 2542 16 3 15 6 /
 2542 16 3 30 1 / 2543 16 3 14 4 / 2543 16 3 15 6 / 2543 16 3 30 1 /
 2544 16 3 14 4 / 2544 16 3 15 6 / 2544 16 3 30 1 / 2545 16 3 14 4 /
 2545 16 3 15 6 / 2545 16 3 30 1 / 2546 16 3 14 4 / 2546 16 3 15 6 /
 2546 16 3 30 1 / 2547 16 3 14 4 / 2547 16 3 15 6 / 2547 16 3 30 1 /
 2548 16 3 14 4 / 2548 16 3 15 6 / 2548 16 3 30 1 / 2549 16 3 14 4 /
 2549 16 3 15 6 / 2549 16 3 30 1 / 2550 16 3 14 4 / 2550 16 3 15 6 /
 2550 16 3 30 1 / 2551 16 3 14 4 / 2551 16 3 15 6 / 2551 16 3 30 1 /
 2552 16 3 14 4 / 2552 16 3 15 6 / 2552 16 3 30 1 / 2553 16 3 14 4 /
 2553 16 3 15 6 / 2553 16 3 30 1 / 2554 16 3 14 4 / 2554 16 3 15 6 /
 2554 16 3 30 1 / 2555 16 3 14 4 / 2555 16 3 15 6 / 2555 16 3 30 1 /
 2556 16 3 14 4 / 2556 16 3 15 6 / 2556 16 3 30 1 / 2557 16 3 14 4 /
 2557 16 3 15 6 / 2557 16 3 30 1 / 2558 16 3 14 4 / 2558 16 3 15 6 /
 2558 16 3 30 1 / 2559 16 3 14 4 / 2559 16 3 15 6 / 2559 16 3 30 1 /
 2560 16 3 14 4 / 2560 16 3 15 6 / 2560 16 3 30 1 / 2561 16 3 14 4 /
 2561 16 3 15 6 / 2561 16 3 30 1 / 2562 16 3 14 4 / 2562 16 3 15 6 /
 2562 16 3 30 1 / 2563 16 3 14 4 / 2563 16 3 15 6 / 2563 16 3 30 1 /
 2564 16 3 14 4 / 2564 16 3 15 6 / 2564 16 3 30 1 / 2565 16 3 14 4 /
 2565 16 3 15 6 / 2565 16 3 30 1 / 2566 16 3 14 4 / 2566 16 3 15 6 /
 2566 16 3 30 1 / 2567 16 3 14 4 / 2567 16 3 15 6 / 2567 16 3 30 1 /
 2568 16 3 14 4 / 2568 16 3 15 6 / 2568 16 3 30 1 / 2569 16 3 14 4 /
 2569 16 3 15 6 / 2569 16 3 30 1 / 2570 16 3 14 4 / 2570 16 3 15 6 /
 2570 16 3 30 1 / 2571 16 3 14 4 / 2571 16 3 15 6 / 2571 16 3 30 1 /
 2572 17 2 12 2 / 2572 16 3 4 1 / 2573 17 2 13 2 / 2573 16 3 4 1 /
 2574 16 3 4 1 / 2575 16 3 2 1 / 2576 16 3 2 1 / 2577 16 3 2 1 /
 2578 17 2 11 2 / 2578 16 3 4 1 / 2579 16 3 2 1 / 2580 19 3 29 10 /
 2580 16 3 2 1 / 2581 19 3 29 10 / 2581 16 3 2 1 / 2582 16 3 1 1 /
 2583 17 2 9 2 / 2583 16 3 4 1 / 2584 17 2 10 2 / 2584 16 3 4 1 /
 2585 16 3 2 1 / 2586 16 3 1 1 / 2587 16 3 19 5 / 2587 16 3 20 7 /
 2587 16 3 21 8 / 2587 16 3 2 1 / 2588 16 3 19 5 / 2588 16 3 20 7 /
 2588 16 3 21 8 / 2588 16 3 2 1 / 2589 16 3 19 5 / 2589 16 3 20 7 /
 2589 16 3 21 8 / 2589 16 3 2 1 / 2590 16 3 19 5 / 2590 16 3 20 7 /
 2590 16 3 21 8 / 2590 16 3 2 1 / 2591 16 3 19 5 / 2591 16 3 20 7 /
 2591 16 3 21 8 / 2591 16 3 2 1 / 2592 16 3 19 5 / 2592 16 3 20 7 /
 2592 16 3 21 8 / 2592 16 3 2 1 / 2593 16 3 19 5 / 2593 16 3 20 7 /
 2593 16 3 21 8 / 2593 16 3 2 1 / 2594 16 3 19 5 / 2594 16 3 20 7 /
 2594 16 3 21 8 / 2594 16 3 2 1 / 2595 16 3 19 5 / 2595 16 3 20 7 /
 2595 16 3 21 8 / 2595 16 3 2 1 / 2596 16 3 19 5 / 2596 16 3 20 7 /
 2596 16 3 21 8 / 2596 16 3 2 1 / 2597 16 3 2 1 / 2598 19 3 29 10 /
 2598 16 3 2 1 / 2599 19 3 29 10 / 2599 16 3 2 1 / 2600 16 3 19 5 /
 2600 16 3 20 7 / 2600 16 3 21 8 / 2600 16 3 2 1 / 2601 19 3 22 10 /
 2601 16 3 2 1 / 2602 19 3 29 10 / 2602 19 3 22 10 / 2602 16 3 2 1 /
 2603 19 3 29 10 / 2603 19 3 22 10 / 2603 16 3 2 1 / 2604 16 3 19 5 /
 2604 16 3 20 7 / 2604 16 3 21 8 / 2604 16 3 2 1 / 2605 16 3 1 1 /
 2606 16 3 2 1 / 2607 16 3 2 1 / 2608 16 3 2 1 / 2609 16 3 2 1 /
 2610 16 3 1 1 / 2611 16 3 2 1 / 2612 16 3 2 1 / 2613 16 3 2 1 /
 2614 16 3 19 5 / 2614 16 3 20 7 / 2614 16 3 21 8 / 2614 16 3 2 1 /
 2615 16 3 2 1 / 2616 16 3 2 1 / 2617 16 3 2 1 / 2618 16 3 19 5 /
 2618 16 3 20 7 / 2618 16 3 21 8 / 2618 16 3 2 1 / 2619 16 3 2 1 /
 2620 16 3 2 1 / 2621 16 3 2 1 / 2622 16 3 19 5 / 2622 16 3 20 7 /
 2622 16 3 21 8 / 2622 16 3 2 1 / 2623 16 3 2 1 / 2624 16 3 2 1 /
 2625 16 3 2 1 / 2626 16 3 19 5 / 2626 16 3 20 7 / 2626 16 3 21 8 /
 2626 16 3 2 1 / 2627 16 3 2 1 / 2628 16 3 2 1 / 2629 16 3 2 1 /
 2630 16 3 19 5 / 2630 16 3 20 7 / 2630 16 3 21 8 / 2630 16 3 2 1 /
 2631 16 3 2 1 / 2632 16 3 2 1 / 2633 16 3 2 1 / 2634 16 3 19 5 /
 2634 16 3 20 7 / 2634 16 3 21 8 / 2634 16 3 2 1 / 2635 16 3 2 1 /
 2636 16 3 2 1 / 2637 16 3 2 1 / 2638 16 3 19 5 / 2638 16 3 20 7 /
 2638 16 3 21 8 / 2638 16 3 2 1 / 2639 16 3 2 1 / 2640 16 3 2 1 /
 2641 16 3 2 1 / 2642 16 3 19 5 / 2642 16 3 20 7 / 2642 16 3 21 8 /
 2642 16 3 2 1 / 2643 16 3 2 1 / 2644 16 3 2 1 / 2645 16 3 2 1 /
 2646 16 3 19 5 / 2646 16 3 20 7 / 2646 16 3 21 8 / 2646 16 3 2 1 /
 2647 16 3 2 1 / 2648 16 3 2 1 / 2649 16 3 2 1 / 2650 16 3 19 5 /
 2650 16 3 20 7 / 2650 16 3 21 8 / 2650 16 3 2 1 / 2651 16 3 2 1 /
 2652 16 3 2 1 / 2653 16 3 2 1 / 2654 16 3 19 5 / 2654 16 3 20 7 /
 2654 16 3 21 8 / 2654 16 3 2 1 / 2655 19 3 23 9 / 2655 16 3 2 1 /
 2656 19 3 23 9 / 2656 16 3 2 1 / 2657 19 3 23 9 / 2657 16 3 2 1 /
 2658 16 3 19 5 / 2658 16 3 20 7 / 2658 16 3 21 8 / 2658 16 3 2 1 /
 2659 16 3 1 1 / 2660 17 2 24 2 / 2660 16 3 4 1 / 2661 17 2 25 2 /
 2661 16 3 4 1 / 2662 17 2 26 2 / 2662 16 3 4 1 / 2663 17 2 27 2 /
 2663 16 3 4 1 / 2664 17 2 28 2 / 2664 16 3 4 1 / 2665 16 3 4 1 /
 2666 16 3 2 1 / 2667 16 3 2 1 / 2668 16 3 2 1 / 2669 16 3 2 1 /
 2670 16 3 1 1 / 2671 16 3 31 1 / 2671 16 3 32 1 / 2672 16 3 32 1 /
 2673 16 3 32 1 / 2674 16 3 32 1 / 2675 16 3 32 1 / 2676 16 3 32 1 /
 2677 16 3 2 1 / 2678 16 3 2 1 / 2679 16 3 2 1 / 2680 16 3 14 4 /
 2680 16 3 15 6 / 2680 19 3 16 9 / 2680 19 3 33 10 / 2680 16 3 2 1 /
 2681 16 3 18 3 / 2681 16 3 15 6 / 2681 19 3 16 9 / 2681 19 3 33 10 /
 2681 16 3 2 1 / 2682 16 3 18 3 / 2682 16 3 15 6 / 2682 19 3 16 9 /
 2682 19 3 33 10 / 2682 16 3 2 1 / 2683 16 3 14 4 / 2683 16 3 15 6 /
 2683 19 3 33 10 / 2683 16 3 2 1 / 2684 16 3 18 3 / 2684 16 3 15 6 /
 2684 19 3 33 10 / 2684 16 3 2 1 / 2685 16 3 18 3 / 2685 16 3 15 6 /
 2685 19 3 33 10 / 2685 16 3 2 1 / 2686 16 3 14 4 / 2686 16 3 15 6 /
 2686 19 3 33 10 / 2686 16 3 2 1 / 2687 16 3 18 3 / 2687 16 3 15 6 /
 2687 19 3 33 10 / 2687 16 3 2 1 / 2688 16 3 18 3 / 2688 16 3 15 6 /
 2688 19 3 33 10 / 2688 16 3 2 1 / 2689 16 3 14 4 / 2689 16 3 15 6 /
 2689 19 3 33 10 / 2689 16 3 2 1 / 2690 16 3 18 3 / 2690 16 3 15 6 /
 2690 19 3 33 10 / 2690 16 3 2 1 / 2691 16 3 18 3 / 2691 16 3 15 6 /
 2691 19 3 33 10 / 2691 16 3 2 1 / 2692 16 3 14 4 / 2692 16 3 15 6 /
 2692 19 3 33 10 / 2692 16 3 2 1 / 2693 16 3 18 3 / 2693 16 3 15 6 /
 2693 19 3 33 10 / 2693 16 3 2 1 / 2694 16 3 18 3 / 2694 16 3 15 6 /
 2694 19 3 33 10 / 2694 16 3 2 1 / 2695 16 3 14 4 / 2695 16 3 15 6 /
 2695 19 3 33 10 / 2695 16 3 2 1 / 2696 16 3 18 3 / 2696 16 3 15 6 /
 2696 19 3 33 10 / 2696 16 3 2 1 / 2697 16 3 18 3 / 2697 16 3 15 6 /
 2697 19 3 33 10 / 2697 16 3 2 1 / 2698 16 3 14 4 / 2698 16 3 15 6 /
 2698 19 3 33 10 / 2698 16 3 2 1 / 2699 16 3 18 3 / 2699 16 3 15 6 /
 2699 19 3 33 10 / 2699 16 3 2 1 / 2700 16 3 18 3 / 2700 16 3 15 6 /
 2700 19 3 33 10 / 2700 16 3 2 1 / 2701 16 3 14 4 / 2701 16 3 15 6 /
 2701 19 3 33 10 / 2701 16 3 2 1 / 2702 16 3 18 3 / 2702 16 3 15 6 /
 2702 19 3 33 10 / 2702 16 3 2 1 / 2703 16 3 18 3 / 2703 16 3 15 6 /
 2703 19 3 33 10 / 2703 16 3 2 1 / 2704 16 3 14 4 / 2704 16 3 15 6 /
 2704 19 3 33 10 / 2704 16 3 2 1 / 2705 16 3 18 3 / 2705 16 3 15 6 /
 2705 19 3 33 10 / 2705 16 3 2 1 / 2706 16 3 18 3 / 2706 16 3 15 6 /
 2706 19 3 33 10 / 2706 16 3 2 1 / 2707 16 3 4 1 / 2708 17 2 12 2 /
 2708 16 3 4 1 / 2709 17 2 13 2 / 2709 16 3 4 1 / 2710 16 3 14 4 /
 2710 16 3 15 6 / 2710 16 3 2 1 / 2711 16 3 18 3 / 2711 16 3 15 6 /
 2711 16 3 2 1 / 2712 16 3 18 3 / 2712 16 3 15 6 / 2712 16 3 2 1 /
 2713 17 2 11 2 / 2713 16 3 4 1 / 2714 16 3 1 1 / 2715 17 2 9 2 /
 2715 16 3 4 1 / 2716 17 2 10 2 / 2716 16 3 4 1 / 2717 16 3 2 1 /
 2718 16 3 1 1 / 2719 16 3 19 5 / 2719 16 3 20 7 / 2719 16 3 21 8 /
 2719 16 3 2 1 / 2720 16 3 19 5 / 2720 16 3 20 7 / 2720 16 3 21 8 /
 2720 16 3 2 1 / 2721 16 3 19 5 / 2721 16 3 20 7 / 2721 16 3 21 8 /
 2721 16 3 2 1 / 2722 16 3 19 5 / 2722 16 3 20 7 / 2722 16 3 21 8 /
 2722 16 3 2 1 / 2723 16 3 19 5 / 2723 16 3 20 7 / 2723 16 3 21 8 /
 2723 16 3 2 1 / 2724 16 3 19 5 / 2724 16 3 20 7 / 2724 16 3 21 8 /
 2724 16 3 2 1 / 2725 16 3 19 5 / 2725 16 3 20 7 / 2725 16 3 21 8 /
 2725 16 3 2 1 / 2726 16 3 19 5 / 2726 16 3 20 7 / 2726 16 3 21 8 /
 2726 16 3 2 1 / 2727 16 3 19 5 / 2727 16 3 20 7 / 2727 16 3 21 8 /
 2727 16 3 2 1 / 2728 16 3 19 5 / 2728 16 3 20 7 / 2728 16 3 21 8 /
 2728 16 3 2 1 / 2729 16 3 14 4 / 2729 16 3 15 6 / 2729 16 3 2 1 /
 2730 16 3 18 3 / 2730 16 3 15 6 / 2730 16 3 2 1 / 2731 16 3 18 3 /
 2731 16 3 15 6 / 2731 16 3 2 1 / 2732 16 3 19 5 / 2732 16 3 20 7 /
 2732 16 3 21 8 / 2732 16 3 2 1 / 2733 16 3 14 4 / 2733 16 3 15 6 /
 2733 19 3 22 10 / 2733 16 3 2 1 / 2734 16 3 18 3 / 2734 16 3 15 6 /
 2734 19 3 22 10 / 2734 16 3 2 1 / 2735 16 3 18 3 / 2735 16 3 15 6 /
 2735 19 3 22 10 / 2735 16 3 2 1 / 2736 16 3 19 5 / 2736 16 3 20 7 /
 2736 16 3 21 8 / 2736 16 3 2 1 / 2737 16 3 1 1 / 2738 16 3 2 1 /
 2739 16 3 2 1 / 2740 16 3 2 1 / 2741 16 3 2 1 / 2742 16 3 1 1 /
 2743 16 3 14 4 / 2743 16 3 15 6 / 2743 16 3 2 1 / 2744 16 3 18 3 /
 2744 16 3 15 6 / 2744 16 3 2 1 / 2745 16 3 18 3 / 2745 16 3 15 6 /
 2745 16 3 2 1 / 2746 16 3 19 5 / 2746 16 3 20 7 / 2746 16 3 21 8 /
 2746 16 3 2 1 / 2747 16 3 14 4 / 2747 16 3 15 6 / 2747 16 3 2 1 /
 2748 16 3 18 3 / 2748 16 3 15 6 / 2748 16 3 2 1 / 2749 16 3 18 3 /
 2749 16 3 15 6 / 2749 16 3 2 1 / 2750 16 3 19 5 / 2750 16 3 20 7 /
 2750 16 3 21 8 / 2750 16 3 2 1 / 2751 16 3 14 4 / 2751 16 3 15 6 /
 2751 16 3 2 1 / 2752 16 3 18 3 / 2752 16 3 15 6 / 2752 16 3 2 1 /
 2753 16 3 18 3 / 2753 16 3 15 6 / 2753 16 3 2 1 / 2754 16 3 19 5 /
 2754 16 3 20 7 / 2754 16 3 21 8 / 2754 16 3 2 1 / 2755 16 3 14 4 /
 2755 16 3 15 6 / 2755 16 3 2 1 / 2756 16 3 18 3 / 2756 16 3 15 6 /
 2756 16 3 2 1 / 2757 16 3 18 3 / 2757 16 3 15 6 / 2757 16 3 2 1 /
 2758 16 3 19 5 / 2758 16 3 20 7 / 2758 16 3 21 8 / 2758 16 3 2 1 /
 2759 16 3 14 4 / 2759 16 3 15 6 / 2759 16 3 2 1 / 2760 16 3 18 3 /
 2760 16 3 15 6 / 2760 16 3 2 1 / 2761 16 3 18 3 / 2761 16 3 15 6 /
 2761 16 3 2 1 / 2762 16 3 19 5 / 2762 16 3 20 7 / 2762 16 3 21 8 /
 2762 16 3 2 1 / 2763 16 3 14 4 / 2763 16 3 15 6 / 2763 16 3 2 1 /
 2764 16 3 18 3 / 2764 16 3 15 6 / 2764 16 3 2 1 / 2765 16 3 18 3 /
 2765 16 3 15 6 / 2765 16 3 2 1 / 2766 16 3 19 5 / 2766 16 3 20 7 /
 2766 16 3 21 8 / 2766 16 3 2 1 / 2767 16 3 14 4 / 2767 16 3 15 6 /
 2767 16 3 2 1 / 2768 16 3 18 3 / 2768 16 3 15 6 / 2768 16 3 2 1 /
 2769 16 3 18 3 / 2769 16 3 15 6 / 2769 16 3 2 1 / 2770 16 3 19 5 /
 2770 16 3 20 7 / 2770 16 3 21 8 / 2770 16 3 2 1 / 2771 16 3 14 4 /
 2771 16 3 15 6 / 2771 16 3 2 1 / 2772 16 3 18 3 / 2772 16 3 15 6 /
 2772 16 3 2 1 / 2773 16 3 18 3 / 2773 16 3 15 6 / 2773 16 3 2 1 /
 2774 16 3 19 5 / 2774 16 3 20 7 / 2774 16 3 21 8 / 2774 16 3 2 1 /
 2775 16 3 14 4 / 2775 16 3 15 6 / 2775 16 3 2 1 / 2776 16 3 18 3 /
 2776 16 3 15 6 / 2776 16 3 2 1 / 2777 16 3 18 3 / 2777 16 3 15 6 /
 2777 16 3 2 1 / 2778 16 3 19 5 / 2778 16 3 20 7 / 2778 16 3 21 8 /
 2778 16 3 2 1 / 2779 16 3 14 4 / 2779 16 3 15 6 / 2779 16 3 2 1 /
 2780 16 3 18 3 / 2780 16 3 15 6 / 2780 16 3 2 1 / 2781 16 3 18 3 /
 2781 16 3 15 6 / 2781 16 3 2 1 / 2782 16 3 19 5 / 2782 16 3 20 7 /
 2782 16 3 21 8 / 2782 16 3 2 1 / 2783 16 3 14 4 / 2783 16 3 15 6 /
 2783 16 3 2 1 / 2784 16 3 18 3 / 2784 16 3 15 6 / 2784 16 3 2 1 /
 2785 16 3 18 3 / 2785 16 3 15 6 / 2785 16 3 2 1 / 2786 16 3 19 5 /
 2786 16 3 20 7 / 2786 16 3 21 8 / 2786 16 3 2 1 / 2787 16 3 14 4 /
 2787 16 3 15 6 / 2787 19 3 23 9 / 2787 16 3 2 1 / 2788 16 3 18 3 /
 2788 16 3 15 6 / 2788 19 3 23 9 / 2788 16 3 2 1 / 2789 16 3 18 3 /
 2789 16 3 15 6 / 2789 19 3 23 9 / 2789 16 3 2 1 / 2790 16 3 19 5 /
 2790 16 3 20 7 / 2790 16 3 21 8 / 2790 16 3 2 1 / 2791 16 3 1 1 /
 2792 17 2 24 2 / 2792 16 3 4 1 / 2793 17 2 25 2 / 2793 16 3 4 1 /
 2794 17 2 26 2 / 2794 16 3 4 1 / 2795 17 2 27 2 / 2795 16 3 4 1 /
 2796 17 2 28 2 / 2796 16 3 4 1 / 2797 16 3 4 1 / 2798 16 3 2 1 /
 2799 16 3 2 1 / 2800 16 3 2 1 / 2801 16 3 2 1 / 2802 16 3 1 1 /
 2803 16 3 2 1 / 2804 16 3 2 1 / 2805 16 3 2 1 / 2806 16 3 14 4 /
 2806 16 3 15 6 / 2806 19 3 16 9 / 2806 16 3 2 1 / 2807 16 3 18 3 /
 2807 16 3 15 6 / 2807 19 3 16 9 / 2807 16 3 2 1 / 2808 16 3 18 3 /
 2808 16 3 15 6 / 2808 19 3 16 9 / 2808 16 3 2 1 / 2809 16 3 14 4 /
 2809 16 3 15 6 / 2809 16 3 2 1 / 2810 16 3 18 3 / 2810 16 3 15 6 /
 2810 16 3 2 1 / 2811 16 3 18 3 / 2811 16 3 15 6 / 2811 16 3 2 1 /
 2812 16 3 14 4 / 2812 16 3 15 6 / 2812 16 3 2 1 / 2813 16 3 18 3 /
 2813 16 3 15 6 / 2813 16 3 2 1 / 2814 16 3 18 3 / 2814 16 3 15 6 /
 2814 16 3 2 1 / 2815 16 3 14 4 / 2815 16 3 15 6 / 2815 16 3 2 1 /
 2816 16 3 18 3 / 2816 16 3 15 6 / 2816 16 3 2 1 / 2817 16 3 18 3 /
 2817 16 3 15 6 / 2817 16 3 2 1 / 2818 16 3 14 4 / 2818 16 3 15 6 /
 2818 16 3 2 1 / 2819 16 3 18 3 / 2819 16 3 15 6 / 2819 16 3 2 1 /
 2820 16 3 18 3 / 2820 16 3 15 6 / 2820 16 3 2 1 / 2821 16 3 14 4 /
 2821 16 3 15 6 / 2821 16 3 2 1 / 2822 16 3 18 3 / 2822 16 3 15 6 /
 2822 16 3 2 1 / 2823 16 3 18 3 / 2823 16 3 15 6 / 2823 16 3 2 1 /
 2824 16 3 14 4 / 2824 16 3 15 6 / 2824 16 3 2 1 / 2825 16 3 18 3 /
 2825 16 3 15 6 / 2825 16 3 2 1 / 2826 16 3 18 3 / 2826 16 3 15 6 /
 2826 16 3 2 1 / 2827 16 3 14 4 / 2827 16 3 15 6 / 2827 16 3 2 1 /
 2828 16 3 18 3 / 2828 16 3 15 6 / 2828 16 3 2 1 / 2829 16 3 18 3 /
 2829 16 3 15 6 / 2829 16 3 2 1 / 2830 16 3 14 4 / 2830 16 3 15 6 /
 2830 16 3 2 1 / 2831 16 3 18 3 / 2831 16 3 15 6 / 2831 16 3 2 1 /
 2832 16 3 18 3 / 2832 16 3 15 6 / 2832 16 3 2 1 / 2833 16 3 4 1 /
 2834 16 3 14 4 / 2834 16 3 15 6 / 2834 16 3 2 1 / 2835 16 3 18 3 /
 2835 16 3 15 6 / 2835 16 3 2 1 / 2836 16 3 18 3 / 2836 16 3 15 6 /
 2836 16 3 2 1 / 2837 16 3 1 1 / 2838 17 2 9 2 / 2838 16 3 4 1 /
 2839 17 2 10 2 / 2839 16 3 4 1 / 2840 17 2 11 2 / 2840 16 3 4 1 /
 2841 17 2 12 2 / 2841 16 3 4 1 / 2842 17 2 13 2 / 2842 16 3 4 1 /
 2843 16 3 2 1 / 2844 16 3 1 1 / 2845 16 3 19 5 / 2845 16 3 20 7 /
 2845 16 3 21 8 / 2845 16 3 2 1 / 2846 16 3 19 5 / 2846 16 3 20 7 /
 2846 16 3 21 8 / 2846 16 3 2 1 / 2847 16 3 19 5 / 2847 16 3 20 7 /
 2847 16 3 21 8 / 2847 16 3 2 1 / 2848 16 3 19 5 / 2848 16 3 20 7 /
 2848 16 3 21 8 / 2848 16 3 2 1 / 2849 16 3 19 5 / 2849 16 3 20 7 /
 2849 16 3 21 8 / 2849 16 3 2 1 / 2850 16 3 19 5 / 2850 16 3 20 7 /
 2850 16 3 21 8 / 2850 16 3 2 1 / 2851 16 3 19 5 / 2851 16 3 20 7 /
 2851 16 3 21 8 / 2851 16 3 2 1 / 2852 16 3 19 5 / 2852 16 3 20 7 /
 2852 16 3 21 8 / 2852 16 3 2 1 / 2853 16 3 19 5 / 2853 16 3 20 7 /
 2853 16 3 21 8 / 2853 16 3 2 1 / 2854 16 3 19 5 / 2854 16 3 20 7 /
 2854 16 3 21 8 / 2854 16 3 2 1 / 2855 16 3 14 4 / 2855 16 3 15 6 /
 2855 16 3 2 1 / 2856 16 3 18 3 / 2856 16 3 15 6 / 2856 16 3 2 1 /
 2857 16 3 18 3 / 2857 16 3 15 6 / 2857 16 3 2 1 / 2858 16 3 19 5 /
 2858 16 3 20 7 / 2858 16 3 21 8 / 2858 16 3 2 1 / 2859 16 3 1 1 /
 2860 16 3 14 4 / 2860 16 3 15 6 / 2860 19 3 22 10 / 2860 16 3 2 1 /
 2861 16 3 18 3 / 2861 16 3 15 6 / 2861 19 3 22 10 / 2861 16 3 2 1 /
 2862 16 3 18 3 / 2862 16 3 15 6 / 2862 19 3 22 10 / 2862 16 3 2 1 /
 2863 16 3 19 5 / 2863 16 3 20 7 / 2863 16 3 21 8 / 2863 16 3 2 1 /
 2864 16 3 2 1 / 2865 16 3 2 1 / 2866 16 3 2 1 / 2867 16 3 2 1 /
 2868 16 3 1 1 / 2869 16 3 14 4 / 2869 16 3 15 6 / 2869 16 3 2 1 /
 2870 16 3 18 3 / 2870 16 3 15 6 / 2870 16 3 2 1 / 2871 16 3 18 3 /
 2871 16 3 15 6 / 2871 19 3 29 10 / 2871 16 3 2 1 / 2872 16 3 19 5 /
 2872 16 3 20 7 / 2872 16 3 21 8 / 2872 16 3 2 1 / 2873 16 3 14 4 /
 2873 16 3 15 6 / 2873 16 3 2 1 / 2874 16 3 18 3 / 2874 16 3 15 6 /
 2874 16 3 2 1 / 2875 16 3 18 3 / 2875 16 3 15 6 / 2875 19 3 29 10 /
 2875 16 3 2 1 / 2876 16 3 19 5 / 2876 16 3 20 7 / 2876 16 3 21 8 /
 2876 16 3 2 1 / 2877 16 3 14 4 / 2877 16 3 15 6 / 2877 16 3 2 1 /
 2878 16 3 18 3 / 2878 16 3 15 6 / 2878 16 3 2 1 / 2879 16 3 18 3 /
 2879 16 3 15 6 / 2879 19 3 29 10 / 2879 16 3 2 1 / 2880 16 3 19 5 /
 2880 16 3 20 7 / 2880 16 3 21 8 / 2880 16 3 2 1 / 2881 16 3 14 4 /
 2881 16 3 15 6 / 2881 16 3 2 1 / 2882 16 3 18 3 / 2882 16 3 15 6 /
 2882 16 3 2 1 / 2883 16 3 18 3 / 2883 16 3 15 6 / 2883 19 3 29 10 /
 2883 16 3 2 1 / 2884 16 3 19 5 / 2884 16 3 20 7 / 2884 16 3 21 8 /
 2884 16 3 2 1 / 2885 16 3 14 4 / 2885 16 3 15 6 / 2885 16 3 2 1 /
 2886 16 3 18 3 / 2886 16 3 15 6 / 2886 16 3 2 1 / 2887 16 3 18 3 /
 2887 16 3 15 6 / 2887 19 3 29 10 / 2887 16 3 2 1 / 2888 16 3 19 5 /
 2888 16 3 20 7 / 2888 16 3 21 8 / 2888 16 3 2 1 / 2889 16 3 14 4 /
 2889 16 3 15 6 / 2889 16 3 2 1 / 2890 16 3 18 3 / 2890 16 3 15 6 /
 2890 16 3 2 1 / 2891 16 3 18 3 / 2891 16 3 15 6 / 2891 19 3 29 10 /
 2891 16 3 2 1 / 2892 16 3 19 5 / 2892 16 3 20 7 / 2892 16 3 21 8 /
 2892 16 3 2 1 / 2893 16 3 14 4 / 2893 16 3 15 6 / 2893 16 3 2 1 /
 2894 16 3 18 3 / 2894 16 3 15 6 / 2894 16 3 2 1 / 2895 16 3 18 3 /
 2895 16 3 15 6 / 2895 19 3 29 10 / 2895 16 3 2 1 / 2896 16 3 19 5 /
 2896 16 3 20 7 / 2896 16 3 21 8 / 2896 16 3 2 1 / 2897 16 3 14 4 /
 2897 16 3 15 6 / 2897 16 3 2 1 / 2898 16 3 18 3 / 2898 16 3 15 6 /
 2898 16 3 2 1 / 2899 16 3 18 3 / 2899 16 3 15 6 / 2899 19 3 29 10 /
 2899 16 3 2 1 / 2900 16 3 19 5 / 2900 16 3 20 7 / 2900 16 3 21 8 /
 2900 16 3 2 1 / 2901 16 3 14 4 / 2901 16 3 15 6 / 2901 16 3 2 1 /
 2902 16 3 18 3 / 2902 16 3 15 6 / 2902 16 3 2 1 / 2903 16 3 18 3 /
 2903 16 3 15 6 / 2903 19 3 29 10 / 2903 16 3 2 1 / 2904 16 3 19 5 /
 2904 16 3 20 7 / 2904 16 3 21 8 / 2904 16 3 2 1 / 2905 16 3 14 4 /
 2905 16 3 15 6 / 2905 16 3 2 1 / 2906 16 3 18 3 / 2906 16 3 15 6 /
 2906 16 3 2 1 / 2907 16 3 18 3 / 2907 16 3 15 6 / 2907 19 3 29 10 /
 2907 16 3 2 1 / 2908 16 3 19 5 / 2908 16 3 20 7 / 2908 16 3 21 8 /
 2908 16 3 2 1 / 2909 16 3 14 4 / 2909 16 3 15 6 / 2909 16 3 2 1 /
 2910 16 3 18 3 / 2910 16 3 15 6 / 2910 16 3 2 1 / 2911 16 3 18 3 /
 2911 16 3 15 6 / 2911 19 3 29 10 / 2911 16 3 2 1 / 2912 16 3 19 5 /
 2912 16 3 20 7 / 2912 16 3 21 8 / 2912 16 3 2 1 / 2913 16 3 1 1 /
 2914 16 3 14 4 / 2914 16 3 15 6 / 2914 19 3 23 9 / 2914 16 3 2 1 /
 2915 16 3 18 3 / 2915 16 3 15 6 / 2915 19 3 23 9 / 2915 16 3 2 1 /
 2916 16 3 18 3 / 2916 16 3 15 6 / 2916 19 3 23 9 / 2916 19 3 29 10 /
 2916 16 3 2 1 / 2917 16 3 19 5 / 2917 16 3 20 7 / 2917 16 3 21 8 /
 2917 16 3 2 1 / 2918 17 2 24 2 / 2918 16 3 4 1 / 2919 17 2 25 2 /
 2919 16 3 4 1 / 2920 17 2 26 2 / 2920 16 3 4 1 / 2921 17 2 27 2 /
 2921 16 3 4 1 / 2922 17 2 28 2 / 2922 16 3 4 1 / 2923 16 3 4 1 /
 2924 16 3 2 1 / 2925 16 3 2 1 / 2926 16 3 2 1 / 2927 16 3 2 1 /
 2928 16 3 1 1 / 2929 16 3 1 1 / 2930 16 3 1 1 / 2931 16 3 1 1 /
 2932 16 3 1 1 / 2933 16 3 1 1 / 2934 16 3 1 1 / 2935 16 3 1 1 /
 2936 16 3 1 1 / 2937 16 3 1 1 / 2938 16 3 1 1 / 2939 16 3 1 1 /
 2940 16 3 1 1 / 2941 16 3 1 1 / 2942 16 3 1 1 / 2943 16 3 1 1 /
 2944 16 3 1 1 / 2945 16 3 1 1 / 2946 16 3 1 1 / 2947 16 3 1 1 /
 2948 16 3 1 1 / 2949 16 3 2 1 / 2950 16 3 2 1 / 2951 16 3 2 1 /
 2952 16 3 2 1 / 2953 16 3 2 1 / 2954 16 3 2 1 / 2955 16 3 2 1 /
 2956 16 3 2 1 / 2957 16 3 2 1 / 2958 16 3 2 1 / 2959 16 3 2 1 /
 2960 16 3 2 1 / 2961 16 3 2 1 / 2962 16 3 2 1 / 2963 16 3 2 1 /
 2964 16 3 2 1 / 2965 16 3 2 1 / 2966 16 3 2 1 / 2967 16 3 2 1 /
 2968 16 3 2 1 / 2969 16 3 2 1 / 2970 16 3 2 1 / 2971 16 3 2 1 /
 2972 16 3 2 1 / 2973 16 3 2 1 / 2974 16 3 2 1 / 2975 16 3 2 1 /
 2976 16 3 2 1 / 2977 16 3 2 1 / 2978 16 3 2 1 / 2979 16 3 2 1 /
 2980 16 3 2 1 / 2981 16 3 2 1 / 2982 16 3 2 1 / 2983 16 3 2 1 /
 2984 16 3 2 1 / 2985 16 3 2 1 / 2986 16 3 2 1 / 2987 16 3 2 1 /
 2988 16 3 2 1 / 2989 16 3 2 1 / 2990 16 3 2 1 / 2991 16 3 2 1 /
 2992 16 3 2 1 / 2993 16 3 2 1 / 2994 16 3 2 1 / 2995 16 3 2 1 /
 2996 16 3 2 1 / 2997 16 3 2 1 / 2998 16 3 2 1 / 2999 16 3 2 1 /
 3000 16 3 2 1 / 3001 16 3 2 1 / 3002 16 3 2 1 / 3003 16 3 2 1 /
 3004 16 3 2 1 / 3005 16 3 2 1 / 3006 16 3 2 1 / 3007 16 3 2 1 /
 3008 16 3 2 1 / 3009 16 3 2 1 / 3010 16 3 2 1 / 3011 16 3 2 1 /
 3012 16 3 2 1 / 3013 16 3 2 1 / 3014 16 3 2 1 / 3015 16 3 2 1 /
 3016 16 3 2 1 / 3017 16 3 2 1 / 3018 16 3 2 1 / 3019 16 3 2 1 /
 3020 16 3 2 1 / 3021 16 3 2 1 / 3022 16 3 2 1 / 3023 16 3 2 1 /
 3024 16 3 2 1 / 3025 16 3 2 1 / 3026 16 3 2 1 / 3027 16 3 2 1 /
 3028 16 3 2 1 / 3029 16 3 2 1 / 3030 16 3 2 1 / 3031 16 3 2 1 /
 3032 16 3 2 1 / 3033 16 3 2 1 / 3034 16 3 2 1 / 3035 16 3 2 1 /
 3036 16 3 2 1 / 3037 16 3 2 1 / 3038 16 3 2 1 / 3039 16 3 2 1 /
 3040 16 3 2 1 / 3041 16 3 2 1 / 3042 16 3 2 1 / 3043 16 3 2 1 /
 3044 16 3 2 1 / 3045 16 3 2 1 / 3046 16 3 2 1 / 3047 16 3 2 1 /
 3048 16 3 2 1 / 3049 16 3 2 1 / 3050 16 3 2 1 / 3051 16 3 2 1 /
 3052 16 3 2 1 / 3053 16 3 2 1 / 3054 16 3 2 1 / 3055 16 3 2 1 /
 3056 16 3 2 1 / 3057 16 3 2 1 / 3058 16 3 2 1 / 3059 16 3 2 1 /
 3060 16 3 2 1 / 3061 16 3 2 1 / 3062 16 3 2 1 / 3063 16 3 2 1 /
 3064 16 3 2 1 / 3065 16 3 2 1 / 3066 16 3 2 1 / 3067 16 3 1 1 /
 3068 16 3 1 1 / 3069 16 3 1 1 / 3070 16 3 1 1 / 3071 16 3 1 1 /
 3072 16 3 1 1 / 3073 16 3 1 1 / 3074 16 3 1 1 / 3075 16 3 1 1 /
 3076 16 3 1 1 / 3077 16 3 1 1 / 3078 16 3 1 1 / 3079 16 3 1 1 /
 3080 16 3 1 1 / 3081 16 3 1 1 / 3082 16 3 1 1 / 3083 16 3 1 1 /
 3084 16 3 1 1 / 3085 16 3 1 1 / 3086 16 3 1 1 / 3087 16 3 1 1 /
 3088 17 2 9 2 / 3088 16 3 4 1 / 3089 17 2 10 2 / 3089 16 3 4 1 /
 3090 17 2 11 2 / 3090 16 3 4 1 / 3091 17 2 12 2 / 3091 16 3 4 1 /
 3092 17 2 13 2 / 3092 16 3 4 1 / 3093 16 3 4 1 / 3094 16 3 2 1 /
 3095 16 3 2 1 / 3096 16 3 2 1 / 3097 16 3 2 1 / 3098 16 3 1 1 /
 3099 16 3 14 4 / 3099 16 3 15 6 / 3099 19 3 16 9 / 3099 16 3 2 1 /
 3100 16 3 18 3 / 3100 16 3 15 6 / 3100 19 3 16 9 / 3100 16 3 2 1 /
 3101 16 3 18 3 / 3101 16 3 15 6 / 3101 19 3 16 9 / 3101 16 3 2 1 /
 3102 16 3 19 5 / 3102 16 3 20 7 / 3102 16 3 21 8 / 3102 16 3 2 1 /
 3103 16 3 14 4 / 3103 16 3 15 6 / 3103 16 3 2 1 / 3104 16 3 18 3 /
 3104 16 3 15 6 / 3104 16 3 2 1 / 3105 16 3 18 3 / 3105 16 3 15 6 /
 3105 16 3 2 1 / 3106 16 3 19 5 / 3106 16 3 20 7 / 3106 16 3 21 8 /
 3106 16 3 2 1 / 3107 16 3 14 4 / 3107 16 3 15 6 / 3107 16 3 2 1 /
 3108 16 3 18 3 / 3108 16 3 15 6 / 3108 16 3 2 1 / 3109 16 3 18 3 /
 3109 16 3 15 6 / 3109 16 3 2 1 / 3110 16 3 19 5 / 3110 16 3 20 7 /
 3110 16 3 21 8 / 3110 16 3 2 1 / 3111 16 3 14 4 / 3111 16 3 15 6 /
 3111 16 3 2 1 / 3112 16 3 18 3 / 3112 16 3 15 6 / 3112 16 3 2 1 /
 3113 16 3 18 3 / 3113 16 3 15 6 / 3113 16 3 2 1 / 3114 16 3 19 5 /
 3114 16 3 20 7 / 3114 16 3 21 8 / 3114 16 3 2 1 / 3115 16 3 14 4 /
 3115 16 3 15 6 / 3115 16 3 2 1 / 3116 16 3 18 3 / 3116 16 3 15 6 /
 3116 16 3 2 1 / 3117 16 3 18 3 / 3117 16 3 15 6 / 3117 16 3 2 1 /
 3118 16 3 19 5 / 3118 16 3 20 7 / 3118 16 3 21 8 / 3118 16 3 2 1 /
 3119 16 3 14 4 / 3119 16 3 15 6 / 3119 16 3 2 1 / 3120 16 3 18 3 /
 3120 16 3 15 6 / 3120 16 3 2 1 / 3121 16 3 18 3 / 3121 16 3 15 6 /
 3121 16 3 2 1 / 3122 16 3 19 5 / 3122 16 3 20 7 / 3122 16 3 21 8 /
 3122 16 3 2 1 / 3123 16 3 14 4 / 3123 16 3 15 6 / 3123 16 3 2 1 /
 3124 16 3 18 3 / 3124 16 3 15 6 / 3124 16 3 2 1 / 3125 16 3 18 3 /
 3125 16 3 15 6 / 3125 16 3 2 1 / 3126 16 3 19 5 / 3126 16 3 20 7 /
 3126 16 3 21 8 / 3126 16 3 2 1 / 3127 16 3 14 4 / 3127 16 3 15 6 /
 3127 16 3 2 1 / 3128 16 3 18 3 / 3128 16 3 15 6 / 3128 16 3 2 1 /
 3129 16 3 18 3 / 3129 16 3 15 6 / 3129 16 3 2 1 / 3130 16 3 19 5 /
 3130 16 3 20 7 / 3130 16 3 21 8 / 3130 16 3 2 1 / 3131 16 3 14 4 /
 3131 16 3 15 6 / 3131 16 3 2 1 / 3132 16 3 18 3 / 3132 16 3 15 6 /
 3132 16 3 2 1 / 3133 16 3 18 3 / 3133 16 3 15 6 / 3133 16 3 2 1 /
 3134 16 3 19 5 / 3134 16 3 20 7 / 3134 16 3 21 8 / 3134 16 3 2 1 /
 3135 16 3 14 4 / 3135 16 3 15 6 / 3135 16 3 2 1 / 3136 16 3 18 3 /
 3136 16 3 15 6 / 3136 16 3 2 1 / 3137 16 3 18 3 / 3137 16 3 15 6 /
 3137 16 3 2 1 / 3138 16 3 19 5 / 3138 16 3 20 7 / 3138 16 3 21 8 /
 3138 16 3 2 1 / 3139 16 3 14 4 / 3139 16 3 15 6 / 3139 16 3 2 1 /
 3140 16 3 18 3 / 3140 16 3 15 6 / 3140 16 3 2 1 / 3141 16 3 18 3 /
 3141 16 3 15 6 / 3141 16 3 2 1 / 3142 16 3 19 5 / 3142 16 3 20 7 /
 3142 16 3 21 8 / 3142 16 3 2 1 / 3143 16 3 1 1 / 3144 16 3 14 4 /
 3144 16 3 15 6 / 3144 19 3 22 10 / 3144 16 3 2 1 / 3145 16 3 18 3 /
 3145 16 3 15 6 / 3145 19 3 22 10 / 3145 16 3 2 1 / 3146 16 3 18 3 /
 3146 16 3 15 6 / 3146 16 3 2 1 / 3147 16 3 19 5 / 3147 16 3 20 7 /
 3147 16 3 21 8 / 3147 16 3 2 1 / 3148 16 3 2 1 / 3149 16 3 2 1 /
 3150 16 3 2 1 / 3151 16 3 2 1 / 3152 16 3 1 1 / 3153 16 3 14 4 /
 3153 16 3 15 6 / 3153 16 3 2 1 / 3154 16 3 18 3 / 3154 16 3 15 6 /
 3154 16 3 2 1 / 3155 16 3 18 3 / 3155 16 3 15 6 / 3155 16 3 2 1 /
 3156 16 3 19 5 / 3156 16 3 20 7 / 3156 16 3 21 8 / 3156 16 3 2 1 /
 3157 16 3 14 4 / 3157 16 3 15 6 / 3157 16 3 2 1 / 3158 16 3 18 3 /
 3158 16 3 15 6 / 3158 16 3 2 1 / 3159 16 3 18 3 / 3159 16 3 15 6 /
 3159 16 3 2 1 / 3160 16 3 19 5 / 3160 16 3 20 7 / 3160 16 3 21 8 /
 3160 16 3 2 1 / 3161 16 3 14 4 / 3161 16 3 15 6 / 3161 16 3 2 1 /
 3162 16 3 18 3 / 3162 16 3 15 6 / 3162 16 3 2 1 / 3163 16 3 18 3 /
 3163 16 3 15 6 / 3163 16 3 2 1 / 3164 16 3 19 5 / 3164 16 3 20 7 /
 3164 16 3 21 8 / 3164 16 3 2 1 / 3165 16 3 14 4 / 3165 16 3 15 6 /
 3165 16 3 2 1 / 3166 16 3 18 3 / 3166 16 3 15 6 / 3166 16 3 2 1 /
 3167 16 3 18 3 / 3167 16 3 15 6 / 3167 16 3 2 1 / 3168 16 3 19 5 /
 3168 16 3 20 7 / 3168 16 3 21 8 / 3168 16 3 2 1 / 3169 16 3 14 4 /
 3169 16 3 15 6 / 3169 16 3 2 1 / 3170 16 3 18 3 / 3170 16 3 15 6 /
 3170 16 3 2 1 / 3171 16 3 18 3 / 3171 16 3 15 6 / 3171 16 3 2 1 /
 3172 16 3 19 5 / 3172 16 3 20 7 / 3172 16 3 21 8 / 3172 16 3 2 1 /
 3173 16 3 14 4 / 3173 16 3 15 6 / 3173 16 3 2 1 / 3174 16 3 18 3 /
 3174 16 3 15 6 / 3174 16 3 2 1 / 3175 16 3 18 3 / 3175 16 3 15 6 /
 3175 16 3 2 1 / 3176 16 3 19 5 / 3176 16 3 20 7 / 3176 16 3 21 8 /
 3176 16 3 2 1 / 3177 16 3 14 4 / 3177 16 3 15 6 / 3177 16 3 2 1 /
 3178 16 3 18 3 / 3178 16 3 15 6 / 3178 16 3 2 1 / 3179 16 3 18 3 /
 3179 16 3 15 6 / 3179 16 3 2 1 / 3180 16 3 19 5 / 3180 16 3 20 7 /
 3180 16 3 21 8 / 3180 16 3 2 1 / 3181 16 3 14 4 / 3181 16 3 15 6 /
 3181 16 3 2 1 / 3182 16 3 18 3 / 3182 16 3 15 6 / 3182 16 3 2 1 /
 3183 16 3 18 3 / 3183 16 3 15 6 / 3183 16 3 2 1 / 3184 16 3 19 5 /
 3184 16 3 20 7 / 3184 16 3 21 8 / 3184 16 3 2 1 / 3185 16 3 14 4 /
 3185 16 3 15 6 / 3185 16 3 2 1 / 3186 16 3 18 3 / 3186 16 3 15 6 /
 3186 16 3 2 1 / 3187 16 3 18 3 / 3187 16 3 15 6 / 3187 16 3 2 1 /
 3188 16 3 19 5 / 3188 16 3 20 7 / 3188 16 3 21 8 / 3188 16 3 2 1 /
 3189 16 3 14 4 / 3189 16 3 15 6 / 3189 16 3 2 1 / 3190 16 3 18 3 /
 3190 16 3 15 6 / 3190 16 3 2 1 / 3191 16 3 18 3 / 3191 16 3 15 6 /
 3191 16 3 2 1 / 3192 16 3 19 5 / 3192 16 3 20 7 / 3192 16 3 21 8 /
 3192 16 3 2 1 / 3193 16 3 14 4 / 3193 16 3 15 6 / 3193 16 3 2 1 /
 3194 16 3 18 3 / 3194 16 3 15 6 / 3194 16 3 2 1 / 3195 16 3 18 3 /
 3195 16 3 15 6 / 3195 16 3 2 1 / 3196 16 3 19 5 / 3196 16 3 20 7 /
 3196 16 3 21 8 / 3196 16 3 2 1 / 3197 16 3 1 1 / 3198 16 3 14 4 /
 3198 16 3 15 6 / 3198 19 3 23 9 / 3198 16 3 2 1 / 3199 16 3 18 3 /
 3199 16 3 15 6 / 3199 19 3 23 9 / 3199 16 3 2 1 / 3200 16 3 18 3 /
 3200 16 3 15 6 / 3200 19 3 23 9 / 3200 16 3 2 1 / 3201 16 3 19 5 /
 3201 16 3 20 7 / 3201 16 3 21 8 / 3201 16 3 2 1 / 3202 17 2 24 2 /
 3202 16 3 4 1 / 3203 17 2 25 2 / 3203 16 3 4 1 / 3204 17 2 26 2 /
 3204 16 3 4 1 / 3205 17 2 27 2 / 3205 16 3 4 1 / 3206 17 2 28 2 /
 3206 16 3 4 1 / 3207 16 3 4 1 / 3208 16 3 2 1 / 3209 16 3 2 1 /
 3210 16 3 2 1 / 3211 16 3 2 1 / 3212 16 3 1 1 / 3213 16 3 1 1 /
 3214 17 2 9 2 / 3214 16 3 4 1 / 3215 17 2 10 2 / 3215 16 3 4 1 /
 3216 17 2 11 2 / 3216 16 3 4 1 / 3217 17 2 12 2 / 3217 16 3 4 1 /
 3218 17 2 13 2 / 3218 16 3 4 1 / 3219 16 3 4 1 / 3220 16 3 2 1 /
 3221 16 3 2 1 / 3222 16 3 2 1 / 3223 16 3 2 1 / 3224 16 3 1 1 /
 3225 16 3 14 4 / 3225 16 3 15 6 / 3225 19 3 16 9 / 3225 16 3 2 1 /
 3226 16 3 18 3 / 3226 16 3 15 6 / 3226 19 3 16 9 / 3226 16 3 2 1 /
 3227 16 3 18 3 / 3227 16 3 15 6 / 3227 19 3 16 9 / 3227 16 3 2 1 /
 3228 16 3 19 5 / 3228 16 3 20 7 / 3228 16 3 21 8 / 3228 16 3 2 1 /
 3229 16 3 14 4 / 3229 16 3 15 6 / 3229 16 3 2 1 / 3230 16 3 18 3 /
 3230 16 3 15 6 / 3230 16 3 2 1 / 3231 16 3 18 3 / 3231 16 3 15 6 /
 3231 16 3 2 1 / 3232 16 3 19 5 / 3232 16 3 20 7 / 3232 16 3 21 8 /
 3232 16 3 2 1 / 3233 16 3 14 4 / 3233 16 3 15 6 / 3233 16 3 2 1 /
 3234 16 3 18 3 / 3234 16 3 15 6 / 3234 16 3 2 1 / 3235 16 3 18 3 /
 3235 16 3 15 6 / 3235 16 3 2 1 / 3236 16 3 19 5 / 3236 16 3 20 7 /
 3236 16 3 21 8 / 3236 16 3 2 1 / 3237 16 3 14 4 / 3237 16 3 15 6 /
 3237 16 3 2 1 / 3238 16 3 18 3 / 3238 16 3 15 6 / 3238 16 3 2 1 /
 3239 16 3 18 3 / 3239 16 3 15 6 / 3239 16 3 2 1 / 3240 16 3 19 5 /
 3240 16 3 20 7 / 3240 16 3 21 8 / 3240 16 3 2 1 / 3241 16 3 14 4 /
 3241 16 3 15 6 / 3241 16 3 2 1 / 3242 16 3 18 3 / 3242 16 3 15 6 /
 3242 16 3 2 1 / 3243 16 3 18 3 / 3243 16 3 15 6 / 3243 16 3 2 1 /
 3244 16 3 19 5 / 3244 16 3 20 7 / 3244 16 3 21 8 / 3244 16 3 2 1 /
 3245 16 3 14 4 / 3245 16 3 15 6 / 3245 16 3 2 1 / 3246 16 3 18 3 /
 3246 16 3 15 6 / 3246 16 3 2 1 / 3247 16 3 18 3 / 3247 16 3 15 6 /
 3247 16 3 2 1 / 3248 16 3 19 5 / 3248 16 3 20 7 / 3248 16 3 21 8 /
 3248 16 3 2 1 / 3249 16 3 14 4 / 3249 16 3 15 6 / 3249 16 3 2 1 /
 3250 16 3 18 3 / 3250 16 3 15 6 / 3250 16 3 2 1 / 3251 16 3 18 3 /
 3251 16 3 15 6 / 3251 16 3 2 1 / 3252 16 3 19 5 / 3252 16 3 20 7 /
 3252 16 3 21 8 / 3252 16 3 2 1 / 3253 16 3 14 4 / 3253 16 3 15 6 /
 3253 16 3 2 1 / 3254 16 3 18 3 / 3254 16 3 15 6 / 3254 16 3 2 1 /
 3255 16 3 18 3 / 3255 16 3 15 6 / 3255 16 3 2 1 / 3256 16 3 19 5 /
 3256 16 3 20 7 / 3256 16 3 21 8 / 3256 16 3 2 1 / 3257 16 3 14 4 /
 3257 16 3 15 6 / 3257 16 3 2 1 / 3258 16 3 18 3 / 3258 16 3 15 6 /
 3258 16 3 2 1 / 3259 16 3 18 3 / 3259 16 3 15 6 / 3259 16 3 2 1 /
 3260 16 3 19 5 / 3260 16 3 20 7 / 3260 16 3 21 8 / 3260 16 3 2 1 /
 3261 16 3 14 4 / 3261 16 3 15 6 / 3261 16 3 2 1 / 3262 16 3 18 3 /
 3262 16 3 15 6 / 3262 16 3 2 1 / 3263 16 3 18 3 / 3263 16 3 15 6 /
 3263 16 3 2 1 / 3264 16 3 19 5 / 3264 16 3 20 7 / 3264 16 3 21 8 /
 3264 16 3 2 1 / 3265 16 3 14 4 / 3265 16 3 15 6 / 3265 16 3 2 1 /
 3266 16 3 18 3 / 3266 16 3 15 6 / 3266 16 3 2 1 / 3267 16 3 18 3 /
 3267 16 3 15 6 / 3267 16 3 2 1 / 3268 16 3 19 5 / 3268 16 3 20 7 /
 3268 16 3 21 8 / 3268 16 3 2 1 / 3269 16 3 14 4 / 3269 16 3 15 6 /
 3269 19 3 22 10 / 3269 16 3 2 1 / 3270 16 3 18 3 / 3270 16 3 15 6 /
 3270 19 3 22 10 / 3270 16 3 2 1 / 3271 16 3 18 3 / 3271 16 3 15 6 /
 3271 16 3 2 1 / 3272 16 3 19 5 / 3272 16 3 20 7 / 3272 16 3 21 8 /
 3272 16 3 2 1 / 3273 16 3 1 1 / 3274 16 3 2 1 / 3275 16 3 2 1 /
 3276 16 3 2 1 / 3277 16 3 2 1 / 3278 16 3 1 1 / 3279 16 3 14 4 /
 3279 16 3 15 6 / 3279 16 3 2 1 / 3280 16 3 18 3 / 3280 16 3 15 6 /
 3280 16 3 2 1 / 3281 16 3 18 3 / 3281 16 3 15 6 / 3281 16 3 2 1 /
 3282 16 3 19 5 / 3282 16 3 20 7 / 3282 16 3 21 8 / 3282 16 3 2 1 /
 3283 16 3 14 4 / 3283 16 3 15 6 / 3283 16 3 2 1 / 3284 16 3 18 3 /
 3284 16 3 15 6 / 3284 16 3 2 1 / 3285 16 3 18 3 / 3285 16 3 15 6 /
 3285 16 3 2 1 / 3286 16 3 19 5 / 3286 16 3 20 7 / 3286 16 3 21 8 /
 3286 16 3 2 1 / 3287 16 3 14 4 / 3287 16 3 15 6 / 3287 16 3 2 1 /
 3288 16 3 18 3 / 3288 16 3 15 6 / 3288 16 3 2 1 / 3289 16 3 18 3 /
 3289 16 3 15 6 / 3289 16 3 2 1 / 3290 16 3 19 5 / 3290 16 3 20 7 /
 3290 16 3 21 8 / 3290 16 3 2 1 / 3291 16 3 14 4 / 3291 16 3 15 6 /
 3291 16 3 2 1 / 3292 16 3 18 3 / 3292 16 3 15 6 / 3292 16 3 2 1 /
 3293 16 3 18 3 / 3293 16 3 15 6 / 3293 16 3 2 1 / 3294 16 3 19 5 /
 3294 16 3 20 7 / 3294 16 3 21 8 / 3294 16 3 2 1 / 3295 16 3 14 4 /
 3295 16 3 15 6 / 3295 16 3 2 1 / 3296 16 3 18 3 / 3296 16 3 15 6 /
 3296 16 3 2 1 / 3297 16 3 18 3 / 3297 16 3 15 6 / 3297 16 3 2 1 /
 3298 16 3 19 5 / 3298 16 3 20 7 / 3298 16 3 21 8 / 3298 16 3 2 1 /
 3299 16 3 14 4 / 3299 16 3 15 6 / 3299 16 3 2 1 / 3300 16 3 18 3 /
 3300 16 3 15 6 / 3300 16 3 2 1 / 3301 16 3 18 3 / 3301 16 3 15 6 /
 3301 16 3 2 1 / 3302 16 3 19 5 / 3302 16 3 20 7 / 3302 16 3 21 8 /
 3302 16 3 2 1 / 3303 16 3 14 4 / 3303 16 3 15 6 / 3303 16 3 2 1 /
 3304 16 3 18 3 / 3304 16 3 15 6 / 3304 16 3 2 1 / 3305 16 3 18 3 /
 3305 16 3 15 6 / 3305 16 3 2 1 / 3306 16 3 19 5 / 3306 16 3 20 7 /
 3306 16 3 21 8 / 3306 16 3 2 1 / 3307 16 3 14 4 / 3307 16 3 15 6 /
 3307 16 3 2 1 / 3308 16 3 18 3 / 3308 16 3 15 6 / 3308 16 3 2 1 /
 3309 16 3 18 3 / 3309 16 3 15 6 / 3309 16 3 2 1 / 3310 16 3 19 5 /
 3310 16 3 20 7 / 3310 16 3 21 8 / 3310 16 3 2 1 / 3311 16 3 14 4 /
 3311 16 3 15 6 / 3311 16 3 2 1 / 3312 16 3 18 3 / 3312 16 3 15 6 /
 3312 16 3 2 1 / 3313 16 3 18 3 / 3313 16 3 15 6 / 3313 16 3 2 1 /
 3314 16 3 19 5 / 3314 16 3 20 7 / 3314 16 3 21 8 / 3314 16 3 2 1 /
 3315 16 3 14 4 / 3315 16 3 15 6 / 3315 16 3 2 1 / 3316 16 3 18 3 /
 3316 16 3 15 6 / 3316 16 3 2 1 / 3317 16 3 18 3 / 3317 16 3 15 6 /
 3317 16 3 2 1 / 3318 16 3 19 5 / 3318 16 3 20 7 / 3318 16 3 21 8 /
 3318 16 3 2 1 / 3319 16 3 14 4 / 3319 16 3 15 6 / 3319 16 3 2 1 /
 3320 16 3 18 3 / 3320 16 3 15 6 / 3320 16 3 2 1 / 3321 16 3 18 3 /
 3321 16 3 15 6 / 3321 16 3 2 1 / 3322 16 3 19 5 / 3322 16 3 20 7 /
 3322 16 3 21 8 / 3322 16 3 2 1 / 3323 16 3 14 4 / 3323 16 3 15 6 /
 3323 19 3 23 9 / 3323 16 3 2 1 / 3324 16 3 18 3 / 3324 16 3 15 6 /
 3324 19 3 23 9 / 3324 16 3 2 1 / 3325 16 3 18 3 / 3325 16 3 15 6 /
 3325 19 3 23 9 / 3325 16 3 2 1 / 3326 16 3 19 5 / 3326 16 3 20 7 /
 3326 16 3 21 8 / 3326 16 3 2 1 / 3327 16 3 1 1 / 3328 17 2 24 2 /
 3328 16 3 4 1 / 3329 17 2 25 2 / 3329 16 3 4 1 / 3330 17 2 26 2 /
 3330 16 3 4 1 / 3331 17 2 27 2 / 3331 16 3 4 1 / 3332 17 2 28 2 /
 3332 16 3 4 1 / 3333 16 3 4 1 / 3334 16 3 2 1 / 3335 16 3 2 1 /
 3336 16 3 2 1 / 3337 16 3 2 1 / 3338 16 3 1 1 / 3339 16 3 1 1 /
 3340 17 2 9 2 / 3340 16 3 4 1 / 3341 17 2 10 2 / 3341 16 3 4 1 /
 3342 17 2 11 2 / 3342 16 3 4 1 / 3343 17 2 12 2 / 3343 16 3 4 1 /
 3344 17 2 13 2 / 3344 16 3 4 1 / 3345 16 3 4 1 / 3346 16 3 2 1 /
 3347 16 3 2 1 / 3348 16 3 2 1 / 3349 16 3 2 1 / 3350 16 3 1 1 /
 3351 16 3 14 4 / 3351 16 3 15 6 / 3351 19 3 16 9 / 3351 16 3 2 1 /
 3352 16 3 18 3 / 3352 16 3 15 6 / 3352 19 3 16 9 / 3352 16 3 2 1 /
 3353 16 3 18 3 / 3353 16 3 15 6 / 3353 19 3 16 9 / 3353 16 3 2 1 /
 3354 16 3 19 5 / 3354 16 3 20 7 / 3354 16 3 21 8 / 3354 16 3 2 1 /
 3355 16 3 14 4 / 3355 16 3 15 6 / 3355 16 3 2 1 / 3356 16 3 18 3 /
 3356 16 3 15 6 / 3356 16 3 2 1 / 3357 16 3 18 3 / 3357 16 3 15 6 /
 3357 16 3 2 1 / 3358 16 3 19 5 / 3358 16 3 20 7 / 3358 16 3 21 8 /
 3358 16 3 2 1 / 3359 16 3 14 4 / 3359 16 3 15 6 / 3359 16 3 2 1 /
 3360 16 3 18 3 / 3360 16 3 15 6 / 3360 16 3 2 1 / 3361 16 3 18 3 /
 3361 16 3 15 6 / 3361 16 3 2 1 / 3362 16 3 19 5 / 3362 16 3 20 7 /
 3362 16 3 21 8 / 3362 16 3 2 1 / 3363 16 3 14 4 / 3363 16 3 15 6 /
 3363 16 3 2 1 / 3364 16 3 18 3 / 3364 16 3 15 6 / 3364 16 3 2 1 /
 3365 16 3 18 3 / 3365 16 3 15 6 / 3365 16 3 2 1 / 3366 16 3 19 5 /
 3366 16 3 20 7 / 3366 16 3 21 8 / 3366 16 3 2 1 / 3367 16 3 14 4 /
 3367 16 3 15 6 / 3367 16 3 2 1 / 3368 16 3 18 3 / 3368 16 3 15 6 /
 3368 16 3 2 1 / 3369 16 3 18 3 / 3369 16 3 15 6 / 3369 16 3 2 1 /
 3370 16 3 19 5 / 3370 16 3 20 7 / 3370 16 3 21 8 / 3370 16 3 2 1 /
 3371 16 3 14 4 / 3371 16 3 15 6 / 3371 16 3 2 1 / 3372 16 3 18 3 /
 3372 16 3 15 6 / 3372 16 3 2 1 / 3373 16 3 18 3 / 3373 16 3 15 6 /
 3373 16 3 2 1 / 3374 16 3 19 5 / 3374 16 3 20 7 / 3374 16 3 21 8 /
 3374 16 3 2 1 / 3375 16 3 14 4 / 3375 16 3 15 6 / 3375 16 3 2 1 /
 3376 16 3 18 3 / 3376 16 3 15 6 / 3376 16 3 2 1 / 3377 16 3 18 3 /
 3377 16 3 15 6 / 3377 16 3 2 1 / 3378 16 3 19 5 / 3378 16 3 20 7 /
 3378 16 3 21 8 / 3378 16 3 2 1 / 3379 16 3 14 4 / 3379 16 3 15 6 /
 3379 16 3 2 1 / 3380 16 3 18 3 / 3380 16 3 15 6 / 3380 16 3 2 1 /
 3381 16 3 18 3 / 3381 16 3 15 6 / 3381 16 3 2 1 / 3382 16 3 19 5 /
 3382 16 3 20 7 / 3382 16 3 21 8 / 3382 16 3 2 1 / 3383 16 3 14 4 /
 3383 16 3 15 6 / 3383 16 3 2 1 / 3384 16 3 18 3 / 3384 16 3 15 6 /
 3384 16 3 2 1 / 3385 16 3 18 3 / 3385 16 3 15 6 / 3385 16 3 2 1 /
 3386 16 3 19 5 / 3386 16 3 20 7 / 3386 16 3 21 8 / 3386 16 3 2 1 /
 3387 16 3 14 4 / 3387 16 3 15 6 / 3387 16 3 2 1 / 3388 16 3 18 3 /
 3388 16 3 15 6 / 3388 16 3 2 1 / 3389 16 3 18 3 / 3389 16 3 15 6 /
 3389 16 3 2 1 / 3390 16 3 19 5 / 3390 16 3 20 7 / 3390 16 3 21 8 /
 3390 16 3 2 1 / 3391 16 3 14 4 / 3391 16 3 15 6 / 3391 16 3 2 1 /
 3392 16 3 18 3 / 3392 16 3 15 6 / 3392 16 3 2 1 / 3393 16 3 18 3 /
 3393 16 3 15 6 / 3393 16 3 2 1 / 3394 16 3 19 5 / 3394 16 3 20 7 /
 3394 16 3 21 8 / 3394 16 3 2 1 / 3395 16 3 14 4 / 3395 16 3 15 6 /
 3395 19 3 22 10 / 3395 16 3 2 1 / 3396 16 3 18 3 / 3396 16 3 15 6 /
 3396 19 3 22 10 / 3396 16 3 2 1 / 3397 16 3 18 3 / 3397 16 3 15 6 /
 3397 16 3 2 1 / 3398 16 3 19 5 / 3398 16 3 20 7 / 3398 16 3 21 8 /
 3398 16 3 2 1 / 3399 16 3 1 1 / 3400 16 3 2 1 / 3401 16 3 2 1 /
 3402 16 3 2 1 / 3403 16 3 2 1 / 3404 16 3 1 1 / 3405 16 3 14 4 /
 3405 16 3 15 6 / 3405 16 3 2 1 / 3406 16 3 18 3 / 3406 16 3 15 6 /
 3406 16 3 2 1 / 3407 16 3 18 3 / 3407 16 3 15 6 / 3407 16 3 2 1 /
 3408 16 3 19 5 / 3408 16 3 20 7 / 3408 16 3 21 8 / 3408 16 3 2 1 /
 3409 16 3 14 4 / 3409 16 3 15 6 / 3409 16 3 2 1 / 3410 16 3 18 3 /
 3410 16 3 15 6 / 3410 16 3 2 1 / 3411 16 3 18 3 / 3411 16 3 15 6 /
 3411 16 3 2 1 / 3412 16 3 19 5 / 3412 16 3 20 7 / 3412 16 3 21 8 /
 3412 16 3 2 1 / 3413 16 3 14 4 / 3413 16 3 15 6 / 3413 16 3 2 1 /
 3414 16 3 18 3 / 3414 16 3 15 6 / 3414 16 3 2 1 / 3415 16 3 18 3 /
 3415 16 3 15 6 / 3415 16 3 2 1 / 3416 16 3 19 5 / 3416 16 3 20 7 /
 3416 16 3 21 8 / 3416 16 3 2 1 / 3417 16 3 14 4 / 3417 16 3 15 6 /
 3417 16 3 2 1 / 3418 16 3 18 3 / 3418 16 3 15 6 / 3418 16 3 2 1 /
 3419 16 3 18 3 / 3419 16 3 15 6 / 3419 16 3 2 1 / 3420 16 3 19 5 /
 3420 16 3 20 7 / 3420 16 3 21 8 / 3420 16 3 2 1 / 3421 16 3 14 4 /
 3421 16 3 15 6 / 3421 16 3 2 1 / 3422 16 3 18 3 / 3422 16 3 15 6 /
 3422 16 3 2 1 / 3423 16 3 18 3 / 3423 16 3 15 6 / 3423 16 3 2 1 /
 3424 16 3 19 5 / 3424 16 3 20 7 / 3424 16 3 21 8 / 3424 16 3 2 1 /
 3425 16 3 14 4 / 3425 16 3 15 6 / 3425 16 3 2 1 / 3426 16 3 18 3 /
 3426 16 3 15 6 / 3426 16 3 2 1 / 3427 16 3 18 3 / 3427 16 3 15 6 /
 3427 16 3 2 1 / 3428 16 3 19 5 / 3428 16 3 20 7 / 3428 16 3 21 8 /
 3428 16 3 2 1 / 3429 16 3 14 4 / 3429 16 3 15 6 / 3429 16 3 2 1 /
 3430 16 3 18 3 / 3430 16 3 15 6 / 3430 16 3 2 1 / 3431 16 3 18 3 /
 3431 16 3 15 6 / 3431 16 3 2 1 / 3432 16 3 19 5 / 3432 16 3 20 7 /
 3432 16 3 21 8 / 3432 16 3 2 1 / 3433 16 3 14 4 / 3433 16 3 15 6 /
 3433 16 3 2 1 / 3434 16 3 18 3 / 3434 16 3 15 6 / 3434 16 3 2 1 /
 3435 16 3 18 3 / 3435 16 3 15 6 / 3435 16 3 2 1 / 3436 16 3 19 5 /
 3436 16 3 20 7 / 3436 16 3 21 8 / 3436 16 3 2 1 / 3437 16 3 14 4 /
 3437 16 3 15 6 / 3437 16 3 2 1 / 3438 16 3 18 3 / 3438 16 3 15 6 /
 3438 16 3 2 1 / 3439 16 3 18 3 / 3439 16 3 15 6 / 3439 16 3 2 1 /
 3440 16 3 19 5 / 3440 16 3 20 7 / 3440 16 3 21 8 / 3440 16 3 2 1 /
 3441 16 3 14 4 / 3441 16 3 15 6 / 3441 16 3 2 1 / 3442 16 3 18 3 /
 3442 16 3 15 6 / 3442 16 3 2 1 / 3443 16 3 18 3 / 3443 16 3 15 6 /
 3443 16 3 2 1 / 3444 16 3 19 5 / 3444 16 3 20 7 / 3444 16 3 21 8 /
 3444 16 3 2 1 / 3445 16 3 14 4 / 3445 16 3 15 6 / 3445 16 3 2 1 /
 3446 16 3 18 3 / 3446 16 3 15 6 / 3446 16 3 2 1 / 3447 16 3 18 3 /
 3447 16 3 15 6 / 3447 16 3 2 1 / 3448 16 3 19 5 / 3448 16 3 20 7 /
 3448 16 3 21 8 / 3448 16 3 2 1 / 3449 16 3 14 4 / 3449 16 3 15 6 /
 3449 19 3 23 9 / 3449 16 3 2 1 / 3450 16 3 18 3 / 3450 16 3 15 6 /
 3450 19 3 23 9 / 3450 16 3 2 1 / 3451 16 3 18 3 / 3451 16 3 15 6 /
 3451 19 3 23 9 / 3451 16 3 2 1 / 3452 16 3 19 5 / 3452 16 3 20 7 /
 3452 16 3 21 8 / 3452 16 3 2 1 / 3453 16 3 1 1 / 3454 17 2 24 2 /
 3454 16 3 4 1 / 3455 17 2 25 2 / 3455 16 3 4 1 / 3456 17 2 26 2 /
 3456 16 3 4 1 / 3457 17 2 27 2 / 3457 16 3 4 1 / 3458 17 2 28 2 /
 3458 16 3 4 1 / 3459 16 3 4 1 / 3460 16 3 2 1 / 3461 16 3 2 1 /
 3462 16 3 2 1 / 3463 16 3 2 1 / 3464 16 3 1 1 / 3465 16 3 1 1 /
 3466 17 2 9 2 / 3466 16 3 4 1 / 3467 17 2 10 2 / 3467 16 3 4 1 /
 3468 17 2 11 2 / 3468 16 3 4 1 / 3469 17 2 12 2 / 3469 16 3 4 1 /
 3470 17 2 13 2 / 3470 16 3 4 1 / 3471 16 3 4 1 / 3472 16 3 2 1 /
 3473 16 3 2 1 / 3474 16 3 2 1 / 3475 16 3 2 1 / 3476 16 3 1 1 /
 3477 16 3 14 4 / 3477 16 3 15 6 / 3477 19 3 16 9 / 3477 16 3 2 1 /
 3478 16 3 18 3 / 3478 16 3 15 6 / 3478 19 3 16 9 / 3478 16 3 2 1 /
 3479 16 3 18 3 / 3479 16 3 15 6 / 3479 19 3 16 9 / 3479 16 3 2 1 /
 3480 16 3 19 5 / 3480 16 3 20 7 / 3480 16 3 21 8 / 3480 16 3 2 1 /
 3481 16 3 14 4 / 3481 16 3 15 6 / 3481 16 3 2 1 / 3482 16 3 18 3 /
 3482 16 3 15 6 / 3482 16 3 2 1 / 3483 16 3 18 3 / 3483 16 3 15 6 /
 3483 16 3 2 1 / 3484 16 3 19 5 / 3484 16 3 20 7 / 3484 16 3 21 8 /
 3484 16 3 2 1 / 3485 16 3 14 4 / 3485 16 3 15 6 / 3485 16 3 2 1 /
 3486 16 3 18 3 / 3486 16 3 15 6 / 3486 16 3 2 1 / 3487 16 3 18 3 /
 3487 16 3 15 6 / 3487 16 3 2 1 / 3488 16 3 19 5 / 3488 16 3 20 7 /
 3488 16 3 21 8 / 3488 16 3 2 1 / 3489 16 3 14 4 / 3489 16 3 15 6 /
 3489 16 3 2 1 / 3490 16 3 18 3 / 3490 16 3 15 6 / 3490 16 3 2 1 /
 3491 16 3 18 3 / 3491 16 3 15 6 / 3491 16 3 2 1 / 3492 16 3 19 5 /
 3492 16 3 20 7 / 3492 16 3 21 8 / 3492 16 3 2 1 / 3493 16 3 14 4 /
 3493 16 3 15 6 / 3493 16 3 2 1 / 3494 16 3 18 3 / 3494 16 3 15 6 /
 3494 16 3 2 1 / 3495 16 3 18 3 / 3495 16 3 15 6 / 3495 16 3 2 1 /
 3496 16 3 19 5 / 3496 16 3 20 7 / 3496 16 3 21 8 / 3496 16 3 2 1 /
 3497 16 3 14 4 / 3497 16 3 15 6 / 3497 16 3 2 1 / 3498 16 3 18 3 /
 3498 16 3 15 6 / 3498 16 3 2 1 / 3499 16 3 18 3 / 3499 16 3 15 6 /
 3499 16 3 2 1 / 3500 16 3 19 5 / 3500 16 3 20 7 / 3500 16 3 21 8 /
 3500 16 3 2 1 / 3501 16 3 14 4 / 3501 16 3 15 6 / 3501 16 3 2 1 /
 3502 16 3 18 3 / 3502 16 3 15 6 / 3502 16 3 2 1 / 3503 16 3 18 3 /
 3503 16 3 15 6 / 3503 16 3 2 1 / 3504 16 3 19 5 / 3504 16 3 20 7 /
 3504 16 3 21 8 / 3504 16 3 2 1 / 3505 16 3 14 4 / 3505 16 3 15 6 /
 3505 16 3 2 1 / 3506 16 3 18 3 / 3506 16 3 15 6 / 3506 16 3 2 1 /
 3507 16 3 18 3 / 3507 16 3 15 6 / 3507 16 3 2 1 / 3508 16 3 19 5 /
 3508 16 3 20 7 / 3508 16 3 21 8 / 3508 16 3 2 1 / 3509 16 3 14 4 /
 3509 16 3 15 6 / 3509 16 3 2 1 / 3510 16 3 18 3 / 3510 16 3 15 6 /
 3510 16 3 2 1 / 3511 16 3 18 3 / 3511 16 3 15 6 / 3511 16 3 2 1 /
 3512 16 3 19 5 / 3512 16 3 20 7 / 3512 16 3 21 8 / 3512 16 3 2 1 /
 3513 16 3 14 4 / 3513 16 3 15 6 / 3513 16 3 2 1 / 3514 16 3 18 3 /
 3514 16 3 15 6 / 3514 16 3 2 1 / 3515 16 3 18 3 / 3515 16 3 15 6 /
 3515 16 3 2 1 / 3516 16 3 19 5 / 3516 16 3 20 7 / 3516 16 3 21 8 /
 3516 16 3 2 1 / 3517 16 3 14 4 / 3517 16 3 15 6 / 3517 16 3 2 1 /
 3518 16 3 18 3 / 3518 16 3 15 6 / 3518 16 3 2 1 / 3519 16 3 18 3 /
 3519 16 3 15 6 / 3519 16 3 2 1 / 3520 16 3 19 5 / 3520 16 3 20 7 /
 3520 16 3 21 8 / 3520 16 3 2 1 / 3521 16 3 14 4 / 3521 16 3 15 6 /
 3521 19 3 22 10 / 3521 16 3 2 1 / 3522 16 3 18 3 / 3522 16 3 15 6 /
 3522 19 3 22 10 / 3522 16 3 2 1 / 3523 16 3 18 3 / 3523 16 3 15 6 /
 3523 16 3 2 1 / 3524 16 3 19 5 / 3524 16 3 20 7 / 3524 16 3 21 8 /
 3524 16 3 2 1 / 3525 16 3 1 1 / 3526 16 3 2 1 / 3527 16 3 2 1 /
 3528 16 3 2 1 / 3529 16 3 2 1 / 3530 16 3 1 1 / 3531 16 3 14 4 /
 3531 16 3 15 6 / 3531 16 3 2 1 / 3532 16 3 18 3 / 3532 16 3 15 6 /
 3532 16 3 2 1 / 3533 16 3 18 3 / 3533 16 3 15 6 / 3533 16 3 2 1 /
 3534 16 3 19 5 / 3534 16 3 20 7 / 3534 16 3 21 8 / 3534 16 3 2 1 /
 3535 16 3 14 4 / 3535 16 3 15 6 / 3535 16 3 2 1 / 3536 16 3 18 3 /
 3536 16 3 15 6 / 3536 16 3 2 1 / 3537 16 3 18 3 / 3537 16 3 15 6 /
 3537 16 3 2 1 / 3538 16 3 19 5 / 3538 16 3 20 7 / 3538 16 3 21 8 /
 3538 16 3 2 1 / 3539 16 3 14 4 / 3539 16 3 15 6 / 3539 16 3 2 1 /
 3540 16 3 18 3 / 3540 16 3 15 6 / 3540 16 3 2 1 / 3541 16 3 18 3 /
 3541 16 3 15 6 / 3541 16 3 2 1 / 3542 16 3 19 5 / 3542 16 3 20 7 /
 3542 16 3 21 8 / 3542 16 3 2 1 / 3543 16 3 14 4 / 3543 16 3 15 6 /
 3543 16 3 2 1 / 3544 16 3 18 3 / 3544 16 3 15 6 / 3544 16 3 2 1 /
 3545 16 3 18 3 / 3545 16 3 15 6 / 3545 16 3 2 1 / 3546 16 3 19 5 /
 3546 16 3 20 7 / 3546 16 3 21 8 / 3546 16 3 2 1 / 3547 16 3 14 4 /
 3547 16 3 15 6 / 3547 16 3 2 1 / 3548 16 3 18 3 / 3548 16 3 15 6 /
 3548 16 3 2 1 / 3549 16 3 18 3 / 3549 16 3 15 6 / 3549 16 3 2 1 /
 3550 16 3 19 5 / 3550 16 3 20 7 / 3550 16 3 21 8 / 3550 16 3 2 1 /
 3551 16 3 14 4 / 3551 16 3 15 6 / 3551 16 3 2 1 / 3552 16 3 18 3 /
 3552 16 3 15 6 / 3552 16 3 2 1 / 3553 16 3 18 3 / 3553 16 3 15 6 /
 3553 16 3 2 1 / 3554 16 3 19 5 / 3554 16 3 20 7 / 3554 16 3 21 8 /
 3554 16 3 2 1 / 3555 16 3 14 4 / 3555 16 3 15 6 / 3555 16 3 2 1 /
 3556 16 3 18 3 / 3556 16 3 15 6 / 3556 16 3 2 1 / 3557 16 3 18 3 /
 3557 16 3 15 6 / 3557 16 3 2 1 / 3558 16 3 19 5 / 3558 16 3 20 7 /
 3558 16 3 21 8 / 3558 16 3 2 1 / 3559 16 3 14 4 / 3559 16 3 15 6 /
 3559 16 3 2 1 / 3560 16 3 18 3 / 3560 16 3 15 6 / 3560 16 3 2 1 /
 3561 16 3 18 3 / 3561 16 3 15 6 / 3561 16 3 2 1 / 3562 16 3 19 5 /
 3562 16 3 20 7 / 3562 16 3 21 8 / 3562 16 3 2 1 / 3563 16 3 14 4 /
 3563 16 3 15 6 / 3563 16 3 2 1 / 3564 16 3 18 3 / 3564 16 3 15 6 /
 3564 16 3 2 1 / 3565 16 3 18 3 / 3565 16 3 15 6 / 3565 16 3 2 1 /
 3566 16 3 19 5 / 3566 16 3 20 7 / 3566 16 3 21 8 / 3566 16 3 2 1 /
 3567 16 3 14 4 / 3567 16 3 15 6 / 3567 16 3 2 1 / 3568 16 3 18 3 /
 3568 16 3 15 6 / 3568 16 3 2 1 / 3569 16 3 18 3 / 3569 16 3 15 6 /
 3569 16 3 2 1 / 3570 16 3 19 5 / 3570 16 3 20 7 / 3570 16 3 21 8 /
 3570 16 3 2 1 / 3571 16 3 14 4 / 3571 16 3 15 6 / 3571 16 3 2 1 /
 3572 16 3 18 3 / 3572 16 3 15 6 / 3572 16 3 2 1 / 3573 16 3 18 3 /
 3573 16 3 15 6 / 3573 16 3 2 1 / 3574 16 3 19 5 / 3574 16 3 20 7 /
 3574 16 3 21 8 / 3574 16 3 2 1 / 3575 16 3 14 4 / 3575 16 3 15 6 /
 3575 19 3 23 9 / 3575 16 3 2 1 / 3576 16 3 18 3 / 3576 16 3 15 6 /
 3576 19 3 23 9 / 3576 16 3 2 1 / 3577 16 3 18 3 / 3577 16 3 15 6 /
 3577 19 3 23 9 / 3577 16 3 2 1 / 3578 16 3 19 5 / 3578 16 3 20 7 /
 3578 16 3 21 8 / 3578 16 3 2 1 / 3579 16 3 1 1 / 3580 17 2 24 2 /
 3580 16 3 4 1 / 3581 17 2 25 2 / 3581 16 3 4 1 / 3582 17 2 26 2 /
 3582 16 3 4 1 / 3583 17 2 27 2 / 3583 16 3 4 1 / 3584 17 2 28 2 /
 3584 16 3 4 1 / 3585 16 3 4 1 / 3586 16 3 2 1 / 3587 16 3 2 1 /
 3588 16 3 2 1 / 3589 16 3 2 1 / 3590 16 3 1 1 / 3591 16 3 1 1 /
 3592 17 2 9 2 / 3592 16 3 4 1 / 3593 17 2 10 2 / 3593 16 3 4 1 /
 3594 17 2 11 2 / 3594 16 3 4 1 / 3595 17 2 12 2 / 3595 16 3 4 1 /
 3596 17 2 13 2 / 3596 16 3 4 1 / 3597 16 3 4 1 / 3598 16 3 2 1 /
 3599 16 3 2 1 / 3600 16 3 2 1 / 3601 16 3 2 1 / 3602 16 3 1 1 /
 3603 16 3 14 4 / 3603 16 3 15 6 / 3603 19 3 16 9 / 3603 16 3 2 1 /
 3604 16 3 18 3 / 3604 16 3 15 6 / 3604 19 3 16 9 / 3604 16 3 2 1 /
 3605 16 3 18 3 / 3605 16 3 15 6 / 3605 19 3 16 9 / 3605 16 3 2 1 /
 3606 16 3 19 5 / 3606 16 3 20 7 / 3606 16 3 21 8 / 3606 16 3 2 1 /
 3607 16 3 14 4 / 3607 16 3 15 6 / 3607 16 3 2 1 / 3608 16 3 18 3 /
 3608 16 3 15 6 / 3608 16 3 2 1 / 3609 16 3 18 3 / 3609 16 3 15 6 /
 3609 16 3 2 1 / 3610 16 3 19 5 / 3610 16 3 20 7 / 3610 16 3 21 8 /
 3610 16 3 2 1 / 3611 16 3 14 4 / 3611 16 3 15 6 / 3611 16 3 2 1 /
 3612 16 3 18 3 / 3612 16 3 15 6 / 3612 16 3 2 1 / 3613 16 3 18 3 /
 3613 16 3 15 6 / 3613 16 3 2 1 / 3614 16 3 19 5 / 3614 16 3 20 7 /
 3614 16 3 21 8 / 3614 16 3 2 1 / 3615 16 3 14 4 / 3615 16 3 15 6 /
 3615 16 3 2 1 / 3616 16 3 18 3 / 3616 16 3 15 6 / 3616 16 3 2 1 /
 3617 16 3 18 3 / 3617 16 3 15 6 / 3617 16 3 2 1 / 3618 16 3 19 5 /
 3618 16 3 20 7 / 3618 16 3 21 8 / 3618 16 3 2 1 / 3619 16 3 14 4 /
 3619 16 3 15 6 / 3619 16 3 2 1 / 3620 16 3 18 3 / 3620 16 3 15 6 /
 3620 16 3 2 1 / 3621 16 3 18 3 / 3621 16 3 15 6 / 3621 16 3 2 1 /
 3622 16 3 19 5 / 3622 16 3 20 7 / 3622 16 3 21 8 / 3622 16 3 2 1 /
 3623 16 3 14 4 / 3623 16 3 15 6 / 3623 16 3 2 1 / 3624 16 3 18 3 /
 3624 16 3 15 6 / 3624 16 3 2 1 / 3625 16 3 18 3 / 3625 16 3 15 6 /
 3625 16 3 2 1 / 3626 16 3 19 5 / 3626 16 3 20 7 / 3626 16 3 21 8 /
 3626 16 3 2 1 / 3627 16 3 14 4 / 3627 16 3 15 6 / 3627 16 3 2 1 /
 3628 16 3 18 3 / 3628 16 3 15 6 / 3628 16 3 2 1 / 3629 16 3 18 3 /
 3629 16 3 15 6 / 3629 16 3 2 1 / 3630 16 3 19 5 / 3630 16 3 20 7 /
 3630 16 3 21 8 / 3630 16 3 2 1 / 3631 16 3 14 4 / 3631 16 3 15 6 /
 3631 16 3 2 1 / 3632 16 3 18 3 / 3632 16 3 15 6 / 3632 16 3 2 1 /
 3633 16 3 18 3 / 3633 16 3 15 6 / 3633 16 3 2 1 / 3634 16 3 19 5 /
 3634 16 3 20 7 / 3634 16 3 21 8 / 3634 16 3 2 1 / 3635 16 3 14 4 /
 3635 16 3 15 6 / 3635 16 3 2 1 / 3636 16 3 18 3 / 3636 16 3 15 6 /
 3636 16 3 2 1 / 3637 16 3 18 3 / 3637 16 3 15 6 / 3637 16 3 2 1 /
 3638 16 3 19 5 / 3638 16 3 20 7 / 3638 16 3 21 8 / 3638 16 3 2 1 /
 3639 16 3 14 4 / 3639 16 3 15 6 / 3639 16 3 2 1 / 3640 16 3 18 3 /
 3640 16 3 15 6 / 3640 16 3 2 1 / 3641 16 3 18 3 / 3641 16 3 15 6 /
 3641 16 3 2 1 / 3642 16 3 19 5 / 3642 16 3 20 7 / 3642 16 3 21 8 /
 3642 16 3 2 1 / 3643 16 3 14 4 / 3643 16 3 15 6 / 3643 16 3 2 1 /
 3644 16 3 18 3 / 3644 16 3 15 6 / 3644 16 3 2 1 / 3645 16 3 18 3 /
 3645 16 3 15 6 / 3645 16 3 2 1 / 3646 16 3 19 5 / 3646 16 3 20 7 /
 3646 16 3 21 8 / 3646 16 3 2 1 / 3647 16 3 14 4 / 3647 16 3 15 6 /
 3647 19 3 22 10 / 3647 16 3 2 1 / 3648 16 3 18 3 / 3648 16 3 15 6 /
 3648 19 3 22 10 / 3648 16 3 2 1 / 3649 16 3 18 3 / 3649 16 3 15 6 /
 3649 16 3 2 1 / 3650 16 3 19 5 / 3650 16 3 20 7 / 3650 16 3 21 8 /
 3650 16 3 2 1 / 3651 16 3 1 1 / 3652 16 3 2 1 / 3653 16 3 2 1 /
 3654 16 3 2 1 / 3655 16 3 2 1 / 3656 16 3 1 1 / 3657 16 3 14 4 /
 3657 16 3 15 6 / 3657 19 3 29 10 / 3657 16 3 2 1 / 3658 16 3 18 3 /
 3658 16 3 15 6 / 3658 16 3 2 1 / 3659 16 3 18 3 / 3659 16 3 15 6 /
 3659 16 3 2 1 / 3660 16 3 19 5 / 3660 16 3 20 7 / 3660 16 3 21 8 /
 3660 16 3 2 1 / 3661 16 3 14 4 / 3661 16 3 15 6 / 3661 19 3 29 10 /
 3661 16 3 2 1 / 3662 16 3 18 3 / 3662 16 3 15 6 / 3662 16 3 2 1 /
 3663 16 3 18 3 / 3663 16 3 15 6 / 3663 16 3 2 1 / 3664 16 3 19 5 /
 3664 16 3 20 7 / 3664 16 3 21 8 / 3664 16 3 2 1 / 3665 16 3 14 4 /
 3665 16 3 15 6 / 3665 19 3 29 10 / 3665 16 3 2 1 / 3666 16 3 18 3 /
 3666 16 3 15 6 / 3666 16 3 2 1 / 3667 16 3 18 3 / 3667 16 3 15 6 /
 3667 16 3 2 1 / 3668 16 3 19 5 / 3668 16 3 20 7 / 3668 16 3 21 8 /
 3668 16 3 2 1 / 3669 16 3 14 4 / 3669 16 3 15 6 / 3669 19 3 29 10 /
 3669 16 3 2 1 / 3670 16 3 18 3 / 3670 16 3 15 6 / 3670 16 3 2 1 /
 3671 16 3 18 3 / 3671 16 3 15 6 / 3671 16 3 2 1 / 3672 16 3 19 5 /
 3672 16 3 20 7 / 3672 16 3 21 8 / 3672 16 3 2 1 / 3673 16 3 14 4 /
 3673 16 3 15 6 / 3673 19 3 29 10 / 3673 16 3 2 1 / 3674 16 3 18 3 /
 3674 16 3 15 6 / 3674 16 3 2 1 / 3675 16 3 18 3 / 3675 16 3 15 6 /
 3675 16 3 2 1 / 3676 16 3 19 5 / 3676 16 3 20 7 / 3676 16 3 21 8 /
 3676 16 3 2 1 / 3677 16 3 14 4 / 3677 16 3 15 6 / 3677 16 3 2 1 /
 3678 16 3 18 3 / 3678 16 3 15 6 / 3678 16 3 2 1 / 3679 16 3 18 3 /
 3679 16 3 15 6 / 3679 16 3 2 1 / 3680 16 3 19 5 / 3680 16 3 20 7 /
 3680 16 3 21 8 / 3680 16 3 2 1 / 3681 16 3 14 4 / 3681 16 3 15 6 /
 3681 16 3 2 1 / 3682 16 3 18 3 / 3682 16 3 15 6 / 3682 16 3 2 1 /
 3683 16 3 18 3 / 3683 16 3 15 6 / 3683 16 3 2 1 / 3684 16 3 19 5 /
 3684 16 3 20 7 / 3684 16 3 21 8 / 3684 16 3 2 1 / 3685 16 3 14 4 /
 3685 16 3 15 6 / 3685 16 3 2 1 / 3686 16 3 18 3 / 3686 16 3 15 6 /
 3686 16 3 2 1 / 3687 16 3 18 3 / 3687 16 3 15 6 / 3687 16 3 2 1 /
 3688 16 3 19 5 / 3688 16 3 20 7 / 3688 16 3 21 8 / 3688 16 3 2 1 /
 3689 16 3 14 4 / 3689 16 3 15 6 / 3689 16 3 2 1 / 3690 16 3 18 3 /
 3690 16 3 15 6 / 3690 16 3 2 1 / 3691 16 3 18 3 / 3691 16 3 15 6 /
 3691 16 3 2 1 / 3692 16 3 19 5 / 3692 16 3 20 7 / 3692 16 3 21 8 /
 3692 16 3 2 1 / 3693 16 3 14 4 / 3693 16 3 15 6 / 3693 16 3 2 1 /
 3694 16 3 18 3 / 3694 16 3 15 6 / 3694 16 3 2 1 / 3695 16 3 18 3 /
 3695 16 3 15 6 / 3695 16 3 2 1 / 3696 16 3 19 5 / 3696 16 3 20 7 /
 3696 16 3 21 8 / 3696 16 3 2 1 / 3697 16 3 14 4 / 3697 16 3 15 6 /
 3697 16 3 2 1 / 3698 16 3 18 3 / 3698 16 3 15 6 / 3698 16 3 2 1 /
 3699 16 3 18 3 / 3699 16 3 15 6 / 3699 16 3 2 1 / 3700 16 3 19 5 /
 3700 16 3 20 7 / 3700 16 3 21 8 / 3700 16 3 2 1 / 3701 16 3 14 4 /
 3701 16 3 15 6 / 3701 19 3 23 9 / 3701 16 3 2 1 / 3702 16 3 18 3 /
 3702 16 3 15 6 / 3702 19 3 23 9 / 3702 16 3 2 1 / 3703 16 3 18 3 /
 3703 16 3 15 6 / 3703 19 3 23 9 / 3703 16 3 2 1 / 3704 16 3 19 5 /
 3704 16 3 20 7 / 3704 16 3 21 8 / 3704 16 3 2 1 / 3705 16 3 1 1 /
 3706 17 2 24 2 / 3706 16 3 4 1 / 3707 17 2 25 2 / 3707 16 3 4 1 /
 3708 17 2 26 2 / 3708 16 3 4 1 / 3709 17 2 27 2 / 3709 16 3 4 1 /
 3710 17 2 28 2 / 3710 16 3 4 1 / 3711 16 3 4 1 / 3712 16 3 2 1 /
 3713 16 3 2 1 / 3714 16 3 2 1 / 3715 16 3 2 1 / 3716 16 3 1 1 /
 3717 16 3 1 1 / 3718 17 2 9 2 / 3718 16 3 4 1 / 3719 17 2 10 2 /
 3719 16 3 4 1 / 3720 17 2 11 2 / 3720 16 3 4 1 / 3721 17 2 12 2 /
 3721 16 3 4 1 / 3722 17 2 13 2 / 3722 16 3 4 1 / 3723 16 3 4 1 /
 3724 16 3 2 1 / 3725 16 3 2 1 / 3726 16 3 2 1 / 3727 16 3 2 1 /
 3728 16 3 1 1 / 3729 16 3 14 4 / 3729 16 3 15 6 / 3729 19 3 16 9 /
 3729 16 3 2 1 / 3730 16 3 18 3 / 3730 16 3 15 6 / 3730 19 3 16 9 /
 3730 16 3 2 1 / 3731 16 3 18 3 / 3731 16 3 15 6 / 3731 19 3 16 9 /
 3731 16 3 2 1 / 3732 16 3 19 5 / 3732 16 3 20 7 / 3732 16 3 21 8 /
 3732 16 3 2 1 / 3733 16 3 14 4 / 3733 16 3 15 6 / 3733 16 3 2 1 /
 3734 16 3 18 3 / 3734 16 3 15 6 / 3734 16 3 2 1 / 3735 16 3 18 3 /
 3735 16 3 15 6 / 3735 16 3 2 1 / 3736 16 3 19 5 / 3736 16 3 20 7 /
 3736 16 3 21 8 / 3736 16 3 2 1 / 3737 16 3 14 4 / 3737 16 3 15 6 /
 3737 16 3 2 1 / 3738 16 3 18 3 / 3738 16 3 15 6 / 3738 16 3 2 1 /
 3739 16 3 18 3 / 3739 16 3 15 6 / 3739 16 3 2 1 / 3740 16 3 19 5 /
 3740 16 3 20 7 / 3740 16 3 21 8 / 3740 16 3 2 1 / 3741 16 3 14 4 /
 3741 16 3 15 6 / 3741 16 3 2 1 / 3742 16 3 18 3 / 3742 16 3 15 6 /
 3742 16 3 2 1 / 3743 16 3 18 3 / 3743 16 3 15 6 / 3743 16 3 2 1 /
 3744 16 3 19 5 / 3744 16 3 20 7 / 3744 16 3 21 8 / 3744 16 3 2 1 /
 3745 16 3 14 4 / 3745 16 3 15 6 / 3745 16 3 2 1 / 3746 16 3 18 3 /
 3746 16 3 15 6 / 3746 16 3 2 1 / 3747 16 3 18 3 / 3747 16 3 15 6 /
 3747 16 3 2 1 / 3748 16 3 19 5 / 3748 16 3 20 7 / 3748 16 3 21 8 /
 3748 16 3 2 1 / 3749 16 3 14 4 / 3749 16 3 15 6 / 3749 16 3 2 1 /
 3750 16 3 18 3 / 3750 16 3 15 6 / 3750 16 3 2 1 / 3751 16 3 18 3 /
 3751 16 3 15 6 / 3751 16 3 2 1 / 3752 16 3 19 5 / 3752 16 3 20 7 /
 3752 16 3 21 8 / 3752 16 3 2 1 / 3753 16 3 14 4 / 3753 16 3 15 6 /
 3753 16 3 2 1 / 3754 16 3 18 3 / 3754 16 3 15 6 / 3754 16 3 2 1 /
 3755 16 3 18 3 / 3755 16 3 15 6 / 3755 16 3 2 1 / 3756 16 3 19 5 /
 3756 16 3 20 7 / 3756 16 3 21 8 / 3756 16 3 2 1 / 3757 16 3 14 4 /
 3757 16 3 15 6 / 3757 16 3 2 1 / 3758 16 3 18 3 / 3758 16 3 15 6 /
 3758 16 3 2 1 / 3759 16 3 18 3 / 3759 16 3 15 6 / 3759 16 3 2 1 /
 3760 16 3 19 5 / 3760 16 3 20 7 / 3760 16 3 21 8 / 3760 16 3 2 1 /
 3761 16 3 14 4 / 3761 16 3 15 6 / 3761 16 3 2 1 / 3762 16 3 18 3 /
 3762 16 3 15 6 / 3762 16 3 2 1 / 3763 16 3 18 3 / 3763 16 3 15 6 /
 3763 16 3 2 1 / 3764 16 3 19 5 / 3764 16 3 20 7 / 3764 16 3 21 8 /
 3764 16 3 2 1 / 3765 16 3 14 4 / 3765 16 3 15 6 / 3765 16 3 2 1 /
 3766 16 3 18 3 / 3766 16 3 15 6 / 3766 16 3 2 1 / 3767 16 3 18 3 /
 3767 16 3 15 6 / 3767 16 3 2 1 / 3768 16 3 19 5 / 3768 16 3 20 7 /
 3768 16 3 21 8 / 3768 16 3 2 1 / 3769 16 3 14 4 / 3769 16 3 15 6 /
 3769 16 3 2 1 / 3770 16 3 18 3 / 3770 16 3 15 6 / 3770 16 3 2 1 /
 3771 16 3 18 3 / 3771 16 3 15 6 / 3771 16 3 2 1 / 3772 16 3 19 5 /
 3772 16 3 20 7 / 3772 16 3 21 8 / 3772 16 3 2 1 / 3773 16 3 14 4 /
 3773 16 3 15 6 / 3773 19 3 22 10 / 3773 16 3 2 1 / 3774 16 3 18 3 /
 3774 16 3 15 6 / 3774 19 3 22 10 / 3774 16 3 2 1 / 3775 16 3 18 3 /
 3775 16 3 15 6 / 3775 16 3 2 1 / 3776 16 3 19 5 / 3776 16 3 20 7 /
 3776 16 3 21 8 / 3776 16 3 2 1 / 3777 16 3 1 1 / 3778 16 3 2 1 /
 3779 16 3 2 1 / 3780 16 3 2 1 / 3781 16 3 2 1 / 3782 16 3 1 1 /
 3783 16 3 14 4 / 3783 16 3 15 6 / 3783 16 3 2 1 / 3784 16 3 18 3 /
 3784 16 3 15 6 / 3784 16 3 2 1 / 3785 16 3 18 3 / 3785 16 3 15 6 /
 3785 16 3 2 1 / 3786 16 3 19 5 / 3786 16 3 20 7 / 3786 16 3 21 8 /
 3786 16 3 2 1 / 3787 16 3 14 4 / 3787 16 3 15 6 / 3787 16 3 2 1 /
 3788 16 3 18 3 / 3788 16 3 15 6 / 3788 16 3 2 1 / 3789 16 3 18 3 /
 3789 16 3 15 6 / 3789 16 3 2 1 / 3790 16 3 19 5 / 3790 16 3 20 7 /
 3790 16 3 21 8 / 3790 16 3 2 1 / 3791 16 3 14 4 / 3791 16 3 15 6 /
 3791 16 3 2 1 / 3792 16 3 18 3 / 3792 16 3 15 6 / 3792 16 3 2 1 /
 3793 16 3 18 3 / 3793 16 3 15 6 / 3793 16 3 2 1 / 3794 16 3 19 5 /
 3794 16 3 20 7 / 3794 16 3 21 8 / 3794 16 3 2 1 / 3795 16 3 14 4 /
 3795 16 3 15 6 / 3795 16 3 2 1 / 3796 16 3 18 3 / 3796 16 3 15 6 /
 3796 16 3 2 1 / 3797 16 3 18 3 / 3797 16 3 15 6 / 3797 16 3 2 1 /
 3798 16 3 19 5 / 3798 16 3 20 7 / 3798 16 3 21 8 / 3798 16 3 2 1 /
 3799 16 3 14 4 / 3799 16 3 15 6 / 3799 19 3 22 10 / 3799 16 3 2 1 /
 3800 16 3 18 3 / 3800 16 3 15 6 / 3800 16 3 2 1 / 3801 16 3 18 3 /
 3801 16 3 15 6 / 3801 16 3 2 1 / 3802 16 3 19 5 / 3802 16 3 20 7 /
 3802 16 3 21 8 / 3802 16 3 2 1 / 3803 16 3 14 4 / 3803 16 3 15 6 /
 3803 16 3 2 1 / 3804 16 3 18 3 / 3804 16 3 15 6 / 3804 16 3 2 1 /
 3805 16 3 18 3 / 3805 16 3 15 6 / 3805 16 3 2 1 / 3806 16 3 19 5 /
 3806 16 3 20 7 / 3806 16 3 21 8 / 3806 16 3 2 1 / 3807 16 3 14 4 /
 3807 16 3 15 6 / 3807 16 3 2 1 / 3808 16 3 18 3 / 3808 16 3 15 6 /
 3808 16 3 2 1 / 3809 16 3 18 3 / 3809 16 3 15 6 / 3809 16 3 2 1 /
 3810 16 3 19 5 / 3810 16 3 20 7 / 3810 16 3 21 8 / 3810 16 3 2 1 /
 3811 16 3 14 4 / 3811 16 3 15 6 / 3811 16 3 2 1 / 3812 16 3 18 3 /
 3812 16 3 15 6 / 3812 16 3 2 1 / 3813 16 3 18 3 / 3813 16 3 15 6 /
 3813 16 3 2 1 / 3814 16 3 19 5 / 3814 16 3 20 7 / 3814 16 3 21 8 /
 3814 16 3 2 1 / 3815 16 3 14 4 / 3815 16 3 15 6 / 3815 16 3 2 1 /
 3816 16 3 18 3 / 3816 16 3 15 6 / 3816 16 3 2 1 / 3817 16 3 18 3 /
 3817 16 3 15 6 / 3817 16 3 2 1 / 3818 16 3 19 5 / 3818 16 3 20 7 /
 3818 16 3 21 8 / 3818 16 3 2 1 / 3819 16 3 14 4 / 3819 16 3 15 6 /
 3819 16 3 2 1 / 3820 16 3 18 3 / 3820 16 3 15 6 / 3820 16 3 2 1 /
 3821 16 3 18 3 / 3821 16 3 15 6 / 3821 16 3 2 1 / 3822 16 3 19 5 /
 3822 16 3 20 7 / 3822 16 3 21 8 / 3822 16 3 2 1 / 3823 16 3 14 4 /
 3823 16 3 15 6 / 3823 16 3 2 1 / 3824 16 3 18 3 / 3824 16 3 15 6 /
 3824 16 3 2 1 / 3825 16 3 18 3 / 3825 16 3 15 6 / 3825 16 3 2 1 /
 3826 16 3 19 5 / 3826 16 3 20 7 / 3826 16 3 21 8 / 3826 16 3 2 1 /
 3827 16 3 14 4 / 3827 16 3 15 6 / 3827 19 3 23 9 / 3827 16 3 2 1 /
 3828 16 3 18 3 / 3828 16 3 15 6 / 3828 19 3 23 9 / 3828 16 3 2 1 /
 3829 16 3 18 3 / 3829 16 3 15 6 / 3829 19 3 23 9 / 3829 16 3 2 1 /
 3830 16 3 19 5 / 3830 16 3 20 7 / 3830 16 3 21 8 / 3830 16 3 2 1 /
 3831 16 3 1 1 / 3832 17 2 24 2 / 3832 16 3 4 1 / 3833 17 2 25 2 /
 3833 16 3 4 1 / 3834 17 2 26 2 / 3834 16 3 4 1 / 3835 17 2 27 2 /
 3835 16 3 4 1 / 3836 17 2 28 2 / 3836 16 3 4 1 / 3837 16 3 4 1 /
 3838 16 3 2 1 / 3839 16 3 2 1 / 3840 16 3 2 1 / 3841 16 3 2 1 /
 3842 16 3 1 1 / 3843 16 3 1 1 / 3844 17 2 9 2 / 3844 16 3 4 1 /
 3845 17 2 10 2 / 3845 16 3 4 1 / 3846 17 2 11 2 / 3846 16 3 4 1 /
 3847 17 2 12 2 / 3847 16 3 4 1 / 3848 17 2 13 2 / 3848 16 3 4 1 /
 3849 16 3 4 1 / 3850 16 3 2 1 / 3851 16 3 2 1 / 3852 16 3 2 1 /
 3853 16 3 2 1 / 3854 16 3 1 1 / 3855 16 3 14 4 / 3855 16 3 15 6 /
 3855 19 3 16 9 / 3855 16 3 2 1 / 3856 16 3 18 3 / 3856 16 3 15 6 /
 3856 19 3 16 9 / 3856 16 3 2 1 / 3857 16 3 18 3 / 3857 16 3 15 6 /
 3857 19 3 16 9 / 3857 16 3 2 1 / 3858 16 3 19 5 / 3858 16 3 20 7 /
 3858 16 3 21 8 / 3858 16 3 2 1 / 3859 16 3 14 4 / 3859 16 3 15 6 /
 3859 16 3 2 1 / 3860 16 3 18 3 / 3860 16 3 15 6 / 3860 16 3 2 1 /
 3861 16 3 18 3 / 3861 16 3 15 6 / 3861 16 3 2 1 / 3862 16 3 19 5 /
 3862 16 3 20 7 / 3862 16 3 21 8 / 3862 16 3 2 1 / 3863 16 3 14 4 /
 3863 16 3 15 6 / 3863 16 3 2 1 / 3864 16 3 18 3 / 3864 16 3 15 6 /
 3864 16 3 2 1 / 3865 16 3 18 3 / 3865 16 3 15 6 / 3865 16 3 2 1 /
 3866 16 3 19 5 / 3866 16 3 20 7 / 3866 16 3 21 8 / 3866 16 3 2 1 /
 3867 16 3 14 4 / 3867 16 3 15 6 / 3867 16 3 2 1 / 3868 16 3 18 3 /
 3868 16 3 15 6 / 3868 16 3 2 1 / 3869 16 3 18 3 / 3869 16 3 15 6 /
 3869 16 3 2 1 / 3870 16 3 19 5 / 3870 16 3 20 7 / 3870 16 3 21 8 /
 3870 16 3 2 1 / 3871 16 3 14 4 / 3871 16 3 15 6 / 3871 16 3 2 1 /
 3872 16 3 18 3 / 3872 16 3 15 6 / 3872 16 3 2 1 / 3873 16 3 18 3 /
 3873 16 3 15 6 / 3873 16 3 2 1 / 3874 16 3 19 5 / 3874 16 3 20 7 /
 3874 16 3 21 8 / 3874 16 3 2 1 / 3875 16 3 14 4 / 3875 16 3 15 6 /
 3875 16 3 2 1 / 3876 16 3 18 3 / 3876 16 3 15 6 / 3876 16 3 2 1 /
 3877 16 3 18 3 / 3877 16 3 15 6 / 3877 16 3 2 1 / 3878 16 3 19 5 /
 3878 16 3 20 7 / 3878 16 3 21 8 / 3878 16 3 2 1 / 3879 16 3 14 4 /
 3879 16 3 15 6 / 3879 16 3 2 1 / 3880 16 3 18 3 / 3880 16 3 15 6 /
 3880 16 3 2 1 / 3881 16 3 18 3 / 3881 16 3 15 6 / 3881 16 3 2 1 /
 3882 16 3 19 5 / 3882 16 3 20 7 / 3882 16 3 21 8 / 3882 16 3 2 1 /
 3883 16 3 14 4 / 3883 16 3 15 6 / 3883 16 3 2 1 / 3884 16 3 18 3 /
 3884 16 3 15 6 / 3884 16 3 2 1 / 3885 16 3 18 3 / 3885 16 3 15 6 /
 3885 16 3 2 1 / 3886 16 3 19 5 / 3886 16 3 20 7 / 3886 16 3 21 8 /
 3886 16 3 2 1 / 3887 16 3 14 4 / 3887 16 3 15 6 / 3887 16 3 2 1 /
 3888 16 3 18 3 / 3888 16 3 15 6 / 3888 16 3 2 1 / 3889 16 3 18 3 /
 3889 16 3 15 6 / 3889 16 3 2 1 / 3890 16 3 19 5 / 3890 16 3 20 7 /
 3890 16 3 21 8 / 3890 16 3 2 1 / 3891 16 3 14 4 / 3891 16 3 15 6 /
 3891 16 3 2 1 / 3892 16 3 18 3 / 3892 16 3 15 6 / 3892 16 3 2 1 /
 3893 16 3 18 3 / 3893 16 3 15 6 / 3893 16 3 2 1 / 3894 16 3 19 5 /
 3894 16 3 20 7 / 3894 16 3 21 8 / 3894 16 3 2 1 / 3895 16 3 14 4 /
 3895 16 3 15 6 / 3895 16 3 2 1 / 3896 16 3 18 3 / 3896 16 3 15 6 /
 3896 16 3 2 1 / 3897 16 3 18 3 / 3897 16 3 15 6 / 3897 16 3 2 1 /
 3898 16 3 19 5 / 3898 16 3 20 7 / 3898 16 3 21 8 / 3898 16 3 2 1 /
 3899 16 3 14 4 / 3899 16 3 15 6 / 3899 19 3 22 10 / 3899 16 3 2 1 /
 3900 16 3 18 3 / 3900 16 3 15 6 / 3900 19 3 22 10 / 3900 16 3 2 1 /
 3901 16 3 18 3 / 3901 16 3 15 6 / 3901 16 3 2 1 / 3902 16 3 19 5 /
 3902 16 3 20 7 / 3902 16 3 21 8 / 3902 16 3 2 1 / 3903 16 3 1 1 /
 3904 16 3 2 1 / 3905 16 3 2 1 / 3906 16 3 2 1 / 3907 16 3 2 1 /
 3908 16 3 1 1 / 3909 16 3 14 4 / 3909 16 3 15 6 / 3909 16 3 2 1 /
 3910 16 3 18 3 / 3910 16 3 15 6 / 3910 16 3 2 1 / 3911 16 3 18 3 /
 3911 16 3 15 6 / 3911 16 3 2 1 / 3912 16 3 19 5 / 3912 16 3 20 7 /
 3912 16 3 21 8 / 3912 16 3 2 1 / 3913 16 3 14 4 / 3913 16 3 15 6 /
 3913 16 3 2 1 / 3914 16 3 18 3 / 3914 16 3 15 6 / 3914 16 3 2 1 /
 3915 16 3 18 3 / 3915 16 3 15 6 / 3915 16 3 2 1 / 3916 16 3 19 5 /
 3916 16 3 20 7 / 3916 16 3 21 8 / 3916 16 3 2 1 / 3917 16 3 14 4 /
 3917 16 3 15 6 / 3917 16 3 2 1 / 3918 16 3 18 3 / 3918 16 3 15 6 /
 3918 16 3 2 1 / 3919 16 3 18 3 / 3919 16 3 15 6 / 3919 16 3 2 1 /
 3920 16 3 19 5 / 3920 16 3 20 7 / 3920 16 3 21 8 / 3920 16 3 2 1 /
 3921 16 3 14 4 / 3921 16 3 15 6 / 3921 16 3 2 1 / 3922 16 3 18 3 /
 3922 16 3 15 6 / 3922 16 3 2 1 / 3923 16 3 18 3 / 3923 16 3 15 6 /
 3923 16 3 2 1 / 3924 16 3 19 5 / 3924 16 3 20 7 / 3924 16 3 21 8 /
 3924 16 3 2 1 / 3925 16 3 14 4 / 3925 16 3 15 6 / 3925 19 3 22 10 /
 3925 16 3 2 1 / 3926 16 3 18 3 / 3926 16 3 15 6 / 3926 16 3 2 1 /
 3927 16 3 18 3 / 3927 16 3 15 6 / 3927 16 3 2 1 / 3928 16 3 19 5 /
 3928 16 3 20 7 / 3928 16 3 21 8 / 3928 16 3 2 1 / 3929 16 3 14 4 /
 3929 16 3 15 6 / 3929 16 3 2 1 / 3930 16 3 18 3 / 3930 16 3 15 6 /
 3930 16 3 2 1 / 3931 16 3 18 3 / 3931 16 3 15 6 / 3931 16 3 2 1 /
 3932 16 3 19 5 / 3932 16 3 20 7 / 3932 16 3 21 8 / 3932 16 3 2 1 /
 3933 16 3 14 4 / 3933 16 3 15 6 / 3933 16 3 2 1 / 3934 16 3 18 3 /
 3934 16 3 15 6 / 3934 16 3 2 1 / 3935 16 3 18 3 / 3935 16 3 15 6 /
 3935 16 3 2 1 / 3936 16 3 19 5 / 3936 16 3 20 7 / 3936 16 3 21 8 /
 3936 16 3 2 1 / 3937 16 3 14 4 / 3937 16 3 15 6 / 3937 16 3 2 1 /
 3938 16 3 18 3 / 3938 16 3 15 6 / 3938 16 3 2 1 / 3939 16 3 18 3 /
 3939 16 3 15 6 / 3939 16 3 2 1 / 3940 16 3 19 5 / 3940 16 3 20 7 /
 3940 16 3 21 8 / 3940 16 3 2 1 / 3941 16 3 14 4 / 3941 16 3 15 6 /
 3941 16 3 2 1 / 3942 16 3 18 3 / 3942 16 3 15 6 / 3942 16 3 2 1 /
 3943 16 3 18 3 / 3943 16 3 15 6 / 3943 16 3 2 1 / 3944 16 3 19 5 /
 3944 16 3 20 7 / 3944 16 3 21 8 / 3944 16 3 2 1 / 3945 16 3 14 4 /
 3945 16 3 15 6 / 3945 16 3 2 1 / 3946 16 3 18 3 / 3946 16 3 15 6 /
 3946 16 3 2 1 / 3947 16 3 18 3 / 3947 16 3 15 6 / 3947 16 3 2 1 /
 3948 16 3 19 5 / 3948 16 3 20 7 / 3948 16 3 21 8 / 3948 16 3 2 1 /
 3949 16 3 14 4 / 3949 16 3 15 6 / 3949 16 3 2 1 / 3950 16 3 18 3 /
 3950 16 3 15 6 / 3950 16 3 2 1 / 3951 16 3 18 3 / 3951 16 3 15 6 /
 3951 16 3 2 1 / 3952 16 3 19 5 / 3952 16 3 20 7 / 3952 16 3 21 8 /
 3952 16 3 2 1 / 3953 16 3 14 4 / 3953 16 3 15 6 / 3953 19 3 23 9 /
 3953 16 3 2 1 / 3954 16 3 18 3 / 3954 16 3 15 6 / 3954 19 3 23 9 /
 3954 16 3 2 1 / 3955 16 3 18 3 / 3955 16 3 15 6 / 3955 19 3 23 9 /
 3955 16 3 2 1 / 3956 16 3 19 5 / 3956 16 3 20 7 / 3956 16 3 21 8 /
 3956 16 3 2 1 / 3957 16 3 1 1 / 3958 17 2 24 2 / 3958 16 3 4 1 /
 3959 17 2 25 2 / 3959 16 3 4 1 / 3960 17 2 26 2 / 3960 16 3 4 1 /
 3961 17 2 27 2 / 3961 16 3 4 1 / 3962 17 2 28 2 / 3962 16 3 4 1 /
 3963 16 3 4 1 / 3964 16 3 2 1 / 3965 16 3 2 1 / 3966 16 3 2 1 /
 3967 16 3 2 1 / 3968 16 3 1 1 / 3969 16 3 1 1 / 3970 17 2 9 2 /
 3970 16 3 4 1 / 3971 17 2 10 2 / 3971 16 3 4 1 / 3972 17 2 11 2 /
 3972 16 3 4 1 / 3973 17 2 12 2 / 3973 16 3 4 1 / 3974 17 2 13 2 /
 3974 16 3 4 1 / 3975 16 3 4 1 / 3976 16 3 2 1 / 3977 16 3 2 1 /
 3978 16 3 2 1 / 3979 16 3 2 1 / 3980 16 3 1 1 / 3981 16 3 14 4 /
 3981 16 3 15 6 / 3981 19 3 16 9 / 3981 16 3 2 1 / 3982 16 3 18 3 /
 3982 16 3 15 6 / 3982 19 3 16 9 / 3982 16 3 2 1 / 3983 16 3 18 3 /
 3983 16 3 15 6 / 3983 19 3 16 9 / 3983 16 3 2 1 / 3984 16 3 19 5 /
 3984 16 3 20 7 / 3984 16 3 21 8 / 3984 16 3 2 1 / 3985 16 3 14 4 /
 3985 16 3 15 6 / 3985 16 3 2 1 / 3986 16 3 18 3 / 3986 16 3 15 6 /
 3986 16 3 2 1 / 3987 16 3 18 3 / 3987 16 3 15 6 / 3987 16 3 2 1 /
 3988 16 3 19 5 / 3988 16 3 20 7 / 3988 16 3 21 8 / 3988 16 3 2 1 /
 3989 16 3 14 4 / 3989 16 3 15 6 / 3989 16 3 2 1 / 3990 16 3 18 3 /
 3990 16 3 15 6 / 3990 16 3 2 1 / 3991 16 3 18 3 / 3991 16 3 15 6 /
 3991 16 3 2 1 / 3992 16 3 19 5 / 3992 16 3 20 7 / 3992 16 3 21 8 /
 3992 16 3 2 1 / 3993 16 3 14 4 / 3993 16 3 15 6 / 3993 16 3 2 1 /
 3994 16 3 18 3 / 3994 16 3 15 6 / 3994 16 3 2 1 / 3995 16 3 18 3 /
 3995 16 3 15 6 / 3995 16 3 2 1 / 3996 16 3 19 5 / 3996 16 3 20 7 /
 3996 16 3 21 8 / 3996 16 3 2 1 / 3997 16 3 14 4 / 3997 16 3 15 6 /
 3997 16 3 2 1 / 3998 16 3 18 3 / 3998 16 3 15 6 / 3998 16 3 2 1 /
 3999 16 3 18 3 / 3999 16 3 15 6 / 3999 16 3 2 1 / 4000 16 3 19 5 /
 4000 16 3 20 7 / 4000 16 3 21 8 / 4000 16 3 2 1 / 4001 16 3 14 4 /
 4001 16 3 15 6 / 4001 16 3 2 1 / 4002 16 3 18 3 / 4002 16 3 15 6 /
 4002 16 3 2 1 / 4003 16 3 18 3 / 4003 16 3 15 6 / 4003 16 3 2 1 /
 4004 16 3 19 5 / 4004 16 3 20 7 / 4004 16 3 21 8 / 4004 16 3 2 1 /
 4005 16 3 14 4 / 4005 16 3 15 6 / 4005 16 3 2 1 / 4006 16 3 18 3 /
 4006 16 3 15 6 / 4006 16 3 2 1 / 4007 16 3 18 3 / 4007 16 3 15 6 /
 4007 16 3 2 1 / 4008 16 3 19 5 / 4008 16 3 20 7 / 4008 16 3 21 8 /
 4008 16 3 2 1 / 4009 16 3 14 4 / 4009 16 3 15 6 / 4009 16 3 2 1 /
 4010 16 3 18 3 / 4010 16 3 15 6 / 4010 16 3 2 1 / 4011 16 3 18 3 /
 4011 16 3 15 6 / 4011 16 3 2 1 / 4012 16 3 19 5 / 4012 16 3 20 7 /
 4012 16 3 21 8 / 4012 16 3 2 1 / 4013 16 3 14 4 / 4013 16 3 15 6 /
 4013 16 3 2 1 / 4014 16 3 18 3 / 4014 16 3 15 6 / 4014 16 3 2 1 /
 4015 16 3 18 3 / 4015 16 3 15 6 / 4015 16 3 2 1 / 4016 16 3 19 5 /
 4016 16 3 20 7 / 4016 16 3 21 8 / 4016 16 3 2 1 / 4017 16 3 14 4 /
 4017 16 3 15 6 / 4017 16 3 2 1 / 4018 16 3 18 3 / 4018 16 3 15 6 /
 4018 16 3 2 1 / 4019 16 3 18 3 / 4019 16 3 15 6 / 4019 16 3 2 1 /
 4020 16 3 19 5 / 4020 16 3 20 7 / 4020 16 3 21 8 / 4020 16 3 2 1 /
 4021 16 3 14 4 / 4021 16 3 15 6 / 4021 16 3 2 1 / 4022 16 3 18 3 /
 4022 16 3 15 6 / 4022 16 3 2 1 / 4023 16 3 18 3 / 4023 16 3 15 6 /
 4023 16 3 2 1 / 4024 16 3 19 5 / 4024 16 3 20 7 / 4024 16 3 21 8 /
 4024 16 3 2 1 / 4025 16 3 14 4 / 4025 16 3 15 6 / 4025 19 3 22 10 /
 4025 16 3 2 1 / 4026 16 3 18 3 / 4026 16 3 15 6 / 4026 19 3 22 10 /
 4026 16 3 2 1 / 4027 16 3 18 3 / 4027 16 3 15 6 / 4027 16 3 2 1 /
 4028 16 3 19 5 / 4028 16 3 20 7 / 4028 16 3 21 8 / 4028 16 3 2 1 /
 4029 16 3 1 1 / 4030 16 3 2 1 / 4031 16 3 2 1 / 4032 16 3 2 1 /
 4033 16 3 2 1 / 4034 16 3 1 1 / 4035 16 3 14 4 / 4035 16 3 15 6 /
 4035 16 3 2 1 / 4036 16 3 18 3 / 4036 16 3 15 6 / 4036 16 3 2 1 /
 4037 16 3 18 3 / 4037 16 3 15 6 / 4037 16 3 2 1 / 4038 16 3 19 5 /
 4038 16 3 20 7 / 4038 16 3 21 8 / 4038 16 3 2 1 / 4039 16 3 14 4 /
 4039 16 3 15 6 / 4039 16 3 2 1 / 4040 16 3 18 3 / 4040 16 3 15 6 /
 4040 16 3 2 1 / 4041 16 3 18 3 / 4041 16 3 15 6 / 4041 16 3 2 1 /
 4042 16 3 19 5 / 4042 16 3 20 7 / 4042 16 3 21 8 / 4042 16 3 2 1 /
 4043 16 3 14 4 / 4043 16 3 15 6 / 4043 16 3 2 1 / 4044 16 3 18 3 /
 4044 16 3 15 6 / 4044 16 3 2 1 / 4045 16 3 18 3 / 4045 16 3 15 6 /
 4045 16 3 2 1 / 4046 16 3 19 5 / 4046 16 3 20 7 / 4046 16 3 21 8 /
 4046 16 3 2 1 / 4047 16 3 14 4 / 4047 16 3 15 6 / 4047 16 3 2 1 /
 4048 16 3 18 3 / 4048 16 3 15 6 / 4048 16 3 2 1 / 4049 16 3 18 3 /
 4049 16 3 15 6 / 4049 16 3 2 1 / 4050 16 3 19 5 / 4050 16 3 20 7 /
 4050 16 3 21 8 / 4050 16 3 2 1 / 4051 16 3 14 4 / 4051 16 3 15 6 /
 4051 19 3 22 10 / 4051 16 3 2 1 / 4052 16 3 18 3 / 4052 16 3 15 6 /
 4052 16 3 2 1 / 4053 16 3 18 3 / 4053 16 3 15 6 / 4053 16 3 2 1 /
 4054 16 3 19 5 / 4054 16 3 20 7 / 4054 16 3 21 8 / 4054 16 3 2 1 /
 4055 16 3 14 4 / 4055 16 3 15 6 / 4055 16 3 2 1 / 4056 16 3 18 3 /
 4056 16 3 15 6 / 4056 16 3 2 1 / 4057 16 3 18 3 / 4057 16 3 15 6 /
 4057 16 3 2 1 / 4058 16 3 19 5 / 4058 16 3 20 7 / 4058 16 3 21 8 /
 4058 16 3 2 1 / 4059 16 3 14 4 / 4059 16 3 15 6 / 4059 16 3 2 1 /
 4060 16 3 18 3 / 4060 16 3 15 6 / 4060 16 3 2 1 / 4061 16 3 18 3 /
 4061 16 3 15 6 / 4061 16 3 2 1 / 4062 16 3 19 5 / 4062 16 3 20 7 /
 4062 16 3 21 8 / 4062 16 3 2 1 / 4063 16 3 14 4 / 4063 16 3 15 6 /
 4063 16 3 2 1 / 4064 16 3 18 3 / 4064 16 3 15 6 / 4064 16 3 2 1 /
 4065 16 3 18 3 / 4065 16 3 15 6 / 4065 16 3 2 1 / 4066 16 3 19 5 /
 4066 16 3 20 7 / 4066 16 3 21 8 / 4066 16 3 2 1 / 4067 16 3 14 4 /
 4067 16 3 15 6 / 4067 16 3 2 1 / 4068 16 3 18 3 / 4068 16 3 15 6 /
 4068 16 3 2 1 / 4069 16 3 18 3 / 4069 16 3 15 6 / 4069 16 3 2 1 /
 4070 16 3 19 5 / 4070 16 3 20 7 / 4070 16 3 21 8 / 4070 16 3 2 1 /
 4071 16 3 14 4 / 4071 16 3 15 6 / 4071 16 3 2 1 / 4072 16 3 18 3 /
 4072 16 3 15 6 / 4072 16 3 2 1 / 4073 16 3 18 3 / 4073 16 3 15 6 /
 4073 16 3 2 1 / 4074 16 3 19 5 / 4074 16 3 20 7 / 4074 16 3 21 8 /
 4074 16 3 2 1 / 4075 16 3 14 4 / 4075 16 3 15 6 / 4075 16 3 2 1 /
 4076 16 3 18 3 / 4076 16 3 15 6 / 4076 16 3 2 1 / 4077 16 3 18 3 /
 4077 16 3 15 6 / 4077 16 3 2 1 / 4078 16 3 19 5 / 4078 16 3 20 7 /
 4078 16 3 21 8 / 4078 16 3 2 1 / 4079 16 3 14 4 / 4079 16 3 15 6 /
 4079 19 3 23 9 / 4079 16 3 2 1 / 4080 16 3 18 3 / 4080 16 3 15 6 /
 4080 19 3 23 9 / 4080 16 3 2 1 / 4081 16 3 18 3 / 4081 16 3 15 6 /
 4081 19 3 23 9 / 4081 16 3 2 1 / 4082 16 3 19 5 / 4082 16 3 20 7 /
 4082 16 3 21 8 / 4082 16 3 2 1 / 4083 16 3 1 1 / 4084 17 2 24 2 /
 4084 16 3 4 1 / 4085 17 2 25 2 / 4085 16 3 4 1 / 4086 17 2 26 2 /
 4086 16 3 4 1 / 4087 17 2 27 2 / 4087 16 3 4 1 / 4088 17 2 28 2 /
 4088 16 3 4 1 / 4089 16 3 4 1 / 4090 16 3 2 1 / 4091 16 3 2 1 /
 4092 16 3 2 1 / 4093 16 3 2 1 / 4094 16 3 1 1 / 4095 16 3 1 1 /
 4096 17 2 9 2 / 4096 16 3 4 1 / 4097 17 2 10 2 / 4097 16 3 4 1 /
 4098 17 2 11 2 / 4098 16 3 4 1 / 4099 17 2 12 2 / 4099 16 3 4 1 /
 4100 17 2 13 2 / 4100 16 3 4 1 / 4101 16 3 4 1 / 4102 16 3 2 1 /
 4103 16 3 2 1 / 4104 16 3 2 1 / 4105 16 3 2 1 / 4106 16 3 1 1 /
 4107 16 3 14 4 / 4107 16 3 15 6 / 4107 19 3 16 9 / 4107 16 3 2 1 /
 4108 16 3 18 3 / 4108 16 3 15 6 / 4108 19 3 16 9 / 4108 16 3 2 1 /
 4109 16 3 18 3 / 4109 16 3 15 6 / 4109 19 3 16 9 / 4109 16 3 2 1 /
 4110 16 3 19 5 / 4110 16 3 20 7 / 4110 16 3 21 8 / 4110 16 3 2 1 /
 4111 16 3 14 4 / 4111 16 3 15 6 / 4111 16 3 2 1 / 4112 16 3 18 3 /
 4112 16 3 15 6 / 4112 16 3 2 1 / 4113 16 3 18 3 / 4113 16 3 15 6 /
 4113 16 3 2 1 / 4114 16 3 19 5 / 4114 16 3 20 7 / 4114 16 3 21 8 /
 4114 16 3 2 1 / 4115 16 3 14 4 / 4115 16 3 15 6 / 4115 16 3 2 1 /
 4116 16 3 18 3 / 4116 16 3 15 6 / 4116 16 3 2 1 / 4117 16 3 18 3 /
 4117 16 3 15 6 / 4117 16 3 2 1 / 4118 16 3 19 5 / 4118 16 3 20 7 /
 4118 16 3 21 8 / 4118 16 3 2 1 / 4119 16 3 14 4 / 4119 16 3 15 6 /
 4119 16 3 2 1 / 4120 16 3 18 3 / 4120 16 3 15 6 / 4120 16 3 2 1 /
 4121 16 3 18 3 / 4121 16 3 15 6 / 4121 16 3 2 1 / 4122 16 3 19 5 /
 4122 16 3 20 7 / 4122 16 3 21 8 / 4122 16 3 2 1 / 4123 16 3 14 4 /
 4123 16 3 15 6 / 4123 16 3 2 1 / 4124 16 3 18 3 / 4124 16 3 15 6 /
 4124 16 3 2 1 / 4125 16 3 18 3 / 4125 16 3 15 6 / 4125 16 3 2 1 /
 4126 16 3 19 5 / 4126 16 3 20 7 / 4126 16 3 21 8 / 4126 16 3 2 1 /
 4127 16 3 14 4 / 4127 16 3 15 6 / 4127 16 3 2 1 / 4128 16 3 18 3 /
 4128 16 3 15 6 / 4128 16 3 2 1 / 4129 16 3 18 3 / 4129 16 3 15 6 /
 4129 16 3 2 1 / 4130 16 3 19 5 / 4130 16 3 20 7 / 4130 16 3 21 8 /
 4130 16 3 2 1 / 4131 16 3 14 4 / 4131 16 3 15 6 / 4131 16 3 2 1 /
 4132 16 3 18 3 / 4132 16 3 15 6 / 4132 16 3 2 1 / 4133 16 3 18 3 /
 4133 16 3 15 6 / 4133 16 3 2 1 / 4134 16 3 19 5 / 4134 16 3 20 7 /
 4134 16 3 21 8 / 4134 16 3 2 1 / 4135 16 3 14 4 / 4135 16 3 15 6 /
 4135 16 3 2 1 / 4136 16 3 18 3 / 4136 16 3 15 6 / 4136 16 3 2 1 /
 4137 16 3 18 3 / 4137 16 3 15 6 / 4137 16 3 2 1 / 4138 16 3 19 5 /
 4138 16 3 20 7 / 4138 16 3 21 8 / 4138 16 3 2 1 / 4139 16 3 14 4 /
 4139 16 3 15 6 / 4139 16 3 2 1 / 4140 16 3 18 3 / 4140 16 3 15 6 /
 4140 16 3 2 1 / 4141 16 3 18 3 / 4141 16 3 15 6 / 4141 16 3 2 1 /
 4142 16 3 19 5 / 4142 16 3 20 7 / 4142 16 3 21 8 / 4142 16 3 2 1 /
 4143 16 3 14 4 / 4143 16 3 15 6 / 4143 16 3 2 1 / 4144 16 3 18 3 /
 4144 16 3 15 6 / 4144 16 3 2 1 / 4145 16 3 18 3 / 4145 16 3 15 6 /
 4145 16 3 2 1 / 4146 16 3 19 5 / 4146 16 3 20 7 / 4146 16 3 21 8 /
 4146 16 3 2 1 / 4147 16 3 14 4 / 4147 16 3 15 6 / 4147 16 3 2 1 /
 4148 16 3 18 3 / 4148 16 3 15 6 / 4148 16 3 2 1 / 4149 16 3 18 3 /
 4149 16 3 15 6 / 4149 16 3 2 1 / 4150 16 3 19 5 / 4150 16 3 20 7 /
 4150 16 3 21 8 / 4150 16 3 2 1 / 4151 16 3 14 4 / 4151 16 3 15 6 /
 4151 19 3 22 10 / 4151 16 3 2 1 / 4152 16 3 18 3 / 4152 16 3 15 6 /
 4152 19 3 22 10 / 4152 16 3 2 1 / 4153 16 3 18 3 / 4153 16 3 15 6 /
 4153 16 3 2 1 / 4154 16 3 19 5 / 4154 16 3 20 7 / 4154 16 3 21 8 /
 4154 16 3 2 1 / 4155 16 3 1 1 / 4156 16 3 2 1 / 4157 16 3 2 1 /
 4158 16 3 2 1 / 4159 16 3 2 1 / 4160 16 3 1 1 / 4161 16 3 14 4 /
 4161 16 3 15 6 / 4161 16 3 2 1 / 4162 16 3 18 3 / 4162 16 3 15 6 /
 4162 16 3 2 1 / 4163 16 3 18 3 / 4163 16 3 15 6 / 4163 16 3 2 1 /
 4164 16 3 19 5 / 4164 16 3 20 7 / 4164 16 3 21 8 / 4164 16 3 2 1 /
 4165 16 3 14 4 / 4165 16 3 15 6 / 4165 16 3 2 1 / 4166 16 3 18 3 /
 4166 16 3 15 6 / 4166 16 3 2 1 / 4167 16 3 18 3 / 4167 16 3 15 6 /
 4167 16 3 2 1 / 4168 16 3 19 5 / 4168 16 3 20 7 / 4168 16 3 21 8 /
 4168 16 3 2 1 / 4169 16 3 14 4 / 4169 16 3 15 6 / 4169 16 3 2 1 /
 4170 16 3 18 3 / 4170 16 3 15 6 / 4170 16 3 2 1 / 4171 16 3 18 3 /
 4171 16 3 15 6 / 4171 16 3 2 1 / 4172 16 3 19 5 / 4172 16 3 20 7 /
 4172 16 3 21 8 / 4172 16 3 2 1 / 4173 16 3 14 4 / 4173 16 3 15 6 /
 4173 16 3 2 1 / 4174 16 3 18 3 / 4174 16 3 15 6 / 4174 16 3 2 1 /
 4175 16 3 18 3 / 4175 16 3 15 6 / 4175 16 3 2 1 / 4176 16 3 19 5 /
 4176 16 3 20 7 / 4176 16 3 21 8 / 4176 16 3 2 1 / 4177 16 3 14 4 /
 4177 16 3 15 6 / 4177 19 3 22 10 / 4177 16 3 2 1 / 4178 16 3 18 3 /
 4178 16 3 15 6 / 4178 16 3 2 1 / 4179 16 3 18 3 / 4179 16 3 15 6 /
 4179 16 3 2 1 / 4180 16 3 19 5 / 4180 16 3 20 7 / 4180 16 3 21 8 /
 4180 16 3 2 1 / 4181 16 3 14 4 / 4181 16 3 15 6 / 4181 16 3 2 1 /
 4182 16 3 18 3 / 4182 16 3 15 6 / 4182 16 3 2 1 / 4183 16 3 18 3 /
 4183 16 3 15 6 / 4183 16 3 2 1 / 4184 16 3 19 5 / 4184 16 3 20 7 /
 4184 16 3 21 8 / 4184 16 3 2 1 / 4185 16 3 14 4 / 4185 16 3 15 6 /
 4185 16 3 2 1 / 4186 16 3 18 3 / 4186 16 3 15 6 / 4186 16 3 2 1 /
 4187 16 3 18 3 / 4187 16 3 15 6 / 4187 16 3 2 1 / 4188 16 3 19 5 /
 4188 16 3 20 7 / 4188 16 3 21 8 / 4188 16 3 2 1 / 4189 16 3 14 4 /
 4189 16 3 15 6 / 4189 16 3 2 1 / 4190 16 3 18 3 / 4190 16 3 15 6 /
 4190 16 3 2 1 / 4191 16 3 18 3 / 4191 16 3 15 6 / 4191 16 3 2 1 /
 4192 16 3 19 5 / 4192 16 3 20 7 / 4192 16 3 21 8 / 4192 16 3 2 1 /
 4193 16 3 14 4 / 4193 16 3 15 6 / 4193 16 3 2 1 / 4194 16 3 18 3 /
 4194 16 3 15 6 / 4194 16 3 2 1 / 4195 16 3 18 3 / 4195 16 3 15 6 /
 4195 16 3 2 1 / 4196 16 3 19 5 / 4196 16 3 20 7 / 4196 16 3 21 8 /
 4196 16 3 2 1 / 4197 16 3 14 4 / 4197 16 3 15 6 / 4197 16 3 2 1 /
 4198 16 3 18 3 / 4198 16 3 15 6 / 4198 16 3 2 1 / 4199 16 3 18 3 /
 4199 16 3 15 6 / 4199 16 3 2 1 / 4200 16 3 19 5 / 4200 16 3 20 7 /
 4200 16 3 21 8 / 4200 16 3 2 1 / 4201 16 3 14 4 / 4201 16 3 15 6 /
 4201 16 3 2 1 / 4202 16 3 18 3 / 4202 16 3 15 6 / 4202 16 3 2 1 /
 4203 16 3 18 3 / 4203 16 3 15 6 / 4203 16 3 2 1 / 4204 16 3 19 5 /
 4204 16 3 20 7 / 4204 16 3 21 8 / 4204 16 3 2 1 / 4205 16 3 14 4 /
 4205 16 3 15 6 / 4205 19 3 23 9 / 4205 16 3 2 1 / 4206 16 3 18 3 /
 4206 16 3 15 6 / 4206 19 3 23 9 / 4206 16 3 2 1 / 4207 16 3 18 3 /
 4207 16 3 15 6 / 4207 19 3 23 9 / 4207 16 3 2 1 / 4208 16 3 19 5 /
 4208 16 3 20 7 / 4208 16 3 21 8 / 4208 16 3 2 1 / 4209 16 3 1 1 /
 4210 17 2 24 2 / 4210 16 3 4 1 / 4211 17 2 25 2 / 4211 16 3 4 1 /
 4212 17 2 26 2 / 4212 16 3 4 1 / 4213 17 2 27 2 / 4213 16 3 4 1 /
 4214 17 2 28 2 / 4214 16 3 4 1 / 4215 16 3 4 1 / 4216 16 3 2 1 /
 4217 16 3 2 1 / 4218 16 3 2 1 / 4219 16 3 2 1 / 4220 16 3 1 1 /
 4221 16 3 1 1 / 4222 17 2 9 2 / 4222 16 3 4 1 / 4223 17 2 10 2 /
 4223 16 3 4 1 / 4224 17 2 11 2 / 4224 16 3 4 1 / 4225 17 2 12 2 /
 4225 16 3 4 1 / 4226 17 2 13 2 / 4226 16 3 4 1 / 4227 16 3 4 1 /
 4228 16 3 2 1 / 4229 16 3 2 1 / 4230 16 3 2 1 / 4231 16 3 2 1 /
 4232 16 3 1 1 / 4233 16 3 14 4 / 4233 16 3 15 6 / 4233 19 3 16 9 /
 4233 19 3 34 9 / 4233 16 3 2 1 / 4234 16 3 18 3 / 4234 16 3 15 6 /
 4234 19 3 16 9 / 4234 19 3 34 9 / 4234 16 3 2 1 / 4235 16 3 18 3 /
 4235 16 3 15 6 / 4235 19 3 16 9 / 4235 19 3 34 9 / 4235 16 3 2 1 /
 4236 16 3 19 5 / 4236 16 3 20 7 / 4236 16 3 21 8 / 4236 16 3 2 1 /
 4237 16 3 14 4 / 4237 16 3 15 6 / 4237 19 3 34 9 / 4237 16 3 2 1 /
 4238 16 3 18 3 / 4238 16 3 15 6 / 4238 19 3 34 9 / 4238 16 3 2 1 /
 4239 16 3 18 3 / 4239 16 3 15 6 / 4239 19 3 34 9 / 4239 16 3 2 1 /
 4240 16 3 19 5 / 4240 16 3 20 7 / 4240 16 3 21 8 / 4240 16 3 2 1 /
 4241 16 3 14 4 / 4241 16 3 15 6 / 4241 19 3 34 9 / 4241 16 3 2 1 /
 4242 16 3 18 3 / 4242 16 3 15 6 / 4242 19 3 34 9 / 4242 16 3 2 1 /
 4243 16 3 18 3 / 4243 16 3 15 6 / 4243 19 3 34 9 / 4243 16 3 2 1 /
 4244 16 3 19 5 / 4244 16 3 20 7 / 4244 16 3 21 8 / 4244 16 3 2 1 /
 4245 16 3 14 4 / 4245 16 3 15 6 / 4245 19 3 34 9 / 4245 16 3 2 1 /
 4246 16 3 18 3 / 4246 16 3 15 6 / 4246 19 3 34 9 / 4246 16 3 2 1 /
 4247 16 3 18 3 / 4247 16 3 15 6 / 4247 19 3 34 9 / 4247 16 3 2 1 /
 4248 16 3 19 5 / 4248 16 3 20 7 / 4248 16 3 21 8 / 4248 16 3 2 1 /
 4249 16 3 14 4 / 4249 16 3 15 6 / 4249 19 3 34 9 / 4249 16 3 2 1 /
 4250 16 3 18 3 / 4250 16 3 15 6 / 4250 19 3 34 9 / 4250 16 3 2 1 /
 4251 16 3 18 3 / 4251 16 3 15 6 / 4251 19 3 34 9 / 4251 16 3 2 1 /
 4252 16 3 19 5 / 4252 16 3 20 7 / 4252 16 3 21 8 / 4252 16 3 2 1 /
 4253 16 3 14 4 / 4253 16 3 15 6 / 4253 19 3 34 9 / 4253 16 3 2 1 /
 4254 16 3 18 3 / 4254 16 3 15 6 / 4254 19 3 34 9 / 4254 16 3 2 1 /
 4255 16 3 18 3 / 4255 16 3 15 6 / 4255 19 3 34 9 / 4255 16 3 2 1 /
 4256 16 3 19 5 / 4256 16 3 20 7 / 4256 16 3 21 8 / 4256 16 3 2 1 /
 4257 16 3 14 4 / 4257 16 3 15 6 / 4257 19 3 34 9 / 4257 16 3 2 1 /
 4258 16 3 18 3 / 4258 16 3 15 6 / 4258 19 3 34 9 / 4258 16 3 2 1 /
 4259 16 3 18 3 / 4259 16 3 15 6 / 4259 19 3 34 9 / 4259 16 3 2 1 /
 4260 16 3 19 5 / 4260 16 3 20 7 / 4260 16 3 21 8 / 4260 16 3 2 1 /
 4261 16 3 14 4 / 4261 16 3 15 6 / 4261 19 3 34 9 / 4261 16 3 2 1 /
 4262 16 3 18 3 / 4262 16 3 15 6 / 4262 19 3 34 9 / 4262 16 3 2 1 /
 4263 16 3 18 3 / 4263 16 3 15 6 / 4263 19 3 34 9 / 4263 16 3 2 1 /
 4264 16 3 19 5 / 4264 16 3 20 7 / 4264 16 3 21 8 / 4264 16 3 2 1 /
 4265 16 3 14 4 / 4265 16 3 15 6 / 4265 19 3 34 9 / 4265 16 3 2 1 /
 4266 16 3 18 3 / 4266 16 3 15 6 / 4266 19 3 34 9 / 4266 16 3 2 1 /
 4267 16 3 18 3 / 4267 16 3 15 6 / 4267 19 3 34 9 / 4267 16 3 2 1 /
 4268 16 3 19 5 / 4268 16 3 20 7 / 4268 16 3 21 8 / 4268 16 3 2 1 /
 4269 16 3 14 4 / 4269 16 3 15 6 / 4269 19 3 34 9 / 4269 16 3 2 1 /
 4270 16 3 18 3 / 4270 16 3 15 6 / 4270 19 3 34 9 / 4270 16 3 2 1 /
 4271 16 3 18 3 / 4271 16 3 15 6 / 4271 19 3 34 9 / 4271 16 3 2 1 /
 4272 16 3 19 5 / 4272 16 3 20 7 / 4272 16 3 21 8 / 4272 16 3 2 1 /
 4273 16 3 14 4 / 4273 16 3 15 6 / 4273 19 3 34 9 / 4273 16 3 2 1 /
 4274 16 3 18 3 / 4274 16 3 15 6 / 4274 19 3 34 9 / 4274 16 3 2 1 /
 4275 16 3 18 3 / 4275 16 3 15 6 / 4275 19 3 34 9 / 4275 16 3 2 1 /
 4276 16 3 19 5 / 4276 16 3 20 7 / 4276 16 3 21 8 / 4276 16 3 2 1 /
 4277 16 3 1 1 / 4278 16 3 14 4 / 4278 16 3 15 6 / 4278 19 3 34 9 /
 4278 19 3 22 10 / 4278 16 3 2 1 / 4279 16 3 18 3 / 4279 16 3 15 6 /
 4279 19 3 34 9 / 4279 19 3 22 10 / 4279 16 3 2 1 / 4280 16 3 18 3 /
 4280 16 3 15 6 / 4280 19 3 34 9 / 4280 16 3 2 1 / 4281 16 3 19 5 /
 4281 16 3 20 7 / 4281 16 3 21 8 / 4281 16 3 2 1 / 4282 16 3 2 1 /
 4283 16 3 2 1 / 4284 16 3 2 1 / 4285 16 3 2 1 / 4286 16 3 1 1 /
 4287 16 3 14 4 / 4287 16 3 15 6 / 4287 19 3 34 9 / 4287 16 3 2 1 /
 4288 16 3 18 3 / 4288 16 3 15 6 / 4288 19 3 34 9 / 4288 16 3 2 1 /
 4289 16 3 18 3 / 4289 16 3 15 6 / 4289 19 3 34 9 / 4289 16 3 2 1 /
 4290 16 3 19 5 / 4290 16 3 20 7 / 4290 16 3 21 8 / 4290 16 3 2 1 /
 4291 16 3 14 4 / 4291 16 3 15 6 / 4291 19 3 34 9 / 4291 16 3 2 1 /
 4292 16 3 18 3 / 4292 16 3 15 6 / 4292 19 3 34 9 / 4292 16 3 2 1 /
 4293 16 3 18 3 / 4293 16 3 15 6 / 4293 19 3 34 9 / 4293 16 3 2 1 /
 4294 16 3 19 5 / 4294 16 3 20 7 / 4294 16 3 21 8 / 4294 16 3 2 1 /
 4295 16 3 14 4 / 4295 16 3 15 6 / 4295 19 3 34 9 / 4295 16 3 2 1 /
 4296 16 3 18 3 / 4296 16 3 15 6 / 4296 19 3 34 9 / 4296 16 3 2 1 /
 4297 16 3 18 3 / 4297 16 3 15 6 / 4297 19 3 34 9 / 4297 16 3 2 1 /
 4298 16 3 19 5 / 4298 16 3 20 7 / 4298 16 3 21 8 / 4298 16 3 2 1 /
 4299 16 3 14 4 / 4299 16 3 15 6 / 4299 19 3 34 9 / 4299 16 3 2 1 /
 4300 16 3 18 3 / 4300 16 3 15 6 / 4300 19 3 34 9 / 4300 16 3 2 1 /
 4301 16 3 18 3 / 4301 16 3 15 6 / 4301 19 3 34 9 / 4301 16 3 2 1 /
 4302 16 3 19 5 / 4302 16 3 20 7 / 4302 16 3 21 8 / 4302 16 3 2 1 /
 4303 16 3 14 4 / 4303 16 3 15 6 / 4303 19 3 34 9 / 4303 19 3 22 10 /
 4303 16 3 2 1 / 4304 16 3 18 3 / 4304 16 3 15 6 / 4304 19 3 34 9 /
 4304 16 3 2 1 / 4305 16 3 18 3 / 4305 16 3 15 6 / 4305 19 3 34 9 /
 4305 16 3 2 1 / 4306 16 3 19 5 / 4306 16 3 20 7 / 4306 16 3 21 8 /
 4306 16 3 2 1 / 4307 16 3 14 4 / 4307 16 3 15 6 / 4307 19 3 34 9 /
 4307 16 3 2 1 / 4308 16 3 18 3 / 4308 16 3 15 6 / 4308 19 3 34 9 /
 4308 16 3 2 1 / 4309 16 3 18 3 / 4309 16 3 15 6 / 4309 19 3 34 9 /
 4309 16 3 2 1 / 4310 16 3 19 5 / 4310 16 3 20 7 / 4310 16 3 21 8 /
 4310 16 3 2 1 / 4311 16 3 14 4 / 4311 16 3 15 6 / 4311 19 3 34 9 /
 4311 16 3 2 1 / 4312 16 3 18 3 / 4312 16 3 15 6 / 4312 19 3 34 9 /
 4312 16 3 2 1 / 4313 16 3 18 3 / 4313 16 3 15 6 / 4313 19 3 34 9 /
 4313 16 3 2 1 / 4314 16 3 19 5 / 4314 16 3 20 7 / 4314 16 3 21 8 /
 4314 16 3 2 1 / 4315 16 3 14 4 / 4315 16 3 15 6 / 4315 19 3 34 9 /
 4315 16 3 2 1 / 4316 16 3 18 3 / 4316 16 3 15 6 / 4316 19 3 34 9 /
 4316 16 3 2 1 / 4317 16 3 18 3 / 4317 16 3 15 6 / 4317 19 3 34 9 /
 4317 16 3 2 1 / 4318 16 3 19 5 / 4318 16 3 20 7 / 4318 16 3 21 8 /
 4318 16 3 2 1 / 4319 16 3 14 4 / 4319 16 3 15 6 / 4319 19 3 34 9 /
 4319 16 3 2 1 / 4320 16 3 18 3 / 4320 16 3 15 6 / 4320 19 3 34 9 /
 4320 16 3 2 1 / 4321 16 3 18 3 / 4321 16 3 15 6 / 4321 19 3 34 9 /
 4321 16 3 2 1 / 4322 16 3 19 5 / 4322 16 3 20 7 / 4322 16 3 21 8 /
 4322 16 3 2 1 / 4323 16 3 14 4 / 4323 16 3 15 6 / 4323 19 3 34 9 /
 4323 16 3 2 1 / 4324 16 3 18 3 / 4324 16 3 15 6 / 4324 19 3 34 9 /
 4324 16 3 2 1 / 4325 16 3 18 3 / 4325 16 3 15 6 / 4325 19 3 34 9 /
 4325 16 3 2 1 / 4326 16 3 19 5 / 4326 16 3 20 7 / 4326 16 3 21 8 /
 4326 16 3 2 1 / 4327 16 3 14 4 / 4327 16 3 15 6 / 4327 19 3 34 9 /
 4327 16 3 2 1 / 4328 16 3 18 3 / 4328 16 3 15 6 / 4328 19 3 34 9 /
 4328 16 3 2 1 / 4329 16 3 18 3 / 4329 16 3 15 6 / 4329 19 3 34 9 /
 4329 16 3 2 1 / 4330 16 3 19 5 / 4330 16 3 20 7 / 4330 16 3 21 8 /
 4330 16 3 2 1 / 4331 16 3 1 1 / 4332 16 3 14 4 / 4332 16 3 15 6 /
 4332 19 3 34 9 / 4332 19 3 23 9 / 4332 16 3 2 1 / 4333 16 3 18 3 /
 4333 16 3 15 6 / 4333 19 3 34 9 / 4333 19 3 23 9 / 4333 16 3 2 1 /
 4334 16 3 18 3 / 4334 16 3 15 6 / 4334 19 3 34 9 / 4334 19 3 23 9 /
 4334 16 3 2 1 / 4335 16 3 19 5 / 4335 16 3 20 7 / 4335 16 3 21 8 /
 4335 16 3 2 1 / 4336 17 2 24 2 / 4336 16 3 4 1 / 4337 17 2 25 2 /
 4337 16 3 4 1 / 4338 17 2 26 2 / 4338 16 3 4 1 / 4339 17 2 27 2 /
 4339 16 3 4 1 / 4340 17 2 28 2 / 4340 16 3 4 1 / 4341 16 3 4 1 /
 4342 16 3 2 1 / 4343 16 3 2 1 / 4344 16 3 2 1 / 4345 16 3 2 1 /
 4346 16 3 1 1 / 4347 16 3 1 1 / 4348 16 3 1 1 / 4349 16 3 1 1 /
 4350 16 3 1 1 / 4351 16 3 1 1 / 4352 16 3 1 1 / 4353 16 3 1 1 /
 4354 16 3 1 1 / 4355 16 3 1 1 / 4356 16 3 1 1 / 4357 16 3 1 1 /
 4358 16 3 1 1 / 4359 16 3 1 1 / 4360 16 3 1 1 / 4361 16 3 1 1 /
 4362 16 3 1 1 / 4363 16 3 1 1 / 4364 16 3 1 1 / 4365 16 3 1 1 /
 4366 16 3 1 1 / 4367 16 3 2 1 / 4368 16 3 2 1 / 4369 16 3 2 1 /
 4370 16 3 2 1 / 4371 16 3 2 1 / 4372 16 3 2 1 / 4373 16 3 2 1 /
 4374 16 3 2 1 / 4375 16 3 2 1 / 4376 17 1 35 2 / 4376 16 3 4 1 /
 4377 17 1 36 2 / 4377 16 3 4 1 / 4378 17 1 37 2 / 4378 16 3 4 1 /
 4379 17 1 38 2 / 4379 16 3 4 1 / 4380 17 1 39 2 / 4380 16 3 4 1 /
 4381 16 3 4 1 / 4382 16 3 2 1 / 4383 16 3 2 1 / 4384 16 3 2 1 /
 4385 16 3 2 1 / 4386 17 1 35 2 / 4386 16 3 4 1 / 4387 17 1 36 2 /
 4387 16 3 4 1 / 4388 17 1 37 2 / 4388 16 3 4 1 / 4389 17 1 38 2 /
 4389 16 3 4 1 / 4390 17 1 39 2 / 4390 16 3 4 1 / 4391 16 3 4 1 /
 4392 16 3 2 1 / 4393 16 3 2 1 / 4394 16 3 2 1 / 4395 16 3 2 1 /
 4396 17 1 35 2 / 4396 16 3 4 1 / 4397 17 1 36 2 / 4397 16 3 4 1 /
 4398 17 1 37 2 / 4398 16 3 4 1 / 4399 16 3 4 1 / 4400 16 3 2 1 /
 4401 16 3 2 1 / 4402 16 3 2 1 / 4403 16 3 2 1 / 4404 17 1 35 2 /
 4404 16 3 4 1 / 4405 17 1 36 2 / 4405 16 3 4 1 / 4406 17 1 37 2 /
 4406 16 3 4 1 / 4407 16 3 4 1 / 4408 16 3 2 1 / 4409 16 3 2 1 /
 4410 16 3 2 1 / 4411 16 3 2 1 / 4412 17 1 35 2 / 4412 16 3 4 1 /
 4413 17 1 36 2 / 4413 16 3 4 1 / 4414 17 1 37 2 / 4414 16 3 4 1 /
 4415 16 3 4 1 / 4416 16 3 2 1 / 4417 16 3 2 1 / 4418 16 3 2 1 /
 4419 16 3 2 1 / 4420 17 1 35 2 / 4420 16 3 4 1 / 4421 17 1 36 2 /
 4421 16 3 4 1 / 4422 17 1 37 2 / 4422 16 3 4 1 / 4423 17 1 38 2 /
 4423 16 3 4 1 / 4424 17 1 39 2 / 4424 16 3 4 1 / 4425 16 3 4 1 /
 4426 16 3 2 1 / 4427 16 3 2 1 / 4428 16 3 2 1 / 4429 16 3 2 1 /
 4430 17 1 35 2 / 4430 16 3 4 1 / 4431 17 1 36 2 / 4431 16 3 4 1 /
 4432 17 1 37 2 / 4432 16 3 4 1 / 4433 17 1 38 2 / 4433 16 3 4 1 /
 4434 17 1 39 2 / 4434 16 3 4 1 / 4435 16 3 4 1 / 4436 16 3 2 1 /
 4437 16 3 2 1 / 4438 16 3 2 1 / 4439 16 3 2 1 / 4440 17 1 35 2 /
 4440 16 3 4 1 / 4441 17 1 36 2 / 4441 16 3 4 1 / 4442 17 1 37 2 /
 4442 16 3 4 1 / 4443 16 3 4 1 / 4444 16 3 2 1 / 4445 16 3 2 1 /
 4446 16 3 2 1 / 4447 16 3 2 1 / 4448 17 1 35 2 / 4448 16 3 4 1 /
 4449 17 1 36 2 / 4449 16 3 4 1 / 4450 17 1 37 2 / 4450 16 3 4 1 /
 4451 16 3 4 1 / 4452 16 3 2 1 / 4453 16 3 2 1 / 4454 16 3 2 1 /
 4455 16 3 2 1 / 4456 17 1 35 2 / 4456 16 3 4 1 / 4457 17 1 36 2 /
 4457 16 3 4 1 / 4458 17 1 37 2 / 4458 16 3 4 1 / 4459 16 3 4 1 /
 4460 16 3 2 1 / 4461 16 3 2 1 / 4462 16 3 2 1 / 4463 16 3 2 1 /
 4464 17 1 35 2 / 4464 16 3 4 1 / 4465 17 1 36 2 / 4465 16 3 4 1 /
 4466 17 1 37 2 / 4466 16 3 4 1 / 4467 17 1 38 2 / 4467 16 3 4 1 /
 4468 17 1 39 2 / 4468 16 3 4 1 / 4469 16 3 4 1 / 4470 16 3 2 1 /
 4471 16 3 2 1 / 4472 16 3 2 1 / 4473 16 3 2 1 / 4474 17 1 35 2 /
 4474 16 3 4 1 / 4475 17 1 36 2 / 4475 16 3 4 1 / 4476 17 1 37 2 /
 4476 16 3 4 1 / 4477 17 1 38 2 / 4477 16 3 4 1 / 4478 17 1 39 2 /
 4478 16 3 4 1 / 4479 16 3 4 1 / 4480 16 3 2 1 / 4481 16 3 2 1 /
 4482 16 3 2 1 / 4483 16 3 2 1 / 4484 16 3 2 1 / 4485 16 3 2 1 /
 4486 16 3 2 1 / 4487 16 3 2 1 / 4488 16 3 2 1 / 4489 16 3 2 1 /
 4490 16 3 2 1 / 4491 16 3 2 1 / 4492 16 3 2 1 / 4493 17 1 35 2 /
 4493 16 3 4 1 / 4494 17 1 36 2 / 4494 16 3 4 1 / 4495 17 1 37 2 /
 4495 16 3 4 1 / 4496 17 1 38 2 / 4496 16 3 4 1 / 4497 17 1 39 2 /
 4497 16 3 4 1 / 4498 16 3 4 1 / 4499 16 3 2 1 / 4500 16 3 2 1 /
 4501 16 3 2 1 / 4502 16 3 2 1 / 4503 17 1 35 2 / 4503 16 3 4 1 /
 4504 17 1 36 2 / 4504 16 3 4 1 / 4505 17 1 37 2 / 4505 16 3 4 1 /
 4506 17 1 38 2 / 4506 16 3 4 1 / 4507 17 1 39 2 / 4507 16 3 4 1 /
 4508 16 3 4 1 / 4509 16 3 2 1 / 4510 16 3 2 1 / 4511 16 3 2 1 /
 4512 16 3 2 1 / 4513 17 1 35 2 / 4513 16 3 4 1 / 4514 17 1 36 2 /
 4514 16 3 4 1 / 4515 17 1 37 2 / 4515 16 3 4 1 / 4516 17 1 38 2 /
 4516 16 3 4 1 / 4517 17 1 39 2 / 4517 16 3 4 1 / 4518 16 3 4 1 /
 4519 16 3 2 1 / 4520 16 3 2 1 / 4521 16 3 2 1 / 4522 16 3 2 1 /
 4523 17 1 35 2 / 4523 16 3 4 1 / 4524 17 1 36 2 / 4524 16 3 4 1 /
 4525 17 1 37 2 / 4525 16 3 4 1 / 4526 17 1 38 2 / 4526 16 3 4 1 /
 4527 17 1 39 2 / 4527 16 3 4 1 / 4528 16 3 4 1 / 4529 16 3 2 1 /
 4530 16 3 2 1 / 4531 16 3 2 1 / 4532 16 3 2 1 / 4533 17 1 35 2 /
 4533 16 3 4 1 / 4534 17 1 36 2 / 4534 16 3 4 1 / 4535 17 1 37 2 /
 4535 16 3 4 1 / 4536 17 1 38 2 / 4536 16 3 4 1 / 4537 17 1 39 2 /
 4537 16 3 4 1 / 4538 16 3 4 1 / 4539 16 3 2 1 / 4540 16 3 2 1 /
 4541 16 3 2 1 / 4542 16 3 2 1 / 4543 17 1 35 2 / 4543 16 3 4 1 /
 4544 17 1 36 2 / 4544 16 3 4 1 / 4545 17 1 37 2 / 4545 16 3 4 1 /
 4546 17 1 38 2 / 4546 16 3 4 1 / 4547 17 1 39 2 / 4547 16 3 4 1 /
 4548 16 3 4 1 / 4549 16 3 2 1 / 4550 16 3 2 1 / 4551 16 3 2 1 /
 4552 16 3 2 1 / 4553 17 1 35 2 / 4553 16 3 4 1 / 4554 17 1 36 2 /
 4554 16 3 4 1 / 4555 17 1 37 2 / 4555 16 3 4 1 / 4556 17 1 38 2 /
 4556 16 3 4 1 / 4557 17 1 39 2 / 4557 16 3 4 1 / 4558 16 3 4 1 /
 4559 16 3 2 1 / 4560 16 3 2 1 / 4561 16 3 2 1 / 4562 16 3 2 1 /
 4563 17 1 35 2 / 4563 16 3 4 1 / 4564 17 1 36 2 / 4564 16 3 4 1 /
 4565 17 1 37 2 / 4565 16 3 4 1 / 4566 17 1 38 2 / 4566 16 3 4 1 /
 4567 17 1 39 2 / 4567 16 3 4 1 / 4568 16 3 4 1 / 4569 16 3 2 1 /
 4570 16 3 2 1 / 4571 16 3 2 1 / 4572 16 3 2 1 / 4573 17 1 35 2 /
 4573 16 3 4 1 / 4574 17 1 36 2 / 4574 16 3 4 1 / 4575 17 1 37 2 /
 4575 16 3 4 1 / 4576 17 1 38 2 / 4576 16 3 4 1 / 4577 17 1 39 2 /
 4577 16 3 4 1 / 4578 16 3 4 1 / 4579 16 3 2 1 / 4580 16 3 2 1 /
 4581 16 3 2 1 / 4582 16 3 2 1 / 4583 17 1 35 2 / 4583 16 3 4 1 /
 4584 17 1 36 2 / 4584 16 3 4 1 / 4585 17 1 37 2 / 4585 16 3 4 1 /
 4586 17 1 38 2 / 4586 16 3 4 1 / 4587 17 1 39 2 / 4587 16 3 4 1 /
 4588 16 3 4 1 / 4589 16 3 2 1 / 4590 16 3 2 1 / 4591 16 3 2 1 /
 4592 16 3 2 1 / 4593 17 1 35 2 / 4593 16 3 4 1 / 4594 17 1 36 2 /
 4594 16 3 4 1 / 4595 17 1 37 2 / 4595 16 3 4 1 / 4596 17 1 38 2 /
 4596 16 3 4 1 / 4597 17 1 39 2 / 4597 16 3 4 1 / 4598 16 3 4 1 /
 4599 16 3 2 1 / 4600 16 3 2 1 / 4601 16 3 2 1 / 4602 16 3 2 1 /
 4603 17 1 35 2 / 4603 16 3 4 1 / 4604 17 1 36 2 / 4604 16 3 4 1 /
 4605 17 1 37 2 / 4605 16 3 4 1 / 4606 17 1 38 2 / 4606 16 3 4 1 /
 4607 17 1 39 2 / 4607 16 3 4 1 / 4608 16 3 4 1 / 4609 16 3 2 1 /
 4610 16 3 2 1 / 4611 16 3 2 1 / 4612 16 3 2 1 / 4613 16 3 2 1 /
 4614 16 3 2 1 / 4615 16 3 2 1 / 4616 16 3 2 1 / 4617 16 3 2 1 /
 4618 16 3 2 1 / 4619 16 3 2 1 / 4620 16 3 2 1 / 4621 16 3 2 1 /
 4622 16 3 1 1 / 4623 16 3 1 1 / 4624 16 3 1 1 / 4625 16 3 1 1 /
 4626 16 3 1 1 / 4627 16 3 1 1 / 4628 16 3 1 1 / 4629 16 3 1 1 /
 4630 16 3 1 1 / 4631 16 3 1 1 / 4632 16 3 1 1 / 4633 16 3 1 1 /
 4634 16 3 1 1 / 4635 16 3 1 1 / 4636 16 3 1 1 / 4637 16 3 1 1 /
 4638 16 3 1 1 / 4639 16 3 1 1 / 4640 16 3 1 1 / 4641 16 3 1 1 /
 4642 16 3 1 1 / 4643 16 3 1 1 / 4644 16 3 1 1 / 4645 16 3 1 1 /
 4646 16 3 1 1 / 4647 16 3 1 1 /
 1 4 2 40 11 / 3 4 1 41 11 / 4 4 1 42 11 / 5 4 1 43 11 /
 6 4 1 44 11 / 7 4 1 45 11 / 8 4 1 46 11 / 9 4 1 47 11 /
 10 4 1 48 11 / 1 4 2 49 12 / 3 4 1 50 12 / 4 4 1 51 12 /
 5 4 1 52 12 / 6 4 1 53 12 / 7 4 1 54 12 / 8 4 1 55 12 /
 9 4 1 56 12 / 10 4 1 57 12 / 1 4 2 58 13 / 3 4 1 59 13 /
 4 4 1 60 13 / 5 4 1 61 13 / 6 4 1 62 13 / 7 4 1 63 13 /
 8 4 1 64 13 / 9 4 1 65 13 / 10 4 1 66 13 /

 )
( 7/
1 2.2 0 0 0 /
2 0.44 0 0 0 /
3 -2.28 -2.28 -2.85 -2.85 /
4 0.825 0 0 0 /
5 -1.71 -1.71 -2.28 -2.28 /
6 -1.14 -1.14 -1.71 -1.71 /
7 -0.57 -0.57 -1.14 -1.14 /
8 0 0 -0.57 -0.57 /
9 -2.28 -2.85 -2.28 -2.85 /
10 -1.71 -2.28 -1.71 -2.28 /
11 -1.14 -1.71 -1.14 -1.71 /
12 -0.57 -1.14 -0.57 -1.14 /
13 0 -0.57 0 -0.57 /
14 0.36 0 0 0 /
15 0.309 0 0 0 /
16 4 3 1.18 1.18 /
17 2 4 1.18 1.18 /
18 0.48 0 0 0 /
19 0.189 0 0 0 /
20 0.105 0 0 0 /
21 0.09 0 0 0 /
22 1 2 1.07 1.07 /
23 1 2 1.18 1.18 /
24 2.28 2.85 2.28 2.85 /
25 1.71 2.28 1.71 2.28 /
26 1.14 1.71 1.14 1.71 /
27 0.57 1.14 0.57 1.14 /
28 0 0.57 0 0.57 /
29 1 3 1.07 1.07 /
30 0.55 0 0 0 /
31 0 0 0 0 /
32 0.2475 0 0 0 /
33 2 4 1.07 1.07 /
34 1 3 1.18 1.18 /
35 2.28 2.28 2.85 2.85 /
36 1.71 1.71 2.28 2.28 /
37 1.14 1.14 1.71 1.71 /
38 0.57 0.57 1.14 1.14 /
39 0 0 0.57 0.57 /
40 0.9 0 0 0 /
41 0.5 0 0 0 /
42 0.5 0 0 0 /
43 0.9 0 0 0 /
44 0.9 0 0 0 /
45 0.5 0 0 0 /
46 0.5 0 0 0 /
47 0.9 0 0 0 /
48 0.9 0 0 0 /
49 0.9 0 0 0 /
50 0.5 0 0 0 /
51 0.5 0 0 0 /
52 0.9 0 0 0 /
53 0.9 0 0 0 /
54 0.5 0 0 0 /
55 0.5 0 0 0 /
56 0.9 0 0 0 /
57 0.9 0 0 0 /
58 0.9 0 0 0 /
59 0.5 0 0 0 /
60 0.5 0 0 0 /
61 0.9 0 0 0 /
62 0.9 0 0 0 /
63 0.5 0 0 0 /
64 0.5 0 0 0 /
65 0.9 0 0 0 /
66 0.9 0 0 0 /

 )
( 9/
1 180.00 /2 180.00 /3 180.00 /4 180.00 /
5 180.00 /6 180.00 /7 180.00 /8 180.00 /
9 180.00 /10 180.00 /11 180.00 /12 180.00 /
13 180.00 /14 180.00 /15 180.00 /16 180.00 /
17 180.00 /18 180.00 /19 180.00 /20 180.00 /
21 180.00 /22 180.00 /23 180.00 /24 180.00 /
25 180.00 /26 180.00 /36 180.00 /37 180.00 /
38 180.00 /39 180.00 /40 180.00 /41 180.00 /
46 180.00 /47 180.00 /48 180.00 /49 180.00 /
50 180.00 /51 180.00 /56 180.00 /57 180.00 /
58 180.00 /59 180.00 /64 180.00 /65 180.00 /
66 180.00 /67 180.00 /72 180.00 /73 180.00 /
74 180.00 /75 180.00 /80 180.00 /81 180.00 /
82 180.00 /83 180.00 /84 180.00 /85 180.00 /
90 180.00 /91 180.00 /92 180.00 /93 180.00 /
94 180.00 /95 180.00 /100 180.00 /101 180.00 /
102 180.00 /103 180.00 /108 180.00 /109 180.00 /
110 180.00 /111 180.00 /116 180.00 /117 180.00 /
118 180.00 /119 180.00 /124 180.00 /125 180.00 /
126 180.00 /127 180.00 /128 180.00 /129 180.00 /
134 180.00 /135 180.00 /136 180.00 /137 180.00 /
138 180.00 /139 180.00 /153 180.00 /154 180.00 /
155 180.00 /156 180.00 /157 180.00 /158 180.00 /
163 180.00 /164 180.00 /165 180.00 /166 180.00 /
167 180.00 /168 180.00 /173 180.00 /174 180.00 /
175 180.00 /176 180.00 /181 180.00 /182 180.00 /
183 180.00 /184 180.00 /189 180.00 /190 180.00 /
191 180.00 /192 180.00 /197 180.00 /198 180.00 /
199 180.00 /200 180.00 /201 180.00 /202 180.00 /
207 180.00 /208 180.00 /209 180.00 /210 180.00 /
211 180.00 /212 180.00 /217 180.00 /218 180.00 /
219 180.00 /220 180.00 /225 180.00 /226 180.00 /
227 180.00 /228 180.00 /233 180.00 /234 180.00 /
235 180.00 /236 180.00 /241 180.00 /242 180.00 /
243 180.00 /244 180.00 /245 180.00 /246 180.00 /
251 180.00 /252 180.00 /253 180.00 /254 180.00 /
255 180.00 /256 180.00 /270 180.00 /271 180.00 /
272 180.00 /273 180.00 /274 180.00 /275 180.00 /
276 180.00 /277 180.00 /278 180.00 /279 180.00 /
280 180.00 /281 180.00 /282 180.00 /283 180.00 /
284 180.00 /285 180.00 /286 180.00 /287 180.00 /
288 180.00 /289 180.00 /290 180.00 /291 90.00 /
292 90.00 /293 90.00 /294 90.00 /295 90.00 /
296 90.00 /301 180.00 /302 180.00 /303 180.00 /
304 180.00 /305 180.00 /306 180.00 /307 180.00 /
308 180.00 /309 180.00 /310 180.00 /311 180.00 /
312 180.00 /313 180.00 /314 180.00 /315 180.00 /
316 180.00 /317 180.00 /318 180.00 /319 180.00 /
320 180.00 /321 180.00 /322 180.00 /323 180.00 /
324 180.00 /325 180.00 /326 180.00 /327 180.00 /
328 180.00 /329 180.00 /330 180.00 /331 180.00 /
332 180.00 /333 180.00 /334 180.00 /335 180.00 /
336 180.00 /337 180.00 /338 180.00 /339 180.00 /
340 180.00 /341 180.00 /342 180.00 /343 180.00 /
344 180.00 /345 180.00 /346 180.00 /347 180.00 /
348 180.00 /349 180.00 /350 180.00 /355 180.00 /
356 180.00 /357 180.00 /358 180.00 /359 180.00 /
360 180.00 /361 180.00 /362 180.00 /363 180.00 /
364 180.00 /365 180.00 /366 180.00 /367 180.00 /
368 180.00 /369 180.00 /370 180.00 /371 180.00 /
372 180.00 /373 180.00 /374 180.00 /375 180.00 /
376 180.00 /377 180.00 /378 180.00 /379 180.00 /
380 180.00 /381 180.00 /382 180.00 /383 180.00 /
384 180.00 /385 180.00 /386 180.00 /387 180.00 /
388 180.00 /389 180.00 /390 180.00 /391 180.00 /
392 180.00 /393 180.00 /394 180.00 /395 180.00 /
396 180.00 /397 180.00 /398 180.00 /399 180.00 /
400 180.00 /401 180.00 /402 180.00 /403 180.00 /
404 180.00 /405 90.00 /406 90.00 /407 90.00 /
408 90.00 /409 90.00 /410 90.00 /415 180.00 /
416 180.00 /417 90.00 /418 90.00 /419 90.00 /
420 90.00 /421 90.00 /422 90.00 /427 90.00 /
428 180.00 /429 180.00 /430 180.00 /431 180.00 /
432 180.00 /433 180.00 /434 180.00 /435 180.00 /
436 180.00 /437 180.00 /438 180.00 /439 180.00 /
440 180.00 /441 180.00 /442 180.00 /443 180.00 /
444 180.00 /445 180.00 /446 180.00 /447 180.00 /
448 180.00 /449 180.00 /450 180.00 /451 180.00 /
452 180.00 /453 180.00 /454 180.00 /455 180.00 /
456 180.00 /457 180.00 /458 180.00 /459 180.00 /
460 180.00 /461 180.00 /462 180.00 /463 180.00 /
464 180.00 /465 180.00 /466 180.00 /467 180.00 /
468 180.00 /469 180.00 /470 180.00 /471 180.00 /
472 180.00 /473 180.00 /474 180.00 /475 180.00 /
476 180.00 /481 90.00 /482 180.00 /483 180.00 /
484 180.00 /485 180.00 /486 180.00 /487 180.00 /
488 180.00 /489 180.00 /490 180.00 /491 180.00 /
492 180.00 /493 180.00 /494 180.00 /495 180.00 /
496 180.00 /497 180.00 /498 180.00 /499 180.00 /
500 180.00 /501 180.00 /502 180.00 /503 180.00 /
504 180.00 /505 180.00 /506 180.00 /507 180.00 /
508 180.00 /509 180.00 /510 180.00 /511 180.00 /
512 180.00 /513 180.00 /514 180.00 /515 180.00 /
516 180.00 /517 180.00 /518 180.00 /519 180.00 /
520 180.00 /521 180.00 /522 180.00 /523 180.00 /
524 180.00 /525 180.00 /526 180.00 /527 180.00 /
528 180.00 /529 180.00 /530 180.00 /531 90.00 /
532 90.00 /533 90.00 /534 90.00 /535 90.00 /
536 90.00 /541 180.00 /542 180.00 /543 90.00 /
544 90.00 /545 90.00 /546 90.00 /547 90.00 /
548 90.00 /553 180.00 /554 180.00 /555 180.00 /
556 180.00 /557 180.00 /558 180.00 /559 180.00 /
560 180.00 /561 180.00 /562 180.00 /563 180.00 /
564 180.00 /565 180.00 /566 180.00 /567 180.00 /
568 180.00 /569 180.00 /570 180.00 /571 180.00 /
572 180.00 /573 180.00 /574 180.00 /575 180.00 /
576 180.00 /577 180.00 /578 180.00 /579 180.00 /
580 180.00 /581 180.00 /582 180.00 /583 180.00 /
584 180.00 /585 180.00 /586 180.00 /587 180.00 /
588 180.00 /589 180.00 /590 180.00 /591 180.00 /
592 180.00 /593 180.00 /594 180.00 /595 180.00 /
596 180.00 /597 180.00 /598 180.00 /599 180.00 /
600 180.00 /601 180.00 /602 180.00 /607 180.00 /
608 180.00 /609 180.00 /610 180.00 /611 180.00 /
612 180.00 /613 180.00 /614 180.00 /615 180.00 /
616 180.00 /617 180.00 /618 180.00 /619 180.00 /
620 180.00 /621 180.00 /622 180.00 /623 180.00 /
624 180.00 /625 180.00 /626 180.00 /627 180.00 /
628 180.00 /629 180.00 /630 180.00 /631 180.00 /
632 180.00 /633 180.00 /634 180.00 /635 180.00 /
636 180.00 /637 180.00 /638 180.00 /639 180.00 /
640 180.00 /641 180.00 /642 180.00 /643 180.00 /
644 180.00 /645 180.00 /646 180.00 /647 180.00 /
648 180.00 /649 180.00 /650 180.00 /651 180.00 /
652 180.00 /653 180.00 /654 180.00 /655 180.00 /
656 180.00 /657 90.00 /658 90.00 /659 90.00 /
660 90.00 /661 90.00 /662 90.00 /667 180.00 /
668 180.00 /669 90.00 /670 90.00 /671 90.00 /
672 90.00 /673 90.00 /674 90.00 /679 180.00 /
680 180.00 /681 180.00 /682 180.00 /683 180.00 /
684 180.00 /685 180.00 /686 180.00 /687 180.00 /
688 180.00 /689 180.00 /690 180.00 /691 180.00 /
692 180.00 /693 180.00 /694 180.00 /695 180.00 /
696 180.00 /697 180.00 /698 180.00 /699 180.00 /
700 180.00 /701 180.00 /702 180.00 /703 180.00 /
704 180.00 /705 180.00 /706 180.00 /707 180.00 /
708 180.00 /709 180.00 /710 180.00 /711 180.00 /
712 180.00 /713 180.00 /714 180.00 /715 180.00 /
716 180.00 /717 180.00 /718 180.00 /719 180.00 /
720 180.00 /721 180.00 /722 180.00 /723 180.00 /
724 180.00 /725 180.00 /726 180.00 /727 180.00 /
728 180.00 /733 180.00 /734 180.00 /735 180.00 /
736 180.00 /737 180.00 /738 180.00 /739 180.00 /
740 180.00 /741 180.00 /742 180.00 /743 180.00 /
744 180.00 /745 180.00 /746 180.00 /747 180.00 /
748 180.00 /749 180.00 /750 180.00 /751 180.00 /
752 180.00 /753 180.00 /754 180.00 /755 180.00 /
756 180.00 /757 180.00 /758 180.00 /759 180.00 /
760 180.00 /761 180.00 /762 180.00 /763 180.00 /
764 180.00 /765 180.00 /766 180.00 /767 180.00 /
768 180.00 /769 180.00 /770 180.00 /771 180.00 /
772 180.00 /773 180.00 /774 180.00 /775 180.00 /
776 180.00 /777 180.00 /778 180.00 /779 180.00 /
780 180.00 /781 180.00 /782 180.00 /783 90.00 /
784 90.00 /785 90.00 /786 90.00 /787 90.00 /
788 90.00 /793 180.00 /794 180.00 /795 90.00 /
796 90.00 /797 90.00 /798 90.00 /799 90.00 /
800 90.00 /805 180.00 /806 180.00 /807 180.00 /
808 180.00 /809 180.00 /810 180.00 /811 180.00 /
812 180.00 /813 180.00 /814 180.00 /815 180.00 /
816 180.00 /817 180.00 /818 180.00 /819 180.00 /
820 180.00 /821 180.00 /822 180.00 /823 180.00 /
824 180.00 /825 180.00 /826 180.00 /827 180.00 /
828 180.00 /829 180.00 /830 180.00 /831 180.00 /
832 180.00 /833 180.00 /834 180.00 /835 180.00 /
836 180.00 /837 180.00 /838 180.00 /839 180.00 /
840 180.00 /841 180.00 /842 180.00 /843 180.00 /
844 180.00 /845 180.00 /846 180.00 /847 180.00 /
848 180.00 /849 180.00 /850 180.00 /851 180.00 /
852 180.00 /853 180.00 /854 180.00 /859 180.00 /
860 180.00 /861 180.00 /862 180.00 /863 180.00 /
864 180.00 /865 180.00 /866 180.00 /867 180.00 /
868 180.00 /869 180.00 /870 180.00 /871 180.00 /
872 180.00 /873 180.00 /874 180.00 /875 180.00 /
876 180.00 /877 180.00 /878 180.00 /879 180.00 /
880 180.00 /881 180.00 /882 180.00 /883 180.00 /
884 180.00 /885 180.00 /886 180.00 /887 180.00 /
888 180.00 /889 180.00 /890 180.00 /891 180.00 /
892 180.00 /893 180.00 /894 180.00 /895 180.00 /
896 180.00 /897 180.00 /898 180.00 /899 180.00 /
900 180.00 /901 180.00 /902 180.00 /903 180.00 /
904 180.00 /905 180.00 /906 180.00 /907 180.00 /
908 180.00 /909 90.00 /910 90.00 /911 90.00 /
912 90.00 /913 90.00 /914 90.00 /919 180.00 /
920 180.00 /921 90.00 /922 90.00 /923 90.00 /
924 90.00 /925 90.00 /926 90.00 /931 180.00 /
932 180.00 /933 180.00 /934 180.00 /935 180.00 /
936 180.00 /937 180.00 /938 180.00 /939 180.00 /
940 180.00 /941 180.00 /942 180.00 /943 180.00 /
944 180.00 /945 180.00 /946 180.00 /947 180.00 /
948 180.00 /949 180.00 /950 180.00 /951 180.00 /
952 180.00 /953 180.00 /954 180.00 /955 180.00 /
956 180.00 /957 180.00 /958 180.00 /959 180.00 /
960 180.00 /961 180.00 /962 180.00 /963 180.00 /
964 180.00 /965 180.00 /966 180.00 /967 180.00 /
968 180.00 /969 180.00 /970 180.00 /971 180.00 /
972 180.00 /973 180.00 /974 180.00 /975 180.00 /
976 180.00 /977 180.00 /978 180.00 /979 180.00 /
980 180.00 /985 180.00 /986 180.00 /987 180.00 /
988 180.00 /989 180.00 /990 180.00 /991 180.00 /
992 180.00 /993 180.00 /994 180.00 /995 180.00 /
996 180.00 /997 180.00 /998 180.00 /999 180.00 /
1000 180.00 /1001 180.00 /1002 180.00 /1003 180.00 /
1004 180.00 /1005 180.00 /1006 180.00 /1007 180.00 /
1008 180.00 /1009 180.00 /1010 180.00 /1011 180.00 /
1012 180.00 /1013 180.00 /1014 180.00 /1015 180.00 /
1016 180.00 /1017 180.00 /1018 180.00 /1019 180.00 /
1020 180.00 /1021 180.00 /1022 180.00 /1023 180.00 /
1024 180.00 /1025 180.00 /1026 180.00 /1027 180.00 /
1028 180.00 /1029 180.00 /1030 180.00 /1031 180.00 /
1032 180.00 /1033 180.00 /1034 180.00 /1035 90.00 /
1036 90.00 /1037 90.00 /1038 90.00 /1039 90.00 /
1040 90.00 /1045 180.00 /1046 180.00 /1047 90.00 /
1048 90.00 /1049 90.00 /1050 90.00 /1051 90.00 /
1052 90.00 /1057 180.00 /1058 180.00 /1059 180.00 /
1060 180.00 /1061 180.00 /1062 180.00 /1063 180.00 /
1064 180.00 /1065 180.00 /1066 180.00 /1067 180.00 /
1068 180.00 /1069 180.00 /1070 180.00 /1071 180.00 /
1072 180.00 /1073 180.00 /1074 180.00 /1075 180.00 /
1076 180.00 /1077 180.00 /1078 180.00 /1079 180.00 /
1080 180.00 /1081 180.00 /1082 180.00 /1083 180.00 /
1084 180.00 /1085 180.00 /1086 180.00 /1087 180.00 /
1088 180.00 /1089 180.00 /1090 180.00 /1091 180.00 /
1092 180.00 /1093 180.00 /1094 180.00 /1095 180.00 /
1096 180.00 /1097 180.00 /1098 180.00 /1099 180.00 /
1100 180.00 /1101 180.00 /1102 180.00 /1103 180.00 /
1104 180.00 /1105 180.00 /1106 180.00 /1111 180.00 /
1112 180.00 /1113 180.00 /1114 180.00 /1115 180.00 /
1116 180.00 /1117 180.00 /1118 180.00 /1119 180.00 /
1120 180.00 /1121 180.00 /1122 180.00 /1123 180.00 /
1124 180.00 /1125 180.00 /1126 180.00 /1127 180.00 /
1128 180.00 /1129 180.00 /1130 180.00 /1131 180.00 /
1132 180.00 /1133 180.00 /1134 180.00 /1135 180.00 /
1136 180.00 /1137 180.00 /1138 180.00 /1139 180.00 /
1140 180.00 /1141 180.00 /1142 180.00 /1143 180.00 /
1144 180.00 /1145 180.00 /1146 180.00 /1147 180.00 /
1148 180.00 /1149 180.00 /1150 180.00 /1151 180.00 /
1152 180.00 /1153 180.00 /1154 180.00 /1155 180.00 /
1156 180.00 /1157 180.00 /1158 180.00 /1159 180.00 /
1160 180.00 /1161 90.00 /1162 90.00 /1163 90.00 /
1164 90.00 /1165 90.00 /1166 90.00 /1171 180.00 /
1172 180.00 /1173 90.00 /1174 90.00 /1175 90.00 /
1176 90.00 /1177 90.00 /1178 90.00 /1183 180.00 /
1184 180.00 /1185 180.00 /1186 180.00 /1187 180.00 /
1188 180.00 /1189 180.00 /1190 180.00 /1191 180.00 /
1192 180.00 /1193 180.00 /1194 180.00 /1195 180.00 /
1196 180.00 /1197 180.00 /1198 180.00 /1199 180.00 /
1200 180.00 /1201 180.00 /1202 180.00 /1203 180.00 /
1204 180.00 /1205 180.00 /1206 180.00 /1207 180.00 /
1208 180.00 /1209 180.00 /1210 180.00 /1211 180.00 /
1212 180.00 /1213 180.00 /1214 180.00 /1215 180.00 /
1216 180.00 /1217 180.00 /1218 180.00 /1219 180.00 /
1220 180.00 /1221 180.00 /1222 180.00 /1223 180.00 /
1224 180.00 /1225 180.00 /1226 180.00 /1227 180.00 /
1228 180.00 /1229 180.00 /1230 180.00 /1231 180.00 /
1232 180.00 /1237 180.00 /1238 180.00 /1239 180.00 /
1240 180.00 /1241 180.00 /1242 180.00 /1243 180.00 /
1244 180.00 /1245 180.00 /1246 180.00 /1247 180.00 /
1248 180.00 /1249 180.00 /1250 180.00 /1251 180.00 /
1252 180.00 /1253 180.00 /1254 180.00 /1255 180.00 /
1256 180.00 /1257 180.00 /1258 180.00 /1259 180.00 /
1260 180.00 /1261 180.00 /1262 180.00 /1263 180.00 /
1264 180.00 /1265 180.00 /1266 180.00 /1267 180.00 /
1268 180.00 /1269 180.00 /1270 180.00 /1271 180.00 /
1272 180.00 /1273 180.00 /1274 180.00 /1275 180.00 /
1276 180.00 /1277 180.00 /1278 180.00 /1279 180.00 /
1280 180.00 /1281 180.00 /1282 180.00 /1283 180.00 /
1284 180.00 /1285 180.00 /1286 180.00 /1287 90.00 /
1288 90.00 /1289 90.00 /1290 90.00 /1291 90.00 /
1292 90.00 /1297 180.00 /1298 180.00 /1299 90.00 /
1300 90.00 /1301 90.00 /1302 90.00 /1303 90.00 /
1304 90.00 /1309 165.96 /1310 180.00 /1311 180.00 /
1312 180.00 /1313 180.00 /1314 180.00 /1315 180.00 /
1316 180.00 /1317 180.00 /1318 180.00 /1319 180.00 /
1320 180.00 /1321 180.00 /1322 180.00 /1323 180.00 /
1324 180.00 /1325 180.00 /1326 180.00 /1327 180.00 /
1328 180.00 /1329 180.00 /1330 180.00 /1331 180.00 /
1332 180.00 /1333 180.00 /1334 180.00 /1335 180.00 /
1336 180.00 /1337 180.00 /1338 180.00 /1339 180.00 /
1340 180.00 /1341 180.00 /1342 180.00 /1343 180.00 /
1344 180.00 /1345 180.00 /1346 180.00 /1347 180.00 /
1348 180.00 /1349 180.00 /1350 180.00 /1351 180.00 /
1352 180.00 /1353 180.00 /1354 180.00 /1355 180.00 /
1356 180.00 /1357 180.00 /1358 180.00 /1363 165.96 /
1364 180.00 /1365 180.00 /1366 180.00 /1367 180.00 /
1368 180.00 /1369 180.00 /1370 180.00 /1371 180.00 /
1372 180.00 /1373 180.00 /1374 180.00 /1375 180.00 /
1376 180.00 /1377 180.00 /1378 180.00 /1379 180.00 /
1380 180.00 /1381 180.00 /1382 180.00 /1383 180.00 /
1384 180.00 /1385 180.00 /1386 180.00 /1387 180.00 /
1388 180.00 /1389 180.00 /1390 180.00 /1391 180.00 /
1392 180.00 /1393 180.00 /1394 180.00 /1395 180.00 /
1396 180.00 /1397 180.00 /1398 180.00 /1399 180.00 /
1400 180.00 /1401 180.00 /1402 180.00 /1403 180.00 /
1404 180.00 /1405 180.00 /1406 180.00 /1407 180.00 /
1408 180.00 /1409 180.00 /1410 180.00 /1411 180.00 /
1412 180.00 /1413 90.00 /1418 180.00 /1419 180.00 /
1420 90.00 /1421 90.00 /1422 90.00 /1423 90.00 /
1424 90.00 /1425 90.00 /1430 180.00 /1431 180.00 /
1432 180.00 /1433 180.00 /1434 180.00 /1435 180.00 /
1436 180.00 /1437 180.00 /1438 180.00 /1439 180.00 /
1440 180.00 /1441 180.00 /1442 180.00 /1443 180.00 /
1444 180.00 /1445 180.00 /1446 180.00 /1447 180.00 /
1448 180.00 /1449 180.00 /1450 180.00 /1451 180.00 /
1452 180.00 /1453 180.00 /1454 180.00 /1455 180.00 /
1456 180.00 /1457 180.00 /1458 180.00 /1459 180.00 /
1460 180.00 /1461 180.00 /1462 180.00 /1463 180.00 /
1464 180.00 /1465 180.00 /1466 180.00 /1467 180.00 /
1468 180.00 /1469 180.00 /1470 180.00 /1471 180.00 /
1472 180.00 /1473 180.00 /1474 180.00 /1475 180.00 /
1476 180.00 /1477 180.00 /1478 180.00 /1479 180.00 /
1484 180.00 /1485 180.00 /1486 180.00 /1487 180.00 /
1488 180.00 /1489 180.00 /1490 180.00 /1491 180.00 /
1492 180.00 /1493 180.00 /1494 180.00 /1495 180.00 /
1496 180.00 /1497 180.00 /1498 180.00 /1499 180.00 /
1500 180.00 /1501 180.00 /1502 180.00 /1503 180.00 /
1504 180.00 /1505 180.00 /1506 180.00 /1507 180.00 /
1508 180.00 /1509 180.00 /1510 180.00 /1511 180.00 /
1512 180.00 /1513 180.00 /1514 180.00 /1515 180.00 /
1516 180.00 /1517 180.00 /1518 180.00 /1519 180.00 /
1520 180.00 /1521 180.00 /1522 180.00 /1523 180.00 /
1524 180.00 /1525 180.00 /1526 180.00 /1527 180.00 /
1528 180.00 /1529 180.00 /1530 180.00 /1531 180.00 /
1532 180.00 /1533 180.00 /1534 90.00 /1539 180.00 /
1540 180.00 /1541 180.00 /1542 180.00 /1543 180.00 /
1544 180.00 /1545 180.00 /1546 180.00 /1547 180.00 /
1548 180.00 /1549 180.00 /1550 180.00 /1551 180.00 /
1552 180.00 /1553 180.00 /1554 180.00 /1555 180.00 /
1556 180.00 /1557 180.00 /1558 180.00 /1559 180.00 /
1678 180.00 /1679 180.00 /1680 180.00 /1681 180.00 /
1682 180.00 /1683 180.00 /1684 180.00 /1685 180.00 /
1686 180.00 /1687 180.00 /1688 180.00 /1689 180.00 /
1690 180.00 /1691 180.00 /1692 180.00 /1693 180.00 /
1694 180.00 /1695 180.00 /1696 180.00 /1697 180.00 /
1698 180.00 /1699 90.00 /1700 90.00 /1701 90.00 /
1702 90.00 /1703 90.00 /1705 180.00 /1706 180.00 /
1707 180.00 /1708 180.00 /1709 180.00 /1710 180.00 /
1711 180.00 /1712 180.00 /1713 180.00 /1714 180.00 /
1715 180.00 /1716 180.00 /1717 180.00 /1718 180.00 /
1719 180.00 /1720 180.00 /1721 180.00 /1722 180.00 /
1723 180.00 /1724 180.00 /1729 180.00 /1730 180.00 /
1731 180.00 /1732 180.00 /1733 180.00 /1734 180.00 /
1735 180.00 /1736 180.00 /1737 180.00 /1738 180.00 /
1739 180.00 /1740 180.00 /1741 180.00 /1742 180.00 /
1743 180.00 /1744 180.00 /1745 180.00 /1746 180.00 /
1747 180.00 /1748 180.00 /1749 180.00 /1750 180.00 /
1751 180.00 /1752 180.00 /1753 180.00 /1754 180.00 /
1755 180.00 /1756 180.00 /1757 180.00 /1758 180.00 /
1759 180.00 /1760 180.00 /1761 180.00 /1762 180.00 /
1763 180.00 /1764 180.00 /1765 180.00 /1766 180.00 /
1767 180.00 /1768 180.00 /1769 180.00 /1770 180.00 /
1771 180.00 /1772 180.00 /1773 180.00 /1774 180.00 /
1775 180.00 /1776 180.00 /1777 180.00 /1778 180.00 /
1779 90.00 /1780 90.00 /1781 90.00 /1782 90.00 /
1783 90.00 /1784 90.00 /1789 180.00 /1790 82.23 /
1791 180.00 /1792 180.00 /1793 180.00 /1797 180.00 /
1798 180.00 /1799 180.00 /1800 180.00 /1801 180.00 /
1802 180.00 /1803 180.00 /1804 180.00 /1805 180.00 /
1806 180.00 /1807 180.00 /1808 180.00 /1809 180.00 /
1810 180.00 /1811 180.00 /1812 180.00 /1813 180.00 /
1814 180.00 /1815 180.00 /1816 180.00 /1817 180.00 /
1818 180.00 /1819 180.00 /1820 180.00 /1821 180.00 /
1822 180.00 /1823 180.00 /1824 180.00 /1825 90.00 /
1826 90.00 /1828 90.00 /1829 180.00 /1830 180.00 /
1831 180.00 /1832 180.00 /1833 180.00 /1834 180.00 /
1835 180.00 /1836 180.00 /1837 180.00 /1838 180.00 /
1839 180.00 /1840 180.00 /1841 180.00 /1842 180.00 /
1843 180.00 /1844 180.00 /1845 180.00 /1846 180.00 /
1847 180.00 /1852 90.00 /1853 180.00 /1854 180.00 /
1855 180.00 /1856 180.00 /1857 180.00 /1858 180.00 /
1859 180.00 /1860 180.00 /1861 180.00 /1862 180.00 /
1863 180.00 /1864 180.00 /1865 180.00 /1866 180.00 /
1867 180.00 /1868 180.00 /1869 180.00 /1870 180.00 /
1871 180.00 /1872 180.00 /1873 180.00 /1874 180.00 /
1875 180.00 /1876 180.00 /1877 180.00 /1878 180.00 /
1879 180.00 /1880 180.00 /1881 180.00 /1882 180.00 /
1883 180.00 /1884 180.00 /1885 180.00 /1886 180.00 /
1887 180.00 /1888 180.00 /1889 180.00 /1890 180.00 /
1891 180.00 /1892 180.00 /1893 180.00 /1894 180.00 /
1895 180.00 /1896 180.00 /1897 180.00 /1898 180.00 /
1899 180.00 /1900 180.00 /1901 180.00 /1902 90.00 /
1903 90.00 /1904 90.00 /1905 90.00 /1906 90.00 /
1907 90.00 /1912 180.00 /1913 74.74 /1914 180.00 /
1915 180.00 /1916 180.00 /1917 90.00 /1918 90.00 /
1919 90.00 /1923 180.00 /1924 180.00 /1925 180.00 /
1926 180.00 /1927 180.00 /1928 180.00 /1929 180.00 /
1930 180.00 /1931 180.00 /1932 180.00 /1933 180.00 /
1934 180.00 /1935 180.00 /1936 180.00 /1937 180.00 /
1938 180.00 /1939 180.00 /1940 180.00 /1941 180.00 /
1942 180.00 /1943 180.00 /1944 180.00 /1945 180.00 /
1946 180.00 /1947 180.00 /1948 180.00 /1949 180.00 /
1950 180.00 /1951 90.00 /1952 90.00 /1954 180.00 /
1955 180.00 /1956 180.00 /1957 180.00 /1958 180.00 /
1959 180.00 /1960 180.00 /1961 180.00 /1962 180.00 /
1963 180.00 /1964 180.00 /1965 180.00 /1966 180.00 /
1967 180.00 /1968 180.00 /1969 180.00 /1970 180.00 /
1971 180.00 /1972 180.00 /1973 180.00 /1978 180.00 /
1979 180.00 /1980 180.00 /1981 180.00 /1982 180.00 /
1983 180.00 /1984 180.00 /1985 180.00 /1986 180.00 /
1987 180.00 /1988 180.00 /1989 180.00 /1990 180.00 /
1991 180.00 /1992 180.00 /1993 180.00 /1994 180.00 /
1995 180.00 /1996 180.00 /1997 180.00 /1998 180.00 /
1999 180.00 /2000 180.00 /2001 180.00 /2002 180.00 /
2003 180.00 /2004 180.00 /2005 180.00 /2006 180.00 /
2007 180.00 /2008 180.00 /2009 180.00 /2010 180.00 /
2011 180.00 /2012 180.00 /2013 180.00 /2014 180.00 /
2015 180.00 /2016 180.00 /2017 180.00 /2018 180.00 /
2019 180.00 /2020 180.00 /2021 180.00 /2022 180.00 /
2023 180.00 /2024 180.00 /2025 180.00 /2026 180.00 /
2027 180.00 /2028 90.00 /2029 90.00 /2030 90.00 /
2031 90.00 /2032 90.00 /2033 90.00 /2038 180.00 /
2039 90.00 /2040 180.00 /2041 180.00 /2042 180.00 /
2043 90.00 /2044 90.00 /2045 90.00 /2049 180.00 /
2050 -123.60 /2051 -123.60 /2052 180.00 /2053 180.00 /
2054 180.00 /2055 180.00 /2056 180.00 /2057 180.00 /
2058 180.00 /2059 180.00 /2060 -90.00 /2061 -90.00 /
2062 -90.00 /2063 -90.00 /2064 -90.00 /2065 -90.00 /
2066 -90.00 /2067 -90.00 /2068 -90.00 /2069 -90.00 /
2070 -90.00 /2071 -90.00 /2072 -90.00 /2073 -90.00 /
2074 -90.00 /2075 -90.00 /2076 -90.00 /2077 -90.00 /
2078 -90.00 /2079 180.00 /2080 90.00 /2081 90.00 /
2082 90.00 /2083 90.00 /2084 90.00 /2085 90.00 /
2090 180.00 /2091 180.00 /2092 180.00 /2093 180.00 /
2094 180.00 /2095 180.00 /2096 180.00 /2097 180.00 /
2098 180.00 /2099 180.00 /2100 180.00 /2101 180.00 /
2102 180.00 /2103 180.00 /2104 180.00 /2105 180.00 /
2106 180.00 /2107 180.00 /2108 180.00 /2109 180.00 /
2110 180.00 /2111 180.00 /2112 180.00 /2117 180.00 /
2118 180.00 /2119 180.00 /2120 180.00 /2121 180.00 /
2122 180.00 /2123 180.00 /2124 180.00 /2125 180.00 /
2126 180.00 /2127 180.00 /2128 180.00 /2129 180.00 /
2130 180.00 /2131 180.00 /2132 180.00 /2133 180.00 /
2134 180.00 /2135 180.00 /2136 180.00 /2137 180.00 /
2138 180.00 /2139 180.00 /2140 180.00 /2141 180.00 /
2142 180.00 /2143 180.00 /2144 180.00 /2145 180.00 /
2146 180.00 /2147 180.00 /2148 180.00 /2149 180.00 /
2150 180.00 /2151 180.00 /2152 180.00 /2153 180.00 /
2154 180.00 /2155 180.00 /2156 180.00 /2157 180.00 /
2158 180.00 /2159 180.00 /2160 180.00 /2161 180.00 /
2162 180.00 /2163 180.00 /2164 180.00 /2165 180.00 /
2166 180.00 /2167 90.00 /2168 90.00 /2169 90.00 /
2170 90.00 /2171 90.00 /2172 90.00 /2177 180.00 /
2178 123.02 /2179 -70.31 /2180 -70.31 /2181 180.00 /
2182 180.00 /2183 180.00 /2184 180.00 /2185 180.00 /
2186 180.00 /2187 180.00 /2188 180.00 /2189 -90.00 /
2190 -90.00 /2191 -90.00 /2192 -90.00 /2193 -90.00 /
2194 -90.00 /2195 -90.00 /2196 -90.00 /2197 -90.00 /
2198 -90.00 /2199 -90.00 /2200 -90.00 /2201 -90.00 /
2202 -90.00 /2203 -90.00 /2204 -90.00 /2205 -90.00 /
2206 -90.00 /2207 -90.00 /2208 180.00 /2210 -90.00 /
2211 180.00 /2212 90.00 /2213 90.00 /2214 90.00 /
2215 90.00 /2216 90.00 /2217 90.00 /2222 180.00 /
2223 180.00 /2224 180.00 /2225 180.00 /2226 180.00 /
2227 180.00 /2228 180.00 /2229 180.00 /2230 180.00 /
2231 180.00 /2232 180.00 /2233 180.00 /2234 180.00 /
2235 180.00 /2236 180.00 /2237 180.00 /2238 180.00 /
2239 180.00 /2240 180.00 /2241 180.00 /2242 180.00 /
2243 180.00 /2244 180.00 /2249 180.00 /2250 180.00 /
2251 180.00 /2252 180.00 /2253 180.00 /2254 180.00 /
2255 180.00 /2256 180.00 /2257 180.00 /2258 180.00 /
2259 180.00 /2260 180.00 /2261 180.00 /2262 180.00 /
2263 180.00 /2264 180.00 /2265 180.00 /2266 180.00 /
2267 180.00 /2268 180.00 /2269 180.00 /2270 180.00 /
2271 180.00 /2272 180.00 /2273 180.00 /2274 180.00 /
2275 180.00 /2276 180.00 /2277 180.00 /2278 180.00 /
2279 180.00 /2280 180.00 /2281 180.00 /2282 180.00 /
2283 180.00 /2284 180.00 /2285 180.00 /2286 180.00 /
2287 180.00 /2288 180.00 /2289 180.00 /2290 180.00 /
2291 180.00 /2292 180.00 /2293 180.00 /2294 180.00 /
2295 180.00 /2296 180.00 /2297 180.00 /2298 180.00 /
2299 90.00 /2300 90.00 /2301 90.00 /2302 90.00 /
2303 90.00 /2304 90.00 /2309 180.00 /2310 180.00 /
2311 90.00 /2312 90.00 /2313 90.00 /2314 90.00 /
2315 90.00 /2316 90.00 /2321 180.00 /2322 180.00 /
2323 180.00 /2324 180.00 /2325 180.00 /2326 180.00 /
2327 180.00 /2328 180.00 /2329 180.00 /2330 180.00 /
2331 180.00 /2332 180.00 /2333 180.00 /2334 180.00 /
2335 180.00 /2336 180.00 /2337 180.00 /2338 180.00 /
2339 180.00 /2340 180.00 /2341 180.00 /2342 180.00 /
2343 180.00 /2348 180.00 /2349 180.00 /2350 180.00 /
2351 180.00 /2352 180.00 /2353 180.00 /2354 180.00 /
2355 180.00 /2356 180.00 /2357 180.00 /2358 180.00 /
2359 180.00 /2360 180.00 /2361 180.00 /2362 180.00 /
2363 180.00 /2364 180.00 /2365 180.00 /2366 180.00 /
2367 180.00 /2368 180.00 /2369 180.00 /2370 180.00 /
2371 180.00 /2372 180.00 /2373 180.00 /2374 180.00 /
2375 180.00 /2376 180.00 /2377 180.00 /2378 180.00 /
2379 180.00 /2380 180.00 /2381 180.00 /2382 180.00 /
2383 180.00 /2384 180.00 /2385 180.00 /2386 180.00 /
2387 180.00 /2388 180.00 /2389 180.00 /2390 180.00 /
2391 180.00 /2392 180.00 /2393 180.00 /2394 180.00 /
2395 180.00 /2396 180.00 /2397 180.00 /2398 90.00 /
2399 90.00 /2400 90.00 /2401 90.00 /2402 90.00 /
2403 90.00 /2408 180.00 /2409 180.00 /2410 180.00 /
2411 180.00 /2412 180.00 /2413 180.00 /2414 180.00 /
2415 180.00 /2416 180.00 /2417 180.00 /2418 180.00 /
2419 180.00 /2420 180.00 /2421 180.00 /2422 180.00 /
2423 180.00 /2424 180.00 /2425 180.00 /2426 180.00 /
2427 180.00 /2428 180.00 /2429 180.00 /2430 180.00 /
2431 180.00 /2432 180.00 /2433 180.00 /2434 180.00 /
2435 180.00 /2436 180.00 /2437 180.00 /2438 180.00 /
2439 109.29 /2440 56.40 /2441 56.40 /2442 56.40 /
2443 180.00 /2444 90.00 /2445 90.00 /2446 90.00 /
2447 90.00 /2448 90.00 /2449 90.00 /2454 180.00 /
2455 180.00 /2456 180.00 /2457 180.00 /2458 180.00 /
2459 180.00 /2460 180.00 /2461 180.00 /2462 180.00 /
2463 180.00 /2464 180.00 /2465 180.00 /2466 180.00 /
2467 180.00 /2468 180.00 /2469 180.00 /2470 180.00 /
2471 180.00 /2472 180.00 /2473 180.00 /2474 180.00 /
2475 180.00 /2476 180.00 /2481 180.00 /2482 180.00 /
2483 180.00 /2484 180.00 /2485 180.00 /2486 180.00 /
2487 180.00 /2488 180.00 /2489 180.00 /2490 180.00 /
2491 180.00 /2492 180.00 /2493 180.00 /2494 180.00 /
2495 180.00 /2496 180.00 /2497 180.00 /2498 180.00 /
2499 180.00 /2500 180.00 /2501 180.00 /2502 180.00 /
2503 180.00 /2504 180.00 /2505 180.00 /2506 180.00 /
2507 180.00 /2508 180.00 /2509 180.00 /2510 180.00 /
2511 180.00 /2512 180.00 /2513 180.00 /2514 180.00 /
2515 180.00 /2516 180.00 /2517 180.00 /2518 180.00 /
2519 180.00 /2520 180.00 /2521 180.00 /2522 180.00 /
2523 180.00 /2524 180.00 /2525 180.00 /2526 180.00 /
2527 180.00 /2528 180.00 /2529 180.00 /2530 180.00 /
2531 90.00 /2532 90.00 /2533 90.00 /2534 90.00 /
2535 90.00 /2536 90.00 /2541 180.00 /2542 180.00 /
2543 180.00 /2544 180.00 /2545 180.00 /2546 180.00 /
2547 180.00 /2548 180.00 /2549 180.00 /2550 180.00 /
2551 180.00 /2552 180.00 /2553 180.00 /2554 180.00 /
2555 180.00 /2556 180.00 /2557 180.00 /2558 180.00 /
2559 180.00 /2560 180.00 /2561 180.00 /2562 180.00 /
2563 180.00 /2564 180.00 /2565 180.00 /2566 180.00 /
2567 180.00 /2568 180.00 /2569 180.00 /2570 180.00 /
2571 180.00 /2572 90.00 /2573 90.00 /2574 90.00 /
2578 105.26 /2579 180.00 /2580 180.00 /2581 180.00 /
2582 180.00 /2583 90.00 /2584 90.00 /2586 180.00 /
2587 180.00 /2588 180.00 /2589 180.00 /2590 180.00 /
2591 180.00 /2592 180.00 /2593 180.00 /2594 180.00 /
2595 180.00 /2596 180.00 /2597 180.00 /2598 180.00 /
2599 180.00 /2600 180.00 /2601 180.00 /2602 180.00 /
2603 180.00 /2604 180.00 /2605 180.00 /2610 180.00 /
2611 180.00 /2612 180.00 /2613 180.00 /2614 180.00 /
2615 180.00 /2616 180.00 /2617 180.00 /2618 180.00 /
2619 180.00 /2620 180.00 /2621 180.00 /2622 180.00 /
2623 180.00 /2624 180.00 /2625 180.00 /2626 180.00 /
2627 180.00 /2628 180.00 /2629 180.00 /2630 180.00 /
2631 180.00 /2632 180.00 /2633 180.00 /2634 180.00 /
2635 180.00 /2636 180.00 /2637 180.00 /2638 180.00 /
2639 180.00 /2640 180.00 /2641 180.00 /2642 180.00 /
2643 180.00 /2644 180.00 /2645 180.00 /2646 180.00 /
2647 180.00 /2648 180.00 /2649 180.00 /2650 180.00 /
2651 180.00 /2652 180.00 /2653 180.00 /2654 180.00 /
2655 180.00 /2656 180.00 /2657 180.00 /2658 180.00 /
2659 180.00 /2660 90.00 /2661 90.00 /2662 90.00 /
2663 90.00 /2664 90.00 /2665 90.00 /2670 180.00 /
2680 180.00 /2681 180.00 /2682 180.00 /2683 180.00 /
2684 180.00 /2685 180.00 /2686 180.00 /2687 180.00 /
2688 180.00 /2689 180.00 /2690 180.00 /2691 180.00 /
2692 180.00 /2693 180.00 /2694 180.00 /2695 180.00 /
2696 180.00 /2697 180.00 /2698 180.00 /2699 180.00 /
2700 180.00 /2701 180.00 /2702 180.00 /2703 180.00 /
2704 180.00 /2705 180.00 /2706 180.00 /2707 97.77 /
2708 90.00 /2709 90.00 /2710 180.00 /2711 180.00 /
2712 180.00 /2713 90.00 /2714 180.00 /2715 90.00 /
2716 90.00 /2718 165.96 /2719 180.00 /2720 180.00 /
2721 180.00 /2722 180.00 /2723 180.00 /2724 180.00 /
2725 180.00 /2726 180.00 /2727 180.00 /2728 180.00 /
2729 180.00 /2730 180.00 /2731 180.00 /2732 180.00 /
2733 180.00 /2734 180.00 /2735 180.00 /2736 180.00 /
2737 180.00 /2742 165.96 /2743 180.00 /2744 180.00 /
2745 180.00 /2746 180.00 /2747 180.00 /2748 180.00 /
2749 180.00 /2750 180.00 /2751 180.00 /2752 180.00 /
2753 180.00 /2754 180.00 /2755 180.00 /2756 180.00 /
2757 180.00 /2758 180.00 /2759 180.00 /2760 180.00 /
2761 180.00 /2762 180.00 /2763 180.00 /2764 180.00 /
2765 180.00 /2766 180.00 /2767 180.00 /2768 180.00 /
2769 180.00 /2770 180.00 /2771 180.00 /2772 180.00 /
2773 180.00 /2774 180.00 /2775 180.00 /2776 180.00 /
2777 180.00 /2778 180.00 /2779 180.00 /2780 180.00 /
2781 180.00 /2782 180.00 /2783 180.00 /2784 180.00 /
2785 180.00 /2786 180.00 /2787 180.00 /2788 180.00 /
2789 180.00 /2790 180.00 /2791 180.00 /2792 90.00 /
2793 90.00 /2794 90.00 /2795 90.00 /2796 90.00 /
2797 90.00 /2802 180.00 /2806 180.00 /2807 180.00 /
2808 180.00 /2809 180.00 /2810 180.00 /2811 180.00 /
2812 180.00 /2813 180.00 /2814 180.00 /2815 180.00 /
2816 180.00 /2817 180.00 /2818 180.00 /2819 180.00 /
2820 180.00 /2821 180.00 /2822 180.00 /2823 180.00 /
2824 180.00 /2825 180.00 /2826 180.00 /2827 180.00 /
2828 180.00 /2829 180.00 /2830 180.00 /2831 180.00 /
2832 180.00 /2833 90.00 /2834 180.00 /2835 180.00 /
2836 180.00 /2837 180.00 /2838 90.00 /2839 90.00 /
2840 90.00 /2841 90.00 /2842 90.00 /2844 180.00 /
2845 180.00 /2846 180.00 /2847 180.00 /2848 180.00 /
2849 180.00 /2850 180.00 /2851 180.00 /2852 180.00 /
2853 180.00 /2854 180.00 /2855 180.00 /2856 180.00 /
2857 180.00 /2858 180.00 /2859 180.00 /2860 180.00 /
2861 180.00 /2862 180.00 /2863 180.00 /2868 180.00 /
2869 180.00 /2870 180.00 /2871 180.00 /2872 180.00 /
2873 180.00 /2874 180.00 /2875 180.00 /2876 180.00 /
2877 180.00 /2878 180.00 /2879 180.00 /2880 180.00 /
2881 180.00 /2882 180.00 /2883 180.00 /2884 180.00 /
2885 180.00 /2886 180.00 /2887 180.00 /2888 180.00 /
2889 180.00 /2890 180.00 /2891 180.00 /2892 180.00 /
2893 180.00 /2894 180.00 /2895 180.00 /2896 180.00 /
2897 180.00 /2898 180.00 /2899 180.00 /2900 180.00 /
2901 180.00 /2902 180.00 /2903 180.00 /2904 180.00 /
2905 180.00 /2906 180.00 /2907 180.00 /2908 180.00 /
2909 180.00 /2910 180.00 /2911 180.00 /2912 180.00 /
2913 180.00 /2914 180.00 /2915 180.00 /2916 180.00 /
2917 180.00 /2918 90.00 /2919 90.00 /2920 90.00 /
2921 90.00 /2922 90.00 /2923 90.00 /2928 180.00 /
2929 180.00 /2930 180.00 /2931 180.00 /2932 180.00 /
2933 180.00 /2934 180.00 /2935 180.00 /2936 180.00 /
2937 180.00 /2938 180.00 /2939 180.00 /2940 180.00 /
2941 180.00 /2942 180.00 /2943 180.00 /2944 180.00 /
2945 180.00 /2946 180.00 /2947 180.00 /2948 180.00 /
3067 180.00 /3068 180.00 /3069 180.00 /3070 180.00 /
3071 180.00 /3072 180.00 /3073 180.00 /3074 180.00 /
3075 180.00 /3076 180.00 /3077 180.00 /3078 180.00 /
3079 180.00 /3080 180.00 /3081 180.00 /3082 180.00 /
3083 180.00 /3084 180.00 /3085 180.00 /3086 180.00 /
3087 180.00 /3088 90.00 /3089 90.00 /3090 90.00 /
3091 90.00 /3092 90.00 /3093 90.00 /3098 180.00 /
3099 180.00 /3100 180.00 /3101 180.00 /3102 180.00 /
3103 180.00 /3104 180.00 /3105 180.00 /3106 180.00 /
3107 180.00 /3108 180.00 /3109 180.00 /3110 180.00 /
3111 180.00 /3112 180.00 /3113 180.00 /3114 180.00 /
3115 180.00 /3116 180.00 /3117 180.00 /3118 180.00 /
3119 180.00 /3120 180.00 /3121 180.00 /3122 180.00 /
3123 180.00 /3124 180.00 /3125 180.00 /3126 180.00 /
3127 180.00 /3128 180.00 /3129 180.00 /3130 180.00 /
3131 180.00 /3132 180.00 /3133 180.00 /3134 180.00 /
3135 180.00 /3136 180.00 /3137 180.00 /3138 180.00 /
3139 180.00 /3140 180.00 /3141 180.00 /3142 180.00 /
3143 180.00 /3144 180.00 /3145 180.00 /3146 180.00 /
3147 180.00 /3152 180.00 /3153 180.00 /3154 180.00 /
3155 180.00 /3156 180.00 /3157 180.00 /3158 180.00 /
3159 180.00 /3160 180.00 /3161 180.00 /3162 180.00 /
3163 180.00 /3164 180.00 /3165 180.00 /3166 180.00 /
3167 180.00 /3168 180.00 /3169 180.00 /3170 180.00 /
3171 180.00 /3172 180.00 /3173 180.00 /3174 180.00 /
3175 180.00 /3176 180.00 /3177 180.00 /3178 180.00 /
3179 180.00 /3180 180.00 /3181 180.00 /3182 180.00 /
3183 180.00 /3184 180.00 /3185 180.00 /3186 180.00 /
3187 180.00 /3188 180.00 /3189 180.00 /3190 180.00 /
3191 180.00 /3192 180.00 /3193 180.00 /3194 180.00 /
3195 180.00 /3196 180.00 /3197 180.00 /3198 180.00 /
3199 180.00 /3200 180.00 /3201 180.00 /3202 90.00 /
3203 90.00 /3204 90.00 /3205 90.00 /3206 90.00 /
3207 90.00 /3212 180.00 /3213 180.00 /3214 90.00 /
3215 90.00 /3216 90.00 /3217 90.00 /3218 90.00 /
3219 90.00 /3224 90.00 /3225 180.00 /3226 180.00 /
3227 180.00 /3228 180.00 /3229 180.00 /3230 180.00 /
3231 180.00 /3232 180.00 /3233 180.00 /3234 180.00 /
3235 180.00 /3236 180.00 /3237 180.00 /3238 180.00 /
3239 180.00 /3240 180.00 /3241 180.00 /3242 180.00 /
3243 180.00 /3244 180.00 /3245 180.00 /3246 180.00 /
3247 180.00 /3248 180.00 /3249 180.00 /3250 180.00 /
3251 180.00 /3252 180.00 /3253 180.00 /3254 180.00 /
3255 180.00 /3256 180.00 /3257 180.00 /3258 180.00 /
3259 180.00 /3260 180.00 /3261 180.00 /3262 180.00 /
3263 180.00 /3264 180.00 /3265 180.00 /3266 180.00 /
3267 180.00 /3268 180.00 /3269 180.00 /3270 180.00 /
3271 180.00 /3272 180.00 /3273 180.00 /3278 90.00 /
3279 180.00 /3280 180.00 /3281 180.00 /3282 180.00 /
3283 180.00 /3284 180.00 /3285 180.00 /3286 180.00 /
3287 180.00 /3288 180.00 /3289 180.00 /3290 180.00 /
3291 180.00 /3292 180.00 /3293 180.00 /3294 180.00 /
3295 180.00 /3296 180.00 /3297 180.00 /3298 180.00 /
3299 180.00 /3300 180.00 /3301 180.00 /3302 180.00 /
3303 180.00 /3304 180.00 /3305 180.00 /3306 180.00 /
3307 180.00 /3308 180.00 /3309 180.00 /3310 180.00 /
3311 180.00 /3312 180.00 /3313 180.00 /3314 180.00 /
3315 180.00 /3316 180.00 /3317 180.00 /3318 180.00 /
3319 180.00 /3320 180.00 /3321 180.00 /3322 180.00 /
3323 180.00 /3324 180.00 /3325 180.00 /3326 180.00 /
3327 180.00 /3328 90.00 /3329 90.00 /3330 90.00 /
3331 90.00 /3332 90.00 /3333 90.00 /3338 180.00 /
3339 180.00 /3340 90.00 /3341 90.00 /3342 90.00 /
3343 90.00 /3344 90.00 /3345 90.00 /3350 180.00 /
3351 180.00 /3352 180.00 /3353 180.00 /3354 180.00 /
3355 180.00 /3356 180.00 /3357 180.00 /3358 180.00 /
3359 180.00 /3360 180.00 /3361 180.00 /3362 180.00 /
3363 180.00 /3364 180.00 /3365 180.00 /3366 180.00 /
3367 180.00 /3368 180.00 /3369 180.00 /3370 180.00 /
3371 180.00 /3372 180.00 /3373 180.00 /3374 180.00 /
3375 180.00 /3376 180.00 /3377 180.00 /3378 180.00 /
3379 180.00 /3380 180.00 /3381 180.00 /3382 180.00 /
3383 180.00 /3384 180.00 /3385 180.00 /3386 180.00 /
3387 180.00 /3388 180.00 /3389 180.00 /3390 180.00 /
3391 180.00 /3392 180.00 /3393 180.00 /3394 180.00 /
3395 180.00 /3396 180.00 /3397 180.00 /3398 180.00 /
3399 180.00 /3404 180.00 /3405 180.00 /3406 180.00 /
3407 180.00 /3408 180.00 /3409 180.00 /3410 180.00 /
3411 180.00 /3412 180.00 /3413 180.00 /3414 180.00 /
3415 180.00 /3416 180.00 /3417 180.00 /3418 180.00 /
3419 180.00 /3420 180.00 /3421 180.00 /3422 180.00 /
3423 180.00 /3424 180.00 /3425 180.00 /3426 180.00 /
3427 180.00 /3428 180.00 /3429 180.00 /3430 180.00 /
3431 180.00 /3432 180.00 /3433 180.00 /3434 180.00 /
3435 180.00 /3436 180.00 /3437 180.00 /3438 180.00 /
3439 180.00 /3440 180.00 /3441 180.00 /3442 180.00 /
3443 180.00 /3444 180.00 /3445 180.00 /3446 180.00 /
3447 180.00 /3448 180.00 /3449 180.00 /3450 180.00 /
3451 180.00 /3452 180.00 /3453 180.00 /3454 90.00 /
3455 90.00 /3456 90.00 /3457 90.00 /3458 90.00 /
3459 90.00 /3464 180.00 /3465 180.00 /3466 90.00 /
3467 90.00 /3468 90.00 /3469 90.00 /3470 90.00 /
3471 90.00 /3476 180.00 /3477 180.00 /3478 180.00 /
3479 180.00 /3480 180.00 /3481 180.00 /3482 180.00 /
3483 180.00 /3484 180.00 /3485 180.00 /3486 180.00 /
3487 180.00 /3488 180.00 /3489 180.00 /3490 180.00 /
3491 180.00 /3492 180.00 /3493 180.00 /3494 180.00 /
3495 180.00 /3496 180.00 /3497 180.00 /3498 180.00 /
3499 180.00 /3500 180.00 /3501 180.00 /3502 180.00 /
3503 180.00 /3504 180.00 /3505 180.00 /3506 180.00 /
3507 180.00 /3508 180.00 /3509 180.00 /3510 180.00 /
3511 180.00 /3512 180.00 /3513 180.00 /3514 180.00 /
3515 180.00 /3516 180.00 /3517 180.00 /3518 180.00 /
3519 180.00 /3520 180.00 /3521 180.00 /3522 180.00 /
3523 180.00 /3524 180.00 /3525 180.00 /3530 180.00 /
3531 180.00 /3532 180.00 /3533 180.00 /3534 180.00 /
3535 180.00 /3536 180.00 /3537 180.00 /3538 180.00 /
3539 180.00 /3540 180.00 /3541 180.00 /3542 180.00 /
3543 180.00 /3544 180.00 /3545 180.00 /3546 180.00 /
3547 180.00 /3548 180.00 /3549 180.00 /3550 180.00 /
3551 180.00 /3552 180.00 /3553 180.00 /3554 180.00 /
3555 180.00 /3556 180.00 /3557 180.00 /3558 180.00 /
3559 180.00 /3560 180.00 /3561 180.00 /3562 180.00 /
3563 180.00 /3564 180.00 /3565 180.00 /3566 180.00 /
3567 180.00 /3568 180.00 /3569 180.00 /3570 180.00 /
3571 180.00 /3572 180.00 /3573 180.00 /3574 180.00 /
3575 180.00 /3576 180.00 /3577 180.00 /3578 180.00 /
3579 180.00 /3580 90.00 /3581 90.00 /3582 90.00 /
3583 90.00 /3584 90.00 /3585 90.00 /3590 180.00 /
3591 180.00 /3592 90.00 /3593 90.00 /3594 90.00 /
3595 90.00 /3596 90.00 /3597 90.00 /3602 180.00 /
3603 180.00 /3604 180.00 /3605 180.00 /3606 180.00 /
3607 180.00 /3608 180.00 /3609 180.00 /3610 180.00 /
3611 180.00 /3612 180.00 /3613 180.00 /3614 180.00 /
3615 180.00 /3616 180.00 /3617 180.00 /3618 180.00 /
3619 180.00 /3620 180.00 /3621 180.00 /3622 180.00 /
3623 180.00 /3624 180.00 /3625 180.00 /3626 180.00 /
3627 180.00 /3628 180.00 /3629 180.00 /3630 180.00 /
3631 180.00 /3632 180.00 /3633 180.00 /3634 180.00 /
3635 180.00 /3636 180.00 /3637 180.00 /3638 180.00 /
3639 180.00 /3640 180.00 /3641 180.00 /3642 180.00 /
3643 180.00 /3644 180.00 /3645 180.00 /3646 180.00 /
3647 180.00 /3648 180.00 /3649 180.00 /3650 180.00 /
3651 180.00 /3656 180.00 /3657 180.00 /3658 180.00 /
3659 180.00 /3660 180.00 /3661 180.00 /3662 180.00 /
3663 180.00 /3664 180.00 /3665 180.00 /3666 180.00 /
3667 180.00 /3668 180.00 /3669 180.00 /3670 180.00 /
3671 180.00 /3672 180.00 /3673 180.00 /3674 180.00 /
3675 180.00 /3676 180.00 /3677 180.00 /3678 180.00 /
3679 180.00 /3680 180.00 /3681 180.00 /3682 180.00 /
3683 180.00 /3684 180.00 /3685 180.00 /3686 180.00 /
3687 180.00 /3688 180.00 /3689 180.00 /3690 180.00 /
3691 180.00 /3692 180.00 /3693 180.00 /3694 180.00 /
3695 180.00 /3696 180.00 /3697 180.00 /3698 180.00 /
3699 180.00 /3700 180.00 /3701 180.00 /3702 180.00 /
3703 180.00 /3704 180.00 /3705 180.00 /3706 90.00 /
3707 90.00 /3708 90.00 /3709 90.00 /3710 90.00 /
3711 90.00 /3716 180.00 /3717 180.00 /3718 90.00 /
3719 90.00 /3720 90.00 /3721 90.00 /3722 90.00 /
3723 90.00 /3728 180.00 /3729 180.00 /3730 180.00 /
3731 180.00 /3732 180.00 /3733 180.00 /3734 180.00 /
3735 180.00 /3736 180.00 /3737 180.00 /3738 180.00 /
3739 180.00 /3740 180.00 /3741 180.00 /3742 180.00 /
3743 180.00 /3744 180.00 /3745 180.00 /3746 180.00 /
3747 180.00 /3748 180.00 /3749 180.00 /3750 180.00 /
3751 180.00 /3752 180.00 /3753 180.00 /3754 180.00 /
3755 180.00 /3756 180.00 /3757 180.00 /3758 180.00 /
3759 180.00 /3760 180.00 /3761 180.00 /3762 180.00 /
3763 180.00 /3764 180.00 /3765 180.00 /3766 180.00 /
3767 180.00 /3768 180.00 /3769 180.00 /3770 180.00 /
3771 180.00 /3772 180.00 /3773 180.00 /3774 180.00 /
3775 180.00 /3776 180.00 /3777 180.00 /3782 180.00 /
3783 180.00 /3784 180.00 /3785 180.00 /3786 180.00 /
3787 180.00 /3788 180.00 /3789 180.00 /3790 180.00 /
3791 180.00 /3792 180.00 /3793 180.00 /3794 180.00 /
3795 180.00 /3796 180.00 /3797 180.00 /3798 180.00 /
3799 180.00 /3800 180.00 /3801 180.00 /3802 180.00 /
3803 180.00 /3804 180.00 /3805 180.00 /3806 180.00 /
3807 180.00 /3808 180.00 /3809 180.00 /3810 180.00 /
3811 180.00 /3812 180.00 /3813 180.00 /3814 180.00 /
3815 180.00 /3816 180.00 /3817 180.00 /3818 180.00 /
3819 180.00 /3820 180.00 /3821 180.00 /3822 180.00 /
3823 180.00 /3824 180.00 /3825 180.00 /3826 180.00 /
3827 180.00 /3828 180.00 /3829 180.00 /3830 180.00 /
3831 180.00 /3832 90.00 /3833 90.00 /3834 90.00 /
3835 90.00 /3836 90.00 /3837 90.00 /3842 180.00 /
3843 180.00 /3844 90.00 /3845 90.00 /3846 90.00 /
3847 90.00 /3848 90.00 /3849 90.00 /3854 180.00 /
3855 180.00 /3856 180.00 /3857 180.00 /3858 180.00 /
3859 180.00 /3860 180.00 /3861 180.00 /3862 180.00 /
3863 180.00 /3864 180.00 /3865 180.00 /3866 180.00 /
3867 180.00 /3868 180.00 /3869 180.00 /3870 180.00 /
3871 180.00 /3872 180.00 /3873 180.00 /3874 180.00 /
3875 180.00 /3876 180.00 /3877 180.00 /3878 180.00 /
3879 180.00 /3880 180.00 /3881 180.00 /3882 180.00 /
3883 180.00 /3884 180.00 /3885 180.00 /3886 180.00 /
3887 180.00 /3888 180.00 /3889 180.00 /3890 180.00 /
3891 180.00 /3892 180.00 /3893 180.00 /3894 180.00 /
3895 180.00 /3896 180.00 /3897 180.00 /3898 180.00 /
3899 180.00 /3900 180.00 /3901 180.00 /3902 180.00 /
3903 180.00 /3908 180.00 /3909 180.00 /3910 180.00 /
3911 180.00 /3912 180.00 /3913 180.00 /3914 180.00 /
3915 180.00 /3916 180.00 /3917 180.00 /3918 180.00 /
3919 180.00 /3920 180.00 /3921 180.00 /3922 180.00 /
3923 180.00 /3924 180.00 /3925 180.00 /3926 180.00 /
3927 180.00 /3928 180.00 /3929 180.00 /3930 180.00 /
3931 180.00 /3932 180.00 /3933 180.00 /3934 180.00 /
3935 180.00 /3936 180.00 /3937 180.00 /3938 180.00 /
3939 180.00 /3940 180.00 /3941 180.00 /3942 180.00 /
3943 180.00 /3944 180.00 /3945 180.00 /3946 180.00 /
3947 180.00 /3948 180.00 /3949 180.00 /3950 180.00 /
3951 180.00 /3952 180.00 /3953 180.00 /3954 180.00 /
3955 180.00 /3956 180.00 /3957 180.00 /3958 90.00 /
3959 90.00 /3960 90.00 /3961 90.00 /3962 90.00 /
3963 90.00 /3968 180.00 /3969 180.00 /3970 90.00 /
3971 90.00 /3972 90.00 /3973 90.00 /3974 90.00 /
3975 90.00 /3980 180.00 /3981 180.00 /3982 180.00 /
3983 180.00 /3984 180.00 /3985 180.00 /3986 180.00 /
3987 180.00 /3988 180.00 /3989 180.00 /3990 180.00 /
3991 180.00 /3992 180.00 /3993 180.00 /3994 180.00 /
3995 180.00 /3996 180.00 /3997 180.00 /3998 180.00 /
3999 180.00 /4000 180.00 /4001 180.00 /4002 180.00 /
4003 180.00 /4004 180.00 /4005 180.00 /4006 180.00 /
4007 180.00 /4008 180.00 /4009 180.00 /4010 180.00 /
4011 180.00 /4012 180.00 /4013 180.00 /4014 180.00 /
4015 180.00 /4016 180.00 /4017 180.00 /4018 180.00 /
4019 180.00 /4020 180.00 /4021 180.00 /4022 180.00 /
4023 180.00 /4024 180.00 /4025 180.00 /4026 180.00 /
4027 180.00 /4028 180.00 /4029 180.00 /4034 180.00 /
4035 180.00 /4036 180.00 /4037 180.00 /4038 180.00 /
4039 180.00 /4040 180.00 /4041 180.00 /4042 180.00 /
4043 180.00 /4044 180.00 /4045 180.00 /4046 180.00 /
4047 180.00 /4048 180.00 /4049 180.00 /4050 180.00 /
4051 180.00 /4052 180.00 /4053 180.00 /4054 180.00 /
4055 180.00 /4056 180.00 /4057 180.00 /4058 180.00 /
4059 180.00 /4060 180.00 /4061 180.00 /4062 180.00 /
4063 180.00 /4064 180.00 /4065 180.00 /4066 180.00 /
4067 180.00 /4068 180.00 /4069 180.00 /4070 180.00 /
4071 180.00 /4072 180.00 /4073 180.00 /4074 180.00 /
4075 180.00 /4076 180.00 /4077 180.00 /4078 180.00 /
4079 180.00 /4080 180.00 /4081 180.00 /4082 180.00 /
4083 180.00 /4084 90.00 /4085 90.00 /4086 90.00 /
4087 90.00 /4088 90.00 /4089 90.00 /4094 180.00 /
4095 180.00 /4096 90.00 /4097 90.00 /4098 90.00 /
4099 90.00 /4100 90.00 /4101 90.00 /4106 165.96 /
4107 180.00 /4108 180.00 /4109 180.00 /4110 180.00 /
4111 180.00 /4112 180.00 /4113 180.00 /4114 180.00 /
4115 180.00 /4116 180.00 /4117 180.00 /4118 180.00 /
4119 180.00 /4120 180.00 /4121 180.00 /4122 180.00 /
4123 180.00 /4124 180.00 /4125 180.00 /4126 180.00 /
4127 180.00 /4128 180.00 /4129 180.00 /4130 180.00 /
4131 180.00 /4132 180.00 /4133 180.00 /4134 180.00 /
4135 180.00 /4136 180.00 /4137 180.00 /4138 180.00 /
4139 180.00 /4140 180.00 /4141 180.00 /4142 180.00 /
4143 180.00 /4144 180.00 /4145 180.00 /4146 180.00 /
4147 180.00 /4148 180.00 /4149 180.00 /4150 180.00 /
4151 180.00 /4152 180.00 /4153 180.00 /4154 180.00 /
4155 180.00 /4160 165.96 /4161 180.00 /4162 180.00 /
4163 180.00 /4164 180.00 /4165 180.00 /4166 180.00 /
4167 180.00 /4168 180.00 /4169 180.00 /4170 180.00 /
4171 180.00 /4172 180.00 /4173 180.00 /4174 180.00 /
4175 180.00 /4176 180.00 /4177 180.00 /4178 180.00 /
4179 180.00 /4180 180.00 /4181 180.00 /4182 180.00 /
4183 180.00 /4184 180.00 /4185 180.00 /4186 180.00 /
4187 180.00 /4188 180.00 /4189 180.00 /4190 180.00 /
4191 180.00 /4192 180.00 /4193 180.00 /4194 180.00 /
4195 180.00 /4196 180.00 /4197 180.00 /4198 180.00 /
4199 180.00 /4200 180.00 /4201 180.00 /4202 180.00 /
4203 180.00 /4204 180.00 /4205 180.00 /4206 180.00 /
4207 180.00 /4208 180.00 /4209 180.00 /4210 90.00 /
4211 90.00 /4212 90.00 /4213 90.00 /4214 90.00 /
4215 90.00 /4220 180.00 /4221 180.00 /4222 90.00 /
4223 90.00 /4224 90.00 /4225 90.00 /4226 90.00 /
4227 90.00 /4232 180.00 /4233 180.00 /4234 180.00 /
4235 180.00 /4236 180.00 /4237 180.00 /4238 180.00 /
4239 180.00 /4240 180.00 /4241 180.00 /4242 180.00 /
4243 180.00 /4244 180.00 /4245 180.00 /4246 180.00 /
4247 180.00 /4248 180.00 /4249 180.00 /4250 180.00 /
4251 180.00 /4252 180.00 /4253 180.00 /4254 180.00 /
4255 180.00 /4256 180.00 /4257 180.00 /4258 180.00 /
4259 180.00 /4260 180.00 /4261 180.00 /4262 180.00 /
4263 180.00 /4264 180.00 /4265 180.00 /4266 180.00 /
4267 180.00 /4268 180.00 /4269 180.00 /4270 180.00 /
4271 180.00 /4272 180.00 /4273 180.00 /4274 180.00 /
4275 180.00 /4276 180.00 /4277 180.00 /4278 180.00 /
4279 180.00 /4280 180.00 /4281 180.00 /4286 180.00 /
4287 180.00 /4288 180.00 /4289 180.00 /4290 180.00 /
4291 180.00 /4292 180.00 /4293 180.00 /4294 180.00 /
4295 180.00 /4296 180.00 /4297 180.00 /4298 180.00 /
4299 180.00 /4300 180.00 /4301 180.00 /4302 180.00 /
4303 180.00 /4304 180.00 /4305 180.00 /4306 180.00 /
4307 180.00 /4308 180.00 /4309 180.00 /4310 180.00 /
4311 180.00 /4312 180.00 /4313 180.00 /4314 180.00 /
4315 180.00 /4316 180.00 /4317 180.00 /4318 180.00 /
4319 180.00 /4320 180.00 /4321 180.00 /4322 180.00 /
4323 180.00 /4324 180.00 /4325 180.00 /4326 180.00 /
4327 180.00 /4328 180.00 /4329 180.00 /4330 180.00 /
4331 180.00 /4332 180.00 /4333 180.00 /4334 180.00 /
4335 180.00 /4336 90.00 /4337 90.00 /4338 90.00 /
4339 90.00 /4340 90.00 /4341 90.00 /4346 180.00 /
4347 180.00 /4348 180.00 /4349 180.00 /4350 180.00 /
4351 180.00 /4352 180.00 /4353 180.00 /4354 180.00 /
4355 180.00 /4356 180.00 /4357 180.00 /4358 180.00 /
4359 180.00 /4360 180.00 /4361 180.00 /4362 180.00 /
4363 180.00 /4364 180.00 /4365 180.00 /4366 180.00 /
4376 180.00 /4377 180.00 /4378 180.00 /4379 180.00 /
4380 180.00 /4381 180.00 /4386 180.00 /4387 180.00 /
4388 180.00 /4389 180.00 /4390 180.00 /4391 180.00 /
4396 180.00 /4397 180.00 /4398 180.00 /4399 180.00 /
4404 180.00 /4405 180.00 /4406 180.00 /4407 180.00 /
4412 180.00 /4413 180.00 /4414 180.00 /4415 180.00 /
4420 180.00 /4421 180.00 /4422 180.00 /4423 180.00 /
4424 180.00 /4425 180.00 /4430 180.00 /4431 180.00 /
4432 180.00 /4433 180.00 /4434 180.00 /4435 180.00 /
4440 180.00 /4441 180.00 /4442 180.00 /4443 180.00 /
4448 180.00 /4449 180.00 /4450 180.00 /4451 180.00 /
4456 180.00 /4457 180.00 /4458 180.00 /4459 180.00 /
4464 180.00 /4465 180.00 /4466 180.00 /4467 180.00 /
4468 180.00 /4469 180.00 /4474 180.00 /4475 180.00 /
4476 180.00 /4477 180.00 /4478 180.00 /4479 180.00 /
4493 180.00 /4494 180.00 /4495 180.00 /4496 180.00 /
4497 180.00 /4498 180.00 /4503 180.00 /4504 180.00 /
4505 180.00 /4506 180.00 /4507 180.00 /4508 180.00 /
4513 180.00 /4514 180.00 /4515 180.00 /4516 180.00 /
4517 180.00 /4518 180.00 /4523 180.00 /4524 180.00 /
4525 180.00 /4526 180.00 /4527 180.00 /4528 180.00 /
4533 180.00 /4534 180.00 /4535 180.00 /4536 180.00 /
4537 180.00 /4538 180.00 /4543 180.00 /4544 180.00 /
4545 180.00 /4546 180.00 /4547 180.00 /4548 180.00 /
4553 180.00 /4554 180.00 /4555 180.00 /4556 180.00 /
4557 180.00 /4558 180.00 /4563 180.00 /4564 180.00 /
4565 180.00 /4566 180.00 /4567 180.00 /4568 180.00 /
4573 180.00 /4574 180.00 /4575 180.00 /4576 180.00 /
4577 180.00 /4578 180.00 /4583 180.00 /4584 180.00 /
4585 180.00 /4586 180.00 /4587 180.00 /4588 180.00 /
4593 180.00 /4594 180.00 /4595 180.00 /4596 180.00 /
4597 180.00 /4598 180.00 /4603 180.00 /4604 180.00 /
4605 180.00 /4606 180.00 /4607 180.00 /4608 180.00 /
4622 180.00 /4623 180.00 /4624 180.00 /4625 180.00 /
4626 180.00 /4627 180.00 /4628 180.00 /4629 180.00 /
4630 180.00 /4631 180.00 /4632 180.00 /4633 180.00 /
4634 180.00 /4635 180.00 /4636 180.00 /4637 180.00 /
4638 180.00 /4639 180.00 /4640 180.00 /4641 180.00 /
4642 180.00 /4643 180.00 /4644 180.00 /4645 180.00 /
4646 180.00 /4647 180.00 /
 )
( 8/
 0  0  0  0  0  0  0  1.10 1.00 1.00  1.00  0.90  /
 0  0  0  0  0  0  0  1.10 1.00 1.00  1.00  0.90  /
 2  0  0  0  0  0  0  1.20 0.35 1.00  0.90  0.50  /
 2  0  0  0  0  0  0  1.20 0.35 1.00  0.90  0.50  /
 0  0  0  0  0  0  0  1.10 1.00 1.00  1.00  0.90  /
 0  0  0  0  0  0  0  1.10 1.00 1.00  1.00  0.90  /
 2  0  0  0  0  0  0  1.20 0.35 1.00  0.90  0.50  /
 2  0  0  0  0  0  0  1.20 0.35 1.00  0.90  0.50  /
 0  0  0  0  0  0  0  1.10 1.00 1.00  1.00  0.90  /
 0  0  0  0  0  0  0  1.10 1.00 1.00  1.00  0.90  /
 5  0  1  3  0  0  0  1.00 0.00 0.00  0.00  1.00  /
 5  0  1  3  0  0  0  1.00 0.00 0.00  0.00  1.00  /
 5  0  1  0  0  0  0  1.00 0.00 0.00  0.00  1.00  /

 )
( 29/
1.0000 1.0000 1.0000 
1.0000 1.0000 1.0000 
1.0000 1.0000 1.0000 
1.0000 1.0000 1.0000 
1.0000 1.0000 1.0000 
1.0000 1.0000 1.0000 
1.0000 1.0000 1.0000 
1.0000 1.0000 1.0000 
1.0000 1.0000 1.0000 
1.0000 1.0000 1.0000 
1.0000 1.0000 1.0000 
1.0000 1.0000 1.0000 

 )
( 15/
 43  200 0  1 0  0.80 3 0.00 9 2 1.00 0.25 1.00 1.00
 1.00 1.0000 0.0000 0.0000  /
 43  200 0  1 0  0.80 3 0.00 9 2 1.00 0.25 1.00 1.00
 1.00 0.0000 1.0000 0.0000  /
 43  160 0  1 0  0.88 3 0.00 9 2 1.00 0.25 1.00 1.00
 1.00 0.0000 0.0000 1.0000  /

 )
( 19/
1 3000 200 200 0 /
2 3000 200 200 0 /
3 3000 200 200 0 /
4 3000 200 200 0 /
5 3000 200 200 0 /
6 3000 200 200 0 /
7 3000 200 200 0 /
8 3000 200 200 0 /
9 3000 200 200 0 /
10 3000 200 200 0 /
11 3000 200 200 0 /
12 3000 200 200 0 /
13 3000 200 200 0 /
14 3000 200 200 0 /
15 3000 200 200 0 /
16 3000 200 200 0 /
17 3000 200 200 0 /
18 3000 200 200 0 /
19 3000 200 200 0 /
20 3000 200 200 0 /
21 3000 200 200 0 /
22 3000 200 200 0 /
23 3000 200 200 0 /
24 3000 200 200 0 /
25 3000 200 200 0 /
26 3000 200 200 0 /
270 3000 200 200 0 /
271 3000 200 200 0 /
272 3000 200 200 0 /
273 3000 200 200 0 /
274 3000 200 200 0 /
275 3000 200 200 0 /
276 3000 200 200 0 /
277 3000 200 200 0 /
278 3000 200 200 0 /
279 3000 200 200 0 /
280 3000 200 200 0 /
281 3000 200 200 0 /
282 3000 200 200 0 /
283 3000 200 200 0 /
284 3000 200 200 0 /
285 3000 200 200 0 /
286 3000 200 200 0 /
287 3000 200 200 0 /
288 3000 200 200 0 /
289 3000 200 200 0 /
290 3000 200 200 0 /
301 3000 200 200 0 /
346 3000 200 200 0 /
355 3000 200 200 0 /
400 3000 200 200 0 /
415 3000 200 200 0 /
416 3000 200 200 0 /
427 3000 200 200 0 /
476 3000 200 200 0 /
481 3000 200 200 0 /
530 3000 200 200 0 /
541 3000 200 200 0 /
542 3000 200 200 0 /
553 3000 200 200 0 /
602 3000 200 200 0 /
607 3000 200 200 0 /
656 3000 200 200 0 /
667 3000 200 200 0 /
668 3000 200 200 0 /
679 3000 200 200 0 /
728 3000 200 200 0 /
733 3000 200 200 0 /
782 3000 200 200 0 /
793 3000 200 200 0 /
794 3000 200 200 0 /
805 3000 200 200 0 /
854 3000 200 200 0 /
859 3000 200 200 0 /
908 3000 200 200 0 /
919 3000 200 200 0 /
920 3000 200 200 0 /
931 3000 200 200 0 /
980 3000 200 200 0 /
985 3000 200 200 0 /
1034 3000 200 200 0 /
1045 3000 200 200 0 /
1046 3000 200 200 0 /
1057 3000 200 200 0 /
1106 3000 200 200 0 /
1111 3000 200 200 0 /
1160 3000 200 200 0 /
1171 3000 200 200 0 /
1172 3000 200 200 0 /
1183 3000 200 200 0 /
1232 3000 200 200 0 /
1237 3000 200 200 0 /
1286 3000 200 200 0 /
1297 3000 200 200 0 /
1298 3000 200 200 0 /
1309 3000 200 200 0 /
1358 3000 200 200 0 /
1363 3000 200 200 0 /
1412 3000 200 200 0 /
1418 3000 200 200 0 /
1419 3000 200 200 0 /
1430 3000 200 200 0 /
1475 3000 200 200 0 /
1484 3000 200 200 0 /
1529 3000 200 200 0 /
1539 3000 200 200 0 /
1540 3000 200 200 0 /
1541 3000 200 200 0 /
1542 3000 200 200 0 /
1543 3000 200 200 0 /
1544 3000 200 200 0 /
1545 3000 200 200 0 /
1546 3000 200 200 0 /
1547 3000 200 200 0 /
1548 3000 200 200 0 /
1549 3000 200 200 0 /
1550 3000 200 200 0 /
1551 3000 200 200 0 /
1552 3000 200 200 0 /
1553 3000 200 200 0 /
1554 3000 200 200 0 /
1555 3000 200 200 0 /
1556 3000 200 200 0 /
1557 3000 200 200 0 /
1558 3000 200 200 0 /
1559 3000 200 200 0 /
1678 3000 200 200 0 /
1679 3000 200 200 0 /
1680 3000 200 200 0 /
1681 3000 200 200 0 /
1682 3000 200 200 0 /
1683 3000 200 200 0 /
1684 3000 200 200 0 /
1685 3000 200 200 0 /
1686 3000 200 200 0 /
1687 3000 200 200 0 /
1688 3000 200 200 0 /
1689 3000 200 200 0 /
1690 3000 200 200 0 /
1691 3000 200 200 0 /
1692 3000 200 200 0 /
1693 3000 200 200 0 /
1694 3000 200 200 0 /
1695 3000 200 200 0 /
1696 3000 200 200 0 /
1697 3000 200 200 0 /
1698 3000 200 200 0 /
1705 3000 200 200 0 /
1720 3000 200 200 0 /
1729 3000 200 200 0 /
1774 3000 200 200 0 /
1789 3000 200 200 0 /
1824 3000 200 200 0 /
1828 3000 200 200 0 /
1847 3000 200 200 0 /
1852 3000 200 200 0 /
1901 3000 200 200 0 /
1912 3000 200 200 0 /
1950 3000 200 200 0 /
1954 3000 200 200 0 /
1973 3000 200 200 0 /
1978 3000 200 200 0 /
2027 3000 200 200 0 /
2038 3000 200 200 0 /
2079 3000 200 200 0 /
2090 3000 200 200 0 /
2112 3000 200 200 0 /
2117 3000 200 200 0 /
2166 3000 200 200 0 /
2177 3000 200 200 0 /
2211 3000 200 200 0 /
2222 3000 200 200 0 /
2244 3000 200 200 0 /
2249 3000 200 200 0 /
2298 3000 200 200 0 /
2309 3000 200 200 0 /
2310 3000 200 200 0 /
2321 3000 200 200 0 /
2343 3000 200 200 0 /
2348 3000 200 200 0 /
2397 3000 200 200 0 /
2408 3000 200 200 0 /
2443 3000 200 200 0 /
2454 3000 200 200 0 /
2476 3000 200 200 0 /
2481 3000 200 200 0 /
2530 3000 200 200 0 /
2541 3000 200 200 0 /
2582 3000 200 200 0 /
2586 3000 200 200 0 /
2605 3000 200 200 0 /
2610 3000 200 200 0 /
2659 3000 200 200 0 /
2670 3000 200 200 0 /
2714 3000 200 200 0 /
2718 3000 200 200 0 /
2737 3000 200 200 0 /
2742 3000 200 200 0 /
2791 3000 200 200 0 /
2802 3000 200 200 0 /
2837 3000 200 200 0 /
2844 3000 200 200 0 /
2859 3000 200 200 0 /
2868 3000 200 200 0 /
2913 3000 200 200 0 /
2928 3000 200 200 0 /
2929 3000 200 200 0 /
2930 3000 200 200 0 /
2931 3000 200 200 0 /
2932 3000 200 200 0 /
2933 3000 200 200 0 /
2934 3000 200 200 0 /
2935 3000 200 200 0 /
2936 3000 200 200 0 /
2937 3000 200 200 0 /
2938 3000 200 200 0 /
2939 3000 200 200 0 /
2940 3000 200 200 0 /
2941 3000 200 200 0 /
2942 3000 200 200 0 /
2943 3000 200 200 0 /
2944 3000 200 200 0 /
2945 3000 200 200 0 /
2946 3000 200 200 0 /
2947 3000 200 200 0 /
2948 3000 200 200 0 /
3067 3000 200 200 0 /
3068 3000 200 200 0 /
3069 3000 200 200 0 /
3070 3000 200 200 0 /
3071 3000 200 200 0 /
3072 3000 200 200 0 /
3073 3000 200 200 0 /
3074 3000 200 200 0 /
3075 3000 200 200 0 /
3076 3000 200 200 0 /
3077 3000 200 200 0 /
3078 3000 200 200 0 /
3079 3000 200 200 0 /
3080 3000 200 200 0 /
3081 3000 200 200 0 /
3082 3000 200 200 0 /
3083 3000 200 200 0 /
3084 3000 200 200 0 /
3085 3000 200 200 0 /
3086 3000 200 200 0 /
3087 3000 200 200 0 /
3098 3000 200 200 0 /
3143 3000 200 200 0 /
3152 3000 200 200 0 /
3197 3000 200 200 0 /
3212 3000 200 200 0 /
3213 3000 200 200 0 /
3224 3000 200 200 0 /
3273 3000 200 200 0 /
3278 3000 200 200 0 /
3327 3000 200 200 0 /
3338 3000 200 200 0 /
3339 3000 200 200 0 /
3350 3000 200 200 0 /
3399 3000 200 200 0 /
3404 3000 200 200 0 /
3453 3000 200 200 0 /
3464 3000 200 200 0 /
3465 3000 200 200 0 /
3476 3000 200 200 0 /
3525 3000 200 200 0 /
3530 3000 200 200 0 /
3579 3000 200 200 0 /
3590 3000 200 200 0 /
3591 3000 200 200 0 /
3602 3000 200 200 0 /
3651 3000 200 200 0 /
3656 3000 200 200 0 /
3705 3000 200 200 0 /
3716 3000 200 200 0 /
3717 3000 200 200 0 /
3728 3000 200 200 0 /
3777 3000 200 200 0 /
3782 3000 200 200 0 /
3831 3000 200 200 0 /
3842 3000 200 200 0 /
3843 3000 200 200 0 /
3854 3000 200 200 0 /
3903 3000 200 200 0 /
3908 3000 200 200 0 /
3957 3000 200 200 0 /
3968 3000 200 200 0 /
3969 3000 200 200 0 /
3980 3000 200 200 0 /
4029 3000 200 200 0 /
4034 3000 200 200 0 /
4083 3000 200 200 0 /
4094 3000 200 200 0 /
4095 3000 200 200 0 /
4106 3000 200 200 0 /
4155 3000 200 200 0 /
4160 3000 200 200 0 /
4209 3000 200 200 0 /
4220 3000 200 200 0 /
4221 3000 200 200 0 /
4232 3000 200 200 0 /
4277 3000 200 200 0 /
4286 3000 200 200 0 /
4331 3000 200 200 0 /
4346 3000 200 200 0 /
4347 3000 200 200 0 /
4348 3000 200 200 0 /
4349 3000 200 200 0 /
4350 3000 200 200 0 /
4351 3000 200 200 0 /
4352 3000 200 200 0 /
4353 3000 200 200 0 /
4354 3000 200 200 0 /
4355 3000 200 200 0 /
4356 3000 200 200 0 /
4357 3000 200 200 0 /
4358 3000 200 200 0 /
4359 3000 200 200 0 /
4360 3000 200 200 0 /
4361 3000 200 200 0 /
4362 3000 200 200 0 /
4363 3000 200 200 0 /
4364 3000 200 200 0 /
4365 3000 200 200 0 /
4366 3000 200 200 0 /
4622 3000 200 200 0 /
4623 3000 200 200 0 /
4624 3000 200 200 0 /
4625 3000 200 200 0 /
4626 3000 200 200 0 /
4627 3000 200 200 0 /
4628 3000 200 200 0 /
4629 3000 200 200 0 /
4630 3000 200 200 0 /
4631 3000 200 200 0 /
4632 3000 200 200 0 /
4633 3000 200 200 0 /
4634 3000 200 200 0 /
4635 3000 200 200 0 /
4636 3000 200 200 0 /
4637 3000 200 200 0 /
4638 3000 200 200 0 /
4639 3000 200 200 0 /
4640 3000 200 200 0 /
4641 3000 200 200 0 /
4642 3000 200 200 0 /
4643 3000 200 200 0 /
4644 3000 200 200 0 /
4645 3000 200 200 0 /
4646 3000 200 200 0 /
4647 3000 200 200 0 /
 )
