Номер,Индекс координаты,Координаты X,Координаты Y,Координаты Z,Тип,Материал
0,0,0.75,0.75,-3.3,44,4
0,1,0.375,0.75,-3.3,44,4
0,2,0.75,0.375,-3.3,44,4
0,3,0.375,0.375,-3.3,44,4
1,0,0.75,1.25,-3.3,44,4
1,1,0.375,1.25,-3.3,44,4
1,2,0.75,0.75,-3.3,44,4
1,3,0.375,0.75,-3.3,44,4
2,0,0.75,1.75,-3.3,44,4
2,1,0.375,1.75,-3.3,44,4
2,2,0.75,1.25,-3.3,44,4
2,3,0.375,1.25,-3.3,44,4
3,0,0.75,2.25,-3.3,44,4
3,1,0.375,2.25,-3.3,44,4
3,2,0.75,1.75,-3.3,44,4
3,3,0.375,1.75,-3.3,44,4
4,0,0.75,2.75,-3.3,44,4
4,1,0.375,2.75,-3.3,44,4
4,2,0.75,2.25,-3.3,44,4
4,3,0.375,2.25,-3.3,44,4
5,0,0.75,3.25,-3.3,44,4
5,1,0.375,3.25,-3.3,44,4
5,2,0.75,2.75,-3.3,44,4
5,3,0.375,2.75,-3.3,44,4
6,0,0.75,3.75,-3.3,44,4
6,1,0.375,3.75,-3.3,44,4
6,2,0.75,3.25,-3.3,44,4
6,3,0.375,3.25,-3.3,44,4
7,0,0.75,4.25,-3.3,44,4
7,1,0.375,4.25,-3.3,44,4
7,2,0.75,3.75,-3.3,44,4
7,3,0.375,3.75,-3.3,44,4
8,0,0.75,4.75,-3.3,44,4
8,1,0.375,4.75,-3.3,44,4
8,2,0.75,4.25,-3.3,44,4
8,3,0.375,4.25,-3.3,44,4
9,0,0.75,5.25,-3.3,44,4
9,1,0.375,5.25,-3.3,44,4
9,2,0.75,4.75,-3.3,44,4
9,3,0.375,4.75,-3.3,44,4
10,0,0.75,5.75,-3.3,44,4
10,1,0.375,5.75,-3.3,44,4
10,2,0.75,5.25,-3.3,44,4
10,3,0.375,5.25,-3.3,44,4
11,0,0.75,6.25,-3.3,44,4
11,1,0.375,6.25,-3.3,44,4
11,2,0.75,5.75,-3.3,44,4
11,3,0.375,5.75,-3.3,44,4
12,0,0.75,6.75,-3.3,44,4
12,1,0.375,6.75,-3.3,44,4
12,2,0.75,6.25,-3.3,44,4
12,3,0.375,6.25,-3.3,44,4
13,0,0.75,7.25,-3.3,44,4
13,1,0.375,7.25,-3.3,44,4
13,2,0.75,6.75,-3.3,44,4
13,3,0.375,6.75,-3.3,44,4
14,0,0.75,7.75,-3.3,44,4
14,1,0.375,7.75,-3.3,44,4
14,2,0.75,7.25,-3.3,44,4
14,3,0.375,7.25,-3.3,44,4
15,0,0.75,8.25,-3.3,44,4
15,1,0.375,8.25,-3.3,44,4
15,2,0.75,7.75,-3.3,44,4
15,3,0.375,7.75,-3.3,44,4
16,0,0.75,8.75,-3.3,44,4
16,1,0.375,8.75,-3.3,44,4
16,2,0.75,8.25,-3.3,44,4
16,3,0.375,8.25,-3.3,44,4
17,0,0.75,9.25,-3.3,44,4
17,1,0.375,9.25,-3.3,44,4
17,2,0.75,8.75,-3.3,44,4
17,3,0.375,8.75,-3.3,44,4
18,0,0.75,9.75,-3.3,44,4
18,1,0.375,9.75,-3.3,44,4
18,2,0.75,9.25,-3.3,44,4
18,3,0.375,9.25,-3.3,44,4
19,0,0.75,10.25,-3.3,44,4
19,1,0.375,10.25,-3.3,44,4
19,2,0.75,9.75,-3.3,44,4
19,3,0.375,9.75,-3.3,44,4
20,0,0.75,10.75,-3.3,44,4
20,1,0.375,10.75,-3.3,44,4
20,2,0.75,10.25,-3.3,44,4
20,3,0.375,10.25,-3.3,44,4
21,0,0.75,11.25,-3.3,44,4
21,1,0.375,11.25,-3.3,44,4
21,2,0.75,10.75,-3.3,44,4
21,3,0.375,10.75,-3.3,44,4
22,0,0.75,11.75,-3.3,44,4
22,1,0.375,11.75,-3.3,44,4
22,2,0.75,11.25,-3.3,44,4
22,3,0.375,11.25,-3.3,44,4
23,0,0.75,12.25,-3.3,44,4
23,1,0.375,12.25,-3.3,44,4
23,2,0.75,11.75,-3.3,44,4
23,3,0.375,11.75,-3.3,44,4
24,0,0.75,12.75,-3.3,44,4
24,1,0.375,12.75,-3.3,44,4
24,2,0.75,12.25,-3.3,44,4
24,3,0.375,12.25,-3.3,44,4
25,0,0.75,13.125,-3.3,44,4
25,1,0.375,13.125,-3.3,44,4
25,2,0.75,12.75,-3.3,44,4
25,3,0.375,12.75,-3.3,44,4
26,0,0.75,0.75,-3.3,5,2
26,1,0.75,0.75,-2.75,5,2
27,0,0.75,0.75,-2.75,5,2
27,1,0.75,0.75,-2.2,5,2
28,0,0.75,0.75,-2.2,5,2
28,1,0.75,0.75,-1.65,5,2
29,0,0.75,0.75,-1.65,5,2
29,1,0.75,0.75,-1.1,5,2
30,0,0.75,0.75,-1.1,5,2
30,1,0.75,0.75,-0.55,5,2
31,0,0.75,0.75,-0.55,5,2
31,1,0.75,0.75,0,5,2
32,0,0.75,0.75,0,5,2
32,1,0.75,0.75,3.3,5,2
33,0,0.75,0.75,3.3,5,2
33,1,0.75,0.75,6.6,5,2
34,0,0.75,0.75,6.6,5,2
34,1,0.75,0.75,9.9,5,2
35,0,0.75,1.25,-2.75,44,7
35,1,0.75,0.75,-2.75,44,7
35,2,0.75,1.25,-3.3,44,7
35,3,0.75,0.75,-3.3,44,7
36,0,0.75,1.25,-2.2,44,7
36,1,0.75,0.75,-2.2,44,7
36,2,0.75,1.25,-2.75,44,7
36,3,0.75,0.75,-2.75,44,7
37,0,0.75,1.25,-1.65,44,7
37,1,0.75,0.75,-1.65,44,7
37,2,0.75,1.25,-2.2,44,7
37,3,0.75,0.75,-2.2,44,7
38,0,0.75,1.25,-1.1,44,7
38,1,0.75,0.75,-1.1,44,7
38,2,0.75,1.25,-1.65,44,7
38,3,0.75,0.75,-1.65,44,7
39,0,0.75,1.25,-0.55,44,7
39,1,0.75,0.75,-0.55,44,7
39,2,0.75,1.25,-1.1,44,7
39,3,0.75,0.75,-1.1,44,7
40,0,0.75,1.25,0,44,7
40,1,0.75,0.75,0,44,7
40,2,0.75,1.25,-0.55,44,7
40,3,0.75,0.75,-0.55,44,7
41,0,0.75,0.75,0,5,3
41,1,0.75,1.25,0,5,3
42,0,0.75,0.75,3.3,5,3
42,1,0.75,1.25,3.3,5,3
43,0,0.75,0.75,6.6,5,3
43,1,0.75,1.25,6.6,5,3
44,0,0.75,0.75,9.9,5,3
44,1,0.75,1.25,9.9,5,3
45,0,0.75,1.75,-2.75,44,7
45,1,0.75,1.25,-2.75,44,7
45,2,0.75,1.75,-3.3,44,7
45,3,0.75,1.25,-3.3,44,7
46,0,0.75,1.75,-2.2,44,7
46,1,0.75,1.25,-2.2,44,7
46,2,0.75,1.75,-2.75,44,7
46,3,0.75,1.25,-2.75,44,7
47,0,0.75,1.75,-1.65,44,7
47,1,0.75,1.25,-1.65,44,7
47,2,0.75,1.75,-2.2,44,7
47,3,0.75,1.25,-2.2,44,7
48,0,0.75,1.75,-1.1,44,7
48,1,0.75,1.25,-1.1,44,7
48,2,0.75,1.75,-1.65,44,7
48,3,0.75,1.25,-1.65,44,7
49,0,0.75,1.75,-0.55,44,7
49,1,0.75,1.25,-0.55,44,7
49,2,0.75,1.75,-1.1,44,7
49,3,0.75,1.25,-1.1,44,7
50,0,0.75,1.75,0,44,7
50,1,0.75,1.25,0,44,7
50,2,0.75,1.75,-0.55,44,7
50,3,0.75,1.25,-0.55,44,7
51,0,0.75,1.25,0,5,3
51,1,0.75,1.75,0,5,3
52,0,0.75,1.25,3.3,5,3
52,1,0.75,1.75,3.3,5,3
53,0,0.75,1.25,6.6,5,3
53,1,0.75,1.75,6.6,5,3
54,0,0.75,1.25,9.9,5,3
54,1,0.75,1.75,9.9,5,3
55,0,0.75,2.25,-2.75,44,7
55,1,0.75,1.75,-2.75,44,7
55,2,0.75,2.25,-3.3,44,7
55,3,0.75,1.75,-3.3,44,7
56,0,0.75,2.25,-2.2,44,7
56,1,0.75,1.75,-2.2,44,7
56,2,0.75,2.25,-2.75,44,7
56,3,0.75,1.75,-2.75,44,7
57,0,0.75,2.25,-1.65,44,7
57,1,0.75,1.75,-1.65,44,7
57,2,0.75,2.25,-2.2,44,7
57,3,0.75,1.75,-2.2,44,7
58,0,0.75,2.25,0,44,7
58,1,0.75,1.75,0,44,7
58,2,0.75,2.25,-0.55,44,7
58,3,0.75,1.75,-0.55,44,7
59,0,0.75,1.75,0,5,3
59,1,0.75,2.25,0,5,3
60,0,0.75,1.75,3.3,5,3
60,1,0.75,2.25,3.3,5,3
61,0,0.75,1.75,6.6,5,3
61,1,0.75,2.25,6.6,5,3
62,0,0.75,1.75,9.9,5,3
62,1,0.75,2.25,9.9,5,3
63,0,0.75,2.75,-2.75,44,7
63,1,0.75,2.25,-2.75,44,7
63,2,0.75,2.75,-3.3,44,7
63,3,0.75,2.25,-3.3,44,7
64,0,0.75,2.75,-2.2,44,7
64,1,0.75,2.25,-2.2,44,7
64,2,0.75,2.75,-2.75,44,7
64,3,0.75,2.25,-2.75,44,7
65,0,0.75,2.75,-1.65,44,7
65,1,0.75,2.25,-1.65,44,7
65,2,0.75,2.75,-2.2,44,7
65,3,0.75,2.25,-2.2,44,7
66,0,0.75,2.75,0,44,7
66,1,0.75,2.25,0,44,7
66,2,0.75,2.75,-0.55,44,7
66,3,0.75,2.25,-0.55,44,7
67,0,0.75,2.25,0,5,3
67,1,0.75,2.75,0,5,3
68,0,0.75,2.25,3.3,5,3
68,1,0.75,2.75,3.3,5,3
69,0,0.75,2.25,6.6,5,3
69,1,0.75,2.75,6.6,5,3
70,0,0.75,2.25,9.9,5,3
70,1,0.75,2.75,9.9,5,3
71,0,0.75,3.25,-2.75,44,7
71,1,0.75,2.75,-2.75,44,7
71,2,0.75,3.25,-3.3,44,7
71,3,0.75,2.75,-3.3,44,7
72,0,0.75,3.25,-2.2,44,7
72,1,0.75,2.75,-2.2,44,7
72,2,0.75,3.25,-2.75,44,7
72,3,0.75,2.75,-2.75,44,7
73,0,0.75,3.25,-1.65,44,7
73,1,0.75,2.75,-1.65,44,7
73,2,0.75,3.25,-2.2,44,7
73,3,0.75,2.75,-2.2,44,7
74,0,0.75,3.25,0,44,7
74,1,0.75,2.75,0,44,7
74,2,0.75,3.25,-0.55,44,7
74,3,0.75,2.75,-0.55,44,7
75,0,0.75,2.75,0,5,3
75,1,0.75,3.25,0,5,3
76,0,0.75,2.75,3.3,5,3
76,1,0.75,3.25,3.3,5,3
77,0,0.75,2.75,6.6,5,3
77,1,0.75,3.25,6.6,5,3
78,0,0.75,2.75,9.9,5,3
78,1,0.75,3.25,9.9,5,3
79,0,0.75,3.75,-2.75,44,7
79,1,0.75,3.25,-2.75,44,7
79,2,0.75,3.75,-3.3,44,7
79,3,0.75,3.25,-3.3,44,7
80,0,0.75,3.75,-2.2,44,7
80,1,0.75,3.25,-2.2,44,7
80,2,0.75,3.75,-2.75,44,7
80,3,0.75,3.25,-2.75,44,7
81,0,0.75,3.75,-1.65,44,7
81,1,0.75,3.25,-1.65,44,7
81,2,0.75,3.75,-2.2,44,7
81,3,0.75,3.25,-2.2,44,7
82,0,0.75,3.75,-1.1,44,7
82,1,0.75,3.25,-1.1,44,7
82,2,0.75,3.75,-1.65,44,7
82,3,0.75,3.25,-1.65,44,7
83,0,0.75,3.75,-0.55,44,7
83,1,0.75,3.25,-0.55,44,7
83,2,0.75,3.75,-1.1,44,7
83,3,0.75,3.25,-1.1,44,7
84,0,0.75,3.75,0,44,7
84,1,0.75,3.25,0,44,7
84,2,0.75,3.75,-0.55,44,7
84,3,0.75,3.25,-0.55,44,7
85,0,0.75,3.25,0,5,3
85,1,0.75,3.75,0,5,3
86,0,0.75,3.25,3.3,5,3
86,1,0.75,3.75,3.3,5,3
87,0,0.75,3.25,6.6,5,3
87,1,0.75,3.75,6.6,5,3
88,0,0.75,3.25,9.9,5,3
88,1,0.75,3.75,9.9,5,3
89,0,0.75,4.25,-2.75,44,7
89,1,0.75,3.75,-2.75,44,7
89,2,0.75,4.25,-3.3,44,7
89,3,0.75,3.75,-3.3,44,7
90,0,0.75,4.25,-2.2,44,7
90,1,0.75,3.75,-2.2,44,7
90,2,0.75,4.25,-2.75,44,7
90,3,0.75,3.75,-2.75,44,7
91,0,0.75,4.25,-1.65,44,7
91,1,0.75,3.75,-1.65,44,7
91,2,0.75,4.25,-2.2,44,7
91,3,0.75,3.75,-2.2,44,7
92,0,0.75,4.25,-1.1,44,7
92,1,0.75,3.75,-1.1,44,7
92,2,0.75,4.25,-1.65,44,7
92,3,0.75,3.75,-1.65,44,7
93,0,0.75,4.25,-0.55,44,7
93,1,0.75,3.75,-0.55,44,7
93,2,0.75,4.25,-1.1,44,7
93,3,0.75,3.75,-1.1,44,7
94,0,0.75,4.25,0,44,7
94,1,0.75,3.75,0,44,7
94,2,0.75,4.25,-0.55,44,7
94,3,0.75,3.75,-0.55,44,7
95,0,0.75,3.75,0,5,3
95,1,0.75,4.25,0,5,3
96,0,0.75,3.75,3.3,5,3
96,1,0.75,4.25,3.3,5,3
97,0,0.75,3.75,6.6,5,3
97,1,0.75,4.25,6.6,5,3
98,0,0.75,3.75,9.9,5,3
98,1,0.75,4.25,9.9,5,3
99,0,0.75,4.75,-2.75,44,7
99,1,0.75,4.25,-2.75,44,7
99,2,0.75,4.75,-3.3,44,7
99,3,0.75,4.25,-3.3,44,7
100,0,0.75,4.75,-2.2,44,7
100,1,0.75,4.25,-2.2,44,7
100,2,0.75,4.75,-2.75,44,7
100,3,0.75,4.25,-2.75,44,7
101,0,0.75,4.75,-1.65,44,7
101,1,0.75,4.25,-1.65,44,7
101,2,0.75,4.75,-2.2,44,7
101,3,0.75,4.25,-2.2,44,7
102,0,0.75,4.75,0,44,7
102,1,0.75,4.25,0,44,7
102,2,0.75,4.75,-0.55,44,7
102,3,0.75,4.25,-0.55,44,7
103,0,0.75,4.25,0,5,3
103,1,0.75,4.75,0,5,3
104,0,0.75,4.25,3.3,5,3
104,1,0.75,4.75,3.3,5,3
105,0,0.75,4.25,6.6,5,3
105,1,0.75,4.75,6.6,5,3
106,0,0.75,4.25,9.9,5,3
106,1,0.75,4.75,9.9,5,3
107,0,0.75,5.25,-2.75,44,7
107,1,0.75,4.75,-2.75,44,7
107,2,0.75,5.25,-3.3,44,7
107,3,0.75,4.75,-3.3,44,7
108,0,0.75,5.25,-2.2,44,7
108,1,0.75,4.75,-2.2,44,7
108,2,0.75,5.25,-2.75,44,7
108,3,0.75,4.75,-2.75,44,7
109,0,0.75,5.25,-1.65,44,7
109,1,0.75,4.75,-1.65,44,7
109,2,0.75,5.25,-2.2,44,7
109,3,0.75,4.75,-2.2,44,7
110,0,0.75,5.25,0,44,7
110,1,0.75,4.75,0,44,7
110,2,0.75,5.25,-0.55,44,7
110,3,0.75,4.75,-0.55,44,7
111,0,0.75,4.75,0,5,3
111,1,0.75,5.25,0,5,3
112,0,0.75,4.75,3.3,5,3
112,1,0.75,5.25,3.3,5,3
113,0,0.75,4.75,6.6,5,3
113,1,0.75,5.25,6.6,5,3
114,0,0.75,4.75,9.9,5,3
114,1,0.75,5.25,9.9,5,3
115,0,0.75,5.75,-2.75,44,7
115,1,0.75,5.25,-2.75,44,7
115,2,0.75,5.75,-3.3,44,7
115,3,0.75,5.25,-3.3,44,7
116,0,0.75,5.75,-2.2,44,7
116,1,0.75,5.25,-2.2,44,7
116,2,0.75,5.75,-2.75,44,7
116,3,0.75,5.25,-2.75,44,7
117,0,0.75,5.75,-1.65,44,7
117,1,0.75,5.25,-1.65,44,7
117,2,0.75,5.75,-2.2,44,7
117,3,0.75,5.25,-2.2,44,7
118,0,0.75,5.75,0,44,7
118,1,0.75,5.25,0,44,7
118,2,0.75,5.75,-0.55,44,7
118,3,0.75,5.25,-0.55,44,7
119,0,0.75,5.25,0,5,3
119,1,0.75,5.75,0,5,3
120,0,0.75,5.25,3.3,5,3
120,1,0.75,5.75,3.3,5,3
121,0,0.75,5.25,6.6,5,3
121,1,0.75,5.75,6.6,5,3
122,0,0.75,5.25,9.9,5,3
122,1,0.75,5.75,9.9,5,3
123,0,0.75,6.25,-2.75,44,7
123,1,0.75,5.75,-2.75,44,7
123,2,0.75,6.25,-3.3,44,7
123,3,0.75,5.75,-3.3,44,7
124,0,0.75,6.25,-2.2,44,7
124,1,0.75,5.75,-2.2,44,7
124,2,0.75,6.25,-2.75,44,7
124,3,0.75,5.75,-2.75,44,7
125,0,0.75,6.25,-1.65,44,7
125,1,0.75,5.75,-1.65,44,7
125,2,0.75,6.25,-2.2,44,7
125,3,0.75,5.75,-2.2,44,7
126,0,0.75,6.25,-1.1,44,7
126,1,0.75,5.75,-1.1,44,7
126,2,0.75,6.25,-1.65,44,7
126,3,0.75,5.75,-1.65,44,7
127,0,0.75,6.25,-0.55,44,7
127,1,0.75,5.75,-0.55,44,7
127,2,0.75,6.25,-1.1,44,7
127,3,0.75,5.75,-1.1,44,7
128,0,0.75,6.25,0,44,7
128,1,0.75,5.75,0,44,7
128,2,0.75,6.25,-0.55,44,7
128,3,0.75,5.75,-0.55,44,7
129,0,0.75,5.75,0,5,3
129,1,0.75,6.25,0,5,3
130,0,0.75,5.75,3.3,5,3
130,1,0.75,6.25,3.3,5,3
131,0,0.75,5.75,6.6,5,3
131,1,0.75,6.25,6.6,5,3
132,0,0.75,5.75,9.9,5,3
132,1,0.75,6.25,9.9,5,3
133,0,0.75,6.75,-2.75,44,7
133,1,0.75,6.25,-2.75,44,7
133,2,0.75,6.75,-3.3,44,7
133,3,0.75,6.25,-3.3,44,7
134,0,0.75,6.75,-2.2,44,7
134,1,0.75,6.25,-2.2,44,7
134,2,0.75,6.75,-2.75,44,7
134,3,0.75,6.25,-2.75,44,7
135,0,0.75,6.75,-1.65,44,7
135,1,0.75,6.25,-1.65,44,7
135,2,0.75,6.75,-2.2,44,7
135,3,0.75,6.25,-2.2,44,7
136,0,0.75,6.75,-1.1,44,7
136,1,0.75,6.25,-1.1,44,7
136,2,0.75,6.75,-1.65,44,7
136,3,0.75,6.25,-1.65,44,7
137,0,0.75,6.75,-0.55,44,7
137,1,0.75,6.25,-0.55,44,7
137,2,0.75,6.75,-1.1,44,7
137,3,0.75,6.25,-1.1,44,7
138,0,0.75,6.75,0,44,7
138,1,0.75,6.25,0,44,7
138,2,0.75,6.75,-0.55,44,7
138,3,0.75,6.25,-0.55,44,7
139,0,0.75,6.25,0,5,3
139,1,0.75,6.75,0,5,3
140,0,0.75,6.25,3.3,5,3
140,1,0.75,6.75,3.3,5,3
141,0,0.75,6.25,6.6,5,3
141,1,0.75,6.75,6.6,5,3
142,0,0.75,6.25,9.9,5,3
142,1,0.75,6.75,9.9,5,3
143,0,0.75,6.75,-3.3,5,2
143,1,0.75,6.75,-2.75,5,2
144,0,0.75,6.75,-2.75,5,2
144,1,0.75,6.75,-2.2,5,2
145,0,0.75,6.75,-2.2,5,2
145,1,0.75,6.75,-1.65,5,2
146,0,0.75,6.75,-1.65,5,2
146,1,0.75,6.75,-1.1,5,2
147,0,0.75,6.75,-1.1,5,2
147,1,0.75,6.75,-0.55,5,2
148,0,0.75,6.75,-0.55,5,2
148,1,0.75,6.75,0,5,2
149,0,0.75,6.75,0,5,2
149,1,0.75,6.75,3.3,5,2
150,0,0.75,6.75,3.3,5,2
150,1,0.75,6.75,6.6,5,2
151,0,0.75,6.75,6.6,5,2
151,1,0.75,6.75,9.9,5,2
152,0,0.75,7.25,-2.75,44,7
152,1,0.75,6.75,-2.75,44,7
152,2,0.75,7.25,-3.3,44,7
152,3,0.75,6.75,-3.3,44,7
153,0,0.75,7.25,-2.2,44,7
153,1,0.75,6.75,-2.2,44,7
153,2,0.75,7.25,-2.75,44,7
153,3,0.75,6.75,-2.75,44,7
154,0,0.75,7.25,-1.65,44,7
154,1,0.75,6.75,-1.65,44,7
154,2,0.75,7.25,-2.2,44,7
154,3,0.75,6.75,-2.2,44,7
155,0,0.75,7.25,-1.1,44,7
155,1,0.75,6.75,-1.1,44,7
155,2,0.75,7.25,-1.65,44,7
155,3,0.75,6.75,-1.65,44,7
156,0,0.75,7.25,-0.55,44,7
156,1,0.75,6.75,-0.55,44,7
156,2,0.75,7.25,-1.1,44,7
156,3,0.75,6.75,-1.1,44,7
157,0,0.75,7.25,0,44,7
157,1,0.75,6.75,0,44,7
157,2,0.75,7.25,-0.55,44,7
157,3,0.75,6.75,-0.55,44,7
158,0,0.75,6.75,0,5,3
158,1,0.75,7.25,0,5,3
159,0,0.75,6.75,3.3,5,3
159,1,0.75,7.25,3.3,5,3
160,0,0.75,6.75,6.6,5,3
160,1,0.75,7.25,6.6,5,3
161,0,0.75,6.75,9.9,5,3
161,1,0.75,7.25,9.9,5,3
162,0,0.75,7.75,-2.75,44,7
162,1,0.75,7.25,-2.75,44,7
162,2,0.75,7.75,-3.3,44,7
162,3,0.75,7.25,-3.3,44,7
163,0,0.75,7.75,-2.2,44,7
163,1,0.75,7.25,-2.2,44,7
163,2,0.75,7.75,-2.75,44,7
163,3,0.75,7.25,-2.75,44,7
164,0,0.75,7.75,-1.65,44,7
164,1,0.75,7.25,-1.65,44,7
164,2,0.75,7.75,-2.2,44,7
164,3,0.75,7.25,-2.2,44,7
165,0,0.75,7.75,-1.1,44,7
165,1,0.75,7.25,-1.1,44,7
165,2,0.75,7.75,-1.65,44,7
165,3,0.75,7.25,-1.65,44,7
166,0,0.75,7.75,-0.55,44,7
166,1,0.75,7.25,-0.55,44,7
166,2,0.75,7.75,-1.1,44,7
166,3,0.75,7.25,-1.1,44,7
167,0,0.75,7.75,0,44,7
167,1,0.75,7.25,0,44,7
167,2,0.75,7.75,-0.55,44,7
167,3,0.75,7.25,-0.55,44,7
168,0,0.75,7.25,0,5,3
168,1,0.75,7.75,0,5,3
169,0,0.75,7.25,3.3,5,3
169,1,0.75,7.75,3.3,5,3
170,0,0.75,7.25,6.6,5,3
170,1,0.75,7.75,6.6,5,3
171,0,0.75,7.25,9.9,5,3
171,1,0.75,7.75,9.9,5,3
172,0,0.75,8.25,-2.75,44,7
172,1,0.75,7.75,-2.75,44,7
172,2,0.75,8.25,-3.3,44,7
172,3,0.75,7.75,-3.3,44,7
173,0,0.75,8.25,-2.2,44,7
173,1,0.75,7.75,-2.2,44,7
173,2,0.75,8.25,-2.75,44,7
173,3,0.75,7.75,-2.75,44,7
174,0,0.75,8.25,-1.65,44,7
174,1,0.75,7.75,-1.65,44,7
174,2,0.75,8.25,-2.2,44,7
174,3,0.75,7.75,-2.2,44,7
175,0,0.75,8.25,0,44,7
175,1,0.75,7.75,0,44,7
175,2,0.75,8.25,-0.55,44,7
175,3,0.75,7.75,-0.55,44,7
176,0,0.75,7.75,0,5,3
176,1,0.75,8.25,0,5,3
177,0,0.75,7.75,3.3,5,3
177,1,0.75,8.25,3.3,5,3
178,0,0.75,7.75,6.6,5,3
178,1,0.75,8.25,6.6,5,3
179,0,0.75,7.75,9.9,5,3
179,1,0.75,8.25,9.9,5,3
180,0,0.75,8.75,-2.75,44,7
180,1,0.75,8.25,-2.75,44,7
180,2,0.75,8.75,-3.3,44,7
180,3,0.75,8.25,-3.3,44,7
181,0,0.75,8.75,-2.2,44,7
181,1,0.75,8.25,-2.2,44,7
181,2,0.75,8.75,-2.75,44,7
181,3,0.75,8.25,-2.75,44,7
182,0,0.75,8.75,-1.65,44,7
182,1,0.75,8.25,-1.65,44,7
182,2,0.75,8.75,-2.2,44,7
182,3,0.75,8.25,-2.2,44,7
183,0,0.75,8.75,0,44,7
183,1,0.75,8.25,0,44,7
183,2,0.75,8.75,-0.55,44,7
183,3,0.75,8.25,-0.55,44,7
184,0,0.75,8.25,0,5,3
184,1,0.75,8.75,0,5,3
185,0,0.75,8.25,3.3,5,3
185,1,0.75,8.75,3.3,5,3
186,0,0.75,8.25,6.6,5,3
186,1,0.75,8.75,6.6,5,3
187,0,0.75,8.25,9.9,5,3
187,1,0.75,8.75,9.9,5,3
188,0,0.75,9.25,-2.75,44,7
188,1,0.75,8.75,-2.75,44,7
188,2,0.75,9.25,-3.3,44,7
188,3,0.75,8.75,-3.3,44,7
189,0,0.75,9.25,-2.2,44,7
189,1,0.75,8.75,-2.2,44,7
189,2,0.75,9.25,-2.75,44,7
189,3,0.75,8.75,-2.75,44,7
190,0,0.75,9.25,-1.65,44,7
190,1,0.75,8.75,-1.65,44,7
190,2,0.75,9.25,-2.2,44,7
190,3,0.75,8.75,-2.2,44,7
191,0,0.75,9.25,0,44,7
191,1,0.75,8.75,0,44,7
191,2,0.75,9.25,-0.55,44,7
191,3,0.75,8.75,-0.55,44,7
192,0,0.75,8.75,0,5,3
192,1,0.75,9.25,0,5,3
193,0,0.75,8.75,3.3,5,3
193,1,0.75,9.25,3.3,5,3
194,0,0.75,8.75,6.6,5,3
194,1,0.75,9.25,6.6,5,3
195,0,0.75,8.75,9.9,5,3
195,1,0.75,9.25,9.9,5,3
196,0,0.75,9.75,-2.75,44,7
196,1,0.75,9.25,-2.75,44,7
196,2,0.75,9.75,-3.3,44,7
196,3,0.75,9.25,-3.3,44,7
197,0,0.75,9.75,-2.2,44,7
197,1,0.75,9.25,-2.2,44,7
197,2,0.75,9.75,-2.75,44,7
197,3,0.75,9.25,-2.75,44,7
198,0,0.75,9.75,-1.65,44,7
198,1,0.75,9.25,-1.65,44,7
198,2,0.75,9.75,-2.2,44,7
198,3,0.75,9.25,-2.2,44,7
199,0,0.75,9.75,-1.1,44,7
199,1,0.75,9.25,-1.1,44,7
199,2,0.75,9.75,-1.65,44,7
199,3,0.75,9.25,-1.65,44,7
200,0,0.75,9.75,-0.55,44,7
200,1,0.75,9.25,-0.55,44,7
200,2,0.75,9.75,-1.1,44,7
200,3,0.75,9.25,-1.1,44,7
201,0,0.75,9.75,0,44,7
201,1,0.75,9.25,0,44,7
201,2,0.75,9.75,-0.55,44,7
201,3,0.75,9.25,-0.55,44,7
202,0,0.75,9.25,0,5,3
202,1,0.75,9.75,0,5,3
203,0,0.75,9.25,3.3,5,3
203,1,0.75,9.75,3.3,5,3
204,0,0.75,9.25,6.6,5,3
204,1,0.75,9.75,6.6,5,3
205,0,0.75,9.25,9.9,5,3
205,1,0.75,9.75,9.9,5,3
206,0,0.75,10.25,-2.75,44,7
206,1,0.75,9.75,-2.75,44,7
206,2,0.75,10.25,-3.3,44,7
206,3,0.75,9.75,-3.3,44,7
207,0,0.75,10.25,-2.2,44,7
207,1,0.75,9.75,-2.2,44,7
207,2,0.75,10.25,-2.75,44,7
207,3,0.75,9.75,-2.75,44,7
208,0,0.75,10.25,-1.65,44,7
208,1,0.75,9.75,-1.65,44,7
208,2,0.75,10.25,-2.2,44,7
208,3,0.75,9.75,-2.2,44,7
209,0,0.75,10.25,-1.1,44,7
209,1,0.75,9.75,-1.1,44,7
209,2,0.75,10.25,-1.65,44,7
209,3,0.75,9.75,-1.65,44,7
210,0,0.75,10.25,-0.55,44,7
210,1,0.75,9.75,-0.55,44,7
210,2,0.75,10.25,-1.1,44,7
210,3,0.75,9.75,-1.1,44,7
211,0,0.75,10.25,0,44,7
211,1,0.75,9.75,0,44,7
211,2,0.75,10.25,-0.55,44,7
211,3,0.75,9.75,-0.55,44,7
212,0,0.75,9.75,0,5,3
212,1,0.75,10.25,0,5,3
213,0,0.75,9.75,3.3,5,3
213,1,0.75,10.25,3.3,5,3
214,0,0.75,9.75,6.6,5,3
214,1,0.75,10.25,6.6,5,3
215,0,0.75,9.75,9.9,5,3
215,1,0.75,10.25,9.9,5,3
216,0,0.75,10.75,-2.75,44,7
216,1,0.75,10.25,-2.75,44,7
216,2,0.75,10.75,-3.3,44,7
216,3,0.75,10.25,-3.3,44,7
217,0,0.75,10.75,-2.2,44,7
217,1,0.75,10.25,-2.2,44,7
217,2,0.75,10.75,-2.75,44,7
217,3,0.75,10.25,-2.75,44,7
218,0,0.75,10.75,-1.65,44,7
218,1,0.75,10.25,-1.65,44,7
218,2,0.75,10.75,-2.2,44,7
218,3,0.75,10.25,-2.2,44,7
219,0,0.75,10.75,0,44,7
219,1,0.75,10.25,0,44,7
219,2,0.75,10.75,-0.55,44,7
219,3,0.75,10.25,-0.55,44,7
220,0,0.75,10.25,0,5,3
220,1,0.75,10.75,0,5,3
221,0,0.75,10.25,3.3,5,3
221,1,0.75,10.75,3.3,5,3
222,0,0.75,10.25,6.6,5,3
222,1,0.75,10.75,6.6,5,3
223,0,0.75,10.25,9.9,5,3
223,1,0.75,10.75,9.9,5,3
224,0,0.75,11.25,-2.75,44,7
224,1,0.75,10.75,-2.75,44,7
224,2,0.75,11.25,-3.3,44,7
224,3,0.75,10.75,-3.3,44,7
225,0,0.75,11.25,-2.2,44,7
225,1,0.75,10.75,-2.2,44,7
225,2,0.75,11.25,-2.75,44,7
225,3,0.75,10.75,-2.75,44,7
226,0,0.75,11.25,-1.65,44,7
226,1,0.75,10.75,-1.65,44,7
226,2,0.75,11.25,-2.2,44,7
226,3,0.75,10.75,-2.2,44,7
227,0,0.75,11.25,0,44,7
227,1,0.75,10.75,0,44,7
227,2,0.75,11.25,-0.55,44,7
227,3,0.75,10.75,-0.55,44,7
228,0,0.75,10.75,0,5,3
228,1,0.75,11.25,0,5,3
229,0,0.75,10.75,3.3,5,3
229,1,0.75,11.25,3.3,5,3
230,0,0.75,10.75,6.6,5,3
230,1,0.75,11.25,6.6,5,3
231,0,0.75,10.75,9.9,5,3
231,1,0.75,11.25,9.9,5,3
232,0,0.75,11.75,-2.75,44,7
232,1,0.75,11.25,-2.75,44,7
232,2,0.75,11.75,-3.3,44,7
232,3,0.75,11.25,-3.3,44,7
233,0,0.75,11.75,-2.2,44,7
233,1,0.75,11.25,-2.2,44,7
233,2,0.75,11.75,-2.75,44,7
233,3,0.75,11.25,-2.75,44,7
234,0,0.75,11.75,-1.65,44,7
234,1,0.75,11.25,-1.65,44,7
234,2,0.75,11.75,-2.2,44,7
234,3,0.75,11.25,-2.2,44,7
235,0,0.75,11.75,0,44,7
235,1,0.75,11.25,0,44,7
235,2,0.75,11.75,-0.55,44,7
235,3,0.75,11.25,-0.55,44,7
236,0,0.75,11.25,0,5,3
236,1,0.75,11.75,0,5,3
237,0,0.75,11.25,3.3,5,3
237,1,0.75,11.75,3.3,5,3
238,0,0.75,11.25,6.6,5,3
238,1,0.75,11.75,6.6,5,3
239,0,0.75,11.25,9.9,5,3
239,1,0.75,11.75,9.9,5,3
240,0,0.75,12.25,-2.75,44,7
240,1,0.75,11.75,-2.75,44,7
240,2,0.75,12.25,-3.3,44,7
240,3,0.75,11.75,-3.3,44,7
241,0,0.75,12.25,-2.2,44,7
241,1,0.75,11.75,-2.2,44,7
241,2,0.75,12.25,-2.75,44,7
241,3,0.75,11.75,-2.75,44,7
242,0,0.75,12.25,-1.65,44,7
242,1,0.75,11.75,-1.65,44,7
242,2,0.75,12.25,-2.2,44,7
242,3,0.75,11.75,-2.2,44,7
243,0,0.75,12.25,-1.1,44,7
243,1,0.75,11.75,-1.1,44,7
243,2,0.75,12.25,-1.65,44,7
243,3,0.75,11.75,-1.65,44,7
244,0,0.75,12.25,-0.55,44,7
244,1,0.75,11.75,-0.55,44,7
244,2,0.75,12.25,-1.1,44,7
244,3,0.75,11.75,-1.1,44,7
245,0,0.75,12.25,0,44,7
245,1,0.75,11.75,0,44,7
245,2,0.75,12.25,-0.55,44,7
245,3,0.75,11.75,-0.55,44,7
246,0,0.75,11.75,0,5,3
246,1,0.75,12.25,0,5,3
247,0,0.75,11.75,3.3,5,3
247,1,0.75,12.25,3.3,5,3
248,0,0.75,11.75,6.6,5,3
248,1,0.75,12.25,6.6,5,3
249,0,0.75,11.75,9.9,5,3
249,1,0.75,12.25,9.9,5,3
250,0,0.75,12.75,-2.75,44,7
250,1,0.75,12.25,-2.75,44,7
250,2,0.75,12.75,-3.3,44,7
250,3,0.75,12.25,-3.3,44,7
251,0,0.75,12.75,-2.2,44,7
251,1,0.75,12.25,-2.2,44,7
251,2,0.75,12.75,-2.75,44,7
251,3,0.75,12.25,-2.75,44,7
252,0,0.75,12.75,-1.65,44,7
252,1,0.75,12.25,-1.65,44,7
252,2,0.75,12.75,-2.2,44,7
252,3,0.75,12.25,-2.2,44,7
253,0,0.75,12.75,-1.1,44,7
253,1,0.75,12.25,-1.1,44,7
253,2,0.75,12.75,-1.65,44,7
253,3,0.75,12.25,-1.65,44,7
254,0,0.75,12.75,-0.55,44,7
254,1,0.75,12.25,-0.55,44,7
254,2,0.75,12.75,-1.1,44,7
254,3,0.75,12.25,-1.1,44,7
255,0,0.75,12.75,0,44,7
255,1,0.75,12.25,0,44,7
255,2,0.75,12.75,-0.55,44,7
255,3,0.75,12.25,-0.55,44,7
256,0,0.75,12.25,0,5,3
256,1,0.75,12.75,0,5,3
257,0,0.75,12.25,3.3,5,3
257,1,0.75,12.75,3.3,5,3
258,0,0.75,12.25,6.6,5,3
258,1,0.75,12.75,6.6,5,3
259,0,0.75,12.25,9.9,5,3
259,1,0.75,12.75,9.9,5,3
260,0,0.75,12.75,-3.3,5,2
260,1,0.75,12.75,-2.75,5,2
261,0,0.75,12.75,-2.75,5,2
261,1,0.75,12.75,-2.2,5,2
262,0,0.75,12.75,-2.2,5,2
262,1,0.75,12.75,-1.65,5,2
263,0,0.75,12.75,-1.65,5,2
263,1,0.75,12.75,-1.1,5,2
264,0,0.75,12.75,-1.1,5,2
264,1,0.75,12.75,-0.55,5,2
265,0,0.75,12.75,-0.55,5,2
265,1,0.75,12.75,0,5,2
266,0,0.75,12.75,0,5,2
266,1,0.75,12.75,3.3,5,2
267,0,0.75,12.75,3.3,5,2
267,1,0.75,12.75,6.6,5,2
268,0,0.75,12.75,6.6,5,2
268,1,0.75,12.75,9.9,5,2
269,0,1.125,2.25,-3.3,44,4
269,1,0.75,2.25,-3.3,44,4
269,2,1.125,1.75,-3.3,44,4
269,3,0.75,1.75,-3.3,44,4
270,0,1.125,2.75,-3.3,44,4
270,1,0.75,2.75,-3.3,44,4
270,2,1.125,2.25,-3.3,44,4
270,3,0.75,2.25,-3.3,44,4
271,0,1.125,3.25,-3.3,44,4
271,1,0.75,3.25,-3.3,44,4
271,2,1.125,2.75,-3.3,44,4
271,3,0.75,2.75,-3.3,44,4
272,0,1.125,3.75,-3.3,44,4
272,1,0.75,3.75,-3.3,44,4
272,2,1.125,3.25,-3.3,44,4
272,3,0.75,3.25,-3.3,44,4
273,0,1.125,4.25,-3.3,44,4
273,1,0.75,4.25,-3.3,44,4
273,2,1.125,3.75,-3.3,44,4
273,3,0.75,3.75,-3.3,44,4
274,0,1.125,4.75,-3.3,44,4
274,1,0.75,4.75,-3.3,44,4
274,2,1.125,4.25,-3.3,44,4
274,3,0.75,4.25,-3.3,44,4
275,0,1.125,5.25,-3.3,44,4
275,1,0.75,5.25,-3.3,44,4
275,2,1.125,4.75,-3.3,44,4
275,3,0.75,4.75,-3.3,44,4
276,0,1.125,5.75,-3.3,44,4
276,1,0.75,5.75,-3.3,44,4
276,2,1.125,5.25,-3.3,44,4
276,3,0.75,5.25,-3.3,44,4
277,0,1.125,8.25,-3.3,44,4
277,1,0.75,8.25,-3.3,44,4
277,2,1.125,7.75,-3.3,44,4
277,3,0.75,7.75,-3.3,44,4
278,0,1.125,8.75,-3.3,44,4
278,1,0.75,8.75,-3.3,44,4
278,2,1.125,8.25,-3.3,44,4
278,3,0.75,8.25,-3.3,44,4
279,0,1.125,9.25,-3.3,44,4
279,1,0.75,9.25,-3.3,44,4
279,2,1.125,8.75,-3.3,44,4
279,3,0.75,8.75,-3.3,44,4
280,0,1.125,9.75,-3.3,44,4
280,1,0.75,9.75,-3.3,44,4
280,2,1.125,9.25,-3.3,44,4
280,3,0.75,9.25,-3.3,44,4
281,0,1.125,10.25,-3.3,44,4
281,1,0.75,10.25,-3.3,44,4
281,2,1.125,9.75,-3.3,44,4
281,3,0.75,9.75,-3.3,44,4
282,0,1.125,10.75,-3.3,44,4
282,1,0.75,10.75,-3.3,44,4
282,2,1.125,10.25,-3.3,44,4
282,3,0.75,10.25,-3.3,44,4
283,0,1.125,11.25,-3.3,44,4
283,1,0.75,11.25,-3.3,44,4
283,2,1.125,10.75,-3.3,44,4
283,3,0.75,10.75,-3.3,44,4
284,0,1.125,11.75,-3.3,44,4
284,1,0.75,11.75,-3.3,44,4
284,2,1.125,11.25,-3.3,44,4
284,3,0.75,11.25,-3.3,44,4
285,0,1.125,1.75,-3.3,44,4
285,1,0.75,1.75,-3.3,44,4
285,2,1.25,1.25,-3.3,44,4
285,3,0.75,1.25,-3.3,44,4
286,0,1.25,6.25,-3.3,44,4
286,1,0.75,6.25,-3.3,44,4
286,2,1.125,5.75,-3.3,44,4
286,3,0.75,5.75,-3.3,44,4
287,0,1.125,7.75,-3.3,44,4
287,1,0.75,7.75,-3.3,44,4
287,2,1.25,7.25,-3.3,44,4
287,3,0.75,7.25,-3.3,44,4
288,0,1.25,12.25,-3.3,44,4
288,1,0.75,12.25,-3.3,44,4
288,2,1.125,11.75,-3.3,44,4
288,3,0.75,11.75,-3.3,44,4
289,0,1.25,0.75,-3.3,44,4
289,1,0.75,0.75,-3.3,44,4
289,2,1.25,0.375,-3.3,44,4
289,3,0.75,0.375,-3.3,44,4
290,0,1.25,0.75,-2.75,44,7
290,1,1.25,0.75,-3.3,44,7
290,2,0.75,0.75,-2.75,44,7
290,3,0.75,0.75,-3.3,44,7
291,0,1.25,0.75,-2.2,44,7
291,1,1.25,0.75,-2.75,44,7
291,2,0.75,0.75,-2.2,44,7
291,3,0.75,0.75,-2.75,44,7
292,0,1.25,0.75,-1.65,44,7
292,1,1.25,0.75,-2.2,44,7
292,2,0.75,0.75,-1.65,44,7
292,3,0.75,0.75,-2.2,44,7
293,0,1.25,0.75,-1.1,44,7
293,1,1.25,0.75,-1.65,44,7
293,2,0.75,0.75,-1.1,44,7
293,3,0.75,0.75,-1.65,44,7
294,0,1.25,0.75,-0.55,44,7
294,1,1.25,0.75,-1.1,44,7
294,2,0.75,0.75,-0.55,44,7
294,3,0.75,0.75,-1.1,44,7
295,0,1.25,0.75,0,44,7
295,1,1.25,0.75,-0.55,44,7
295,2,0.75,0.75,0,44,7
295,3,0.75,0.75,-0.55,44,7
296,0,0.75,0.75,0,5,3
296,1,1.25,0.75,0,5,3
297,0,0.75,0.75,3.3,5,3
297,1,1.25,0.75,3.3,5,3
298,0,0.75,0.75,6.6,5,3
298,1,1.25,0.75,6.6,5,3
299,0,0.75,0.75,9.9,5,3
299,1,1.25,0.75,9.9,5,3
300,0,1.25,1.25,-3.3,44,4
300,1,0.75,1.25,-3.3,44,4
300,2,1.25,0.75,-3.3,44,4
300,3,0.75,0.75,-3.3,44,4
301,0,1.25,1.25,0,44,6
301,1,0.75,1.25,0,44,6
301,2,1.25,0.75,0,44,6
301,3,0.75,0.75,0,44,6
302,0,1.25,1.25,3.3,44,6
302,1,0.75,1.25,3.3,44,6
302,2,1.25,0.75,3.3,44,6
302,3,0.75,0.75,3.3,44,6
303,0,1.25,1.25,6.6,44,6
303,1,0.75,1.25,6.6,44,6
303,2,1.25,0.75,6.6,44,6
303,3,0.75,0.75,6.6,44,6
304,0,1.25,1.25,9.9,44,6
304,1,0.75,1.25,9.9,44,6
304,2,1.25,0.75,9.9,44,6
304,3,0.75,0.75,9.9,44,6
305,0,1.25,1.75,0,44,6
305,1,0.75,1.75,0,44,6
305,2,1.25,1.25,0,44,6
305,3,0.75,1.25,0,44,6
306,0,1.25,1.75,3.3,44,6
306,1,0.75,1.75,3.3,44,6
306,2,1.25,1.25,3.3,44,6
306,3,0.75,1.25,3.3,44,6
307,0,1.25,1.75,6.6,44,6
307,1,0.75,1.75,6.6,44,6
307,2,1.25,1.25,6.6,44,6
307,3,0.75,1.25,6.6,44,6
308,0,1.25,1.75,9.9,44,6
308,1,0.75,1.75,9.9,44,6
308,2,1.25,1.25,9.9,44,6
308,3,0.75,1.25,9.9,44,6
309,0,1.25,2.25,0,44,6
309,1,0.75,2.25,0,44,6
309,2,1.25,1.75,0,44,6
309,3,0.75,1.75,0,44,6
310,0,1.25,2.25,3.3,44,6
310,1,0.75,2.25,3.3,44,6
310,2,1.25,1.75,3.3,44,6
310,3,0.75,1.75,3.3,44,6
311,0,1.25,2.25,6.6,44,6
311,1,0.75,2.25,6.6,44,6
311,2,1.25,1.75,6.6,44,6
311,3,0.75,1.75,6.6,44,6
312,0,1.25,2.25,9.9,44,6
312,1,0.75,2.25,9.9,44,6
312,2,1.25,1.75,9.9,44,6
312,3,0.75,1.75,9.9,44,6
313,0,1.25,2.75,0,44,6
313,1,0.75,2.75,0,44,6
313,2,1.25,2.25,0,44,6
313,3,0.75,2.25,0,44,6
314,0,1.25,2.75,3.3,44,6
314,1,0.75,2.75,3.3,44,6
314,2,1.25,2.25,3.3,44,6
314,3,0.75,2.25,3.3,44,6
315,0,1.25,2.75,6.6,44,6
315,1,0.75,2.75,6.6,44,6
315,2,1.25,2.25,6.6,44,6
315,3,0.75,2.25,6.6,44,6
316,0,1.25,2.75,9.9,44,6
316,1,0.75,2.75,9.9,44,6
316,2,1.25,2.25,9.9,44,6
316,3,0.75,2.25,9.9,44,6
317,0,1.25,3.25,0,44,6
317,1,0.75,3.25,0,44,6
317,2,1.25,2.75,0,44,6
317,3,0.75,2.75,0,44,6
318,0,1.25,3.25,3.3,44,6
318,1,0.75,3.25,3.3,44,6
318,2,1.25,2.75,3.3,44,6
318,3,0.75,2.75,3.3,44,6
319,0,1.25,3.25,6.6,44,6
319,1,0.75,3.25,6.6,44,6
319,2,1.25,2.75,6.6,44,6
319,3,0.75,2.75,6.6,44,6
320,0,1.25,3.25,9.9,44,6
320,1,0.75,3.25,9.9,44,6
320,2,1.25,2.75,9.9,44,6
320,3,0.75,2.75,9.9,44,6
321,0,1.25,3.75,0,44,6
321,1,0.75,3.75,0,44,6
321,2,1.25,3.25,0,44,6
321,3,0.75,3.25,0,44,6
322,0,1.25,3.75,3.3,44,6
322,1,0.75,3.75,3.3,44,6
322,2,1.25,3.25,3.3,44,6
322,3,0.75,3.25,3.3,44,6
323,0,1.25,3.75,6.6,44,6
323,1,0.75,3.75,6.6,44,6
323,2,1.25,3.25,6.6,44,6
323,3,0.75,3.25,6.6,44,6
324,0,1.25,3.75,9.9,44,6
324,1,0.75,3.75,9.9,44,6
324,2,1.25,3.25,9.9,44,6
324,3,0.75,3.25,9.9,44,6
325,0,1.25,4.25,0,44,6
325,1,0.75,4.25,0,44,6
325,2,1.25,3.75,0,44,6
325,3,0.75,3.75,0,44,6
326,0,1.25,4.25,3.3,44,6
326,1,0.75,4.25,3.3,44,6
326,2,1.25,3.75,3.3,44,6
326,3,0.75,3.75,3.3,44,6
327,0,1.25,4.25,6.6,44,6
327,1,0.75,4.25,6.6,44,6
327,2,1.25,3.75,6.6,44,6
327,3,0.75,3.75,6.6,44,6
328,0,1.25,4.25,9.9,44,6
328,1,0.75,4.25,9.9,44,6
328,2,1.25,3.75,9.9,44,6
328,3,0.75,3.75,9.9,44,6
329,0,1.25,4.75,0,44,6
329,1,0.75,4.75,0,44,6
329,2,1.25,4.25,0,44,6
329,3,0.75,4.25,0,44,6
330,0,1.25,4.75,3.3,44,6
330,1,0.75,4.75,3.3,44,6
330,2,1.25,4.25,3.3,44,6
330,3,0.75,4.25,3.3,44,6
331,0,1.25,4.75,6.6,44,6
331,1,0.75,4.75,6.6,44,6
331,2,1.25,4.25,6.6,44,6
331,3,0.75,4.25,6.6,44,6
332,0,1.25,4.75,9.9,44,6
332,1,0.75,4.75,9.9,44,6
332,2,1.25,4.25,9.9,44,6
332,3,0.75,4.25,9.9,44,6
333,0,1.25,5.25,0,44,6
333,1,0.75,5.25,0,44,6
333,2,1.25,4.75,0,44,6
333,3,0.75,4.75,0,44,6
334,0,1.25,5.25,3.3,44,6
334,1,0.75,5.25,3.3,44,6
334,2,1.25,4.75,3.3,44,6
334,3,0.75,4.75,3.3,44,6
335,0,1.25,5.25,6.6,44,6
335,1,0.75,5.25,6.6,44,6
335,2,1.25,4.75,6.6,44,6
335,3,0.75,4.75,6.6,44,6
336,0,1.25,5.25,9.9,44,6
336,1,0.75,5.25,9.9,44,6
336,2,1.25,4.75,9.9,44,6
336,3,0.75,4.75,9.9,44,6
337,0,1.25,5.75,0,44,6
337,1,0.75,5.75,0,44,6
337,2,1.25,5.25,0,44,6
337,3,0.75,5.25,0,44,6
338,0,1.25,5.75,3.3,44,6
338,1,0.75,5.75,3.3,44,6
338,2,1.25,5.25,3.3,44,6
338,3,0.75,5.25,3.3,44,6
339,0,1.25,5.75,6.6,44,6
339,1,0.75,5.75,6.6,44,6
339,2,1.25,5.25,6.6,44,6
339,3,0.75,5.25,6.6,44,6
340,0,1.25,5.75,9.9,44,6
340,1,0.75,5.75,9.9,44,6
340,2,1.25,5.25,9.9,44,6
340,3,0.75,5.25,9.9,44,6
341,0,1.25,6.25,0,44,6
341,1,0.75,6.25,0,44,6
341,2,1.25,5.75,0,44,6
341,3,0.75,5.75,0,44,6
342,0,1.25,6.25,3.3,44,6
342,1,0.75,6.25,3.3,44,6
342,2,1.25,5.75,3.3,44,6
342,3,0.75,5.75,3.3,44,6
343,0,1.25,6.25,6.6,44,6
343,1,0.75,6.25,6.6,44,6
343,2,1.25,5.75,6.6,44,6
343,3,0.75,5.75,6.6,44,6
344,0,1.25,6.25,9.9,44,6
344,1,0.75,6.25,9.9,44,6
344,2,1.25,5.75,9.9,44,6
344,3,0.75,5.75,9.9,44,6
345,0,1.25,6.75,-3.3,44,4
345,1,0.75,6.75,-3.3,44,4
345,2,1.25,6.25,-3.3,44,4
345,3,0.75,6.25,-3.3,44,4
346,0,1.25,6.75,0,44,6
346,1,0.75,6.75,0,44,6
346,2,1.25,6.25,0,44,6
346,3,0.75,6.25,0,44,6
347,0,1.25,6.75,3.3,44,6
347,1,0.75,6.75,3.3,44,6
347,2,1.25,6.25,3.3,44,6
347,3,0.75,6.25,3.3,44,6
348,0,1.25,6.75,6.6,44,6
348,1,0.75,6.75,6.6,44,6
348,2,1.25,6.25,6.6,44,6
348,3,0.75,6.25,6.6,44,6
349,0,1.25,6.75,9.9,44,6
349,1,0.75,6.75,9.9,44,6
349,2,1.25,6.25,9.9,44,6
349,3,0.75,6.25,9.9,44,6
350,0,0.75,6.75,0,5,3
350,1,1.25,6.75,0,5,3
351,0,0.75,6.75,3.3,5,3
351,1,1.25,6.75,3.3,5,3
352,0,0.75,6.75,6.6,5,3
352,1,1.25,6.75,6.6,5,3
353,0,0.75,6.75,9.9,5,3
353,1,1.25,6.75,9.9,5,3
354,0,1.25,7.25,-3.3,44,4
354,1,0.75,7.25,-3.3,44,4
354,2,1.25,6.75,-3.3,44,4
354,3,0.75,6.75,-3.3,44,4
355,0,1.25,7.25,0,44,6
355,1,0.75,7.25,0,44,6
355,2,1.25,6.75,0,44,6
355,3,0.75,6.75,0,44,6
356,0,1.25,7.25,3.3,44,6
356,1,0.75,7.25,3.3,44,6
356,2,1.25,6.75,3.3,44,6
356,3,0.75,6.75,3.3,44,6
357,0,1.25,7.25,6.6,44,6
357,1,0.75,7.25,6.6,44,6
357,2,1.25,6.75,6.6,44,6
357,3,0.75,6.75,6.6,44,6
358,0,1.25,7.25,9.9,44,6
358,1,0.75,7.25,9.9,44,6
358,2,1.25,6.75,9.9,44,6
358,3,0.75,6.75,9.9,44,6
359,0,1.25,7.75,0,44,6
359,1,0.75,7.75,0,44,6
359,2,1.25,7.25,0,44,6
359,3,0.75,7.25,0,44,6
360,0,1.25,7.75,3.3,44,6
360,1,0.75,7.75,3.3,44,6
360,2,1.25,7.25,3.3,44,6
360,3,0.75,7.25,3.3,44,6
361,0,1.25,7.75,6.6,44,6
361,1,0.75,7.75,6.6,44,6
361,2,1.25,7.25,6.6,44,6
361,3,0.75,7.25,6.6,44,6
362,0,1.25,7.75,9.9,44,6
362,1,0.75,7.75,9.9,44,6
362,2,1.25,7.25,9.9,44,6
362,3,0.75,7.25,9.9,44,6
363,0,1.25,8.25,0,44,6
363,1,0.75,8.25,0,44,6
363,2,1.25,7.75,0,44,6
363,3,0.75,7.75,0,44,6
364,0,1.25,8.25,3.3,44,6
364,1,0.75,8.25,3.3,44,6
364,2,1.25,7.75,3.3,44,6
364,3,0.75,7.75,3.3,44,6
365,0,1.25,8.25,6.6,44,6
365,1,0.75,8.25,6.6,44,6
365,2,1.25,7.75,6.6,44,6
365,3,0.75,7.75,6.6,44,6
366,0,1.25,8.25,9.9,44,6
366,1,0.75,8.25,9.9,44,6
366,2,1.25,7.75,9.9,44,6
366,3,0.75,7.75,9.9,44,6
367,0,1.25,8.75,0,44,6
367,1,0.75,8.75,0,44,6
367,2,1.25,8.25,0,44,6
367,3,0.75,8.25,0,44,6
368,0,1.25,8.75,3.3,44,6
368,1,0.75,8.75,3.3,44,6
368,2,1.25,8.25,3.3,44,6
368,3,0.75,8.25,3.3,44,6
369,0,1.25,8.75,6.6,44,6
369,1,0.75,8.75,6.6,44,6
369,2,1.25,8.25,6.6,44,6
369,3,0.75,8.25,6.6,44,6
370,0,1.25,8.75,9.9,44,6
370,1,0.75,8.75,9.9,44,6
370,2,1.25,8.25,9.9,44,6
370,3,0.75,8.25,9.9,44,6
371,0,1.25,9.25,0,44,6
371,1,0.75,9.25,0,44,6
371,2,1.25,8.75,0,44,6
371,3,0.75,8.75,0,44,6
372,0,1.25,9.25,3.3,44,6
372,1,0.75,9.25,3.3,44,6
372,2,1.25,8.75,3.3,44,6
372,3,0.75,8.75,3.3,44,6
373,0,1.25,9.25,6.6,44,6
373,1,0.75,9.25,6.6,44,6
373,2,1.25,8.75,6.6,44,6
373,3,0.75,8.75,6.6,44,6
374,0,1.25,9.25,9.9,44,6
374,1,0.75,9.25,9.9,44,6
374,2,1.25,8.75,9.9,44,6
374,3,0.75,8.75,9.9,44,6
375,0,1.25,9.75,0,44,6
375,1,0.75,9.75,0,44,6
375,2,1.25,9.25,0,44,6
375,3,0.75,9.25,0,44,6
376,0,1.25,9.75,3.3,44,6
376,1,0.75,9.75,3.3,44,6
376,2,1.25,9.25,3.3,44,6
376,3,0.75,9.25,3.3,44,6
377,0,1.25,9.75,6.6,44,6
377,1,0.75,9.75,6.6,44,6
377,2,1.25,9.25,6.6,44,6
377,3,0.75,9.25,6.6,44,6
378,0,1.25,9.75,9.9,44,6
378,1,0.75,9.75,9.9,44,6
378,2,1.25,9.25,9.9,44,6
378,3,0.75,9.25,9.9,44,6
379,0,1.25,10.25,0,44,6
379,1,0.75,10.25,0,44,6
379,2,1.25,9.75,0,44,6
379,3,0.75,9.75,0,44,6
380,0,1.25,10.25,3.3,44,6
380,1,0.75,10.25,3.3,44,6
380,2,1.25,9.75,3.3,44,6
380,3,0.75,9.75,3.3,44,6
381,0,1.25,10.25,6.6,44,6
381,1,0.75,10.25,6.6,44,6
381,2,1.25,9.75,6.6,44,6
381,3,0.75,9.75,6.6,44,6
382,0,1.25,10.25,9.9,44,6
382,1,0.75,10.25,9.9,44,6
382,2,1.25,9.75,9.9,44,6
382,3,0.75,9.75,9.9,44,6
383,0,1.25,10.75,0,44,6
383,1,0.75,10.75,0,44,6
383,2,1.25,10.25,0,44,6
383,3,0.75,10.25,0,44,6
384,0,1.25,10.75,3.3,44,6
384,1,0.75,10.75,3.3,44,6
384,2,1.25,10.25,3.3,44,6
384,3,0.75,10.25,3.3,44,6
385,0,1.25,10.75,6.6,44,6
385,1,0.75,10.75,6.6,44,6
385,2,1.25,10.25,6.6,44,6
385,3,0.75,10.25,6.6,44,6
386,0,1.25,10.75,9.9,44,6
386,1,0.75,10.75,9.9,44,6
386,2,1.25,10.25,9.9,44,6
386,3,0.75,10.25,9.9,44,6
387,0,1.25,11.25,0,44,6
387,1,0.75,11.25,0,44,6
387,2,1.25,10.75,0,44,6
387,3,0.75,10.75,0,44,6
388,0,1.25,11.25,3.3,44,6
388,1,0.75,11.25,3.3,44,6
388,2,1.25,10.75,3.3,44,6
388,3,0.75,10.75,3.3,44,6
389,0,1.25,11.25,6.6,44,6
389,1,0.75,11.25,6.6,44,6
389,2,1.25,10.75,6.6,44,6
389,3,0.75,10.75,6.6,44,6
390,0,1.25,11.25,9.9,44,6
390,1,0.75,11.25,9.9,44,6
390,2,1.25,10.75,9.9,44,6
390,3,0.75,10.75,9.9,44,6
391,0,1.25,11.75,0,44,6
391,1,0.75,11.75,0,44,6
391,2,1.25,11.25,0,44,6
391,3,0.75,11.25,0,44,6
392,0,1.25,11.75,3.3,44,6
392,1,0.75,11.75,3.3,44,6
392,2,1.25,11.25,3.3,44,6
392,3,0.75,11.25,3.3,44,6
393,0,1.25,11.75,6.6,44,6
393,1,0.75,11.75,6.6,44,6
393,2,1.25,11.25,6.6,44,6
393,3,0.75,11.25,6.6,44,6
394,0,1.25,11.75,9.9,44,6
394,1,0.75,11.75,9.9,44,6
394,2,1.25,11.25,9.9,44,6
394,3,0.75,11.25,9.9,44,6
395,0,1.25,12.25,0,44,6
395,1,0.75,12.25,0,44,6
395,2,1.25,11.75,0,44,6
395,3,0.75,11.75,0,44,6
396,0,1.25,12.25,3.3,44,6
396,1,0.75,12.25,3.3,44,6
396,2,1.25,11.75,3.3,44,6
396,3,0.75,11.75,3.3,44,6
397,0,1.25,12.25,6.6,44,6
397,1,0.75,12.25,6.6,44,6
397,2,1.25,11.75,6.6,44,6
397,3,0.75,11.75,6.6,44,6
398,0,1.25,12.25,9.9,44,6
398,1,0.75,12.25,9.9,44,6
398,2,1.25,11.75,9.9,44,6
398,3,0.75,11.75,9.9,44,6
399,0,1.25,12.75,-3.3,44,4
399,1,0.75,12.75,-3.3,44,4
399,2,1.25,12.25,-3.3,44,4
399,3,0.75,12.25,-3.3,44,4
400,0,1.25,12.75,0,44,6
400,1,0.75,12.75,0,44,6
400,2,1.25,12.25,0,44,6
400,3,0.75,12.25,0,44,6
401,0,1.25,12.75,3.3,44,6
401,1,0.75,12.75,3.3,44,6
401,2,1.25,12.25,3.3,44,6
401,3,0.75,12.25,3.3,44,6
402,0,1.25,12.75,6.6,44,6
402,1,0.75,12.75,6.6,44,6
402,2,1.25,12.25,6.6,44,6
402,3,0.75,12.25,6.6,44,6
403,0,1.25,12.75,9.9,44,6
403,1,0.75,12.75,9.9,44,6
403,2,1.25,12.25,9.9,44,6
403,3,0.75,12.25,9.9,44,6
404,0,1.25,12.75,-2.75,44,7
404,1,1.25,12.75,-3.3,44,7
404,2,0.75,12.75,-2.75,44,7
404,3,0.75,12.75,-3.3,44,7
405,0,1.25,12.75,-2.2,44,7
405,1,1.25,12.75,-2.75,44,7
405,2,0.75,12.75,-2.2,44,7
405,3,0.75,12.75,-2.75,44,7
406,0,1.25,12.75,-1.65,44,7
406,1,1.25,12.75,-2.2,44,7
406,2,0.75,12.75,-1.65,44,7
406,3,0.75,12.75,-2.2,44,7
407,0,1.25,12.75,-1.1,44,7
407,1,1.25,12.75,-1.65,44,7
407,2,0.75,12.75,-1.1,44,7
407,3,0.75,12.75,-1.65,44,7
408,0,1.25,12.75,-0.55,44,7
408,1,1.25,12.75,-1.1,44,7
408,2,0.75,12.75,-0.55,44,7
408,3,0.75,12.75,-1.1,44,7
409,0,1.25,12.75,0,44,7
409,1,1.25,12.75,-0.55,44,7
409,2,0.75,12.75,0,44,7
409,3,0.75,12.75,-0.55,44,7
410,0,0.75,12.75,0,5,3
410,1,1.25,12.75,0,5,3
411,0,0.75,12.75,3.3,5,3
411,1,1.25,12.75,3.3,5,3
412,0,0.75,12.75,6.6,5,3
412,1,1.25,12.75,6.6,5,3
413,0,0.75,12.75,9.9,5,3
413,1,1.25,12.75,9.9,5,3
414,0,1.25,13.125,-3.3,44,4
414,1,0.75,13.125,-3.3,44,4
414,2,1.25,12.75,-3.3,44,4
414,3,0.75,12.75,-3.3,44,4
415,0,1.75,0.75,-3.3,44,4
415,1,1.25,0.75,-3.3,44,4
415,2,1.75,0.375,-3.3,44,4
415,3,1.25,0.375,-3.3,44,4
416,0,1.75,0.75,-2.75,44,7
416,1,1.75,0.75,-3.3,44,7
416,2,1.25,0.75,-2.75,44,7
416,3,1.25,0.75,-3.3,44,7
417,0,1.75,0.75,-2.2,44,7
417,1,1.75,0.75,-2.75,44,7
417,2,1.25,0.75,-2.2,44,7
417,3,1.25,0.75,-2.75,44,7
418,0,1.75,0.75,-1.65,44,7
418,1,1.75,0.75,-2.2,44,7
418,2,1.25,0.75,-1.65,44,7
418,3,1.25,0.75,-2.2,44,7
419,0,1.75,0.75,-1.1,44,7
419,1,1.75,0.75,-1.65,44,7
419,2,1.25,0.75,-1.1,44,7
419,3,1.25,0.75,-1.65,44,7
420,0,1.75,0.75,-0.55,44,7
420,1,1.75,0.75,-1.1,44,7
420,2,1.25,0.75,-0.55,44,7
420,3,1.25,0.75,-1.1,44,7
421,0,1.75,0.75,0,44,7
421,1,1.75,0.75,-0.55,44,7
421,2,1.25,0.75,0,44,7
421,3,1.25,0.75,-0.55,44,7
422,0,1.25,0.75,0,5,3
422,1,1.75,0.75,0,5,3
423,0,1.25,0.75,3.3,5,3
423,1,1.75,0.75,3.3,5,3
424,0,1.25,0.75,6.6,5,3
424,1,1.75,0.75,6.6,5,3
425,0,1.25,0.75,9.9,5,3
425,1,1.75,0.75,9.9,5,3
426,0,1.25,1.25,-3.3,44,4
426,1,1.25,0.75,-3.3,44,4
426,2,1.75,1.125,-3.3,44,4
426,3,1.75,0.75,-3.3,44,4
427,0,1.75,1.25,0,44,6
427,1,1.25,1.25,0,44,6
427,2,1.75,0.75,0,44,6
427,3,1.25,0.75,0,44,6
428,0,1.75,1.25,3.3,44,6
428,1,1.25,1.25,3.3,44,6
428,2,1.75,0.75,3.3,44,6
428,3,1.25,0.75,3.3,44,6
429,0,1.75,1.25,6.6,44,6
429,1,1.25,1.25,6.6,44,6
429,2,1.75,0.75,6.6,44,6
429,3,1.25,0.75,6.6,44,6
430,0,1.75,1.25,9.9,44,6
430,1,1.25,1.25,9.9,44,6
430,2,1.75,0.75,9.9,44,6
430,3,1.25,0.75,9.9,44,6
431,0,1.75,1.75,0,44,6
431,1,1.25,1.75,0,44,6
431,2,1.75,1.25,0,44,6
431,3,1.25,1.25,0,44,6
432,0,1.75,1.75,3.3,44,6
432,1,1.25,1.75,3.3,44,6
432,2,1.75,1.25,3.3,44,6
432,3,1.25,1.25,3.3,44,6
433,0,1.75,1.75,6.6,44,6
433,1,1.25,1.75,6.6,44,6
433,2,1.75,1.25,6.6,44,6
433,3,1.25,1.25,6.6,44,6
434,0,1.75,1.75,9.9,44,6
434,1,1.25,1.75,9.9,44,6
434,2,1.75,1.25,9.9,44,6
434,3,1.25,1.25,9.9,44,6
435,0,1.75,2.25,0,44,6
435,1,1.25,2.25,0,44,6
435,2,1.75,1.75,0,44,6
435,3,1.25,1.75,0,44,6
436,0,1.75,2.25,3.3,44,6
436,1,1.25,2.25,3.3,44,6
436,2,1.75,1.75,3.3,44,6
436,3,1.25,1.75,3.3,44,6
437,0,1.75,2.25,6.6,44,6
437,1,1.25,2.25,6.6,44,6
437,2,1.75,1.75,6.6,44,6
437,3,1.25,1.75,6.6,44,6
438,0,1.75,2.25,9.9,44,6
438,1,1.25,2.25,9.9,44,6
438,2,1.75,1.75,9.9,44,6
438,3,1.25,1.75,9.9,44,6
439,0,1.75,2.75,0,44,6
439,1,1.25,2.75,0,44,6
439,2,1.75,2.25,0,44,6
439,3,1.25,2.25,0,44,6
440,0,1.75,2.75,3.3,44,6
440,1,1.25,2.75,3.3,44,6
440,2,1.75,2.25,3.3,44,6
440,3,1.25,2.25,3.3,44,6
441,0,1.75,2.75,6.6,44,6
441,1,1.25,2.75,6.6,44,6
441,2,1.75,2.25,6.6,44,6
441,3,1.25,2.25,6.6,44,6
442,0,1.75,2.75,9.9,44,6
442,1,1.25,2.75,9.9,44,6
442,2,1.75,2.25,9.9,44,6
442,3,1.25,2.25,9.9,44,6
443,0,1.75,3.25,0,44,6
443,1,1.25,3.25,0,44,6
443,2,1.75,2.75,0,44,6
443,3,1.25,2.75,0,44,6
444,0,1.75,3.25,3.3,44,6
444,1,1.25,3.25,3.3,44,6
444,2,1.75,2.75,3.3,44,6
444,3,1.25,2.75,3.3,44,6
445,0,1.75,3.25,6.6,44,6
445,1,1.25,3.25,6.6,44,6
445,2,1.75,2.75,6.6,44,6
445,3,1.25,2.75,6.6,44,6
446,0,1.75,3.25,9.9,44,6
446,1,1.25,3.25,9.9,44,6
446,2,1.75,2.75,9.9,44,6
446,3,1.25,2.75,9.9,44,6
447,0,1.75,3.75,0,44,6
447,1,1.25,3.75,0,44,6
447,2,1.75,3.25,0,44,6
447,3,1.25,3.25,0,44,6
448,0,1.75,3.75,3.3,44,6
448,1,1.25,3.75,3.3,44,6
448,2,1.75,3.25,3.3,44,6
448,3,1.25,3.25,3.3,44,6
449,0,1.75,3.75,6.6,44,6
449,1,1.25,3.75,6.6,44,6
449,2,1.75,3.25,6.6,44,6
449,3,1.25,3.25,6.6,44,6
450,0,1.75,3.75,9.9,44,6
450,1,1.25,3.75,9.9,44,6
450,2,1.75,3.25,9.9,44,6
450,3,1.25,3.25,9.9,44,6
451,0,1.75,4.25,0,44,6
451,1,1.25,4.25,0,44,6
451,2,1.75,3.75,0,44,6
451,3,1.25,3.75,0,44,6
452,0,1.75,4.25,3.3,44,6
452,1,1.25,4.25,3.3,44,6
452,2,1.75,3.75,3.3,44,6
452,3,1.25,3.75,3.3,44,6
453,0,1.75,4.25,6.6,44,6
453,1,1.25,4.25,6.6,44,6
453,2,1.75,3.75,6.6,44,6
453,3,1.25,3.75,6.6,44,6
454,0,1.75,4.25,9.9,44,6
454,1,1.25,4.25,9.9,44,6
454,2,1.75,3.75,9.9,44,6
454,3,1.25,3.75,9.9,44,6
455,0,1.75,4.75,0,44,6
455,1,1.25,4.75,0,44,6
455,2,1.75,4.25,0,44,6
455,3,1.25,4.25,0,44,6
456,0,1.75,4.75,3.3,44,6
456,1,1.25,4.75,3.3,44,6
456,2,1.75,4.25,3.3,44,6
456,3,1.25,4.25,3.3,44,6
457,0,1.75,4.75,6.6,44,6
457,1,1.25,4.75,6.6,44,6
457,2,1.75,4.25,6.6,44,6
457,3,1.25,4.25,6.6,44,6
458,0,1.75,4.75,9.9,44,6
458,1,1.25,4.75,9.9,44,6
458,2,1.75,4.25,9.9,44,6
458,3,1.25,4.25,9.9,44,6
459,0,1.75,5.25,0,44,6
459,1,1.25,5.25,0,44,6
459,2,1.75,4.75,0,44,6
459,3,1.25,4.75,0,44,6
460,0,1.75,5.25,3.3,44,6
460,1,1.25,5.25,3.3,44,6
460,2,1.75,4.75,3.3,44,6
460,3,1.25,4.75,3.3,44,6
461,0,1.75,5.25,6.6,44,6
461,1,1.25,5.25,6.6,44,6
461,2,1.75,4.75,6.6,44,6
461,3,1.25,4.75,6.6,44,6
462,0,1.75,5.25,9.9,44,6
462,1,1.25,5.25,9.9,44,6
462,2,1.75,4.75,9.9,44,6
462,3,1.25,4.75,9.9,44,6
463,0,1.75,5.75,0,44,6
463,1,1.25,5.75,0,44,6
463,2,1.75,5.25,0,44,6
463,3,1.25,5.25,0,44,6
464,0,1.75,5.75,3.3,44,6
464,1,1.25,5.75,3.3,44,6
464,2,1.75,5.25,3.3,44,6
464,3,1.25,5.25,3.3,44,6
465,0,1.75,5.75,6.6,44,6
465,1,1.25,5.75,6.6,44,6
465,2,1.75,5.25,6.6,44,6
465,3,1.25,5.25,6.6,44,6
466,0,1.75,5.75,9.9,44,6
466,1,1.25,5.75,9.9,44,6
466,2,1.75,5.25,9.9,44,6
466,3,1.25,5.25,9.9,44,6
467,0,1.75,6.25,0,44,6
467,1,1.25,6.25,0,44,6
467,2,1.75,5.75,0,44,6
467,3,1.25,5.75,0,44,6
468,0,1.75,6.25,3.3,44,6
468,1,1.25,6.25,3.3,44,6
468,2,1.75,5.75,3.3,44,6
468,3,1.25,5.75,3.3,44,6
469,0,1.75,6.25,6.6,44,6
469,1,1.25,6.25,6.6,44,6
469,2,1.75,5.75,6.6,44,6
469,3,1.25,5.75,6.6,44,6
470,0,1.75,6.25,9.9,44,6
470,1,1.25,6.25,9.9,44,6
470,2,1.75,5.75,9.9,44,6
470,3,1.25,5.75,9.9,44,6
471,0,1.75,6.75,0,44,6
471,1,1.25,6.75,0,44,6
471,2,1.75,6.25,0,44,6
471,3,1.25,6.25,0,44,6
472,0,1.75,6.75,3.3,44,6
472,1,1.25,6.75,3.3,44,6
472,2,1.75,6.25,3.3,44,6
472,3,1.25,6.25,3.3,44,6
473,0,1.75,6.75,6.6,44,6
473,1,1.25,6.75,6.6,44,6
473,2,1.75,6.25,6.6,44,6
473,3,1.25,6.25,6.6,44,6
474,0,1.75,6.75,9.9,44,6
474,1,1.25,6.75,9.9,44,6
474,2,1.75,6.25,9.9,44,6
474,3,1.25,6.25,9.9,44,6
475,0,1.75,6.75,-3.3,44,4
475,1,1.25,6.75,-3.3,44,4
475,2,1.75,6.375,-3.3,44,4
475,3,1.25,6.25,-3.3,44,4
476,0,1.25,6.75,0,5,3
476,1,1.75,6.75,0,5,3
477,0,1.25,6.75,3.3,5,3
477,1,1.75,6.75,3.3,5,3
478,0,1.25,6.75,6.6,5,3
478,1,1.75,6.75,6.6,5,3
479,0,1.25,6.75,9.9,5,3
479,1,1.75,6.75,9.9,5,3
480,0,1.25,7.25,-3.3,44,4
480,1,1.25,6.75,-3.3,44,4
480,2,1.75,7.125,-3.3,44,4
480,3,1.75,6.75,-3.3,44,4
481,0,1.75,7.25,0,44,6
481,1,1.25,7.25,0,44,6
481,2,1.75,6.75,0,44,6
481,3,1.25,6.75,0,44,6
482,0,1.75,7.25,3.3,44,6
482,1,1.25,7.25,3.3,44,6
482,2,1.75,6.75,3.3,44,6
482,3,1.25,6.75,3.3,44,6
483,0,1.75,7.25,6.6,44,6
483,1,1.25,7.25,6.6,44,6
483,2,1.75,6.75,6.6,44,6
483,3,1.25,6.75,6.6,44,6
484,0,1.75,7.25,9.9,44,6
484,1,1.25,7.25,9.9,44,6
484,2,1.75,6.75,9.9,44,6
484,3,1.25,6.75,9.9,44,6
485,0,1.75,7.75,0,44,6
485,1,1.25,7.75,0,44,6
485,2,1.75,7.25,0,44,6
485,3,1.25,7.25,0,44,6
486,0,1.75,7.75,3.3,44,6
486,1,1.25,7.75,3.3,44,6
486,2,1.75,7.25,3.3,44,6
486,3,1.25,7.25,3.3,44,6
487,0,1.75,7.75,6.6,44,6
487,1,1.25,7.75,6.6,44,6
487,2,1.75,7.25,6.6,44,6
487,3,1.25,7.25,6.6,44,6
488,0,1.75,7.75,9.9,44,6
488,1,1.25,7.75,9.9,44,6
488,2,1.75,7.25,9.9,44,6
488,3,1.25,7.25,9.9,44,6
489,0,1.75,8.25,0,44,6
489,1,1.25,8.25,0,44,6
489,2,1.75,7.75,0,44,6
489,3,1.25,7.75,0,44,6
490,0,1.75,8.25,3.3,44,6
490,1,1.25,8.25,3.3,44,6
490,2,1.75,7.75,3.3,44,6
490,3,1.25,7.75,3.3,44,6
491,0,1.75,8.25,6.6,44,6
491,1,1.25,8.25,6.6,44,6
491,2,1.75,7.75,6.6,44,6
491,3,1.25,7.75,6.6,44,6
492,0,1.75,8.25,9.9,44,6
492,1,1.25,8.25,9.9,44,6
492,2,1.75,7.75,9.9,44,6
492,3,1.25,7.75,9.9,44,6
493,0,1.75,8.75,0,44,6
493,1,1.25,8.75,0,44,6
493,2,1.75,8.25,0,44,6
493,3,1.25,8.25,0,44,6
494,0,1.75,8.75,3.3,44,6
494,1,1.25,8.75,3.3,44,6
494,2,1.75,8.25,3.3,44,6
494,3,1.25,8.25,3.3,44,6
495,0,1.75,8.75,6.6,44,6
495,1,1.25,8.75,6.6,44,6
495,2,1.75,8.25,6.6,44,6
495,3,1.25,8.25,6.6,44,6
496,0,1.75,8.75,9.9,44,6
496,1,1.25,8.75,9.9,44,6
496,2,1.75,8.25,9.9,44,6
496,3,1.25,8.25,9.9,44,6
497,0,1.75,9.25,0,44,6
497,1,1.25,9.25,0,44,6
497,2,1.75,8.75,0,44,6
497,3,1.25,8.75,0,44,6
498,0,1.75,9.25,3.3,44,6
498,1,1.25,9.25,3.3,44,6
498,2,1.75,8.75,3.3,44,6
498,3,1.25,8.75,3.3,44,6
499,0,1.75,9.25,6.6,44,6
499,1,1.25,9.25,6.6,44,6
499,2,1.75,8.75,6.6,44,6
499,3,1.25,8.75,6.6,44,6
500,0,1.75,9.25,9.9,44,6
500,1,1.25,9.25,9.9,44,6
500,2,1.75,8.75,9.9,44,6
500,3,1.25,8.75,9.9,44,6
501,0,1.75,9.75,0,44,6
501,1,1.25,9.75,0,44,6
501,2,1.75,9.25,0,44,6
501,3,1.25,9.25,0,44,6
502,0,1.75,9.75,3.3,44,6
502,1,1.25,9.75,3.3,44,6
502,2,1.75,9.25,3.3,44,6
502,3,1.25,9.25,3.3,44,6
503,0,1.75,9.75,6.6,44,6
503,1,1.25,9.75,6.6,44,6
503,2,1.75,9.25,6.6,44,6
503,3,1.25,9.25,6.6,44,6
504,0,1.75,9.75,9.9,44,6
504,1,1.25,9.75,9.9,44,6
504,2,1.75,9.25,9.9,44,6
504,3,1.25,9.25,9.9,44,6
505,0,1.75,10.25,0,44,6
505,1,1.25,10.25,0,44,6
505,2,1.75,9.75,0,44,6
505,3,1.25,9.75,0,44,6
506,0,1.75,10.25,3.3,44,6
506,1,1.25,10.25,3.3,44,6
506,2,1.75,9.75,3.3,44,6
506,3,1.25,9.75,3.3,44,6
507,0,1.75,10.25,6.6,44,6
507,1,1.25,10.25,6.6,44,6
507,2,1.75,9.75,6.6,44,6
507,3,1.25,9.75,6.6,44,6
508,0,1.75,10.25,9.9,44,6
508,1,1.25,10.25,9.9,44,6
508,2,1.75,9.75,9.9,44,6
508,3,1.25,9.75,9.9,44,6
509,0,1.75,10.75,0,44,6
509,1,1.25,10.75,0,44,6
509,2,1.75,10.25,0,44,6
509,3,1.25,10.25,0,44,6
510,0,1.75,10.75,3.3,44,6
510,1,1.25,10.75,3.3,44,6
510,2,1.75,10.25,3.3,44,6
510,3,1.25,10.25,3.3,44,6
511,0,1.75,10.75,6.6,44,6
511,1,1.25,10.75,6.6,44,6
511,2,1.75,10.25,6.6,44,6
511,3,1.25,10.25,6.6,44,6
512,0,1.75,10.75,9.9,44,6
512,1,1.25,10.75,9.9,44,6
512,2,1.75,10.25,9.9,44,6
512,3,1.25,10.25,9.9,44,6
513,0,1.75,11.25,0,44,6
513,1,1.25,11.25,0,44,6
513,2,1.75,10.75,0,44,6
513,3,1.25,10.75,0,44,6
514,0,1.75,11.25,3.3,44,6
514,1,1.25,11.25,3.3,44,6
514,2,1.75,10.75,3.3,44,6
514,3,1.25,10.75,3.3,44,6
515,0,1.75,11.25,6.6,44,6
515,1,1.25,11.25,6.6,44,6
515,2,1.75,10.75,6.6,44,6
515,3,1.25,10.75,6.6,44,6
516,0,1.75,11.25,9.9,44,6
516,1,1.25,11.25,9.9,44,6
516,2,1.75,10.75,9.9,44,6
516,3,1.25,10.75,9.9,44,6
517,0,1.75,11.75,0,44,6
517,1,1.25,11.75,0,44,6
517,2,1.75,11.25,0,44,6
517,3,1.25,11.25,0,44,6
518,0,1.75,11.75,3.3,44,6
518,1,1.25,11.75,3.3,44,6
518,2,1.75,11.25,3.3,44,6
518,3,1.25,11.25,3.3,44,6
519,0,1.75,11.75,6.6,44,6
519,1,1.25,11.75,6.6,44,6
519,2,1.75,11.25,6.6,44,6
519,3,1.25,11.25,6.6,44,6
520,0,1.75,11.75,9.9,44,6
520,1,1.25,11.75,9.9,44,6
520,2,1.75,11.25,9.9,44,6
520,3,1.25,11.25,9.9,44,6
521,0,1.75,12.25,0,44,6
521,1,1.25,12.25,0,44,6
521,2,1.75,11.75,0,44,6
521,3,1.25,11.75,0,44,6
522,0,1.75,12.25,3.3,44,6
522,1,1.25,12.25,3.3,44,6
522,2,1.75,11.75,3.3,44,6
522,3,1.25,11.75,3.3,44,6
523,0,1.75,12.25,6.6,44,6
523,1,1.25,12.25,6.6,44,6
523,2,1.75,11.75,6.6,44,6
523,3,1.25,11.75,6.6,44,6
524,0,1.75,12.25,9.9,44,6
524,1,1.25,12.25,9.9,44,6
524,2,1.75,11.75,9.9,44,6
524,3,1.25,11.75,9.9,44,6
525,0,1.75,12.75,0,44,6
525,1,1.25,12.75,0,44,6
525,2,1.75,12.25,0,44,6
525,3,1.25,12.25,0,44,6
526,0,1.75,12.75,3.3,44,6
526,1,1.25,12.75,3.3,44,6
526,2,1.75,12.25,3.3,44,6
526,3,1.25,12.25,3.3,44,6
527,0,1.75,12.75,6.6,44,6
527,1,1.25,12.75,6.6,44,6
527,2,1.75,12.25,6.6,44,6
527,3,1.25,12.25,6.6,44,6
528,0,1.75,12.75,9.9,44,6
528,1,1.25,12.75,9.9,44,6
528,2,1.75,12.25,9.9,44,6
528,3,1.25,12.25,9.9,44,6
529,0,1.75,12.75,-3.3,44,4
529,1,1.25,12.75,-3.3,44,4
529,2,1.75,12.375,-3.3,44,4
529,3,1.25,12.25,-3.3,44,4
530,0,1.75,12.75,-2.75,44,7
530,1,1.75,12.75,-3.3,44,7
530,2,1.25,12.75,-2.75,44,7
530,3,1.25,12.75,-3.3,44,7
531,0,1.75,12.75,-2.2,44,7
531,1,1.75,12.75,-2.75,44,7
531,2,1.25,12.75,-2.2,44,7
531,3,1.25,12.75,-2.75,44,7
532,0,1.75,12.75,-1.65,44,7
532,1,1.75,12.75,-2.2,44,7
532,2,1.25,12.75,-1.65,44,7
532,3,1.25,12.75,-2.2,44,7
533,0,1.75,12.75,-1.1,44,7
533,1,1.75,12.75,-1.65,44,7
533,2,1.25,12.75,-1.1,44,7
533,3,1.25,12.75,-1.65,44,7
534,0,1.75,12.75,-0.55,44,7
534,1,1.75,12.75,-1.1,44,7
534,2,1.25,12.75,-0.55,44,7
534,3,1.25,12.75,-1.1,44,7
535,0,1.75,12.75,0,44,7
535,1,1.75,12.75,-0.55,44,7
535,2,1.25,12.75,0,44,7
535,3,1.25,12.75,-0.55,44,7
536,0,1.25,12.75,0,5,3
536,1,1.75,12.75,0,5,3
537,0,1.25,12.75,3.3,5,3
537,1,1.75,12.75,3.3,5,3
538,0,1.25,12.75,6.6,5,3
538,1,1.75,12.75,6.6,5,3
539,0,1.25,12.75,9.9,5,3
539,1,1.75,12.75,9.9,5,3
540,0,1.75,13.125,-3.3,44,4
540,1,1.25,13.125,-3.3,44,4
540,2,1.75,12.75,-3.3,44,4
540,3,1.25,12.75,-3.3,44,4
541,0,2.25,0.75,-3.3,44,4
541,1,1.75,0.75,-3.3,44,4
541,2,2.25,0.375,-3.3,44,4
541,3,1.75,0.375,-3.3,44,4
542,0,2.25,0.75,-2.75,44,7
542,1,2.25,0.75,-3.3,44,7
542,2,1.75,0.75,-2.75,44,7
542,3,1.75,0.75,-3.3,44,7
543,0,2.25,0.75,-2.2,44,7
543,1,2.25,0.75,-2.75,44,7
543,2,1.75,0.75,-2.2,44,7
543,3,1.75,0.75,-2.75,44,7
544,0,2.25,0.75,-1.65,44,7
544,1,2.25,0.75,-2.2,44,7
544,2,1.75,0.75,-1.65,44,7
544,3,1.75,0.75,-2.2,44,7
545,0,2.25,0.75,-1.1,44,7
545,1,2.25,0.75,-1.65,44,7
545,2,1.75,0.75,-1.1,44,7
545,3,1.75,0.75,-1.65,44,7
546,0,2.25,0.75,-0.55,44,7
546,1,2.25,0.75,-1.1,44,7
546,2,1.75,0.75,-0.55,44,7
546,3,1.75,0.75,-1.1,44,7
547,0,2.25,0.75,0,44,7
547,1,2.25,0.75,-0.55,44,7
547,2,1.75,0.75,0,44,7
547,3,1.75,0.75,-0.55,44,7
548,0,1.75,0.75,0,5,3
548,1,2.25,0.75,0,5,3
549,0,1.75,0.75,3.3,5,3
549,1,2.25,0.75,3.3,5,3
550,0,1.75,0.75,6.6,5,3
550,1,2.25,0.75,6.6,5,3
551,0,1.75,0.75,9.9,5,3
551,1,2.25,0.75,9.9,5,3
552,0,2.25,1.125,-3.3,44,4
552,1,1.75,1.125,-3.3,44,4
552,2,2.25,0.75,-3.3,44,4
552,3,1.75,0.75,-3.3,44,4
553,0,2.25,1.25,0,44,6
553,1,1.75,1.25,0,44,6
553,2,2.25,0.75,0,44,6
553,3,1.75,0.75,0,44,6
554,0,2.25,1.25,3.3,44,6
554,1,1.75,1.25,3.3,44,6
554,2,2.25,0.75,3.3,44,6
554,3,1.75,0.75,3.3,44,6
555,0,2.25,1.25,6.6,44,6
555,1,1.75,1.25,6.6,44,6
555,2,2.25,0.75,6.6,44,6
555,3,1.75,0.75,6.6,44,6
556,0,2.25,1.25,9.9,44,6
556,1,1.75,1.25,9.9,44,6
556,2,2.25,0.75,9.9,44,6
556,3,1.75,0.75,9.9,44,6
557,0,2.25,1.75,0,44,6
557,1,1.75,1.75,0,44,6
557,2,2.25,1.25,0,44,6
557,3,1.75,1.25,0,44,6
558,0,2.25,1.75,3.3,44,6
558,1,1.75,1.75,3.3,44,6
558,2,2.25,1.25,3.3,44,6
558,3,1.75,1.25,3.3,44,6
559,0,2.25,1.75,6.6,44,6
559,1,1.75,1.75,6.6,44,6
559,2,2.25,1.25,6.6,44,6
559,3,1.75,1.25,6.6,44,6
560,0,2.25,1.75,9.9,44,6
560,1,1.75,1.75,9.9,44,6
560,2,2.25,1.25,9.9,44,6
560,3,1.75,1.25,9.9,44,6
561,0,2.25,2.25,0,44,6
561,1,1.75,2.25,0,44,6
561,2,2.25,1.75,0,44,6
561,3,1.75,1.75,0,44,6
562,0,2.25,2.25,3.3,44,6
562,1,1.75,2.25,3.3,44,6
562,2,2.25,1.75,3.3,44,6
562,3,1.75,1.75,3.3,44,6
563,0,2.25,2.25,6.6,44,6
563,1,1.75,2.25,6.6,44,6
563,2,2.25,1.75,6.6,44,6
563,3,1.75,1.75,6.6,44,6
564,0,2.25,2.25,9.9,44,6
564,1,1.75,2.25,9.9,44,6
564,2,2.25,1.75,9.9,44,6
564,3,1.75,1.75,9.9,44,6
565,0,2.25,2.75,0,44,6
565,1,1.75,2.75,0,44,6
565,2,2.25,2.25,0,44,6
565,3,1.75,2.25,0,44,6
566,0,2.25,2.75,3.3,44,6
566,1,1.75,2.75,3.3,44,6
566,2,2.25,2.25,3.3,44,6
566,3,1.75,2.25,3.3,44,6
567,0,2.25,2.75,6.6,44,6
567,1,1.75,2.75,6.6,44,6
567,2,2.25,2.25,6.6,44,6
567,3,1.75,2.25,6.6,44,6
568,0,2.25,2.75,9.9,44,6
568,1,1.75,2.75,9.9,44,6
568,2,2.25,2.25,9.9,44,6
568,3,1.75,2.25,9.9,44,6
569,0,2.25,3.25,0,44,6
569,1,1.75,3.25,0,44,6
569,2,2.25,2.75,0,44,6
569,3,1.75,2.75,0,44,6
570,0,2.25,3.25,3.3,44,6
570,1,1.75,3.25,3.3,44,6
570,2,2.25,2.75,3.3,44,6
570,3,1.75,2.75,3.3,44,6
571,0,2.25,3.25,6.6,44,6
571,1,1.75,3.25,6.6,44,6
571,2,2.25,2.75,6.6,44,6
571,3,1.75,2.75,6.6,44,6
572,0,2.25,3.25,9.9,44,6
572,1,1.75,3.25,9.9,44,6
572,2,2.25,2.75,9.9,44,6
572,3,1.75,2.75,9.9,44,6
573,0,2.25,3.75,0,44,6
573,1,1.75,3.75,0,44,6
573,2,2.25,3.25,0,44,6
573,3,1.75,3.25,0,44,6
574,0,2.25,3.75,3.3,44,6
574,1,1.75,3.75,3.3,44,6
574,2,2.25,3.25,3.3,44,6
574,3,1.75,3.25,3.3,44,6
575,0,2.25,3.75,6.6,44,6
575,1,1.75,3.75,6.6,44,6
575,2,2.25,3.25,6.6,44,6
575,3,1.75,3.25,6.6,44,6
576,0,2.25,3.75,9.9,44,6
576,1,1.75,3.75,9.9,44,6
576,2,2.25,3.25,9.9,44,6
576,3,1.75,3.25,9.9,44,6
577,0,2.25,4.25,0,44,6
577,1,1.75,4.25,0,44,6
577,2,2.25,3.75,0,44,6
577,3,1.75,3.75,0,44,6
578,0,2.25,4.25,3.3,44,6
578,1,1.75,4.25,3.3,44,6
578,2,2.25,3.75,3.3,44,6
578,3,1.75,3.75,3.3,44,6
579,0,2.25,4.25,6.6,44,6
579,1,1.75,4.25,6.6,44,6
579,2,2.25,3.75,6.6,44,6
579,3,1.75,3.75,6.6,44,6
580,0,2.25,4.25,9.9,44,6
580,1,1.75,4.25,9.9,44,6
580,2,2.25,3.75,9.9,44,6
580,3,1.75,3.75,9.9,44,6
581,0,2.25,4.75,0,44,6
581,1,1.75,4.75,0,44,6
581,2,2.25,4.25,0,44,6
581,3,1.75,4.25,0,44,6
582,0,2.25,4.75,3.3,44,6
582,1,1.75,4.75,3.3,44,6
582,2,2.25,4.25,3.3,44,6
582,3,1.75,4.25,3.3,44,6
583,0,2.25,4.75,6.6,44,6
583,1,1.75,4.75,6.6,44,6
583,2,2.25,4.25,6.6,44,6
583,3,1.75,4.25,6.6,44,6
584,0,2.25,4.75,9.9,44,6
584,1,1.75,4.75,9.9,44,6
584,2,2.25,4.25,9.9,44,6
584,3,1.75,4.25,9.9,44,6
585,0,2.25,5.25,0,44,6
585,1,1.75,5.25,0,44,6
585,2,2.25,4.75,0,44,6
585,3,1.75,4.75,0,44,6
586,0,2.25,5.25,3.3,44,6
586,1,1.75,5.25,3.3,44,6
586,2,2.25,4.75,3.3,44,6
586,3,1.75,4.75,3.3,44,6
587,0,2.25,5.25,6.6,44,6
587,1,1.75,5.25,6.6,44,6
587,2,2.25,4.75,6.6,44,6
587,3,1.75,4.75,6.6,44,6
588,0,2.25,5.25,9.9,44,6
588,1,1.75,5.25,9.9,44,6
588,2,2.25,4.75,9.9,44,6
588,3,1.75,4.75,9.9,44,6
589,0,2.25,5.75,0,44,6
589,1,1.75,5.75,0,44,6
589,2,2.25,5.25,0,44,6
589,3,1.75,5.25,0,44,6
590,0,2.25,5.75,3.3,44,6
590,1,1.75,5.75,3.3,44,6
590,2,2.25,5.25,3.3,44,6
590,3,1.75,5.25,3.3,44,6
591,0,2.25,5.75,6.6,44,6
591,1,1.75,5.75,6.6,44,6
591,2,2.25,5.25,6.6,44,6
591,3,1.75,5.25,6.6,44,6
592,0,2.25,5.75,9.9,44,6
592,1,1.75,5.75,9.9,44,6
592,2,2.25,5.25,9.9,44,6
592,3,1.75,5.25,9.9,44,6
593,0,2.25,6.25,0,44,6
593,1,1.75,6.25,0,44,6
593,2,2.25,5.75,0,44,6
593,3,1.75,5.75,0,44,6
594,0,2.25,6.25,3.3,44,6
594,1,1.75,6.25,3.3,44,6
594,2,2.25,5.75,3.3,44,6
594,3,1.75,5.75,3.3,44,6
595,0,2.25,6.25,6.6,44,6
595,1,1.75,6.25,6.6,44,6
595,2,2.25,5.75,6.6,44,6
595,3,1.75,5.75,6.6,44,6
596,0,2.25,6.25,9.9,44,6
596,1,1.75,6.25,9.9,44,6
596,2,2.25,5.75,9.9,44,6
596,3,1.75,5.75,9.9,44,6
597,0,2.25,6.75,0,44,6
597,1,1.75,6.75,0,44,6
597,2,2.25,6.25,0,44,6
597,3,1.75,6.25,0,44,6
598,0,2.25,6.75,3.3,44,6
598,1,1.75,6.75,3.3,44,6
598,2,2.25,6.25,3.3,44,6
598,3,1.75,6.25,3.3,44,6
599,0,2.25,6.75,6.6,44,6
599,1,1.75,6.75,6.6,44,6
599,2,2.25,6.25,6.6,44,6
599,3,1.75,6.25,6.6,44,6
600,0,2.25,6.75,9.9,44,6
600,1,1.75,6.75,9.9,44,6
600,2,2.25,6.25,9.9,44,6
600,3,1.75,6.25,9.9,44,6
601,0,2.25,6.75,-3.3,44,4
601,1,1.75,6.75,-3.3,44,4
601,2,2.25,6.375,-3.3,44,4
601,3,1.75,6.375,-3.3,44,4
602,0,1.75,6.75,0,5,3
602,1,2.25,6.75,0,5,3
603,0,1.75,6.75,3.3,5,3
603,1,2.25,6.75,3.3,5,3
604,0,1.75,6.75,6.6,5,3
604,1,2.25,6.75,6.6,5,3
605,0,1.75,6.75,9.9,5,3
605,1,2.25,6.75,9.9,5,3
606,0,2.25,7.125,-3.3,44,4
606,1,1.75,7.125,-3.3,44,4
606,2,2.25,6.75,-3.3,44,4
606,3,1.75,6.75,-3.3,44,4
607,0,2.25,7.25,0,44,6
607,1,1.75,7.25,0,44,6
607,2,2.25,6.75,0,44,6
607,3,1.75,6.75,0,44,6
608,0,2.25,7.25,3.3,44,6
608,1,1.75,7.25,3.3,44,6
608,2,2.25,6.75,3.3,44,6
608,3,1.75,6.75,3.3,44,6
609,0,2.25,7.25,6.6,44,6
609,1,1.75,7.25,6.6,44,6
609,2,2.25,6.75,6.6,44,6
609,3,1.75,6.75,6.6,44,6
610,0,2.25,7.25,9.9,44,6
610,1,1.75,7.25,9.9,44,6
610,2,2.25,6.75,9.9,44,6
610,3,1.75,6.75,9.9,44,6
611,0,2.25,7.75,0,44,6
611,1,1.75,7.75,0,44,6
611,2,2.25,7.25,0,44,6
611,3,1.75,7.25,0,44,6
612,0,2.25,7.75,3.3,44,6
612,1,1.75,7.75,3.3,44,6
612,2,2.25,7.25,3.3,44,6
612,3,1.75,7.25,3.3,44,6
613,0,2.25,7.75,6.6,44,6
613,1,1.75,7.75,6.6,44,6
613,2,2.25,7.25,6.6,44,6
613,3,1.75,7.25,6.6,44,6
614,0,2.25,7.75,9.9,44,6
614,1,1.75,7.75,9.9,44,6
614,2,2.25,7.25,9.9,44,6
614,3,1.75,7.25,9.9,44,6
615,0,2.25,8.25,0,44,6
615,1,1.75,8.25,0,44,6
615,2,2.25,7.75,0,44,6
615,3,1.75,7.75,0,44,6
616,0,2.25,8.25,3.3,44,6
616,1,1.75,8.25,3.3,44,6
616,2,2.25,7.75,3.3,44,6
616,3,1.75,7.75,3.3,44,6
617,0,2.25,8.25,6.6,44,6
617,1,1.75,8.25,6.6,44,6
617,2,2.25,7.75,6.6,44,6
617,3,1.75,7.75,6.6,44,6
618,0,2.25,8.25,9.9,44,6
618,1,1.75,8.25,9.9,44,6
618,2,2.25,7.75,9.9,44,6
618,3,1.75,7.75,9.9,44,6
619,0,2.25,8.75,0,44,6
619,1,1.75,8.75,0,44,6
619,2,2.25,8.25,0,44,6
619,3,1.75,8.25,0,44,6
620,0,2.25,8.75,3.3,44,6
620,1,1.75,8.75,3.3,44,6
620,2,2.25,8.25,3.3,44,6
620,3,1.75,8.25,3.3,44,6
621,0,2.25,8.75,6.6,44,6
621,1,1.75,8.75,6.6,44,6
621,2,2.25,8.25,6.6,44,6
621,3,1.75,8.25,6.6,44,6
622,0,2.25,8.75,9.9,44,6
622,1,1.75,8.75,9.9,44,6
622,2,2.25,8.25,9.9,44,6
622,3,1.75,8.25,9.9,44,6
623,0,2.25,9.25,0,44,6
623,1,1.75,9.25,0,44,6
623,2,2.25,8.75,0,44,6
623,3,1.75,8.75,0,44,6
624,0,2.25,9.25,3.3,44,6
624,1,1.75,9.25,3.3,44,6
624,2,2.25,8.75,3.3,44,6
624,3,1.75,8.75,3.3,44,6
625,0,2.25,9.25,6.6,44,6
625,1,1.75,9.25,6.6,44,6
625,2,2.25,8.75,6.6,44,6
625,3,1.75,8.75,6.6,44,6
626,0,2.25,9.25,9.9,44,6
626,1,1.75,9.25,9.9,44,6
626,2,2.25,8.75,9.9,44,6
626,3,1.75,8.75,9.9,44,6
627,0,2.25,9.75,0,44,6
627,1,1.75,9.75,0,44,6
627,2,2.25,9.25,0,44,6
627,3,1.75,9.25,0,44,6
628,0,2.25,9.75,3.3,44,6
628,1,1.75,9.75,3.3,44,6
628,2,2.25,9.25,3.3,44,6
628,3,1.75,9.25,3.3,44,6
629,0,2.25,9.75,6.6,44,6
629,1,1.75,9.75,6.6,44,6
629,2,2.25,9.25,6.6,44,6
629,3,1.75,9.25,6.6,44,6
630,0,2.25,9.75,9.9,44,6
630,1,1.75,9.75,9.9,44,6
630,2,2.25,9.25,9.9,44,6
630,3,1.75,9.25,9.9,44,6
631,0,2.25,10.25,0,44,6
631,1,1.75,10.25,0,44,6
631,2,2.25,9.75,0,44,6
631,3,1.75,9.75,0,44,6
632,0,2.25,10.25,3.3,44,6
632,1,1.75,10.25,3.3,44,6
632,2,2.25,9.75,3.3,44,6
632,3,1.75,9.75,3.3,44,6
633,0,2.25,10.25,6.6,44,6
633,1,1.75,10.25,6.6,44,6
633,2,2.25,9.75,6.6,44,6
633,3,1.75,9.75,6.6,44,6
634,0,2.25,10.25,9.9,44,6
634,1,1.75,10.25,9.9,44,6
634,2,2.25,9.75,9.9,44,6
634,3,1.75,9.75,9.9,44,6
635,0,2.25,10.75,0,44,6
635,1,1.75,10.75,0,44,6
635,2,2.25,10.25,0,44,6
635,3,1.75,10.25,0,44,6
636,0,2.25,10.75,3.3,44,6
636,1,1.75,10.75,3.3,44,6
636,2,2.25,10.25,3.3,44,6
636,3,1.75,10.25,3.3,44,6
637,0,2.25,10.75,6.6,44,6
637,1,1.75,10.75,6.6,44,6
637,2,2.25,10.25,6.6,44,6
637,3,1.75,10.25,6.6,44,6
638,0,2.25,10.75,9.9,44,6
638,1,1.75,10.75,9.9,44,6
638,2,2.25,10.25,9.9,44,6
638,3,1.75,10.25,9.9,44,6
639,0,2.25,11.25,0,44,6
639,1,1.75,11.25,0,44,6
639,2,2.25,10.75,0,44,6
639,3,1.75,10.75,0,44,6
640,0,2.25,11.25,3.3,44,6
640,1,1.75,11.25,3.3,44,6
640,2,2.25,10.75,3.3,44,6
640,3,1.75,10.75,3.3,44,6
641,0,2.25,11.25,6.6,44,6
641,1,1.75,11.25,6.6,44,6
641,2,2.25,10.75,6.6,44,6
641,3,1.75,10.75,6.6,44,6
642,0,2.25,11.25,9.9,44,6
642,1,1.75,11.25,9.9,44,6
642,2,2.25,10.75,9.9,44,6
642,3,1.75,10.75,9.9,44,6
643,0,2.25,11.75,0,44,6
643,1,1.75,11.75,0,44,6
643,2,2.25,11.25,0,44,6
643,3,1.75,11.25,0,44,6
644,0,2.25,11.75,3.3,44,6
644,1,1.75,11.75,3.3,44,6
644,2,2.25,11.25,3.3,44,6
644,3,1.75,11.25,3.3,44,6
645,0,2.25,11.75,6.6,44,6
645,1,1.75,11.75,6.6,44,6
645,2,2.25,11.25,6.6,44,6
645,3,1.75,11.25,6.6,44,6
646,0,2.25,11.75,9.9,44,6
646,1,1.75,11.75,9.9,44,6
646,2,2.25,11.25,9.9,44,6
646,3,1.75,11.25,9.9,44,6
647,0,2.25,12.25,0,44,6
647,1,1.75,12.25,0,44,6
647,2,2.25,11.75,0,44,6
647,3,1.75,11.75,0,44,6
648,0,2.25,12.25,3.3,44,6
648,1,1.75,12.25,3.3,44,6
648,2,2.25,11.75,3.3,44,6
648,3,1.75,11.75,3.3,44,6
649,0,2.25,12.25,6.6,44,6
649,1,1.75,12.25,6.6,44,6
649,2,2.25,11.75,6.6,44,6
649,3,1.75,11.75,6.6,44,6
650,0,2.25,12.25,9.9,44,6
650,1,1.75,12.25,9.9,44,6
650,2,2.25,11.75,9.9,44,6
650,3,1.75,11.75,9.9,44,6
651,0,2.25,12.75,0,44,6
651,1,1.75,12.75,0,44,6
651,2,2.25,12.25,0,44,6
651,3,1.75,12.25,0,44,6
652,0,2.25,12.75,3.3,44,6
652,1,1.75,12.75,3.3,44,6
652,2,2.25,12.25,3.3,44,6
652,3,1.75,12.25,3.3,44,6
653,0,2.25,12.75,6.6,44,6
653,1,1.75,12.75,6.6,44,6
653,2,2.25,12.25,6.6,44,6
653,3,1.75,12.25,6.6,44,6
654,0,2.25,12.75,9.9,44,6
654,1,1.75,12.75,9.9,44,6
654,2,2.25,12.25,9.9,44,6
654,3,1.75,12.25,9.9,44,6
655,0,2.25,12.75,-3.3,44,4
655,1,1.75,12.75,-3.3,44,4
655,2,2.25,12.375,-3.3,44,4
655,3,1.75,12.375,-3.3,44,4
656,0,2.25,12.75,-2.75,44,7
656,1,2.25,12.75,-3.3,44,7
656,2,1.75,12.75,-2.75,44,7
656,3,1.75,12.75,-3.3,44,7
657,0,2.25,12.75,-2.2,44,7
657,1,2.25,12.75,-2.75,44,7
657,2,1.75,12.75,-2.2,44,7
657,3,1.75,12.75,-2.75,44,7
658,0,2.25,12.75,-1.65,44,7
658,1,2.25,12.75,-2.2,44,7
658,2,1.75,12.75,-1.65,44,7
658,3,1.75,12.75,-2.2,44,7
659,0,2.25,12.75,-1.1,44,7
659,1,2.25,12.75,-1.65,44,7
659,2,1.75,12.75,-1.1,44,7
659,3,1.75,12.75,-1.65,44,7
660,0,2.25,12.75,-0.55,44,7
660,1,2.25,12.75,-1.1,44,7
660,2,1.75,12.75,-0.55,44,7
660,3,1.75,12.75,-1.1,44,7
661,0,2.25,12.75,0,44,7
661,1,2.25,12.75,-0.55,44,7
661,2,1.75,12.75,0,44,7
661,3,1.75,12.75,-0.55,44,7
662,0,1.75,12.75,0,5,3
662,1,2.25,12.75,0,5,3
663,0,1.75,12.75,3.3,5,3
663,1,2.25,12.75,3.3,5,3
664,0,1.75,12.75,6.6,5,3
664,1,2.25,12.75,6.6,5,3
665,0,1.75,12.75,9.9,5,3
665,1,2.25,12.75,9.9,5,3
666,0,2.25,13.125,-3.3,44,4
666,1,1.75,13.125,-3.3,44,4
666,2,2.25,12.75,-3.3,44,4
666,3,1.75,12.75,-3.3,44,4
667,0,2.75,0.75,-3.3,44,4
667,1,2.25,0.75,-3.3,44,4
667,2,2.75,0.375,-3.3,44,4
667,3,2.25,0.375,-3.3,44,4
668,0,2.75,0.75,-2.75,44,7
668,1,2.75,0.75,-3.3,44,7
668,2,2.25,0.75,-2.75,44,7
668,3,2.25,0.75,-3.3,44,7
669,0,2.75,0.75,-2.2,44,7
669,1,2.75,0.75,-2.75,44,7
669,2,2.25,0.75,-2.2,44,7
669,3,2.25,0.75,-2.75,44,7
670,0,2.75,0.75,-1.65,44,7
670,1,2.75,0.75,-2.2,44,7
670,2,2.25,0.75,-1.65,44,7
670,3,2.25,0.75,-2.2,44,7
671,0,2.75,0.75,-1.1,44,7
671,1,2.75,0.75,-1.65,44,7
671,2,2.25,0.75,-1.1,44,7
671,3,2.25,0.75,-1.65,44,7
672,0,2.75,0.75,-0.55,44,7
672,1,2.75,0.75,-1.1,44,7
672,2,2.25,0.75,-0.55,44,7
672,3,2.25,0.75,-1.1,44,7
673,0,2.75,0.75,0,44,7
673,1,2.75,0.75,-0.55,44,7
673,2,2.25,0.75,0,44,7
673,3,2.25,0.75,-0.55,44,7
674,0,2.25,0.75,0,5,3
674,1,2.75,0.75,0,5,3
675,0,2.25,0.75,3.3,5,3
675,1,2.75,0.75,3.3,5,3
676,0,2.25,0.75,6.6,5,3
676,1,2.75,0.75,6.6,5,3
677,0,2.25,0.75,9.9,5,3
677,1,2.75,0.75,9.9,5,3
678,0,2.75,1.125,-3.3,44,4
678,1,2.25,1.125,-3.3,44,4
678,2,2.75,0.75,-3.3,44,4
678,3,2.25,0.75,-3.3,44,4
679,0,2.75,1.25,0,44,6
679,1,2.25,1.25,0,44,6
679,2,2.75,0.75,0,44,6
679,3,2.25,0.75,0,44,6
680,0,2.75,1.25,3.3,44,6
680,1,2.25,1.25,3.3,44,6
680,2,2.75,0.75,3.3,44,6
680,3,2.25,0.75,3.3,44,6
681,0,2.75,1.25,6.6,44,6
681,1,2.25,1.25,6.6,44,6
681,2,2.75,0.75,6.6,44,6
681,3,2.25,0.75,6.6,44,6
682,0,2.75,1.25,9.9,44,6
682,1,2.25,1.25,9.9,44,6
682,2,2.75,0.75,9.9,44,6
682,3,2.25,0.75,9.9,44,6
683,0,2.75,1.75,0,44,6
683,1,2.25,1.75,0,44,6
683,2,2.75,1.25,0,44,6
683,3,2.25,1.25,0,44,6
684,0,2.75,1.75,3.3,44,6
684,1,2.25,1.75,3.3,44,6
684,2,2.75,1.25,3.3,44,6
684,3,2.25,1.25,3.3,44,6
685,0,2.75,1.75,6.6,44,6
685,1,2.25,1.75,6.6,44,6
685,2,2.75,1.25,6.6,44,6
685,3,2.25,1.25,6.6,44,6
686,0,2.75,1.75,9.9,44,6
686,1,2.25,1.75,9.9,44,6
686,2,2.75,1.25,9.9,44,6
686,3,2.25,1.25,9.9,44,6
687,0,2.75,2.25,0,44,6
687,1,2.25,2.25,0,44,6
687,2,2.75,1.75,0,44,6
687,3,2.25,1.75,0,44,6
688,0,2.75,2.25,3.3,44,6
688,1,2.25,2.25,3.3,44,6
688,2,2.75,1.75,3.3,44,6
688,3,2.25,1.75,3.3,44,6
689,0,2.75,2.25,6.6,44,6
689,1,2.25,2.25,6.6,44,6
689,2,2.75,1.75,6.6,44,6
689,3,2.25,1.75,6.6,44,6
690,0,2.75,2.25,9.9,44,6
690,1,2.25,2.25,9.9,44,6
690,2,2.75,1.75,9.9,44,6
690,3,2.25,1.75,9.9,44,6
691,0,2.75,2.75,0,44,6
691,1,2.25,2.75,0,44,6
691,2,2.75,2.25,0,44,6
691,3,2.25,2.25,0,44,6
692,0,2.75,2.75,3.3,44,6
692,1,2.25,2.75,3.3,44,6
692,2,2.75,2.25,3.3,44,6
692,3,2.25,2.25,3.3,44,6
693,0,2.75,2.75,6.6,44,6
693,1,2.25,2.75,6.6,44,6
693,2,2.75,2.25,6.6,44,6
693,3,2.25,2.25,6.6,44,6
694,0,2.75,2.75,9.9,44,6
694,1,2.25,2.75,9.9,44,6
694,2,2.75,2.25,9.9,44,6
694,3,2.25,2.25,9.9,44,6
695,0,2.75,3.25,0,44,6
695,1,2.25,3.25,0,44,6
695,2,2.75,2.75,0,44,6
695,3,2.25,2.75,0,44,6
696,0,2.75,3.25,3.3,44,6
696,1,2.25,3.25,3.3,44,6
696,2,2.75,2.75,3.3,44,6
696,3,2.25,2.75,3.3,44,6
697,0,2.75,3.25,6.6,44,6
697,1,2.25,3.25,6.6,44,6
697,2,2.75,2.75,6.6,44,6
697,3,2.25,2.75,6.6,44,6
698,0,2.75,3.25,9.9,44,6
698,1,2.25,3.25,9.9,44,6
698,2,2.75,2.75,9.9,44,6
698,3,2.25,2.75,9.9,44,6
699,0,2.75,3.75,0,44,6
699,1,2.25,3.75,0,44,6
699,2,2.75,3.25,0,44,6
699,3,2.25,3.25,0,44,6
700,0,2.75,3.75,3.3,44,6
700,1,2.25,3.75,3.3,44,6
700,2,2.75,3.25,3.3,44,6
700,3,2.25,3.25,3.3,44,6
701,0,2.75,3.75,6.6,44,6
701,1,2.25,3.75,6.6,44,6
701,2,2.75,3.25,6.6,44,6
701,3,2.25,3.25,6.6,44,6
702,0,2.75,3.75,9.9,44,6
702,1,2.25,3.75,9.9,44,6
702,2,2.75,3.25,9.9,44,6
702,3,2.25,3.25,9.9,44,6
703,0,2.75,4.25,0,44,6
703,1,2.25,4.25,0,44,6
703,2,2.75,3.75,0,44,6
703,3,2.25,3.75,0,44,6
704,0,2.75,4.25,3.3,44,6
704,1,2.25,4.25,3.3,44,6
704,2,2.75,3.75,3.3,44,6
704,3,2.25,3.75,3.3,44,6
705,0,2.75,4.25,6.6,44,6
705,1,2.25,4.25,6.6,44,6
705,2,2.75,3.75,6.6,44,6
705,3,2.25,3.75,6.6,44,6
706,0,2.75,4.25,9.9,44,6
706,1,2.25,4.25,9.9,44,6
706,2,2.75,3.75,9.9,44,6
706,3,2.25,3.75,9.9,44,6
707,0,2.75,4.75,0,44,6
707,1,2.25,4.75,0,44,6
707,2,2.75,4.25,0,44,6
707,3,2.25,4.25,0,44,6
708,0,2.75,4.75,3.3,44,6
708,1,2.25,4.75,3.3,44,6
708,2,2.75,4.25,3.3,44,6
708,3,2.25,4.25,3.3,44,6
709,0,2.75,4.75,6.6,44,6
709,1,2.25,4.75,6.6,44,6
709,2,2.75,4.25,6.6,44,6
709,3,2.25,4.25,6.6,44,6
710,0,2.75,4.75,9.9,44,6
710,1,2.25,4.75,9.9,44,6
710,2,2.75,4.25,9.9,44,6
710,3,2.25,4.25,9.9,44,6
711,0,2.75,5.25,0,44,6
711,1,2.25,5.25,0,44,6
711,2,2.75,4.75,0,44,6
711,3,2.25,4.75,0,44,6
712,0,2.75,5.25,3.3,44,6
712,1,2.25,5.25,3.3,44,6
712,2,2.75,4.75,3.3,44,6
712,3,2.25,4.75,3.3,44,6
713,0,2.75,5.25,6.6,44,6
713,1,2.25,5.25,6.6,44,6
713,2,2.75,4.75,6.6,44,6
713,3,2.25,4.75,6.6,44,6
714,0,2.75,5.25,9.9,44,6
714,1,2.25,5.25,9.9,44,6
714,2,2.75,4.75,9.9,44,6
714,3,2.25,4.75,9.9,44,6
715,0,2.75,5.75,0,44,6
715,1,2.25,5.75,0,44,6
715,2,2.75,5.25,0,44,6
715,3,2.25,5.25,0,44,6
716,0,2.75,5.75,3.3,44,6
716,1,2.25,5.75,3.3,44,6
716,2,2.75,5.25,3.3,44,6
716,3,2.25,5.25,3.3,44,6
717,0,2.75,5.75,6.6,44,6
717,1,2.25,5.75,6.6,44,6
717,2,2.75,5.25,6.6,44,6
717,3,2.25,5.25,6.6,44,6
718,0,2.75,5.75,9.9,44,6
718,1,2.25,5.75,9.9,44,6
718,2,2.75,5.25,9.9,44,6
718,3,2.25,5.25,9.9,44,6
719,0,2.75,6.25,0,44,6
719,1,2.25,6.25,0,44,6
719,2,2.75,5.75,0,44,6
719,3,2.25,5.75,0,44,6
720,0,2.75,6.25,3.3,44,6
720,1,2.25,6.25,3.3,44,6
720,2,2.75,5.75,3.3,44,6
720,3,2.25,5.75,3.3,44,6
721,0,2.75,6.25,6.6,44,6
721,1,2.25,6.25,6.6,44,6
721,2,2.75,5.75,6.6,44,6
721,3,2.25,5.75,6.6,44,6
722,0,2.75,6.25,9.9,44,6
722,1,2.25,6.25,9.9,44,6
722,2,2.75,5.75,9.9,44,6
722,3,2.25,5.75,9.9,44,6
723,0,2.75,6.75,0,44,6
723,1,2.25,6.75,0,44,6
723,2,2.75,6.25,0,44,6
723,3,2.25,6.25,0,44,6
724,0,2.75,6.75,3.3,44,6
724,1,2.25,6.75,3.3,44,6
724,2,2.75,6.25,3.3,44,6
724,3,2.25,6.25,3.3,44,6
725,0,2.75,6.75,6.6,44,6
725,1,2.25,6.75,6.6,44,6
725,2,2.75,6.25,6.6,44,6
725,3,2.25,6.25,6.6,44,6
726,0,2.75,6.75,9.9,44,6
726,1,2.25,6.75,9.9,44,6
726,2,2.75,6.25,9.9,44,6
726,3,2.25,6.25,9.9,44,6
727,0,2.75,6.75,-3.3,44,4
727,1,2.25,6.75,-3.3,44,4
727,2,2.75,6.375,-3.3,44,4
727,3,2.25,6.375,-3.3,44,4
728,0,2.25,6.75,0,5,3
728,1,2.75,6.75,0,5,3
729,0,2.25,6.75,3.3,5,3
729,1,2.75,6.75,3.3,5,3
730,0,2.25,6.75,6.6,5,3
730,1,2.75,6.75,6.6,5,3
731,0,2.25,6.75,9.9,5,3
731,1,2.75,6.75,9.9,5,3
732,0,2.75,7.125,-3.3,44,4
732,1,2.25,7.125,-3.3,44,4
732,2,2.75,6.75,-3.3,44,4
732,3,2.25,6.75,-3.3,44,4
733,0,2.75,7.25,0,44,6
733,1,2.25,7.25,0,44,6
733,2,2.75,6.75,0,44,6
733,3,2.25,6.75,0,44,6
734,0,2.75,7.25,3.3,44,6
734,1,2.25,7.25,3.3,44,6
734,2,2.75,6.75,3.3,44,6
734,3,2.25,6.75,3.3,44,6
735,0,2.75,7.25,6.6,44,6
735,1,2.25,7.25,6.6,44,6
735,2,2.75,6.75,6.6,44,6
735,3,2.25,6.75,6.6,44,6
736,0,2.75,7.25,9.9,44,6
736,1,2.25,7.25,9.9,44,6
736,2,2.75,6.75,9.9,44,6
736,3,2.25,6.75,9.9,44,6
737,0,2.75,7.75,0,44,6
737,1,2.25,7.75,0,44,6
737,2,2.75,7.25,0,44,6
737,3,2.25,7.25,0,44,6
738,0,2.75,7.75,3.3,44,6
738,1,2.25,7.75,3.3,44,6
738,2,2.75,7.25,3.3,44,6
738,3,2.25,7.25,3.3,44,6
739,0,2.75,7.75,6.6,44,6
739,1,2.25,7.75,6.6,44,6
739,2,2.75,7.25,6.6,44,6
739,3,2.25,7.25,6.6,44,6
740,0,2.75,7.75,9.9,44,6
740,1,2.25,7.75,9.9,44,6
740,2,2.75,7.25,9.9,44,6
740,3,2.25,7.25,9.9,44,6
741,0,2.75,8.25,0,44,6
741,1,2.25,8.25,0,44,6
741,2,2.75,7.75,0,44,6
741,3,2.25,7.75,0,44,6
742,0,2.75,8.25,3.3,44,6
742,1,2.25,8.25,3.3,44,6
742,2,2.75,7.75,3.3,44,6
742,3,2.25,7.75,3.3,44,6
743,0,2.75,8.25,6.6,44,6
743,1,2.25,8.25,6.6,44,6
743,2,2.75,7.75,6.6,44,6
743,3,2.25,7.75,6.6,44,6
744,0,2.75,8.25,9.9,44,6
744,1,2.25,8.25,9.9,44,6
744,2,2.75,7.75,9.9,44,6
744,3,2.25,7.75,9.9,44,6
745,0,2.75,8.75,0,44,6
745,1,2.25,8.75,0,44,6
745,2,2.75,8.25,0,44,6
745,3,2.25,8.25,0,44,6
746,0,2.75,8.75,3.3,44,6
746,1,2.25,8.75,3.3,44,6
746,2,2.75,8.25,3.3,44,6
746,3,2.25,8.25,3.3,44,6
747,0,2.75,8.75,6.6,44,6
747,1,2.25,8.75,6.6,44,6
747,2,2.75,8.25,6.6,44,6
747,3,2.25,8.25,6.6,44,6
748,0,2.75,8.75,9.9,44,6
748,1,2.25,8.75,9.9,44,6
748,2,2.75,8.25,9.9,44,6
748,3,2.25,8.25,9.9,44,6
749,0,2.75,9.25,0,44,6
749,1,2.25,9.25,0,44,6
749,2,2.75,8.75,0,44,6
749,3,2.25,8.75,0,44,6
750,0,2.75,9.25,3.3,44,6
750,1,2.25,9.25,3.3,44,6
750,2,2.75,8.75,3.3,44,6
750,3,2.25,8.75,3.3,44,6
751,0,2.75,9.25,6.6,44,6
751,1,2.25,9.25,6.6,44,6
751,2,2.75,8.75,6.6,44,6
751,3,2.25,8.75,6.6,44,6
752,0,2.75,9.25,9.9,44,6
752,1,2.25,9.25,9.9,44,6
752,2,2.75,8.75,9.9,44,6
752,3,2.25,8.75,9.9,44,6
753,0,2.75,9.75,0,44,6
753,1,2.25,9.75,0,44,6
753,2,2.75,9.25,0,44,6
753,3,2.25,9.25,0,44,6
754,0,2.75,9.75,3.3,44,6
754,1,2.25,9.75,3.3,44,6
754,2,2.75,9.25,3.3,44,6
754,3,2.25,9.25,3.3,44,6
755,0,2.75,9.75,6.6,44,6
755,1,2.25,9.75,6.6,44,6
755,2,2.75,9.25,6.6,44,6
755,3,2.25,9.25,6.6,44,6
756,0,2.75,9.75,9.9,44,6
756,1,2.25,9.75,9.9,44,6
756,2,2.75,9.25,9.9,44,6
756,3,2.25,9.25,9.9,44,6
757,0,2.75,10.25,0,44,6
757,1,2.25,10.25,0,44,6
757,2,2.75,9.75,0,44,6
757,3,2.25,9.75,0,44,6
758,0,2.75,10.25,3.3,44,6
758,1,2.25,10.25,3.3,44,6
758,2,2.75,9.75,3.3,44,6
758,3,2.25,9.75,3.3,44,6
759,0,2.75,10.25,6.6,44,6
759,1,2.25,10.25,6.6,44,6
759,2,2.75,9.75,6.6,44,6
759,3,2.25,9.75,6.6,44,6
760,0,2.75,10.25,9.9,44,6
760,1,2.25,10.25,9.9,44,6
760,2,2.75,9.75,9.9,44,6
760,3,2.25,9.75,9.9,44,6
761,0,2.75,10.75,0,44,6
761,1,2.25,10.75,0,44,6
761,2,2.75,10.25,0,44,6
761,3,2.25,10.25,0,44,6
762,0,2.75,10.75,3.3,44,6
762,1,2.25,10.75,3.3,44,6
762,2,2.75,10.25,3.3,44,6
762,3,2.25,10.25,3.3,44,6
763,0,2.75,10.75,6.6,44,6
763,1,2.25,10.75,6.6,44,6
763,2,2.75,10.25,6.6,44,6
763,3,2.25,10.25,6.6,44,6
764,0,2.75,10.75,9.9,44,6
764,1,2.25,10.75,9.9,44,6
764,2,2.75,10.25,9.9,44,6
764,3,2.25,10.25,9.9,44,6
765,0,2.75,11.25,0,44,6
765,1,2.25,11.25,0,44,6
765,2,2.75,10.75,0,44,6
765,3,2.25,10.75,0,44,6
766,0,2.75,11.25,3.3,44,6
766,1,2.25,11.25,3.3,44,6
766,2,2.75,10.75,3.3,44,6
766,3,2.25,10.75,3.3,44,6
767,0,2.75,11.25,6.6,44,6
767,1,2.25,11.25,6.6,44,6
767,2,2.75,10.75,6.6,44,6
767,3,2.25,10.75,6.6,44,6
768,0,2.75,11.25,9.9,44,6
768,1,2.25,11.25,9.9,44,6
768,2,2.75,10.75,9.9,44,6
768,3,2.25,10.75,9.9,44,6
769,0,2.75,11.75,0,44,6
769,1,2.25,11.75,0,44,6
769,2,2.75,11.25,0,44,6
769,3,2.25,11.25,0,44,6
770,0,2.75,11.75,3.3,44,6
770,1,2.25,11.75,3.3,44,6
770,2,2.75,11.25,3.3,44,6
770,3,2.25,11.25,3.3,44,6
771,0,2.75,11.75,6.6,44,6
771,1,2.25,11.75,6.6,44,6
771,2,2.75,11.25,6.6,44,6
771,3,2.25,11.25,6.6,44,6
772,0,2.75,11.75,9.9,44,6
772,1,2.25,11.75,9.9,44,6
772,2,2.75,11.25,9.9,44,6
772,3,2.25,11.25,9.9,44,6
773,0,2.75,12.25,0,44,6
773,1,2.25,12.25,0,44,6
773,2,2.75,11.75,0,44,6
773,3,2.25,11.75,0,44,6
774,0,2.75,12.25,3.3,44,6
774,1,2.25,12.25,3.3,44,6
774,2,2.75,11.75,3.3,44,6
774,3,2.25,11.75,3.3,44,6
775,0,2.75,12.25,6.6,44,6
775,1,2.25,12.25,6.6,44,6
775,2,2.75,11.75,6.6,44,6
775,3,2.25,11.75,6.6,44,6
776,0,2.75,12.25,9.9,44,6
776,1,2.25,12.25,9.9,44,6
776,2,2.75,11.75,9.9,44,6
776,3,2.25,11.75,9.9,44,6
777,0,2.75,12.75,0,44,6
777,1,2.25,12.75,0,44,6
777,2,2.75,12.25,0,44,6
777,3,2.25,12.25,0,44,6
778,0,2.75,12.75,3.3,44,6
778,1,2.25,12.75,3.3,44,6
778,2,2.75,12.25,3.3,44,6
778,3,2.25,12.25,3.3,44,6
779,0,2.75,12.75,6.6,44,6
779,1,2.25,12.75,6.6,44,6
779,2,2.75,12.25,6.6,44,6
779,3,2.25,12.25,6.6,44,6
780,0,2.75,12.75,9.9,44,6
780,1,2.25,12.75,9.9,44,6
780,2,2.75,12.25,9.9,44,6
780,3,2.25,12.25,9.9,44,6
781,0,2.75,12.75,-3.3,44,4
781,1,2.25,12.75,-3.3,44,4
781,2,2.75,12.375,-3.3,44,4
781,3,2.25,12.375,-3.3,44,4
782,0,2.75,12.75,-2.75,44,7
782,1,2.75,12.75,-3.3,44,7
782,2,2.25,12.75,-2.75,44,7
782,3,2.25,12.75,-3.3,44,7
783,0,2.75,12.75,-2.2,44,7
783,1,2.75,12.75,-2.75,44,7
783,2,2.25,12.75,-2.2,44,7
783,3,2.25,12.75,-2.75,44,7
784,0,2.75,12.75,-1.65,44,7
784,1,2.75,12.75,-2.2,44,7
784,2,2.25,12.75,-1.65,44,7
784,3,2.25,12.75,-2.2,44,7
785,0,2.75,12.75,-1.1,44,7
785,1,2.75,12.75,-1.65,44,7
785,2,2.25,12.75,-1.1,44,7
785,3,2.25,12.75,-1.65,44,7
786,0,2.75,12.75,-0.55,44,7
786,1,2.75,12.75,-1.1,44,7
786,2,2.25,12.75,-0.55,44,7
786,3,2.25,12.75,-1.1,44,7
787,0,2.75,12.75,0,44,7
787,1,2.75,12.75,-0.55,44,7
787,2,2.25,12.75,0,44,7
787,3,2.25,12.75,-0.55,44,7
788,0,2.25,12.75,0,5,3
788,1,2.75,12.75,0,5,3
789,0,2.25,12.75,3.3,5,3
789,1,2.75,12.75,3.3,5,3
790,0,2.25,12.75,6.6,5,3
790,1,2.75,12.75,6.6,5,3
791,0,2.25,12.75,9.9,5,3
791,1,2.75,12.75,9.9,5,3
792,0,2.75,13.125,-3.3,44,4
792,1,2.25,13.125,-3.3,44,4
792,2,2.75,12.75,-3.3,44,4
792,3,2.25,12.75,-3.3,44,4
793,0,3.25,0.75,-3.3,44,4
793,1,2.75,0.75,-3.3,44,4
793,2,3.25,0.375,-3.3,44,4
793,3,2.75,0.375,-3.3,44,4
794,0,3.25,0.75,-2.75,44,7
794,1,3.25,0.75,-3.3,44,7
794,2,2.75,0.75,-2.75,44,7
794,3,2.75,0.75,-3.3,44,7
795,0,3.25,0.75,-2.2,44,7
795,1,3.25,0.75,-2.75,44,7
795,2,2.75,0.75,-2.2,44,7
795,3,2.75,0.75,-2.75,44,7
796,0,3.25,0.75,-1.65,44,7
796,1,3.25,0.75,-2.2,44,7
796,2,2.75,0.75,-1.65,44,7
796,3,2.75,0.75,-2.2,44,7
797,0,3.25,0.75,-1.1,44,7
797,1,3.25,0.75,-1.65,44,7
797,2,2.75,0.75,-1.1,44,7
797,3,2.75,0.75,-1.65,44,7
798,0,3.25,0.75,-0.55,44,7
798,1,3.25,0.75,-1.1,44,7
798,2,2.75,0.75,-0.55,44,7
798,3,2.75,0.75,-1.1,44,7
799,0,3.25,0.75,0,44,7
799,1,3.25,0.75,-0.55,44,7
799,2,2.75,0.75,0,44,7
799,3,2.75,0.75,-0.55,44,7
800,0,2.75,0.75,0,5,3
800,1,3.25,0.75,0,5,3
801,0,2.75,0.75,3.3,5,3
801,1,3.25,0.75,3.3,5,3
802,0,2.75,0.75,6.6,5,3
802,1,3.25,0.75,6.6,5,3
803,0,2.75,0.75,9.9,5,3
803,1,3.25,0.75,9.9,5,3
804,0,3.25,1.125,-3.3,44,4
804,1,2.75,1.125,-3.3,44,4
804,2,3.25,0.75,-3.3,44,4
804,3,2.75,0.75,-3.3,44,4
805,0,3.25,1.25,0,44,6
805,1,2.75,1.25,0,44,6
805,2,3.25,0.75,0,44,6
805,3,2.75,0.75,0,44,6
806,0,3.25,1.25,3.3,44,6
806,1,2.75,1.25,3.3,44,6
806,2,3.25,0.75,3.3,44,6
806,3,2.75,0.75,3.3,44,6
807,0,3.25,1.25,6.6,44,6
807,1,2.75,1.25,6.6,44,6
807,2,3.25,0.75,6.6,44,6
807,3,2.75,0.75,6.6,44,6
808,0,3.25,1.25,9.9,44,6
808,1,2.75,1.25,9.9,44,6
808,2,3.25,0.75,9.9,44,6
808,3,2.75,0.75,9.9,44,6
809,0,3.25,1.75,0,44,6
809,1,2.75,1.75,0,44,6
809,2,3.25,1.25,0,44,6
809,3,2.75,1.25,0,44,6
810,0,3.25,1.75,3.3,44,6
810,1,2.75,1.75,3.3,44,6
810,2,3.25,1.25,3.3,44,6
810,3,2.75,1.25,3.3,44,6
811,0,3.25,1.75,6.6,44,6
811,1,2.75,1.75,6.6,44,6
811,2,3.25,1.25,6.6,44,6
811,3,2.75,1.25,6.6,44,6
812,0,3.25,1.75,9.9,44,6
812,1,2.75,1.75,9.9,44,6
812,2,3.25,1.25,9.9,44,6
812,3,2.75,1.25,9.9,44,6
813,0,3.25,2.25,0,44,6
813,1,2.75,2.25,0,44,6
813,2,3.25,1.75,0,44,6
813,3,2.75,1.75,0,44,6
814,0,3.25,2.25,3.3,44,6
814,1,2.75,2.25,3.3,44,6
814,2,3.25,1.75,3.3,44,6
814,3,2.75,1.75,3.3,44,6
815,0,3.25,2.25,6.6,44,6
815,1,2.75,2.25,6.6,44,6
815,2,3.25,1.75,6.6,44,6
815,3,2.75,1.75,6.6,44,6
816,0,3.25,2.25,9.9,44,6
816,1,2.75,2.25,9.9,44,6
816,2,3.25,1.75,9.9,44,6
816,3,2.75,1.75,9.9,44,6
817,0,3.25,2.75,0,44,6
817,1,2.75,2.75,0,44,6
817,2,3.25,2.25,0,44,6
817,3,2.75,2.25,0,44,6
818,0,3.25,2.75,3.3,44,6
818,1,2.75,2.75,3.3,44,6
818,2,3.25,2.25,3.3,44,6
818,3,2.75,2.25,3.3,44,6
819,0,3.25,2.75,6.6,44,6
819,1,2.75,2.75,6.6,44,6
819,2,3.25,2.25,6.6,44,6
819,3,2.75,2.25,6.6,44,6
820,0,3.25,2.75,9.9,44,6
820,1,2.75,2.75,9.9,44,6
820,2,3.25,2.25,9.9,44,6
820,3,2.75,2.25,9.9,44,6
821,0,3.25,3.25,0,44,6
821,1,2.75,3.25,0,44,6
821,2,3.25,2.75,0,44,6
821,3,2.75,2.75,0,44,6
822,0,3.25,3.25,3.3,44,6
822,1,2.75,3.25,3.3,44,6
822,2,3.25,2.75,3.3,44,6
822,3,2.75,2.75,3.3,44,6
823,0,3.25,3.25,6.6,44,6
823,1,2.75,3.25,6.6,44,6
823,2,3.25,2.75,6.6,44,6
823,3,2.75,2.75,6.6,44,6
824,0,3.25,3.25,9.9,44,6
824,1,2.75,3.25,9.9,44,6
824,2,3.25,2.75,9.9,44,6
824,3,2.75,2.75,9.9,44,6
825,0,3.25,3.75,0,44,6
825,1,2.75,3.75,0,44,6
825,2,3.25,3.25,0,44,6
825,3,2.75,3.25,0,44,6
826,0,3.25,3.75,3.3,44,6
826,1,2.75,3.75,3.3,44,6
826,2,3.25,3.25,3.3,44,6
826,3,2.75,3.25,3.3,44,6
827,0,3.25,3.75,6.6,44,6
827,1,2.75,3.75,6.6,44,6
827,2,3.25,3.25,6.6,44,6
827,3,2.75,3.25,6.6,44,6
828,0,3.25,3.75,9.9,44,6
828,1,2.75,3.75,9.9,44,6
828,2,3.25,3.25,9.9,44,6
828,3,2.75,3.25,9.9,44,6
829,0,3.25,4.25,0,44,6
829,1,2.75,4.25,0,44,6
829,2,3.25,3.75,0,44,6
829,3,2.75,3.75,0,44,6
830,0,3.25,4.25,3.3,44,6
830,1,2.75,4.25,3.3,44,6
830,2,3.25,3.75,3.3,44,6
830,3,2.75,3.75,3.3,44,6
831,0,3.25,4.25,6.6,44,6
831,1,2.75,4.25,6.6,44,6
831,2,3.25,3.75,6.6,44,6
831,3,2.75,3.75,6.6,44,6
832,0,3.25,4.25,9.9,44,6
832,1,2.75,4.25,9.9,44,6
832,2,3.25,3.75,9.9,44,6
832,3,2.75,3.75,9.9,44,6
833,0,3.25,4.75,0,44,6
833,1,2.75,4.75,0,44,6
833,2,3.25,4.25,0,44,6
833,3,2.75,4.25,0,44,6
834,0,3.25,4.75,3.3,44,6
834,1,2.75,4.75,3.3,44,6
834,2,3.25,4.25,3.3,44,6
834,3,2.75,4.25,3.3,44,6
835,0,3.25,4.75,6.6,44,6
835,1,2.75,4.75,6.6,44,6
835,2,3.25,4.25,6.6,44,6
835,3,2.75,4.25,6.6,44,6
836,0,3.25,4.75,9.9,44,6
836,1,2.75,4.75,9.9,44,6
836,2,3.25,4.25,9.9,44,6
836,3,2.75,4.25,9.9,44,6
837,0,3.25,5.25,0,44,6
837,1,2.75,5.25,0,44,6
837,2,3.25,4.75,0,44,6
837,3,2.75,4.75,0,44,6
838,0,3.25,5.25,3.3,44,6
838,1,2.75,5.25,3.3,44,6
838,2,3.25,4.75,3.3,44,6
838,3,2.75,4.75,3.3,44,6
839,0,3.25,5.25,6.6,44,6
839,1,2.75,5.25,6.6,44,6
839,2,3.25,4.75,6.6,44,6
839,3,2.75,4.75,6.6,44,6
840,0,3.25,5.25,9.9,44,6
840,1,2.75,5.25,9.9,44,6
840,2,3.25,4.75,9.9,44,6
840,3,2.75,4.75,9.9,44,6
841,0,3.25,5.75,0,44,6
841,1,2.75,5.75,0,44,6
841,2,3.25,5.25,0,44,6
841,3,2.75,5.25,0,44,6
842,0,3.25,5.75,3.3,44,6
842,1,2.75,5.75,3.3,44,6
842,2,3.25,5.25,3.3,44,6
842,3,2.75,5.25,3.3,44,6
843,0,3.25,5.75,6.6,44,6
843,1,2.75,5.75,6.6,44,6
843,2,3.25,5.25,6.6,44,6
843,3,2.75,5.25,6.6,44,6
844,0,3.25,5.75,9.9,44,6
844,1,2.75,5.75,9.9,44,6
844,2,3.25,5.25,9.9,44,6
844,3,2.75,5.25,9.9,44,6
845,0,3.25,6.25,0,44,6
845,1,2.75,6.25,0,44,6
845,2,3.25,5.75,0,44,6
845,3,2.75,5.75,0,44,6
846,0,3.25,6.25,3.3,44,6
846,1,2.75,6.25,3.3,44,6
846,2,3.25,5.75,3.3,44,6
846,3,2.75,5.75,3.3,44,6
847,0,3.25,6.25,6.6,44,6
847,1,2.75,6.25,6.6,44,6
847,2,3.25,5.75,6.6,44,6
847,3,2.75,5.75,6.6,44,6
848,0,3.25,6.25,9.9,44,6
848,1,2.75,6.25,9.9,44,6
848,2,3.25,5.75,9.9,44,6
848,3,2.75,5.75,9.9,44,6
849,0,3.25,6.75,0,44,6
849,1,2.75,6.75,0,44,6
849,2,3.25,6.25,0,44,6
849,3,2.75,6.25,0,44,6
850,0,3.25,6.75,3.3,44,6
850,1,2.75,6.75,3.3,44,6
850,2,3.25,6.25,3.3,44,6
850,3,2.75,6.25,3.3,44,6
851,0,3.25,6.75,6.6,44,6
851,1,2.75,6.75,6.6,44,6
851,2,3.25,6.25,6.6,44,6
851,3,2.75,6.25,6.6,44,6
852,0,3.25,6.75,9.9,44,6
852,1,2.75,6.75,9.9,44,6
852,2,3.25,6.25,9.9,44,6
852,3,2.75,6.25,9.9,44,6
853,0,3.25,6.75,-3.3,44,4
853,1,2.75,6.75,-3.3,44,4
853,2,3.25,6.375,-3.3,44,4
853,3,2.75,6.375,-3.3,44,4
854,0,2.75,6.75,0,5,3
854,1,3.25,6.75,0,5,3
855,0,2.75,6.75,3.3,5,3
855,1,3.25,6.75,3.3,5,3
856,0,2.75,6.75,6.6,5,3
856,1,3.25,6.75,6.6,5,3
857,0,2.75,6.75,9.9,5,3
857,1,3.25,6.75,9.9,5,3
858,0,3.25,7.125,-3.3,44,4
858,1,2.75,7.125,-3.3,44,4
858,2,3.25,6.75,-3.3,44,4
858,3,2.75,6.75,-3.3,44,4
859,0,3.25,7.25,0,44,6
859,1,2.75,7.25,0,44,6
859,2,3.25,6.75,0,44,6
859,3,2.75,6.75,0,44,6
860,0,3.25,7.25,3.3,44,6
860,1,2.75,7.25,3.3,44,6
860,2,3.25,6.75,3.3,44,6
860,3,2.75,6.75,3.3,44,6
861,0,3.25,7.25,6.6,44,6
861,1,2.75,7.25,6.6,44,6
861,2,3.25,6.75,6.6,44,6
861,3,2.75,6.75,6.6,44,6
862,0,3.25,7.25,9.9,44,6
862,1,2.75,7.25,9.9,44,6
862,2,3.25,6.75,9.9,44,6
862,3,2.75,6.75,9.9,44,6
863,0,3.25,7.75,0,44,6
863,1,2.75,7.75,0,44,6
863,2,3.25,7.25,0,44,6
863,3,2.75,7.25,0,44,6
864,0,3.25,7.75,3.3,44,6
864,1,2.75,7.75,3.3,44,6
864,2,3.25,7.25,3.3,44,6
864,3,2.75,7.25,3.3,44,6
865,0,3.25,7.75,6.6,44,6
865,1,2.75,7.75,6.6,44,6
865,2,3.25,7.25,6.6,44,6
865,3,2.75,7.25,6.6,44,6
866,0,3.25,7.75,9.9,44,6
866,1,2.75,7.75,9.9,44,6
866,2,3.25,7.25,9.9,44,6
866,3,2.75,7.25,9.9,44,6
867,0,3.25,8.25,0,44,6
867,1,2.75,8.25,0,44,6
867,2,3.25,7.75,0,44,6
867,3,2.75,7.75,0,44,6
868,0,3.25,8.25,3.3,44,6
868,1,2.75,8.25,3.3,44,6
868,2,3.25,7.75,3.3,44,6
868,3,2.75,7.75,3.3,44,6
869,0,3.25,8.25,6.6,44,6
869,1,2.75,8.25,6.6,44,6
869,2,3.25,7.75,6.6,44,6
869,3,2.75,7.75,6.6,44,6
870,0,3.25,8.25,9.9,44,6
870,1,2.75,8.25,9.9,44,6
870,2,3.25,7.75,9.9,44,6
870,3,2.75,7.75,9.9,44,6
871,0,3.25,8.75,0,44,6
871,1,2.75,8.75,0,44,6
871,2,3.25,8.25,0,44,6
871,3,2.75,8.25,0,44,6
872,0,3.25,8.75,3.3,44,6
872,1,2.75,8.75,3.3,44,6
872,2,3.25,8.25,3.3,44,6
872,3,2.75,8.25,3.3,44,6
873,0,3.25,8.75,6.6,44,6
873,1,2.75,8.75,6.6,44,6
873,2,3.25,8.25,6.6,44,6
873,3,2.75,8.25,6.6,44,6
874,0,3.25,8.75,9.9,44,6
874,1,2.75,8.75,9.9,44,6
874,2,3.25,8.25,9.9,44,6
874,3,2.75,8.25,9.9,44,6
875,0,3.25,9.25,0,44,6
875,1,2.75,9.25,0,44,6
875,2,3.25,8.75,0,44,6
875,3,2.75,8.75,0,44,6
876,0,3.25,9.25,3.3,44,6
876,1,2.75,9.25,3.3,44,6
876,2,3.25,8.75,3.3,44,6
876,3,2.75,8.75,3.3,44,6
877,0,3.25,9.25,6.6,44,6
877,1,2.75,9.25,6.6,44,6
877,2,3.25,8.75,6.6,44,6
877,3,2.75,8.75,6.6,44,6
878,0,3.25,9.25,9.9,44,6
878,1,2.75,9.25,9.9,44,6
878,2,3.25,8.75,9.9,44,6
878,3,2.75,8.75,9.9,44,6
879,0,3.25,9.75,0,44,6
879,1,2.75,9.75,0,44,6
879,2,3.25,9.25,0,44,6
879,3,2.75,9.25,0,44,6
880,0,3.25,9.75,3.3,44,6
880,1,2.75,9.75,3.3,44,6
880,2,3.25,9.25,3.3,44,6
880,3,2.75,9.25,3.3,44,6
881,0,3.25,9.75,6.6,44,6
881,1,2.75,9.75,6.6,44,6
881,2,3.25,9.25,6.6,44,6
881,3,2.75,9.25,6.6,44,6
882,0,3.25,9.75,9.9,44,6
882,1,2.75,9.75,9.9,44,6
882,2,3.25,9.25,9.9,44,6
882,3,2.75,9.25,9.9,44,6
883,0,3.25,10.25,0,44,6
883,1,2.75,10.25,0,44,6
883,2,3.25,9.75,0,44,6
883,3,2.75,9.75,0,44,6
884,0,3.25,10.25,3.3,44,6
884,1,2.75,10.25,3.3,44,6
884,2,3.25,9.75,3.3,44,6
884,3,2.75,9.75,3.3,44,6
885,0,3.25,10.25,6.6,44,6
885,1,2.75,10.25,6.6,44,6
885,2,3.25,9.75,6.6,44,6
885,3,2.75,9.75,6.6,44,6
886,0,3.25,10.25,9.9,44,6
886,1,2.75,10.25,9.9,44,6
886,2,3.25,9.75,9.9,44,6
886,3,2.75,9.75,9.9,44,6
887,0,3.25,10.75,0,44,6
887,1,2.75,10.75,0,44,6
887,2,3.25,10.25,0,44,6
887,3,2.75,10.25,0,44,6
888,0,3.25,10.75,3.3,44,6
888,1,2.75,10.75,3.3,44,6
888,2,3.25,10.25,3.3,44,6
888,3,2.75,10.25,3.3,44,6
889,0,3.25,10.75,6.6,44,6
889,1,2.75,10.75,6.6,44,6
889,2,3.25,10.25,6.6,44,6
889,3,2.75,10.25,6.6,44,6
890,0,3.25,10.75,9.9,44,6
890,1,2.75,10.75,9.9,44,6
890,2,3.25,10.25,9.9,44,6
890,3,2.75,10.25,9.9,44,6
891,0,3.25,11.25,0,44,6
891,1,2.75,11.25,0,44,6
891,2,3.25,10.75,0,44,6
891,3,2.75,10.75,0,44,6
892,0,3.25,11.25,3.3,44,6
892,1,2.75,11.25,3.3,44,6
892,2,3.25,10.75,3.3,44,6
892,3,2.75,10.75,3.3,44,6
893,0,3.25,11.25,6.6,44,6
893,1,2.75,11.25,6.6,44,6
893,2,3.25,10.75,6.6,44,6
893,3,2.75,10.75,6.6,44,6
894,0,3.25,11.25,9.9,44,6
894,1,2.75,11.25,9.9,44,6
894,2,3.25,10.75,9.9,44,6
894,3,2.75,10.75,9.9,44,6
895,0,3.25,11.75,0,44,6
895,1,2.75,11.75,0,44,6
895,2,3.25,11.25,0,44,6
895,3,2.75,11.25,0,44,6
896,0,3.25,11.75,3.3,44,6
896,1,2.75,11.75,3.3,44,6
896,2,3.25,11.25,3.3,44,6
896,3,2.75,11.25,3.3,44,6
897,0,3.25,11.75,6.6,44,6
897,1,2.75,11.75,6.6,44,6
897,2,3.25,11.25,6.6,44,6
897,3,2.75,11.25,6.6,44,6
898,0,3.25,11.75,9.9,44,6
898,1,2.75,11.75,9.9,44,6
898,2,3.25,11.25,9.9,44,6
898,3,2.75,11.25,9.9,44,6
899,0,3.25,12.25,0,44,6
899,1,2.75,12.25,0,44,6
899,2,3.25,11.75,0,44,6
899,3,2.75,11.75,0,44,6
900,0,3.25,12.25,3.3,44,6
900,1,2.75,12.25,3.3,44,6
900,2,3.25,11.75,3.3,44,6
900,3,2.75,11.75,3.3,44,6
901,0,3.25,12.25,6.6,44,6
901,1,2.75,12.25,6.6,44,6
901,2,3.25,11.75,6.6,44,6
901,3,2.75,11.75,6.6,44,6
902,0,3.25,12.25,9.9,44,6
902,1,2.75,12.25,9.9,44,6
902,2,3.25,11.75,9.9,44,6
902,3,2.75,11.75,9.9,44,6
903,0,3.25,12.75,0,44,6
903,1,2.75,12.75,0,44,6
903,2,3.25,12.25,0,44,6
903,3,2.75,12.25,0,44,6
904,0,3.25,12.75,3.3,44,6
904,1,2.75,12.75,3.3,44,6
904,2,3.25,12.25,3.3,44,6
904,3,2.75,12.25,3.3,44,6
905,0,3.25,12.75,6.6,44,6
905,1,2.75,12.75,6.6,44,6
905,2,3.25,12.25,6.6,44,6
905,3,2.75,12.25,6.6,44,6
906,0,3.25,12.75,9.9,44,6
906,1,2.75,12.75,9.9,44,6
906,2,3.25,12.25,9.9,44,6
906,3,2.75,12.25,9.9,44,6
907,0,3.25,12.75,-3.3,44,4
907,1,2.75,12.75,-3.3,44,4
907,2,3.25,12.375,-3.3,44,4
907,3,2.75,12.375,-3.3,44,4
908,0,3.25,12.75,-2.75,44,7
908,1,3.25,12.75,-3.3,44,7
908,2,2.75,12.75,-2.75,44,7
908,3,2.75,12.75,-3.3,44,7
909,0,3.25,12.75,-2.2,44,7
909,1,3.25,12.75,-2.75,44,7
909,2,2.75,12.75,-2.2,44,7
909,3,2.75,12.75,-2.75,44,7
910,0,3.25,12.75,-1.65,44,7
910,1,3.25,12.75,-2.2,44,7
910,2,2.75,12.75,-1.65,44,7
910,3,2.75,12.75,-2.2,44,7
911,0,3.25,12.75,-1.1,44,7
911,1,3.25,12.75,-1.65,44,7
911,2,2.75,12.75,-1.1,44,7
911,3,2.75,12.75,-1.65,44,7
912,0,3.25,12.75,-0.55,44,7
912,1,3.25,12.75,-1.1,44,7
912,2,2.75,12.75,-0.55,44,7
912,3,2.75,12.75,-1.1,44,7
913,0,3.25,12.75,0,44,7
913,1,3.25,12.75,-0.55,44,7
913,2,2.75,12.75,0,44,7
913,3,2.75,12.75,-0.55,44,7
914,0,2.75,12.75,0,5,3
914,1,3.25,12.75,0,5,3
915,0,2.75,12.75,3.3,5,3
915,1,3.25,12.75,3.3,5,3
916,0,2.75,12.75,6.6,5,3
916,1,3.25,12.75,6.6,5,3
917,0,2.75,12.75,9.9,5,3
917,1,3.25,12.75,9.9,5,3
918,0,3.25,13.125,-3.3,44,4
918,1,2.75,13.125,-3.3,44,4
918,2,3.25,12.75,-3.3,44,4
918,3,2.75,12.75,-3.3,44,4
919,0,3.75,0.75,-3.3,44,4
919,1,3.25,0.75,-3.3,44,4
919,2,3.75,0.375,-3.3,44,4
919,3,3.25,0.375,-3.3,44,4
920,0,3.75,0.75,-2.75,44,7
920,1,3.75,0.75,-3.3,44,7
920,2,3.25,0.75,-2.75,44,7
920,3,3.25,0.75,-3.3,44,7
921,0,3.75,0.75,-2.2,44,7
921,1,3.75,0.75,-2.75,44,7
921,2,3.25,0.75,-2.2,44,7
921,3,3.25,0.75,-2.75,44,7
922,0,3.75,0.75,-1.65,44,7
922,1,3.75,0.75,-2.2,44,7
922,2,3.25,0.75,-1.65,44,7
922,3,3.25,0.75,-2.2,44,7
923,0,3.75,0.75,-1.1,44,7
923,1,3.75,0.75,-1.65,44,7
923,2,3.25,0.75,-1.1,44,7
923,3,3.25,0.75,-1.65,44,7
924,0,3.75,0.75,-0.55,44,7
924,1,3.75,0.75,-1.1,44,7
924,2,3.25,0.75,-0.55,44,7
924,3,3.25,0.75,-1.1,44,7
925,0,3.75,0.75,0,44,7
925,1,3.75,0.75,-0.55,44,7
925,2,3.25,0.75,0,44,7
925,3,3.25,0.75,-0.55,44,7
926,0,3.25,0.75,0,5,3
926,1,3.75,0.75,0,5,3
927,0,3.25,0.75,3.3,5,3
927,1,3.75,0.75,3.3,5,3
928,0,3.25,0.75,6.6,5,3
928,1,3.75,0.75,6.6,5,3
929,0,3.25,0.75,9.9,5,3
929,1,3.75,0.75,9.9,5,3
930,0,3.75,1.125,-3.3,44,4
930,1,3.25,1.125,-3.3,44,4
930,2,3.75,0.75,-3.3,44,4
930,3,3.25,0.75,-3.3,44,4
931,0,3.75,1.25,0,44,6
931,1,3.25,1.25,0,44,6
931,2,3.75,0.75,0,44,6
931,3,3.25,0.75,0,44,6
932,0,3.75,1.25,3.3,44,6
932,1,3.25,1.25,3.3,44,6
932,2,3.75,0.75,3.3,44,6
932,3,3.25,0.75,3.3,44,6
933,0,3.75,1.25,6.6,44,6
933,1,3.25,1.25,6.6,44,6
933,2,3.75,0.75,6.6,44,6
933,3,3.25,0.75,6.6,44,6
934,0,3.75,1.25,9.9,44,6
934,1,3.25,1.25,9.9,44,6
934,2,3.75,0.75,9.9,44,6
934,3,3.25,0.75,9.9,44,6
935,0,3.75,1.75,0,44,6
935,1,3.25,1.75,0,44,6
935,2,3.75,1.25,0,44,6
935,3,3.25,1.25,0,44,6
936,0,3.75,1.75,3.3,44,6
936,1,3.25,1.75,3.3,44,6
936,2,3.75,1.25,3.3,44,6
936,3,3.25,1.25,3.3,44,6
937,0,3.75,1.75,6.6,44,6
937,1,3.25,1.75,6.6,44,6
937,2,3.75,1.25,6.6,44,6
937,3,3.25,1.25,6.6,44,6
938,0,3.75,1.75,9.9,44,6
938,1,3.25,1.75,9.9,44,6
938,2,3.75,1.25,9.9,44,6
938,3,3.25,1.25,9.9,44,6
939,0,3.75,2.25,0,44,6
939,1,3.25,2.25,0,44,6
939,2,3.75,1.75,0,44,6
939,3,3.25,1.75,0,44,6
940,0,3.75,2.25,3.3,44,6
940,1,3.25,2.25,3.3,44,6
940,2,3.75,1.75,3.3,44,6
940,3,3.25,1.75,3.3,44,6
941,0,3.75,2.25,6.6,44,6
941,1,3.25,2.25,6.6,44,6
941,2,3.75,1.75,6.6,44,6
941,3,3.25,1.75,6.6,44,6
942,0,3.75,2.25,9.9,44,6
942,1,3.25,2.25,9.9,44,6
942,2,3.75,1.75,9.9,44,6
942,3,3.25,1.75,9.9,44,6
943,0,3.75,2.75,0,44,6
943,1,3.25,2.75,0,44,6
943,2,3.75,2.25,0,44,6
943,3,3.25,2.25,0,44,6
944,0,3.75,2.75,3.3,44,6
944,1,3.25,2.75,3.3,44,6
944,2,3.75,2.25,3.3,44,6
944,3,3.25,2.25,3.3,44,6
945,0,3.75,2.75,6.6,44,6
945,1,3.25,2.75,6.6,44,6
945,2,3.75,2.25,6.6,44,6
945,3,3.25,2.25,6.6,44,6
946,0,3.75,2.75,9.9,44,6
946,1,3.25,2.75,9.9,44,6
946,2,3.75,2.25,9.9,44,6
946,3,3.25,2.25,9.9,44,6
947,0,3.75,3.25,0,44,6
947,1,3.25,3.25,0,44,6
947,2,3.75,2.75,0,44,6
947,3,3.25,2.75,0,44,6
948,0,3.75,3.25,3.3,44,6
948,1,3.25,3.25,3.3,44,6
948,2,3.75,2.75,3.3,44,6
948,3,3.25,2.75,3.3,44,6
949,0,3.75,3.25,6.6,44,6
949,1,3.25,3.25,6.6,44,6
949,2,3.75,2.75,6.6,44,6
949,3,3.25,2.75,6.6,44,6
950,0,3.75,3.25,9.9,44,6
950,1,3.25,3.25,9.9,44,6
950,2,3.75,2.75,9.9,44,6
950,3,3.25,2.75,9.9,44,6
951,0,3.75,3.75,0,44,6
951,1,3.25,3.75,0,44,6
951,2,3.75,3.25,0,44,6
951,3,3.25,3.25,0,44,6
952,0,3.75,3.75,3.3,44,6
952,1,3.25,3.75,3.3,44,6
952,2,3.75,3.25,3.3,44,6
952,3,3.25,3.25,3.3,44,6
953,0,3.75,3.75,6.6,44,6
953,1,3.25,3.75,6.6,44,6
953,2,3.75,3.25,6.6,44,6
953,3,3.25,3.25,6.6,44,6
954,0,3.75,3.75,9.9,44,6
954,1,3.25,3.75,9.9,44,6
954,2,3.75,3.25,9.9,44,6
954,3,3.25,3.25,9.9,44,6
955,0,3.75,4.25,0,44,6
955,1,3.25,4.25,0,44,6
955,2,3.75,3.75,0,44,6
955,3,3.25,3.75,0,44,6
956,0,3.75,4.25,3.3,44,6
956,1,3.25,4.25,3.3,44,6
956,2,3.75,3.75,3.3,44,6
956,3,3.25,3.75,3.3,44,6
957,0,3.75,4.25,6.6,44,6
957,1,3.25,4.25,6.6,44,6
957,2,3.75,3.75,6.6,44,6
957,3,3.25,3.75,6.6,44,6
958,0,3.75,4.25,9.9,44,6
958,1,3.25,4.25,9.9,44,6
958,2,3.75,3.75,9.9,44,6
958,3,3.25,3.75,9.9,44,6
959,0,3.75,4.75,0,44,6
959,1,3.25,4.75,0,44,6
959,2,3.75,4.25,0,44,6
959,3,3.25,4.25,0,44,6
960,0,3.75,4.75,3.3,44,6
960,1,3.25,4.75,3.3,44,6
960,2,3.75,4.25,3.3,44,6
960,3,3.25,4.25,3.3,44,6
961,0,3.75,4.75,6.6,44,6
961,1,3.25,4.75,6.6,44,6
961,2,3.75,4.25,6.6,44,6
961,3,3.25,4.25,6.6,44,6
962,0,3.75,4.75,9.9,44,6
962,1,3.25,4.75,9.9,44,6
962,2,3.75,4.25,9.9,44,6
962,3,3.25,4.25,9.9,44,6
963,0,3.75,5.25,0,44,6
963,1,3.25,5.25,0,44,6
963,2,3.75,4.75,0,44,6
963,3,3.25,4.75,0,44,6
964,0,3.75,5.25,3.3,44,6
964,1,3.25,5.25,3.3,44,6
964,2,3.75,4.75,3.3,44,6
964,3,3.25,4.75,3.3,44,6
965,0,3.75,5.25,6.6,44,6
965,1,3.25,5.25,6.6,44,6
965,2,3.75,4.75,6.6,44,6
965,3,3.25,4.75,6.6,44,6
966,0,3.75,5.25,9.9,44,6
966,1,3.25,5.25,9.9,44,6
966,2,3.75,4.75,9.9,44,6
966,3,3.25,4.75,9.9,44,6
967,0,3.75,5.75,0,44,6
967,1,3.25,5.75,0,44,6
967,2,3.75,5.25,0,44,6
967,3,3.25,5.25,0,44,6
968,0,3.75,5.75,3.3,44,6
968,1,3.25,5.75,3.3,44,6
968,2,3.75,5.25,3.3,44,6
968,3,3.25,5.25,3.3,44,6
969,0,3.75,5.75,6.6,44,6
969,1,3.25,5.75,6.6,44,6
969,2,3.75,5.25,6.6,44,6
969,3,3.25,5.25,6.6,44,6
970,0,3.75,5.75,9.9,44,6
970,1,3.25,5.75,9.9,44,6
970,2,3.75,5.25,9.9,44,6
970,3,3.25,5.25,9.9,44,6
971,0,3.75,6.25,0,44,6
971,1,3.25,6.25,0,44,6
971,2,3.75,5.75,0,44,6
971,3,3.25,5.75,0,44,6
972,0,3.75,6.25,3.3,44,6
972,1,3.25,6.25,3.3,44,6
972,2,3.75,5.75,3.3,44,6
972,3,3.25,5.75,3.3,44,6
973,0,3.75,6.25,6.6,44,6
973,1,3.25,6.25,6.6,44,6
973,2,3.75,5.75,6.6,44,6
973,3,3.25,5.75,6.6,44,6
974,0,3.75,6.25,9.9,44,6
974,1,3.25,6.25,9.9,44,6
974,2,3.75,5.75,9.9,44,6
974,3,3.25,5.75,9.9,44,6
975,0,3.75,6.75,0,44,6
975,1,3.25,6.75,0,44,6
975,2,3.75,6.25,0,44,6
975,3,3.25,6.25,0,44,6
976,0,3.75,6.75,3.3,44,6
976,1,3.25,6.75,3.3,44,6
976,2,3.75,6.25,3.3,44,6
976,3,3.25,6.25,3.3,44,6
977,0,3.75,6.75,6.6,44,6
977,1,3.25,6.75,6.6,44,6
977,2,3.75,6.25,6.6,44,6
977,3,3.25,6.25,6.6,44,6
978,0,3.75,6.75,9.9,44,6
978,1,3.25,6.75,9.9,44,6
978,2,3.75,6.25,9.9,44,6
978,3,3.25,6.25,9.9,44,6
979,0,3.75,6.75,-3.3,44,4
979,1,3.25,6.75,-3.3,44,4
979,2,3.75,6.375,-3.3,44,4
979,3,3.25,6.375,-3.3,44,4
980,0,3.25,6.75,0,5,3
980,1,3.75,6.75,0,5,3
981,0,3.25,6.75,3.3,5,3
981,1,3.75,6.75,3.3,5,3
982,0,3.25,6.75,6.6,5,3
982,1,3.75,6.75,6.6,5,3
983,0,3.25,6.75,9.9,5,3
983,1,3.75,6.75,9.9,5,3
984,0,3.75,7.125,-3.3,44,4
984,1,3.25,7.125,-3.3,44,4
984,2,3.75,6.75,-3.3,44,4
984,3,3.25,6.75,-3.3,44,4
985,0,3.75,7.25,0,44,6
985,1,3.25,7.25,0,44,6
985,2,3.75,6.75,0,44,6
985,3,3.25,6.75,0,44,6
986,0,3.75,7.25,3.3,44,6
986,1,3.25,7.25,3.3,44,6
986,2,3.75,6.75,3.3,44,6
986,3,3.25,6.75,3.3,44,6
987,0,3.75,7.25,6.6,44,6
987,1,3.25,7.25,6.6,44,6
987,2,3.75,6.75,6.6,44,6
987,3,3.25,6.75,6.6,44,6
988,0,3.75,7.25,9.9,44,6
988,1,3.25,7.25,9.9,44,6
988,2,3.75,6.75,9.9,44,6
988,3,3.25,6.75,9.9,44,6
989,0,3.75,7.75,0,44,6
989,1,3.25,7.75,0,44,6
989,2,3.75,7.25,0,44,6
989,3,3.25,7.25,0,44,6
990,0,3.75,7.75,3.3,44,6
990,1,3.25,7.75,3.3,44,6
990,2,3.75,7.25,3.3,44,6
990,3,3.25,7.25,3.3,44,6
991,0,3.75,7.75,6.6,44,6
991,1,3.25,7.75,6.6,44,6
991,2,3.75,7.25,6.6,44,6
991,3,3.25,7.25,6.6,44,6
992,0,3.75,7.75,9.9,44,6
992,1,3.25,7.75,9.9,44,6
992,2,3.75,7.25,9.9,44,6
992,3,3.25,7.25,9.9,44,6
993,0,3.75,8.25,0,44,6
993,1,3.25,8.25,0,44,6
993,2,3.75,7.75,0,44,6
993,3,3.25,7.75,0,44,6
994,0,3.75,8.25,3.3,44,6
994,1,3.25,8.25,3.3,44,6
994,2,3.75,7.75,3.3,44,6
994,3,3.25,7.75,3.3,44,6
995,0,3.75,8.25,6.6,44,6
995,1,3.25,8.25,6.6,44,6
995,2,3.75,7.75,6.6,44,6
995,3,3.25,7.75,6.6,44,6
996,0,3.75,8.25,9.9,44,6
996,1,3.25,8.25,9.9,44,6
996,2,3.75,7.75,9.9,44,6
996,3,3.25,7.75,9.9,44,6
997,0,3.75,8.75,0,44,6
997,1,3.25,8.75,0,44,6
997,2,3.75,8.25,0,44,6
997,3,3.25,8.25,0,44,6
998,0,3.75,8.75,3.3,44,6
998,1,3.25,8.75,3.3,44,6
998,2,3.75,8.25,3.3,44,6
998,3,3.25,8.25,3.3,44,6
999,0,3.75,8.75,6.6,44,6
999,1,3.25,8.75,6.6,44,6
999,2,3.75,8.25,6.6,44,6
999,3,3.25,8.25,6.6,44,6
1000,0,3.75,8.75,9.9,44,6
1000,1,3.25,8.75,9.9,44,6
1000,2,3.75,8.25,9.9,44,6
1000,3,3.25,8.25,9.9,44,6
1001,0,3.75,9.25,0,44,6
1001,1,3.25,9.25,0,44,6
1001,2,3.75,8.75,0,44,6
1001,3,3.25,8.75,0,44,6
1002,0,3.75,9.25,3.3,44,6
1002,1,3.25,9.25,3.3,44,6
1002,2,3.75,8.75,3.3,44,6
1002,3,3.25,8.75,3.3,44,6
1003,0,3.75,9.25,6.6,44,6
1003,1,3.25,9.25,6.6,44,6
1003,2,3.75,8.75,6.6,44,6
1003,3,3.25,8.75,6.6,44,6
1004,0,3.75,9.25,9.9,44,6
1004,1,3.25,9.25,9.9,44,6
1004,2,3.75,8.75,9.9,44,6
1004,3,3.25,8.75,9.9,44,6
1005,0,3.75,9.75,0,44,6
1005,1,3.25,9.75,0,44,6
1005,2,3.75,9.25,0,44,6
1005,3,3.25,9.25,0,44,6
1006,0,3.75,9.75,3.3,44,6
1006,1,3.25,9.75,3.3,44,6
1006,2,3.75,9.25,3.3,44,6
1006,3,3.25,9.25,3.3,44,6
1007,0,3.75,9.75,6.6,44,6
1007,1,3.25,9.75,6.6,44,6
1007,2,3.75,9.25,6.6,44,6
1007,3,3.25,9.25,6.6,44,6
1008,0,3.75,9.75,9.9,44,6
1008,1,3.25,9.75,9.9,44,6
1008,2,3.75,9.25,9.9,44,6
1008,3,3.25,9.25,9.9,44,6
1009,0,3.75,10.25,0,44,6
1009,1,3.25,10.25,0,44,6
1009,2,3.75,9.75,0,44,6
1009,3,3.25,9.75,0,44,6
1010,0,3.75,10.25,3.3,44,6
1010,1,3.25,10.25,3.3,44,6
1010,2,3.75,9.75,3.3,44,6
1010,3,3.25,9.75,3.3,44,6
1011,0,3.75,10.25,6.6,44,6
1011,1,3.25,10.25,6.6,44,6
1011,2,3.75,9.75,6.6,44,6
1011,3,3.25,9.75,6.6,44,6
1012,0,3.75,10.25,9.9,44,6
1012,1,3.25,10.25,9.9,44,6
1012,2,3.75,9.75,9.9,44,6
1012,3,3.25,9.75,9.9,44,6
1013,0,3.75,10.75,0,44,6
1013,1,3.25,10.75,0,44,6
1013,2,3.75,10.25,0,44,6
1013,3,3.25,10.25,0,44,6
1014,0,3.75,10.75,3.3,44,6
1014,1,3.25,10.75,3.3,44,6
1014,2,3.75,10.25,3.3,44,6
1014,3,3.25,10.25,3.3,44,6
1015,0,3.75,10.75,6.6,44,6
1015,1,3.25,10.75,6.6,44,6
1015,2,3.75,10.25,6.6,44,6
1015,3,3.25,10.25,6.6,44,6
1016,0,3.75,10.75,9.9,44,6
1016,1,3.25,10.75,9.9,44,6
1016,2,3.75,10.25,9.9,44,6
1016,3,3.25,10.25,9.9,44,6
1017,0,3.75,11.25,0,44,6
1017,1,3.25,11.25,0,44,6
1017,2,3.75,10.75,0,44,6
1017,3,3.25,10.75,0,44,6
1018,0,3.75,11.25,3.3,44,6
1018,1,3.25,11.25,3.3,44,6
1018,2,3.75,10.75,3.3,44,6
1018,3,3.25,10.75,3.3,44,6
1019,0,3.75,11.25,6.6,44,6
1019,1,3.25,11.25,6.6,44,6
1019,2,3.75,10.75,6.6,44,6
1019,3,3.25,10.75,6.6,44,6
1020,0,3.75,11.25,9.9,44,6
1020,1,3.25,11.25,9.9,44,6
1020,2,3.75,10.75,9.9,44,6
1020,3,3.25,10.75,9.9,44,6
1021,0,3.75,11.75,0,44,6
1021,1,3.25,11.75,0,44,6
1021,2,3.75,11.25,0,44,6
1021,3,3.25,11.25,0,44,6
1022,0,3.75,11.75,3.3,44,6
1022,1,3.25,11.75,3.3,44,6
1022,2,3.75,11.25,3.3,44,6
1022,3,3.25,11.25,3.3,44,6
1023,0,3.75,11.75,6.6,44,6
1023,1,3.25,11.75,6.6,44,6
1023,2,3.75,11.25,6.6,44,6
1023,3,3.25,11.25,6.6,44,6
1024,0,3.75,11.75,9.9,44,6
1024,1,3.25,11.75,9.9,44,6
1024,2,3.75,11.25,9.9,44,6
1024,3,3.25,11.25,9.9,44,6
1025,0,3.75,12.25,0,44,6
1025,1,3.25,12.25,0,44,6
1025,2,3.75,11.75,0,44,6
1025,3,3.25,11.75,0,44,6
1026,0,3.75,12.25,3.3,44,6
1026,1,3.25,12.25,3.3,44,6
1026,2,3.75,11.75,3.3,44,6
1026,3,3.25,11.75,3.3,44,6
1027,0,3.75,12.25,6.6,44,6
1027,1,3.25,12.25,6.6,44,6
1027,2,3.75,11.75,6.6,44,6
1027,3,3.25,11.75,6.6,44,6
1028,0,3.75,12.25,9.9,44,6
1028,1,3.25,12.25,9.9,44,6
1028,2,3.75,11.75,9.9,44,6
1028,3,3.25,11.75,9.9,44,6
1029,0,3.75,12.75,0,44,6
1029,1,3.25,12.75,0,44,6
1029,2,3.75,12.25,0,44,6
1029,3,3.25,12.25,0,44,6
1030,0,3.75,12.75,3.3,44,6
1030,1,3.25,12.75,3.3,44,6
1030,2,3.75,12.25,3.3,44,6
1030,3,3.25,12.25,3.3,44,6
1031,0,3.75,12.75,6.6,44,6
1031,1,3.25,12.75,6.6,44,6
1031,2,3.75,12.25,6.6,44,6
1031,3,3.25,12.25,6.6,44,6
1032,0,3.75,12.75,9.9,44,6
1032,1,3.25,12.75,9.9,44,6
1032,2,3.75,12.25,9.9,44,6
1032,3,3.25,12.25,9.9,44,6
1033,0,3.75,12.75,-3.3,44,4
1033,1,3.25,12.75,-3.3,44,4
1033,2,3.75,12.375,-3.3,44,4
1033,3,3.25,12.375,-3.3,44,4
1034,0,3.75,12.75,-2.75,44,7
1034,1,3.75,12.75,-3.3,44,7
1034,2,3.25,12.75,-2.75,44,7
1034,3,3.25,12.75,-3.3,44,7
1035,0,3.75,12.75,-2.2,44,7
1035,1,3.75,12.75,-2.75,44,7
1035,2,3.25,12.75,-2.2,44,7
1035,3,3.25,12.75,-2.75,44,7
1036,0,3.75,12.75,-1.65,44,7
1036,1,3.75,12.75,-2.2,44,7
1036,2,3.25,12.75,-1.65,44,7
1036,3,3.25,12.75,-2.2,44,7
1037,0,3.75,12.75,-1.1,44,7
1037,1,3.75,12.75,-1.65,44,7
1037,2,3.25,12.75,-1.1,44,7
1037,3,3.25,12.75,-1.65,44,7
1038,0,3.75,12.75,-0.55,44,7
1038,1,3.75,12.75,-1.1,44,7
1038,2,3.25,12.75,-0.55,44,7
1038,3,3.25,12.75,-1.1,44,7
1039,0,3.75,12.75,0,44,7
1039,1,3.75,12.75,-0.55,44,7
1039,2,3.25,12.75,0,44,7
1039,3,3.25,12.75,-0.55,44,7
1040,0,3.25,12.75,0,5,3
1040,1,3.75,12.75,0,5,3
1041,0,3.25,12.75,3.3,5,3
1041,1,3.75,12.75,3.3,5,3
1042,0,3.25,12.75,6.6,5,3
1042,1,3.75,12.75,6.6,5,3
1043,0,3.25,12.75,9.9,5,3
1043,1,3.75,12.75,9.9,5,3
1044,0,3.75,13.125,-3.3,44,4
1044,1,3.25,13.125,-3.3,44,4
1044,2,3.75,12.75,-3.3,44,4
1044,3,3.25,12.75,-3.3,44,4
1045,0,4.25,0.75,-3.3,44,4
1045,1,3.75,0.75,-3.3,44,4
1045,2,4.25,0.375,-3.3,44,4
1045,3,3.75,0.375,-3.3,44,4
1046,0,4.25,0.75,-2.75,44,7
1046,1,4.25,0.75,-3.3,44,7
1046,2,3.75,0.75,-2.75,44,7
1046,3,3.75,0.75,-3.3,44,7
1047,0,4.25,0.75,-2.2,44,7
1047,1,4.25,0.75,-2.75,44,7
1047,2,3.75,0.75,-2.2,44,7
1047,3,3.75,0.75,-2.75,44,7
1048,0,4.25,0.75,-1.65,44,7
1048,1,4.25,0.75,-2.2,44,7
1048,2,3.75,0.75,-1.65,44,7
1048,3,3.75,0.75,-2.2,44,7
1049,0,4.25,0.75,-1.1,44,7
1049,1,4.25,0.75,-1.65,44,7
1049,2,3.75,0.75,-1.1,44,7
1049,3,3.75,0.75,-1.65,44,7
1050,0,4.25,0.75,-0.55,44,7
1050,1,4.25,0.75,-1.1,44,7
1050,2,3.75,0.75,-0.55,44,7
1050,3,3.75,0.75,-1.1,44,7
1051,0,4.25,0.75,0,44,7
1051,1,4.25,0.75,-0.55,44,7
1051,2,3.75,0.75,0,44,7
1051,3,3.75,0.75,-0.55,44,7
1052,0,3.75,0.75,0,5,3
1052,1,4.25,0.75,0,5,3
1053,0,3.75,0.75,3.3,5,3
1053,1,4.25,0.75,3.3,5,3
1054,0,3.75,0.75,6.6,5,3
1054,1,4.25,0.75,6.6,5,3
1055,0,3.75,0.75,9.9,5,3
1055,1,4.25,0.75,9.9,5,3
1056,0,4.25,1.125,-3.3,44,4
1056,1,3.75,1.125,-3.3,44,4
1056,2,4.25,0.75,-3.3,44,4
1056,3,3.75,0.75,-3.3,44,4
1057,0,4.25,1.25,0,44,6
1057,1,3.75,1.25,0,44,6
1057,2,4.25,0.75,0,44,6
1057,3,3.75,0.75,0,44,6
1058,0,4.25,1.25,3.3,44,6
1058,1,3.75,1.25,3.3,44,6
1058,2,4.25,0.75,3.3,44,6
1058,3,3.75,0.75,3.3,44,6
1059,0,4.25,1.25,6.6,44,6
1059,1,3.75,1.25,6.6,44,6
1059,2,4.25,0.75,6.6,44,6
1059,3,3.75,0.75,6.6,44,6
1060,0,4.25,1.25,9.9,44,6
1060,1,3.75,1.25,9.9,44,6
1060,2,4.25,0.75,9.9,44,6
1060,3,3.75,0.75,9.9,44,6
1061,0,4.25,1.75,0,44,6
1061,1,3.75,1.75,0,44,6
1061,2,4.25,1.25,0,44,6
1061,3,3.75,1.25,0,44,6
1062,0,4.25,1.75,3.3,44,6
1062,1,3.75,1.75,3.3,44,6
1062,2,4.25,1.25,3.3,44,6
1062,3,3.75,1.25,3.3,44,6
1063,0,4.25,1.75,6.6,44,6
1063,1,3.75,1.75,6.6,44,6
1063,2,4.25,1.25,6.6,44,6
1063,3,3.75,1.25,6.6,44,6
1064,0,4.25,1.75,9.9,44,6
1064,1,3.75,1.75,9.9,44,6
1064,2,4.25,1.25,9.9,44,6
1064,3,3.75,1.25,9.9,44,6
1065,0,4.25,2.25,0,44,6
1065,1,3.75,2.25,0,44,6
1065,2,4.25,1.75,0,44,6
1065,3,3.75,1.75,0,44,6
1066,0,4.25,2.25,3.3,44,6
1066,1,3.75,2.25,3.3,44,6
1066,2,4.25,1.75,3.3,44,6
1066,3,3.75,1.75,3.3,44,6
1067,0,4.25,2.25,6.6,44,6
1067,1,3.75,2.25,6.6,44,6
1067,2,4.25,1.75,6.6,44,6
1067,3,3.75,1.75,6.6,44,6
1068,0,4.25,2.25,9.9,44,6
1068,1,3.75,2.25,9.9,44,6
1068,2,4.25,1.75,9.9,44,6
1068,3,3.75,1.75,9.9,44,6
1069,0,4.25,2.75,0,44,6
1069,1,3.75,2.75,0,44,6
1069,2,4.25,2.25,0,44,6
1069,3,3.75,2.25,0,44,6
1070,0,4.25,2.75,3.3,44,6
1070,1,3.75,2.75,3.3,44,6
1070,2,4.25,2.25,3.3,44,6
1070,3,3.75,2.25,3.3,44,6
1071,0,4.25,2.75,6.6,44,6
1071,1,3.75,2.75,6.6,44,6
1071,2,4.25,2.25,6.6,44,6
1071,3,3.75,2.25,6.6,44,6
1072,0,4.25,2.75,9.9,44,6
1072,1,3.75,2.75,9.9,44,6
1072,2,4.25,2.25,9.9,44,6
1072,3,3.75,2.25,9.9,44,6
1073,0,4.25,3.25,0,44,6
1073,1,3.75,3.25,0,44,6
1073,2,4.25,2.75,0,44,6
1073,3,3.75,2.75,0,44,6
1074,0,4.25,3.25,3.3,44,6
1074,1,3.75,3.25,3.3,44,6
1074,2,4.25,2.75,3.3,44,6
1074,3,3.75,2.75,3.3,44,6
1075,0,4.25,3.25,6.6,44,6
1075,1,3.75,3.25,6.6,44,6
1075,2,4.25,2.75,6.6,44,6
1075,3,3.75,2.75,6.6,44,6
1076,0,4.25,3.25,9.9,44,6
1076,1,3.75,3.25,9.9,44,6
1076,2,4.25,2.75,9.9,44,6
1076,3,3.75,2.75,9.9,44,6
1077,0,4.25,3.75,0,44,6
1077,1,3.75,3.75,0,44,6
1077,2,4.25,3.25,0,44,6
1077,3,3.75,3.25,0,44,6
1078,0,4.25,3.75,3.3,44,6
1078,1,3.75,3.75,3.3,44,6
1078,2,4.25,3.25,3.3,44,6
1078,3,3.75,3.25,3.3,44,6
1079,0,4.25,3.75,6.6,44,6
1079,1,3.75,3.75,6.6,44,6
1079,2,4.25,3.25,6.6,44,6
1079,3,3.75,3.25,6.6,44,6
1080,0,4.25,3.75,9.9,44,6
1080,1,3.75,3.75,9.9,44,6
1080,2,4.25,3.25,9.9,44,6
1080,3,3.75,3.25,9.9,44,6
1081,0,4.25,4.25,0,44,6
1081,1,3.75,4.25,0,44,6
1081,2,4.25,3.75,0,44,6
1081,3,3.75,3.75,0,44,6
1082,0,4.25,4.25,3.3,44,6
1082,1,3.75,4.25,3.3,44,6
1082,2,4.25,3.75,3.3,44,6
1082,3,3.75,3.75,3.3,44,6
1083,0,4.25,4.25,6.6,44,6
1083,1,3.75,4.25,6.6,44,6
1083,2,4.25,3.75,6.6,44,6
1083,3,3.75,3.75,6.6,44,6
1084,0,4.25,4.25,9.9,44,6
1084,1,3.75,4.25,9.9,44,6
1084,2,4.25,3.75,9.9,44,6
1084,3,3.75,3.75,9.9,44,6
1085,0,4.25,4.75,0,44,6
1085,1,3.75,4.75,0,44,6
1085,2,4.25,4.25,0,44,6
1085,3,3.75,4.25,0,44,6
1086,0,4.25,4.75,3.3,44,6
1086,1,3.75,4.75,3.3,44,6
1086,2,4.25,4.25,3.3,44,6
1086,3,3.75,4.25,3.3,44,6
1087,0,4.25,4.75,6.6,44,6
1087,1,3.75,4.75,6.6,44,6
1087,2,4.25,4.25,6.6,44,6
1087,3,3.75,4.25,6.6,44,6
1088,0,4.25,4.75,9.9,44,6
1088,1,3.75,4.75,9.9,44,6
1088,2,4.25,4.25,9.9,44,6
1088,3,3.75,4.25,9.9,44,6
1089,0,4.25,5.25,0,44,6
1089,1,3.75,5.25,0,44,6
1089,2,4.25,4.75,0,44,6
1089,3,3.75,4.75,0,44,6
1090,0,4.25,5.25,3.3,44,6
1090,1,3.75,5.25,3.3,44,6
1090,2,4.25,4.75,3.3,44,6
1090,3,3.75,4.75,3.3,44,6
1091,0,4.25,5.25,6.6,44,6
1091,1,3.75,5.25,6.6,44,6
1091,2,4.25,4.75,6.6,44,6
1091,3,3.75,4.75,6.6,44,6
1092,0,4.25,5.25,9.9,44,6
1092,1,3.75,5.25,9.9,44,6
1092,2,4.25,4.75,9.9,44,6
1092,3,3.75,4.75,9.9,44,6
1093,0,4.25,5.75,0,44,6
1093,1,3.75,5.75,0,44,6
1093,2,4.25,5.25,0,44,6
1093,3,3.75,5.25,0,44,6
1094,0,4.25,5.75,3.3,44,6
1094,1,3.75,5.75,3.3,44,6
1094,2,4.25,5.25,3.3,44,6
1094,3,3.75,5.25,3.3,44,6
1095,0,4.25,5.75,6.6,44,6
1095,1,3.75,5.75,6.6,44,6
1095,2,4.25,5.25,6.6,44,6
1095,3,3.75,5.25,6.6,44,6
1096,0,4.25,5.75,9.9,44,6
1096,1,3.75,5.75,9.9,44,6
1096,2,4.25,5.25,9.9,44,6
1096,3,3.75,5.25,9.9,44,6
1097,0,4.25,6.25,0,44,6
1097,1,3.75,6.25,0,44,6
1097,2,4.25,5.75,0,44,6
1097,3,3.75,5.75,0,44,6
1098,0,4.25,6.25,3.3,44,6
1098,1,3.75,6.25,3.3,44,6
1098,2,4.25,5.75,3.3,44,6
1098,3,3.75,5.75,3.3,44,6
1099,0,4.25,6.25,6.6,44,6
1099,1,3.75,6.25,6.6,44,6
1099,2,4.25,5.75,6.6,44,6
1099,3,3.75,5.75,6.6,44,6
1100,0,4.25,6.25,9.9,44,6
1100,1,3.75,6.25,9.9,44,6
1100,2,4.25,5.75,9.9,44,6
1100,3,3.75,5.75,9.9,44,6
1101,0,4.25,6.75,0,44,6
1101,1,3.75,6.75,0,44,6
1101,2,4.25,6.25,0,44,6
1101,3,3.75,6.25,0,44,6
1102,0,4.25,6.75,3.3,44,6
1102,1,3.75,6.75,3.3,44,6
1102,2,4.25,6.25,3.3,44,6
1102,3,3.75,6.25,3.3,44,6
1103,0,4.25,6.75,6.6,44,6
1103,1,3.75,6.75,6.6,44,6
1103,2,4.25,6.25,6.6,44,6
1103,3,3.75,6.25,6.6,44,6
1104,0,4.25,6.75,9.9,44,6
1104,1,3.75,6.75,9.9,44,6
1104,2,4.25,6.25,9.9,44,6
1104,3,3.75,6.25,9.9,44,6
1105,0,4.25,6.75,-3.3,44,4
1105,1,3.75,6.75,-3.3,44,4
1105,2,4.25,6.375,-3.3,44,4
1105,3,3.75,6.375,-3.3,44,4
1106,0,3.75,6.75,0,5,3
1106,1,4.25,6.75,0,5,3
1107,0,3.75,6.75,3.3,5,3
1107,1,4.25,6.75,3.3,5,3
1108,0,3.75,6.75,6.6,5,3
1108,1,4.25,6.75,6.6,5,3
1109,0,3.75,6.75,9.9,5,3
1109,1,4.25,6.75,9.9,5,3
1110,0,4.25,7.125,-3.3,44,4
1110,1,3.75,7.125,-3.3,44,4
1110,2,4.25,6.75,-3.3,44,4
1110,3,3.75,6.75,-3.3,44,4
1111,0,4.25,7.25,0,44,6
1111,1,3.75,7.25,0,44,6
1111,2,4.25,6.75,0,44,6
1111,3,3.75,6.75,0,44,6
1112,0,4.25,7.25,3.3,44,6
1112,1,3.75,7.25,3.3,44,6
1112,2,4.25,6.75,3.3,44,6
1112,3,3.75,6.75,3.3,44,6
1113,0,4.25,7.25,6.6,44,6
1113,1,3.75,7.25,6.6,44,6
1113,2,4.25,6.75,6.6,44,6
1113,3,3.75,6.75,6.6,44,6
1114,0,4.25,7.25,9.9,44,6
1114,1,3.75,7.25,9.9,44,6
1114,2,4.25,6.75,9.9,44,6
1114,3,3.75,6.75,9.9,44,6
1115,0,4.25,7.75,0,44,6
1115,1,3.75,7.75,0,44,6
1115,2,4.25,7.25,0,44,6
1115,3,3.75,7.25,0,44,6
1116,0,4.25,7.75,3.3,44,6
1116,1,3.75,7.75,3.3,44,6
1116,2,4.25,7.25,3.3,44,6
1116,3,3.75,7.25,3.3,44,6
1117,0,4.25,7.75,6.6,44,6
1117,1,3.75,7.75,6.6,44,6
1117,2,4.25,7.25,6.6,44,6
1117,3,3.75,7.25,6.6,44,6
1118,0,4.25,7.75,9.9,44,6
1118,1,3.75,7.75,9.9,44,6
1118,2,4.25,7.25,9.9,44,6
1118,3,3.75,7.25,9.9,44,6
1119,0,4.25,8.25,0,44,6
1119,1,3.75,8.25,0,44,6
1119,2,4.25,7.75,0,44,6
1119,3,3.75,7.75,0,44,6
1120,0,4.25,8.25,3.3,44,6
1120,1,3.75,8.25,3.3,44,6
1120,2,4.25,7.75,3.3,44,6
1120,3,3.75,7.75,3.3,44,6
1121,0,4.25,8.25,6.6,44,6
1121,1,3.75,8.25,6.6,44,6
1121,2,4.25,7.75,6.6,44,6
1121,3,3.75,7.75,6.6,44,6
1122,0,4.25,8.25,9.9,44,6
1122,1,3.75,8.25,9.9,44,6
1122,2,4.25,7.75,9.9,44,6
1122,3,3.75,7.75,9.9,44,6
1123,0,4.25,8.75,0,44,6
1123,1,3.75,8.75,0,44,6
1123,2,4.25,8.25,0,44,6
1123,3,3.75,8.25,0,44,6
1124,0,4.25,8.75,3.3,44,6
1124,1,3.75,8.75,3.3,44,6
1124,2,4.25,8.25,3.3,44,6
1124,3,3.75,8.25,3.3,44,6
1125,0,4.25,8.75,6.6,44,6
1125,1,3.75,8.75,6.6,44,6
1125,2,4.25,8.25,6.6,44,6
1125,3,3.75,8.25,6.6,44,6
1126,0,4.25,8.75,9.9,44,6
1126,1,3.75,8.75,9.9,44,6
1126,2,4.25,8.25,9.9,44,6
1126,3,3.75,8.25,9.9,44,6
1127,0,4.25,9.25,0,44,6
1127,1,3.75,9.25,0,44,6
1127,2,4.25,8.75,0,44,6
1127,3,3.75,8.75,0,44,6
1128,0,4.25,9.25,3.3,44,6
1128,1,3.75,9.25,3.3,44,6
1128,2,4.25,8.75,3.3,44,6
1128,3,3.75,8.75,3.3,44,6
1129,0,4.25,9.25,6.6,44,6
1129,1,3.75,9.25,6.6,44,6
1129,2,4.25,8.75,6.6,44,6
1129,3,3.75,8.75,6.6,44,6
1130,0,4.25,9.25,9.9,44,6
1130,1,3.75,9.25,9.9,44,6
1130,2,4.25,8.75,9.9,44,6
1130,3,3.75,8.75,9.9,44,6
1131,0,4.25,9.75,0,44,6
1131,1,3.75,9.75,0,44,6
1131,2,4.25,9.25,0,44,6
1131,3,3.75,9.25,0,44,6
1132,0,4.25,9.75,3.3,44,6
1132,1,3.75,9.75,3.3,44,6
1132,2,4.25,9.25,3.3,44,6
1132,3,3.75,9.25,3.3,44,6
1133,0,4.25,9.75,6.6,44,6
1133,1,3.75,9.75,6.6,44,6
1133,2,4.25,9.25,6.6,44,6
1133,3,3.75,9.25,6.6,44,6
1134,0,4.25,9.75,9.9,44,6
1134,1,3.75,9.75,9.9,44,6
1134,2,4.25,9.25,9.9,44,6
1134,3,3.75,9.25,9.9,44,6
1135,0,4.25,10.25,0,44,6
1135,1,3.75,10.25,0,44,6
1135,2,4.25,9.75,0,44,6
1135,3,3.75,9.75,0,44,6
1136,0,4.25,10.25,3.3,44,6
1136,1,3.75,10.25,3.3,44,6
1136,2,4.25,9.75,3.3,44,6
1136,3,3.75,9.75,3.3,44,6
1137,0,4.25,10.25,6.6,44,6
1137,1,3.75,10.25,6.6,44,6
1137,2,4.25,9.75,6.6,44,6
1137,3,3.75,9.75,6.6,44,6
1138,0,4.25,10.25,9.9,44,6
1138,1,3.75,10.25,9.9,44,6
1138,2,4.25,9.75,9.9,44,6
1138,3,3.75,9.75,9.9,44,6
1139,0,4.25,10.75,0,44,6
1139,1,3.75,10.75,0,44,6
1139,2,4.25,10.25,0,44,6
1139,3,3.75,10.25,0,44,6
1140,0,4.25,10.75,3.3,44,6
1140,1,3.75,10.75,3.3,44,6
1140,2,4.25,10.25,3.3,44,6
1140,3,3.75,10.25,3.3,44,6
1141,0,4.25,10.75,6.6,44,6
1141,1,3.75,10.75,6.6,44,6
1141,2,4.25,10.25,6.6,44,6
1141,3,3.75,10.25,6.6,44,6
1142,0,4.25,10.75,9.9,44,6
1142,1,3.75,10.75,9.9,44,6
1142,2,4.25,10.25,9.9,44,6
1142,3,3.75,10.25,9.9,44,6
1143,0,4.25,11.25,0,44,6
1143,1,3.75,11.25,0,44,6
1143,2,4.25,10.75,0,44,6
1143,3,3.75,10.75,0,44,6
1144,0,4.25,11.25,3.3,44,6
1144,1,3.75,11.25,3.3,44,6
1144,2,4.25,10.75,3.3,44,6
1144,3,3.75,10.75,3.3,44,6
1145,0,4.25,11.25,6.6,44,6
1145,1,3.75,11.25,6.6,44,6
1145,2,4.25,10.75,6.6,44,6
1145,3,3.75,10.75,6.6,44,6
1146,0,4.25,11.25,9.9,44,6
1146,1,3.75,11.25,9.9,44,6
1146,2,4.25,10.75,9.9,44,6
1146,3,3.75,10.75,9.9,44,6
1147,0,4.25,11.75,0,44,6
1147,1,3.75,11.75,0,44,6
1147,2,4.25,11.25,0,44,6
1147,3,3.75,11.25,0,44,6
1148,0,4.25,11.75,3.3,44,6
1148,1,3.75,11.75,3.3,44,6
1148,2,4.25,11.25,3.3,44,6
1148,3,3.75,11.25,3.3,44,6
1149,0,4.25,11.75,6.6,44,6
1149,1,3.75,11.75,6.6,44,6
1149,2,4.25,11.25,6.6,44,6
1149,3,3.75,11.25,6.6,44,6
1150,0,4.25,11.75,9.9,44,6
1150,1,3.75,11.75,9.9,44,6
1150,2,4.25,11.25,9.9,44,6
1150,3,3.75,11.25,9.9,44,6
1151,0,4.25,12.25,0,44,6
1151,1,3.75,12.25,0,44,6
1151,2,4.25,11.75,0,44,6
1151,3,3.75,11.75,0,44,6
1152,0,4.25,12.25,3.3,44,6
1152,1,3.75,12.25,3.3,44,6
1152,2,4.25,11.75,3.3,44,6
1152,3,3.75,11.75,3.3,44,6
1153,0,4.25,12.25,6.6,44,6
1153,1,3.75,12.25,6.6,44,6
1153,2,4.25,11.75,6.6,44,6
1153,3,3.75,11.75,6.6,44,6
1154,0,4.25,12.25,9.9,44,6
1154,1,3.75,12.25,9.9,44,6
1154,2,4.25,11.75,9.9,44,6
1154,3,3.75,11.75,9.9,44,6
1155,0,4.25,12.75,0,44,6
1155,1,3.75,12.75,0,44,6
1155,2,4.25,12.25,0,44,6
1155,3,3.75,12.25,0,44,6
1156,0,4.25,12.75,3.3,44,6
1156,1,3.75,12.75,3.3,44,6
1156,2,4.25,12.25,3.3,44,6
1156,3,3.75,12.25,3.3,44,6
1157,0,4.25,12.75,6.6,44,6
1157,1,3.75,12.75,6.6,44,6
1157,2,4.25,12.25,6.6,44,6
1157,3,3.75,12.25,6.6,44,6
1158,0,4.25,12.75,9.9,44,6
1158,1,3.75,12.75,9.9,44,6
1158,2,4.25,12.25,9.9,44,6
1158,3,3.75,12.25,9.9,44,6
1159,0,4.25,12.75,-3.3,44,4
1159,1,3.75,12.75,-3.3,44,4
1159,2,4.25,12.375,-3.3,44,4
1159,3,3.75,12.375,-3.3,44,4
1160,0,4.25,12.75,-2.75,44,7
1160,1,4.25,12.75,-3.3,44,7
1160,2,3.75,12.75,-2.75,44,7
1160,3,3.75,12.75,-3.3,44,7
1161,0,4.25,12.75,-2.2,44,7
1161,1,4.25,12.75,-2.75,44,7
1161,2,3.75,12.75,-2.2,44,7
1161,3,3.75,12.75,-2.75,44,7
1162,0,4.25,12.75,-1.65,44,7
1162,1,4.25,12.75,-2.2,44,7
1162,2,3.75,12.75,-1.65,44,7
1162,3,3.75,12.75,-2.2,44,7
1163,0,4.25,12.75,-1.1,44,7
1163,1,4.25,12.75,-1.65,44,7
1163,2,3.75,12.75,-1.1,44,7
1163,3,3.75,12.75,-1.65,44,7
1164,0,4.25,12.75,-0.55,44,7
1164,1,4.25,12.75,-1.1,44,7
1164,2,3.75,12.75,-0.55,44,7
1164,3,3.75,12.75,-1.1,44,7
1165,0,4.25,12.75,0,44,7
1165,1,4.25,12.75,-0.55,44,7
1165,2,3.75,12.75,0,44,7
1165,3,3.75,12.75,-0.55,44,7
1166,0,3.75,12.75,0,5,3
1166,1,4.25,12.75,0,5,3
1167,0,3.75,12.75,3.3,5,3
1167,1,4.25,12.75,3.3,5,3
1168,0,3.75,12.75,6.6,5,3
1168,1,4.25,12.75,6.6,5,3
1169,0,3.75,12.75,9.9,5,3
1169,1,4.25,12.75,9.9,5,3
1170,0,4.25,13.125,-3.3,44,4
1170,1,3.75,13.125,-3.3,44,4
1170,2,4.25,12.75,-3.3,44,4
1170,3,3.75,12.75,-3.3,44,4
1171,0,4.75,0.75,-3.3,44,4
1171,1,4.25,0.75,-3.3,44,4
1171,2,4.75,0.375,-3.3,44,4
1171,3,4.25,0.375,-3.3,44,4
1172,0,4.75,0.75,-2.75,44,7
1172,1,4.75,0.75,-3.3,44,7
1172,2,4.25,0.75,-2.75,44,7
1172,3,4.25,0.75,-3.3,44,7
1173,0,4.75,0.75,-2.2,44,7
1173,1,4.75,0.75,-2.75,44,7
1173,2,4.25,0.75,-2.2,44,7
1173,3,4.25,0.75,-2.75,44,7
1174,0,4.75,0.75,-1.65,44,7
1174,1,4.75,0.75,-2.2,44,7
1174,2,4.25,0.75,-1.65,44,7
1174,3,4.25,0.75,-2.2,44,7
1175,0,4.75,0.75,-1.1,44,7
1175,1,4.75,0.75,-1.65,44,7
1175,2,4.25,0.75,-1.1,44,7
1175,3,4.25,0.75,-1.65,44,7
1176,0,4.75,0.75,-0.55,44,7
1176,1,4.75,0.75,-1.1,44,7
1176,2,4.25,0.75,-0.55,44,7
1176,3,4.25,0.75,-1.1,44,7
1177,0,4.75,0.75,0,44,7
1177,1,4.75,0.75,-0.55,44,7
1177,2,4.25,0.75,0,44,7
1177,3,4.25,0.75,-0.55,44,7
1178,0,4.25,0.75,0,5,3
1178,1,4.75,0.75,0,5,3
1179,0,4.25,0.75,3.3,5,3
1179,1,4.75,0.75,3.3,5,3
1180,0,4.25,0.75,6.6,5,3
1180,1,4.75,0.75,6.6,5,3
1181,0,4.25,0.75,9.9,5,3
1181,1,4.75,0.75,9.9,5,3
1182,0,4.75,1.125,-3.3,44,4
1182,1,4.25,1.125,-3.3,44,4
1182,2,4.75,0.75,-3.3,44,4
1182,3,4.25,0.75,-3.3,44,4
1183,0,4.75,1.25,0,44,6
1183,1,4.25,1.25,0,44,6
1183,2,4.75,0.75,0,44,6
1183,3,4.25,0.75,0,44,6
1184,0,4.75,1.25,3.3,44,6
1184,1,4.25,1.25,3.3,44,6
1184,2,4.75,0.75,3.3,44,6
1184,3,4.25,0.75,3.3,44,6
1185,0,4.75,1.25,6.6,44,6
1185,1,4.25,1.25,6.6,44,6
1185,2,4.75,0.75,6.6,44,6
1185,3,4.25,0.75,6.6,44,6
1186,0,4.75,1.25,9.9,44,6
1186,1,4.25,1.25,9.9,44,6
1186,2,4.75,0.75,9.9,44,6
1186,3,4.25,0.75,9.9,44,6
1187,0,4.75,1.75,0,44,6
1187,1,4.25,1.75,0,44,6
1187,2,4.75,1.25,0,44,6
1187,3,4.25,1.25,0,44,6
1188,0,4.75,1.75,3.3,44,6
1188,1,4.25,1.75,3.3,44,6
1188,2,4.75,1.25,3.3,44,6
1188,3,4.25,1.25,3.3,44,6
1189,0,4.75,1.75,6.6,44,6
1189,1,4.25,1.75,6.6,44,6
1189,2,4.75,1.25,6.6,44,6
1189,3,4.25,1.25,6.6,44,6
1190,0,4.75,1.75,9.9,44,6
1190,1,4.25,1.75,9.9,44,6
1190,2,4.75,1.25,9.9,44,6
1190,3,4.25,1.25,9.9,44,6
1191,0,4.75,2.25,0,44,6
1191,1,4.25,2.25,0,44,6
1191,2,4.75,1.75,0,44,6
1191,3,4.25,1.75,0,44,6
1192,0,4.75,2.25,3.3,44,6
1192,1,4.25,2.25,3.3,44,6
1192,2,4.75,1.75,3.3,44,6
1192,3,4.25,1.75,3.3,44,6
1193,0,4.75,2.25,6.6,44,6
1193,1,4.25,2.25,6.6,44,6
1193,2,4.75,1.75,6.6,44,6
1193,3,4.25,1.75,6.6,44,6
1194,0,4.75,2.25,9.9,44,6
1194,1,4.25,2.25,9.9,44,6
1194,2,4.75,1.75,9.9,44,6
1194,3,4.25,1.75,9.9,44,6
1195,0,4.75,2.75,0,44,6
1195,1,4.25,2.75,0,44,6
1195,2,4.75,2.25,0,44,6
1195,3,4.25,2.25,0,44,6
1196,0,4.75,2.75,3.3,44,6
1196,1,4.25,2.75,3.3,44,6
1196,2,4.75,2.25,3.3,44,6
1196,3,4.25,2.25,3.3,44,6
1197,0,4.75,2.75,6.6,44,6
1197,1,4.25,2.75,6.6,44,6
1197,2,4.75,2.25,6.6,44,6
1197,3,4.25,2.25,6.6,44,6
1198,0,4.75,2.75,9.9,44,6
1198,1,4.25,2.75,9.9,44,6
1198,2,4.75,2.25,9.9,44,6
1198,3,4.25,2.25,9.9,44,6
1199,0,4.75,3.25,0,44,6
1199,1,4.25,3.25,0,44,6
1199,2,4.75,2.75,0,44,6
1199,3,4.25,2.75,0,44,6
1200,0,4.75,3.25,3.3,44,6
1200,1,4.25,3.25,3.3,44,6
1200,2,4.75,2.75,3.3,44,6
1200,3,4.25,2.75,3.3,44,6
1201,0,4.75,3.25,6.6,44,6
1201,1,4.25,3.25,6.6,44,6
1201,2,4.75,2.75,6.6,44,6
1201,3,4.25,2.75,6.6,44,6
1202,0,4.75,3.25,9.9,44,6
1202,1,4.25,3.25,9.9,44,6
1202,2,4.75,2.75,9.9,44,6
1202,3,4.25,2.75,9.9,44,6
1203,0,4.75,3.75,0,44,6
1203,1,4.25,3.75,0,44,6
1203,2,4.75,3.25,0,44,6
1203,3,4.25,3.25,0,44,6
1204,0,4.75,3.75,3.3,44,6
1204,1,4.25,3.75,3.3,44,6
1204,2,4.75,3.25,3.3,44,6
1204,3,4.25,3.25,3.3,44,6
1205,0,4.75,3.75,6.6,44,6
1205,1,4.25,3.75,6.6,44,6
1205,2,4.75,3.25,6.6,44,6
1205,3,4.25,3.25,6.6,44,6
1206,0,4.75,3.75,9.9,44,6
1206,1,4.25,3.75,9.9,44,6
1206,2,4.75,3.25,9.9,44,6
1206,3,4.25,3.25,9.9,44,6
1207,0,4.75,4.25,0,44,6
1207,1,4.25,4.25,0,44,6
1207,2,4.75,3.75,0,44,6
1207,3,4.25,3.75,0,44,6
1208,0,4.75,4.25,3.3,44,6
1208,1,4.25,4.25,3.3,44,6
1208,2,4.75,3.75,3.3,44,6
1208,3,4.25,3.75,3.3,44,6
1209,0,4.75,4.25,6.6,44,6
1209,1,4.25,4.25,6.6,44,6
1209,2,4.75,3.75,6.6,44,6
1209,3,4.25,3.75,6.6,44,6
1210,0,4.75,4.25,9.9,44,6
1210,1,4.25,4.25,9.9,44,6
1210,2,4.75,3.75,9.9,44,6
1210,3,4.25,3.75,9.9,44,6
1211,0,4.75,4.75,0,44,6
1211,1,4.25,4.75,0,44,6
1211,2,4.75,4.25,0,44,6
1211,3,4.25,4.25,0,44,6
1212,0,4.75,4.75,3.3,44,6
1212,1,4.25,4.75,3.3,44,6
1212,2,4.75,4.25,3.3,44,6
1212,3,4.25,4.25,3.3,44,6
1213,0,4.75,4.75,6.6,44,6
1213,1,4.25,4.75,6.6,44,6
1213,2,4.75,4.25,6.6,44,6
1213,3,4.25,4.25,6.6,44,6
1214,0,4.75,4.75,9.9,44,6
1214,1,4.25,4.75,9.9,44,6
1214,2,4.75,4.25,9.9,44,6
1214,3,4.25,4.25,9.9,44,6
1215,0,4.75,5.25,0,44,6
1215,1,4.25,5.25,0,44,6
1215,2,4.75,4.75,0,44,6
1215,3,4.25,4.75,0,44,6
1216,0,4.75,5.25,3.3,44,6
1216,1,4.25,5.25,3.3,44,6
1216,2,4.75,4.75,3.3,44,6
1216,3,4.25,4.75,3.3,44,6
1217,0,4.75,5.25,6.6,44,6
1217,1,4.25,5.25,6.6,44,6
1217,2,4.75,4.75,6.6,44,6
1217,3,4.25,4.75,6.6,44,6
1218,0,4.75,5.25,9.9,44,6
1218,1,4.25,5.25,9.9,44,6
1218,2,4.75,4.75,9.9,44,6
1218,3,4.25,4.75,9.9,44,6
1219,0,4.75,5.75,0,44,6
1219,1,4.25,5.75,0,44,6
1219,2,4.75,5.25,0,44,6
1219,3,4.25,5.25,0,44,6
1220,0,4.75,5.75,3.3,44,6
1220,1,4.25,5.75,3.3,44,6
1220,2,4.75,5.25,3.3,44,6
1220,3,4.25,5.25,3.3,44,6
1221,0,4.75,5.75,6.6,44,6
1221,1,4.25,5.75,6.6,44,6
1221,2,4.75,5.25,6.6,44,6
1221,3,4.25,5.25,6.6,44,6
1222,0,4.75,5.75,9.9,44,6
1222,1,4.25,5.75,9.9,44,6
1222,2,4.75,5.25,9.9,44,6
1222,3,4.25,5.25,9.9,44,6
1223,0,4.75,6.25,0,44,6
1223,1,4.25,6.25,0,44,6
1223,2,4.75,5.75,0,44,6
1223,3,4.25,5.75,0,44,6
1224,0,4.75,6.25,3.3,44,6
1224,1,4.25,6.25,3.3,44,6
1224,2,4.75,5.75,3.3,44,6
1224,3,4.25,5.75,3.3,44,6
1225,0,4.75,6.25,6.6,44,6
1225,1,4.25,6.25,6.6,44,6
1225,2,4.75,5.75,6.6,44,6
1225,3,4.25,5.75,6.6,44,6
1226,0,4.75,6.25,9.9,44,6
1226,1,4.25,6.25,9.9,44,6
1226,2,4.75,5.75,9.9,44,6
1226,3,4.25,5.75,9.9,44,6
1227,0,4.75,6.75,0,44,6
1227,1,4.25,6.75,0,44,6
1227,2,4.75,6.25,0,44,6
1227,3,4.25,6.25,0,44,6
1228,0,4.75,6.75,3.3,44,6
1228,1,4.25,6.75,3.3,44,6
1228,2,4.75,6.25,3.3,44,6
1228,3,4.25,6.25,3.3,44,6
1229,0,4.75,6.75,6.6,44,6
1229,1,4.25,6.75,6.6,44,6
1229,2,4.75,6.25,6.6,44,6
1229,3,4.25,6.25,6.6,44,6
1230,0,4.75,6.75,9.9,44,6
1230,1,4.25,6.75,9.9,44,6
1230,2,4.75,6.25,9.9,44,6
1230,3,4.25,6.25,9.9,44,6
1231,0,4.75,6.75,-3.3,44,4
1231,1,4.25,6.75,-3.3,44,4
1231,2,4.75,6.375,-3.3,44,4
1231,3,4.25,6.375,-3.3,44,4
1232,0,4.25,6.75,0,5,3
1232,1,4.75,6.75,0,5,3
1233,0,4.25,6.75,3.3,5,3
1233,1,4.75,6.75,3.3,5,3
1234,0,4.25,6.75,6.6,5,3
1234,1,4.75,6.75,6.6,5,3
1235,0,4.25,6.75,9.9,5,3
1235,1,4.75,6.75,9.9,5,3
1236,0,4.75,7.125,-3.3,44,4
1236,1,4.25,7.125,-3.3,44,4
1236,2,4.75,6.75,-3.3,44,4
1236,3,4.25,6.75,-3.3,44,4
1237,0,4.75,7.25,0,44,6
1237,1,4.25,7.25,0,44,6
1237,2,4.75,6.75,0,44,6
1237,3,4.25,6.75,0,44,6
1238,0,4.75,7.25,3.3,44,6
1238,1,4.25,7.25,3.3,44,6
1238,2,4.75,6.75,3.3,44,6
1238,3,4.25,6.75,3.3,44,6
1239,0,4.75,7.25,6.6,44,6
1239,1,4.25,7.25,6.6,44,6
1239,2,4.75,6.75,6.6,44,6
1239,3,4.25,6.75,6.6,44,6
1240,0,4.75,7.25,9.9,44,6
1240,1,4.25,7.25,9.9,44,6
1240,2,4.75,6.75,9.9,44,6
1240,3,4.25,6.75,9.9,44,6
1241,0,4.75,7.75,0,44,6
1241,1,4.25,7.75,0,44,6
1241,2,4.75,7.25,0,44,6
1241,3,4.25,7.25,0,44,6
1242,0,4.75,7.75,3.3,44,6
1242,1,4.25,7.75,3.3,44,6
1242,2,4.75,7.25,3.3,44,6
1242,3,4.25,7.25,3.3,44,6
1243,0,4.75,7.75,6.6,44,6
1243,1,4.25,7.75,6.6,44,6
1243,2,4.75,7.25,6.6,44,6
1243,3,4.25,7.25,6.6,44,6
1244,0,4.75,7.75,9.9,44,6
1244,1,4.25,7.75,9.9,44,6
1244,2,4.75,7.25,9.9,44,6
1244,3,4.25,7.25,9.9,44,6
1245,0,4.75,8.25,0,44,6
1245,1,4.25,8.25,0,44,6
1245,2,4.75,7.75,0,44,6
1245,3,4.25,7.75,0,44,6
1246,0,4.75,8.25,3.3,44,6
1246,1,4.25,8.25,3.3,44,6
1246,2,4.75,7.75,3.3,44,6
1246,3,4.25,7.75,3.3,44,6
1247,0,4.75,8.25,6.6,44,6
1247,1,4.25,8.25,6.6,44,6
1247,2,4.75,7.75,6.6,44,6
1247,3,4.25,7.75,6.6,44,6
1248,0,4.75,8.25,9.9,44,6
1248,1,4.25,8.25,9.9,44,6
1248,2,4.75,7.75,9.9,44,6
1248,3,4.25,7.75,9.9,44,6
1249,0,4.75,8.75,0,44,6
1249,1,4.25,8.75,0,44,6
1249,2,4.75,8.25,0,44,6
1249,3,4.25,8.25,0,44,6
1250,0,4.75,8.75,3.3,44,6
1250,1,4.25,8.75,3.3,44,6
1250,2,4.75,8.25,3.3,44,6
1250,3,4.25,8.25,3.3,44,6
1251,0,4.75,8.75,6.6,44,6
1251,1,4.25,8.75,6.6,44,6
1251,2,4.75,8.25,6.6,44,6
1251,3,4.25,8.25,6.6,44,6
1252,0,4.75,8.75,9.9,44,6
1252,1,4.25,8.75,9.9,44,6
1252,2,4.75,8.25,9.9,44,6
1252,3,4.25,8.25,9.9,44,6
1253,0,4.75,9.25,0,44,6
1253,1,4.25,9.25,0,44,6
1253,2,4.75,8.75,0,44,6
1253,3,4.25,8.75,0,44,6
1254,0,4.75,9.25,3.3,44,6
1254,1,4.25,9.25,3.3,44,6
1254,2,4.75,8.75,3.3,44,6
1254,3,4.25,8.75,3.3,44,6
1255,0,4.75,9.25,6.6,44,6
1255,1,4.25,9.25,6.6,44,6
1255,2,4.75,8.75,6.6,44,6
1255,3,4.25,8.75,6.6,44,6
1256,0,4.75,9.25,9.9,44,6
1256,1,4.25,9.25,9.9,44,6
1256,2,4.75,8.75,9.9,44,6
1256,3,4.25,8.75,9.9,44,6
1257,0,4.75,9.75,0,44,6
1257,1,4.25,9.75,0,44,6
1257,2,4.75,9.25,0,44,6
1257,3,4.25,9.25,0,44,6
1258,0,4.75,9.75,3.3,44,6
1258,1,4.25,9.75,3.3,44,6
1258,2,4.75,9.25,3.3,44,6
1258,3,4.25,9.25,3.3,44,6
1259,0,4.75,9.75,6.6,44,6
1259,1,4.25,9.75,6.6,44,6
1259,2,4.75,9.25,6.6,44,6
1259,3,4.25,9.25,6.6,44,6
1260,0,4.75,9.75,9.9,44,6
1260,1,4.25,9.75,9.9,44,6
1260,2,4.75,9.25,9.9,44,6
1260,3,4.25,9.25,9.9,44,6
1261,0,4.75,10.25,0,44,6
1261,1,4.25,10.25,0,44,6
1261,2,4.75,9.75,0,44,6
1261,3,4.25,9.75,0,44,6
1262,0,4.75,10.25,3.3,44,6
1262,1,4.25,10.25,3.3,44,6
1262,2,4.75,9.75,3.3,44,6
1262,3,4.25,9.75,3.3,44,6
1263,0,4.75,10.25,6.6,44,6
1263,1,4.25,10.25,6.6,44,6
1263,2,4.75,9.75,6.6,44,6
1263,3,4.25,9.75,6.6,44,6
1264,0,4.75,10.25,9.9,44,6
1264,1,4.25,10.25,9.9,44,6
1264,2,4.75,9.75,9.9,44,6
1264,3,4.25,9.75,9.9,44,6
1265,0,4.75,10.75,0,44,6
1265,1,4.25,10.75,0,44,6
1265,2,4.75,10.25,0,44,6
1265,3,4.25,10.25,0,44,6
1266,0,4.75,10.75,3.3,44,6
1266,1,4.25,10.75,3.3,44,6
1266,2,4.75,10.25,3.3,44,6
1266,3,4.25,10.25,3.3,44,6
1267,0,4.75,10.75,6.6,44,6
1267,1,4.25,10.75,6.6,44,6
1267,2,4.75,10.25,6.6,44,6
1267,3,4.25,10.25,6.6,44,6
1268,0,4.75,10.75,9.9,44,6
1268,1,4.25,10.75,9.9,44,6
1268,2,4.75,10.25,9.9,44,6
1268,3,4.25,10.25,9.9,44,6
1269,0,4.75,11.25,0,44,6
1269,1,4.25,11.25,0,44,6
1269,2,4.75,10.75,0,44,6
1269,3,4.25,10.75,0,44,6
1270,0,4.75,11.25,3.3,44,6
1270,1,4.25,11.25,3.3,44,6
1270,2,4.75,10.75,3.3,44,6
1270,3,4.25,10.75,3.3,44,6
1271,0,4.75,11.25,6.6,44,6
1271,1,4.25,11.25,6.6,44,6
1271,2,4.75,10.75,6.6,44,6
1271,3,4.25,10.75,6.6,44,6
1272,0,4.75,11.25,9.9,44,6
1272,1,4.25,11.25,9.9,44,6
1272,2,4.75,10.75,9.9,44,6
1272,3,4.25,10.75,9.9,44,6
1273,0,4.75,11.75,0,44,6
1273,1,4.25,11.75,0,44,6
1273,2,4.75,11.25,0,44,6
1273,3,4.25,11.25,0,44,6
1274,0,4.75,11.75,3.3,44,6
1274,1,4.25,11.75,3.3,44,6
1274,2,4.75,11.25,3.3,44,6
1274,3,4.25,11.25,3.3,44,6
1275,0,4.75,11.75,6.6,44,6
1275,1,4.25,11.75,6.6,44,6
1275,2,4.75,11.25,6.6,44,6
1275,3,4.25,11.25,6.6,44,6
1276,0,4.75,11.75,9.9,44,6
1276,1,4.25,11.75,9.9,44,6
1276,2,4.75,11.25,9.9,44,6
1276,3,4.25,11.25,9.9,44,6
1277,0,4.75,12.25,0,44,6
1277,1,4.25,12.25,0,44,6
1277,2,4.75,11.75,0,44,6
1277,3,4.25,11.75,0,44,6
1278,0,4.75,12.25,3.3,44,6
1278,1,4.25,12.25,3.3,44,6
1278,2,4.75,11.75,3.3,44,6
1278,3,4.25,11.75,3.3,44,6
1279,0,4.75,12.25,6.6,44,6
1279,1,4.25,12.25,6.6,44,6
1279,2,4.75,11.75,6.6,44,6
1279,3,4.25,11.75,6.6,44,6
1280,0,4.75,12.25,9.9,44,6
1280,1,4.25,12.25,9.9,44,6
1280,2,4.75,11.75,9.9,44,6
1280,3,4.25,11.75,9.9,44,6
1281,0,4.75,12.75,0,44,6
1281,1,4.25,12.75,0,44,6
1281,2,4.75,12.25,0,44,6
1281,3,4.25,12.25,0,44,6
1282,0,4.75,12.75,3.3,44,6
1282,1,4.25,12.75,3.3,44,6
1282,2,4.75,12.25,3.3,44,6
1282,3,4.25,12.25,3.3,44,6
1283,0,4.75,12.75,6.6,44,6
1283,1,4.25,12.75,6.6,44,6
1283,2,4.75,12.25,6.6,44,6
1283,3,4.25,12.25,6.6,44,6
1284,0,4.75,12.75,9.9,44,6
1284,1,4.25,12.75,9.9,44,6
1284,2,4.75,12.25,9.9,44,6
1284,3,4.25,12.25,9.9,44,6
1285,0,4.75,12.75,-3.3,44,4
1285,1,4.25,12.75,-3.3,44,4
1285,2,4.75,12.375,-3.3,44,4
1285,3,4.25,12.375,-3.3,44,4
1286,0,4.75,12.75,-2.75,44,7
1286,1,4.75,12.75,-3.3,44,7
1286,2,4.25,12.75,-2.75,44,7
1286,3,4.25,12.75,-3.3,44,7
1287,0,4.75,12.75,-2.2,44,7
1287,1,4.75,12.75,-2.75,44,7
1287,2,4.25,12.75,-2.2,44,7
1287,3,4.25,12.75,-2.75,44,7
1288,0,4.75,12.75,-1.65,44,7
1288,1,4.75,12.75,-2.2,44,7
1288,2,4.25,12.75,-1.65,44,7
1288,3,4.25,12.75,-2.2,44,7
1289,0,4.75,12.75,-1.1,44,7
1289,1,4.75,12.75,-1.65,44,7
1289,2,4.25,12.75,-1.1,44,7
1289,3,4.25,12.75,-1.65,44,7
1290,0,4.75,12.75,-0.55,44,7
1290,1,4.75,12.75,-1.1,44,7
1290,2,4.25,12.75,-0.55,44,7
1290,3,4.25,12.75,-1.1,44,7
1291,0,4.75,12.75,0,44,7
1291,1,4.75,12.75,-0.55,44,7
1291,2,4.25,12.75,0,44,7
1291,3,4.25,12.75,-0.55,44,7
1292,0,4.25,12.75,0,5,3
1292,1,4.75,12.75,0,5,3
1293,0,4.25,12.75,3.3,5,3
1293,1,4.75,12.75,3.3,5,3
1294,0,4.25,12.75,6.6,5,3
1294,1,4.75,12.75,6.6,5,3
1295,0,4.25,12.75,9.9,5,3
1295,1,4.75,12.75,9.9,5,3
1296,0,4.75,13.125,-3.3,44,4
1296,1,4.25,13.125,-3.3,44,4
1296,2,4.75,12.75,-3.3,44,4
1296,3,4.25,12.75,-3.3,44,4
1297,0,5.25,0.75,-3.3,44,4
1297,1,4.75,0.75,-3.3,44,4
1297,2,5.25,0.375,-3.3,44,4
1297,3,4.75,0.375,-3.3,44,4
1298,0,5.25,0.75,-2.75,44,7
1298,1,5.25,0.75,-3.3,44,7
1298,2,4.75,0.75,-2.75,44,7
1298,3,4.75,0.75,-3.3,44,7
1299,0,5.25,0.75,-2.2,44,7
1299,1,5.25,0.75,-2.75,44,7
1299,2,4.75,0.75,-2.2,44,7
1299,3,4.75,0.75,-2.75,44,7
1300,0,5.25,0.75,-1.65,44,7
1300,1,5.25,0.75,-2.2,44,7
1300,2,4.75,0.75,-1.65,44,7
1300,3,4.75,0.75,-2.2,44,7
1301,0,5.25,0.75,-1.1,44,7
1301,1,5.25,0.75,-1.65,44,7
1301,2,4.75,0.75,-1.1,44,7
1301,3,4.75,0.75,-1.65,44,7
1302,0,5.25,0.75,-0.55,44,7
1302,1,5.25,0.75,-1.1,44,7
1302,2,4.75,0.75,-0.55,44,7
1302,3,4.75,0.75,-1.1,44,7
1303,0,5.25,0.75,0,44,7
1303,1,5.25,0.75,-0.55,44,7
1303,2,4.75,0.75,0,44,7
1303,3,4.75,0.75,-0.55,44,7
1304,0,4.75,0.75,0,5,3
1304,1,5.25,0.75,0,5,3
1305,0,4.75,0.75,3.3,5,3
1305,1,5.25,0.75,3.3,5,3
1306,0,4.75,0.75,6.6,5,3
1306,1,5.25,0.75,6.6,5,3
1307,0,4.75,0.75,9.9,5,3
1307,1,5.25,0.75,9.9,5,3
1308,0,5.25,1.25,-3.3,44,4
1308,1,4.75,1.125,-3.3,44,4
1308,2,5.25,0.75,-3.3,44,4
1308,3,4.75,0.75,-3.3,44,4
1309,0,5.25,1.25,0,44,6
1309,1,4.75,1.25,0,44,6
1309,2,5.25,0.75,0,44,6
1309,3,4.75,0.75,0,44,6
1310,0,5.25,1.25,3.3,44,6
1310,1,4.75,1.25,3.3,44,6
1310,2,5.25,0.75,3.3,44,6
1310,3,4.75,0.75,3.3,44,6
1311,0,5.25,1.25,6.6,44,6
1311,1,4.75,1.25,6.6,44,6
1311,2,5.25,0.75,6.6,44,6
1311,3,4.75,0.75,6.6,44,6
1312,0,5.25,1.25,9.9,44,6
1312,1,4.75,1.25,9.9,44,6
1312,2,5.25,0.75,9.9,44,6
1312,3,4.75,0.75,9.9,44,6
1313,0,5.25,1.75,0,44,6
1313,1,4.75,1.75,0,44,6
1313,2,5.25,1.25,0,44,6
1313,3,4.75,1.25,0,44,6
1314,0,5.25,1.75,3.3,44,6
1314,1,4.75,1.75,3.3,44,6
1314,2,5.25,1.25,3.3,44,6
1314,3,4.75,1.25,3.3,44,6
1315,0,5.25,1.75,6.6,44,6
1315,1,4.75,1.75,6.6,44,6
1315,2,5.25,1.25,6.6,44,6
1315,3,4.75,1.25,6.6,44,6
1316,0,5.25,1.75,9.9,44,6
1316,1,4.75,1.75,9.9,44,6
1316,2,5.25,1.25,9.9,44,6
1316,3,4.75,1.25,9.9,44,6
1317,0,5.25,2.25,0,44,6
1317,1,4.75,2.25,0,44,6
1317,2,5.25,1.75,0,44,6
1317,3,4.75,1.75,0,44,6
1318,0,5.25,2.25,3.3,44,6
1318,1,4.75,2.25,3.3,44,6
1318,2,5.25,1.75,3.3,44,6
1318,3,4.75,1.75,3.3,44,6
1319,0,5.25,2.25,6.6,44,6
1319,1,4.75,2.25,6.6,44,6
1319,2,5.25,1.75,6.6,44,6
1319,3,4.75,1.75,6.6,44,6
1320,0,5.25,2.25,9.9,44,6
1320,1,4.75,2.25,9.9,44,6
1320,2,5.25,1.75,9.9,44,6
1320,3,4.75,1.75,9.9,44,6
1321,0,5.25,2.75,0,44,6
1321,1,4.75,2.75,0,44,6
1321,2,5.25,2.25,0,44,6
1321,3,4.75,2.25,0,44,6
1322,0,5.25,2.75,3.3,44,6
1322,1,4.75,2.75,3.3,44,6
1322,2,5.25,2.25,3.3,44,6
1322,3,4.75,2.25,3.3,44,6
1323,0,5.25,2.75,6.6,44,6
1323,1,4.75,2.75,6.6,44,6
1323,2,5.25,2.25,6.6,44,6
1323,3,4.75,2.25,6.6,44,6
1324,0,5.25,2.75,9.9,44,6
1324,1,4.75,2.75,9.9,44,6
1324,2,5.25,2.25,9.9,44,6
1324,3,4.75,2.25,9.9,44,6
1325,0,5.25,3.25,0,44,6
1325,1,4.75,3.25,0,44,6
1325,2,5.25,2.75,0,44,6
1325,3,4.75,2.75,0,44,6
1326,0,5.25,3.25,3.3,44,6
1326,1,4.75,3.25,3.3,44,6
1326,2,5.25,2.75,3.3,44,6
1326,3,4.75,2.75,3.3,44,6
1327,0,5.25,3.25,6.6,44,6
1327,1,4.75,3.25,6.6,44,6
1327,2,5.25,2.75,6.6,44,6
1327,3,4.75,2.75,6.6,44,6
1328,0,5.25,3.25,9.9,44,6
1328,1,4.75,3.25,9.9,44,6
1328,2,5.25,2.75,9.9,44,6
1328,3,4.75,2.75,9.9,44,6
1329,0,5.25,3.75,0,44,6
1329,1,4.75,3.75,0,44,6
1329,2,5.25,3.25,0,44,6
1329,3,4.75,3.25,0,44,6
1330,0,5.25,3.75,3.3,44,6
1330,1,4.75,3.75,3.3,44,6
1330,2,5.25,3.25,3.3,44,6
1330,3,4.75,3.25,3.3,44,6
1331,0,5.25,3.75,6.6,44,6
1331,1,4.75,3.75,6.6,44,6
1331,2,5.25,3.25,6.6,44,6
1331,3,4.75,3.25,6.6,44,6
1332,0,5.25,3.75,9.9,44,6
1332,1,4.75,3.75,9.9,44,6
1332,2,5.25,3.25,9.9,44,6
1332,3,4.75,3.25,9.9,44,6
1333,0,5.25,4.25,0,44,6
1333,1,4.75,4.25,0,44,6
1333,2,5.25,3.75,0,44,6
1333,3,4.75,3.75,0,44,6
1334,0,5.25,4.25,3.3,44,6
1334,1,4.75,4.25,3.3,44,6
1334,2,5.25,3.75,3.3,44,6
1334,3,4.75,3.75,3.3,44,6
1335,0,5.25,4.25,6.6,44,6
1335,1,4.75,4.25,6.6,44,6
1335,2,5.25,3.75,6.6,44,6
1335,3,4.75,3.75,6.6,44,6
1336,0,5.25,4.25,9.9,44,6
1336,1,4.75,4.25,9.9,44,6
1336,2,5.25,3.75,9.9,44,6
1336,3,4.75,3.75,9.9,44,6
1337,0,5.25,4.75,0,44,6
1337,1,4.75,4.75,0,44,6
1337,2,5.25,4.25,0,44,6
1337,3,4.75,4.25,0,44,6
1338,0,5.25,4.75,3.3,44,6
1338,1,4.75,4.75,3.3,44,6
1338,2,5.25,4.25,3.3,44,6
1338,3,4.75,4.25,3.3,44,6
1339,0,5.25,4.75,6.6,44,6
1339,1,4.75,4.75,6.6,44,6
1339,2,5.25,4.25,6.6,44,6
1339,3,4.75,4.25,6.6,44,6
1340,0,5.25,4.75,9.9,44,6
1340,1,4.75,4.75,9.9,44,6
1340,2,5.25,4.25,9.9,44,6
1340,3,4.75,4.25,9.9,44,6
1341,0,5.25,5.25,0,44,6
1341,1,4.75,5.25,0,44,6
1341,2,5.25,4.75,0,44,6
1341,3,4.75,4.75,0,44,6
1342,0,5.25,5.25,3.3,44,6
1342,1,4.75,5.25,3.3,44,6
1342,2,5.25,4.75,3.3,44,6
1342,3,4.75,4.75,3.3,44,6
1343,0,5.25,5.25,6.6,44,6
1343,1,4.75,5.25,6.6,44,6
1343,2,5.25,4.75,6.6,44,6
1343,3,4.75,4.75,6.6,44,6
1344,0,5.25,5.25,9.9,44,6
1344,1,4.75,5.25,9.9,44,6
1344,2,5.25,4.75,9.9,44,6
1344,3,4.75,4.75,9.9,44,6
1345,0,5.25,5.75,0,44,6
1345,1,4.75,5.75,0,44,6
1345,2,5.25,5.25,0,44,6
1345,3,4.75,5.25,0,44,6
1346,0,5.25,5.75,3.3,44,6
1346,1,4.75,5.75,3.3,44,6
1346,2,5.25,5.25,3.3,44,6
1346,3,4.75,5.25,3.3,44,6
1347,0,5.25,5.75,6.6,44,6
1347,1,4.75,5.75,6.6,44,6
1347,2,5.25,5.25,6.6,44,6
1347,3,4.75,5.25,6.6,44,6
1348,0,5.25,5.75,9.9,44,6
1348,1,4.75,5.75,9.9,44,6
1348,2,5.25,5.25,9.9,44,6
1348,3,4.75,5.25,9.9,44,6
1349,0,5.25,6.25,0,44,6
1349,1,4.75,6.25,0,44,6
1349,2,5.25,5.75,0,44,6
1349,3,4.75,5.75,0,44,6
1350,0,5.25,6.25,3.3,44,6
1350,1,4.75,6.25,3.3,44,6
1350,2,5.25,5.75,3.3,44,6
1350,3,4.75,5.75,3.3,44,6
1351,0,5.25,6.25,6.6,44,6
1351,1,4.75,6.25,6.6,44,6
1351,2,5.25,5.75,6.6,44,6
1351,3,4.75,5.75,6.6,44,6
1352,0,5.25,6.25,9.9,44,6
1352,1,4.75,6.25,9.9,44,6
1352,2,5.25,5.75,9.9,44,6
1352,3,4.75,5.75,9.9,44,6
1353,0,5.25,6.75,0,44,6
1353,1,4.75,6.75,0,44,6
1353,2,5.25,6.25,0,44,6
1353,3,4.75,6.25,0,44,6
1354,0,5.25,6.75,3.3,44,6
1354,1,4.75,6.75,3.3,44,6
1354,2,5.25,6.25,3.3,44,6
1354,3,4.75,6.25,3.3,44,6
1355,0,5.25,6.75,6.6,44,6
1355,1,4.75,6.75,6.6,44,6
1355,2,5.25,6.25,6.6,44,6
1355,3,4.75,6.25,6.6,44,6
1356,0,5.25,6.75,9.9,44,6
1356,1,4.75,6.75,9.9,44,6
1356,2,5.25,6.25,9.9,44,6
1356,3,4.75,6.25,9.9,44,6
1357,0,5.25,6.75,-3.3,44,4
1357,1,4.75,6.75,-3.3,44,4
1357,2,5.25,6.25,-3.3,44,4
1357,3,4.75,6.375,-3.3,44,4
1358,0,4.75,6.75,0,5,3
1358,1,5.25,6.75,0,5,3
1359,0,4.75,6.75,3.3,5,3
1359,1,5.25,6.75,3.3,5,3
1360,0,4.75,6.75,6.6,5,3
1360,1,5.25,6.75,6.6,5,3
1361,0,4.75,6.75,9.9,5,3
1361,1,5.25,6.75,9.9,5,3
1362,0,5.25,7.25,-3.3,44,4
1362,1,4.75,7.125,-3.3,44,4
1362,2,5.25,6.75,-3.3,44,4
1362,3,4.75,6.75,-3.3,44,4
1363,0,5.25,7.25,0,44,6
1363,1,4.75,7.25,0,44,6
1363,2,5.25,6.75,0,44,6
1363,3,4.75,6.75,0,44,6
1364,0,5.25,7.25,3.3,44,6
1364,1,4.75,7.25,3.3,44,6
1364,2,5.25,6.75,3.3,44,6
1364,3,4.75,6.75,3.3,44,6
1365,0,5.25,7.25,6.6,44,6
1365,1,4.75,7.25,6.6,44,6
1365,2,5.25,6.75,6.6,44,6
1365,3,4.75,6.75,6.6,44,6
1366,0,5.25,7.25,9.9,44,6
1366,1,4.75,7.25,9.9,44,6
1366,2,5.25,6.75,9.9,44,6
1366,3,4.75,6.75,9.9,44,6
1367,0,5.25,7.75,0,44,6
1367,1,4.75,7.75,0,44,6
1367,2,5.25,7.25,0,44,6
1367,3,4.75,7.25,0,44,6
1368,0,5.25,7.75,3.3,44,6
1368,1,4.75,7.75,3.3,44,6
1368,2,5.25,7.25,3.3,44,6
1368,3,4.75,7.25,3.3,44,6
1369,0,5.25,7.75,6.6,44,6
1369,1,4.75,7.75,6.6,44,6
1369,2,5.25,7.25,6.6,44,6
1369,3,4.75,7.25,6.6,44,6
1370,0,5.25,7.75,9.9,44,6
1370,1,4.75,7.75,9.9,44,6
1370,2,5.25,7.25,9.9,44,6
1370,3,4.75,7.25,9.9,44,6
1371,0,5.25,8.25,0,44,6
1371,1,4.75,8.25,0,44,6
1371,2,5.25,7.75,0,44,6
1371,3,4.75,7.75,0,44,6
1372,0,5.25,8.25,3.3,44,6
1372,1,4.75,8.25,3.3,44,6
1372,2,5.25,7.75,3.3,44,6
1372,3,4.75,7.75,3.3,44,6
1373,0,5.25,8.25,6.6,44,6
1373,1,4.75,8.25,6.6,44,6
1373,2,5.25,7.75,6.6,44,6
1373,3,4.75,7.75,6.6,44,6
1374,0,5.25,8.25,9.9,44,6
1374,1,4.75,8.25,9.9,44,6
1374,2,5.25,7.75,9.9,44,6
1374,3,4.75,7.75,9.9,44,6
1375,0,5.25,8.75,0,44,6
1375,1,4.75,8.75,0,44,6
1375,2,5.25,8.25,0,44,6
1375,3,4.75,8.25,0,44,6
1376,0,5.25,8.75,3.3,44,6
1376,1,4.75,8.75,3.3,44,6
1376,2,5.25,8.25,3.3,44,6
1376,3,4.75,8.25,3.3,44,6
1377,0,5.25,8.75,6.6,44,6
1377,1,4.75,8.75,6.6,44,6
1377,2,5.25,8.25,6.6,44,6
1377,3,4.75,8.25,6.6,44,6
1378,0,5.25,8.75,9.9,44,6
1378,1,4.75,8.75,9.9,44,6
1378,2,5.25,8.25,9.9,44,6
1378,3,4.75,8.25,9.9,44,6
1379,0,5.25,9.25,0,44,6
1379,1,4.75,9.25,0,44,6
1379,2,5.25,8.75,0,44,6
1379,3,4.75,8.75,0,44,6
1380,0,5.25,9.25,3.3,44,6
1380,1,4.75,9.25,3.3,44,6
1380,2,5.25,8.75,3.3,44,6
1380,3,4.75,8.75,3.3,44,6
1381,0,5.25,9.25,6.6,44,6
1381,1,4.75,9.25,6.6,44,6
1381,2,5.25,8.75,6.6,44,6
1381,3,4.75,8.75,6.6,44,6
1382,0,5.25,9.25,9.9,44,6
1382,1,4.75,9.25,9.9,44,6
1382,2,5.25,8.75,9.9,44,6
1382,3,4.75,8.75,9.9,44,6
1383,0,5.25,9.75,0,44,6
1383,1,4.75,9.75,0,44,6
1383,2,5.25,9.25,0,44,6
1383,3,4.75,9.25,0,44,6
1384,0,5.25,9.75,3.3,44,6
1384,1,4.75,9.75,3.3,44,6
1384,2,5.25,9.25,3.3,44,6
1384,3,4.75,9.25,3.3,44,6
1385,0,5.25,9.75,6.6,44,6
1385,1,4.75,9.75,6.6,44,6
1385,2,5.25,9.25,6.6,44,6
1385,3,4.75,9.25,6.6,44,6
1386,0,5.25,9.75,9.9,44,6
1386,1,4.75,9.75,9.9,44,6
1386,2,5.25,9.25,9.9,44,6
1386,3,4.75,9.25,9.9,44,6
1387,0,5.25,10.25,0,44,6
1387,1,4.75,10.25,0,44,6
1387,2,5.25,9.75,0,44,6
1387,3,4.75,9.75,0,44,6
1388,0,5.25,10.25,3.3,44,6
1388,1,4.75,10.25,3.3,44,6
1388,2,5.25,9.75,3.3,44,6
1388,3,4.75,9.75,3.3,44,6
1389,0,5.25,10.25,6.6,44,6
1389,1,4.75,10.25,6.6,44,6
1389,2,5.25,9.75,6.6,44,6
1389,3,4.75,9.75,6.6,44,6
1390,0,5.25,10.25,9.9,44,6
1390,1,4.75,10.25,9.9,44,6
1390,2,5.25,9.75,9.9,44,6
1390,3,4.75,9.75,9.9,44,6
1391,0,5.25,10.75,0,44,6
1391,1,4.75,10.75,0,44,6
1391,2,5.25,10.25,0,44,6
1391,3,4.75,10.25,0,44,6
1392,0,5.25,10.75,3.3,44,6
1392,1,4.75,10.75,3.3,44,6
1392,2,5.25,10.25,3.3,44,6
1392,3,4.75,10.25,3.3,44,6
1393,0,5.25,10.75,6.6,44,6
1393,1,4.75,10.75,6.6,44,6
1393,2,5.25,10.25,6.6,44,6
1393,3,4.75,10.25,6.6,44,6
1394,0,5.25,10.75,9.9,44,6
1394,1,4.75,10.75,9.9,44,6
1394,2,5.25,10.25,9.9,44,6
1394,3,4.75,10.25,9.9,44,6
1395,0,5.25,11.25,0,44,6
1395,1,4.75,11.25,0,44,6
1395,2,5.25,10.75,0,44,6
1395,3,4.75,10.75,0,44,6
1396,0,5.25,11.25,3.3,44,6
1396,1,4.75,11.25,3.3,44,6
1396,2,5.25,10.75,3.3,44,6
1396,3,4.75,10.75,3.3,44,6
1397,0,5.25,11.25,6.6,44,6
1397,1,4.75,11.25,6.6,44,6
1397,2,5.25,10.75,6.6,44,6
1397,3,4.75,10.75,6.6,44,6
1398,0,5.25,11.25,9.9,44,6
1398,1,4.75,11.25,9.9,44,6
1398,2,5.25,10.75,9.9,44,6
1398,3,4.75,10.75,9.9,44,6
1399,0,5.25,11.75,0,44,6
1399,1,4.75,11.75,0,44,6
1399,2,5.25,11.25,0,44,6
1399,3,4.75,11.25,0,44,6
1400,0,5.25,11.75,3.3,44,6
1400,1,4.75,11.75,3.3,44,6
1400,2,5.25,11.25,3.3,44,6
1400,3,4.75,11.25,3.3,44,6
1401,0,5.25,11.75,6.6,44,6
1401,1,4.75,11.75,6.6,44,6
1401,2,5.25,11.25,6.6,44,6
1401,3,4.75,11.25,6.6,44,6
1402,0,5.25,11.75,9.9,44,6
1402,1,4.75,11.75,9.9,44,6
1402,2,5.25,11.25,9.9,44,6
1402,3,4.75,11.25,9.9,44,6
1403,0,5.25,12.25,0,44,6
1403,1,4.75,12.25,0,44,6
1403,2,5.25,11.75,0,44,6
1403,3,4.75,11.75,0,44,6
1404,0,5.25,12.25,3.3,44,6
1404,1,4.75,12.25,3.3,44,6
1404,2,5.25,11.75,3.3,44,6
1404,3,4.75,11.75,3.3,44,6
1405,0,5.25,12.25,6.6,44,6
1405,1,4.75,12.25,6.6,44,6
1405,2,5.25,11.75,6.6,44,6
1405,3,4.75,11.75,6.6,44,6
1406,0,5.25,12.25,9.9,44,6
1406,1,4.75,12.25,9.9,44,6
1406,2,5.25,11.75,9.9,44,6
1406,3,4.75,11.75,9.9,44,6
1407,0,5.25,12.75,0,44,6
1407,1,4.75,12.75,0,44,6
1407,2,5.25,12.25,0,44,6
1407,3,4.75,12.25,0,44,6
1408,0,5.25,12.75,3.3,44,6
1408,1,4.75,12.75,3.3,44,6
1408,2,5.25,12.25,3.3,44,6
1408,3,4.75,12.25,3.3,44,6
1409,0,5.25,12.75,6.6,44,6
1409,1,4.75,12.75,6.6,44,6
1409,2,5.25,12.25,6.6,44,6
1409,3,4.75,12.25,6.6,44,6
1410,0,5.25,12.75,9.9,44,6
1410,1,4.75,12.75,9.9,44,6
1410,2,5.25,12.25,9.9,44,6
1410,3,4.75,12.25,9.9,44,6
1411,0,5.25,12.75,-3.3,44,4
1411,1,4.75,12.75,-3.3,44,4
1411,2,5.25,12.25,-3.3,44,4
1411,3,4.75,12.375,-3.3,44,4
1412,0,5.25,12.75,0,44,7
1412,1,5.25,12.75,-0.55,44,7
1412,2,4.75,12.75,0,44,7
1412,3,4.75,12.75,-0.55,44,7
1413,0,4.75,12.75,0,5,3
1413,1,5.25,12.75,0,5,3
1414,0,4.75,12.75,3.3,5,3
1414,1,5.25,12.75,3.3,5,3
1415,0,4.75,12.75,6.6,5,3
1415,1,5.25,12.75,6.6,5,3
1416,0,4.75,12.75,9.9,5,3
1416,1,5.25,12.75,9.9,5,3
1417,0,5.25,13.125,-3.3,44,4
1417,1,4.75,13.125,-3.3,44,4
1417,2,5.25,12.75,-3.3,44,4
1417,3,4.75,12.75,-3.3,44,4
1418,0,5.75,0.75,-3.3,44,4
1418,1,5.25,0.75,-3.3,44,4
1418,2,5.75,0.375,-3.3,44,4
1418,3,5.25,0.375,-3.3,44,4
1419,0,5.75,0.75,-2.75,44,7
1419,1,5.75,0.75,-3.3,44,7
1419,2,5.25,0.75,-2.75,44,7
1419,3,5.25,0.75,-3.3,44,7
1420,0,5.75,0.75,-2.2,44,7
1420,1,5.75,0.75,-2.75,44,7
1420,2,5.25,0.75,-2.2,44,7
1420,3,5.25,0.75,-2.75,44,7
1421,0,5.75,0.75,-1.65,44,7
1421,1,5.75,0.75,-2.2,44,7
1421,2,5.25,0.75,-1.65,44,7
1421,3,5.25,0.75,-2.2,44,7
1422,0,5.75,0.75,-1.1,44,7
1422,1,5.75,0.75,-1.65,44,7
1422,2,5.25,0.75,-1.1,44,7
1422,3,5.25,0.75,-1.65,44,7
1423,0,5.75,0.75,-0.55,44,7
1423,1,5.75,0.75,-1.1,44,7
1423,2,5.25,0.75,-0.55,44,7
1423,3,5.25,0.75,-1.1,44,7
1424,0,5.75,0.75,0,44,7
1424,1,5.75,0.75,-0.55,44,7
1424,2,5.25,0.75,0,44,7
1424,3,5.25,0.75,-0.55,44,7
1425,0,5.25,0.75,0,5,3
1425,1,5.75,0.75,0,5,3
1426,0,5.25,0.75,3.3,5,3
1426,1,5.75,0.75,3.3,5,3
1427,0,5.25,0.75,6.6,5,3
1427,1,5.75,0.75,6.6,5,3
1428,0,5.25,0.75,9.9,5,3
1428,1,5.75,0.75,9.9,5,3
1429,0,5.75,1.25,-3.3,44,4
1429,1,5.25,1.25,-3.3,44,4
1429,2,5.75,0.75,-3.3,44,4
1429,3,5.25,0.75,-3.3,44,4
1430,0,5.75,1.25,0,44,6
1430,1,5.25,1.25,0,44,6
1430,2,5.75,0.75,0,44,6
1430,3,5.25,0.75,0,44,6
1431,0,5.75,1.25,3.3,44,6
1431,1,5.25,1.25,3.3,44,6
1431,2,5.75,0.75,3.3,44,6
1431,3,5.25,0.75,3.3,44,6
1432,0,5.75,1.25,6.6,44,6
1432,1,5.25,1.25,6.6,44,6
1432,2,5.75,0.75,6.6,44,6
1432,3,5.25,0.75,6.6,44,6
1433,0,5.75,1.25,9.9,44,6
1433,1,5.25,1.25,9.9,44,6
1433,2,5.75,0.75,9.9,44,6
1433,3,5.25,0.75,9.9,44,6
1434,0,5.75,1.75,0,44,6
1434,1,5.25,1.75,0,44,6
1434,2,5.75,1.25,0,44,6
1434,3,5.25,1.25,0,44,6
1435,0,5.75,1.75,3.3,44,6
1435,1,5.25,1.75,3.3,44,6
1435,2,5.75,1.25,3.3,44,6
1435,3,5.25,1.25,3.3,44,6
1436,0,5.75,1.75,6.6,44,6
1436,1,5.25,1.75,6.6,44,6
1436,2,5.75,1.25,6.6,44,6
1436,3,5.25,1.25,6.6,44,6
1437,0,5.75,1.75,9.9,44,6
1437,1,5.25,1.75,9.9,44,6
1437,2,5.75,1.25,9.9,44,6
1437,3,5.25,1.25,9.9,44,6
1438,0,5.75,2.25,0,44,6
1438,1,5.25,2.25,0,44,6
1438,2,5.75,1.75,0,44,6
1438,3,5.25,1.75,0,44,6
1439,0,5.75,2.25,3.3,44,6
1439,1,5.25,2.25,3.3,44,6
1439,2,5.75,1.75,3.3,44,6
1439,3,5.25,1.75,3.3,44,6
1440,0,5.75,2.25,6.6,44,6
1440,1,5.25,2.25,6.6,44,6
1440,2,5.75,1.75,6.6,44,6
1440,3,5.25,1.75,6.6,44,6
1441,0,5.75,2.25,9.9,44,6
1441,1,5.25,2.25,9.9,44,6
1441,2,5.75,1.75,9.9,44,6
1441,3,5.25,1.75,9.9,44,6
1442,0,5.75,2.75,0,44,6
1442,1,5.25,2.75,0,44,6
1442,2,5.75,2.25,0,44,6
1442,3,5.25,2.25,0,44,6
1443,0,5.75,2.75,3.3,44,6
1443,1,5.25,2.75,3.3,44,6
1443,2,5.75,2.25,3.3,44,6
1443,3,5.25,2.25,3.3,44,6
1444,0,5.75,2.75,6.6,44,6
1444,1,5.25,2.75,6.6,44,6
1444,2,5.75,2.25,6.6,44,6
1444,3,5.25,2.25,6.6,44,6
1445,0,5.75,2.75,9.9,44,6
1445,1,5.25,2.75,9.9,44,6
1445,2,5.75,2.25,9.9,44,6
1445,3,5.25,2.25,9.9,44,6
1446,0,5.75,3.25,0,44,6
1446,1,5.25,3.25,0,44,6
1446,2,5.75,2.75,0,44,6
1446,3,5.25,2.75,0,44,6
1447,0,5.75,3.25,3.3,44,6
1447,1,5.25,3.25,3.3,44,6
1447,2,5.75,2.75,3.3,44,6
1447,3,5.25,2.75,3.3,44,6
1448,0,5.75,3.25,6.6,44,6
1448,1,5.25,3.25,6.6,44,6
1448,2,5.75,2.75,6.6,44,6
1448,3,5.25,2.75,6.6,44,6
1449,0,5.75,3.25,9.9,44,6
1449,1,5.25,3.25,9.9,44,6
1449,2,5.75,2.75,9.9,44,6
1449,3,5.25,2.75,9.9,44,6
1450,0,5.75,3.75,0,44,6
1450,1,5.25,3.75,0,44,6
1450,2,5.75,3.25,0,44,6
1450,3,5.25,3.25,0,44,6
1451,0,5.75,3.75,3.3,44,6
1451,1,5.25,3.75,3.3,44,6
1451,2,5.75,3.25,3.3,44,6
1451,3,5.25,3.25,3.3,44,6
1452,0,5.75,3.75,6.6,44,6
1452,1,5.25,3.75,6.6,44,6
1452,2,5.75,3.25,6.6,44,6
1452,3,5.25,3.25,6.6,44,6
1453,0,5.75,3.75,9.9,44,6
1453,1,5.25,3.75,9.9,44,6
1453,2,5.75,3.25,9.9,44,6
1453,3,5.25,3.25,9.9,44,6
1454,0,5.75,4.25,0,44,6
1454,1,5.25,4.25,0,44,6
1454,2,5.75,3.75,0,44,6
1454,3,5.25,3.75,0,44,6
1455,0,5.75,4.25,3.3,44,6
1455,1,5.25,4.25,3.3,44,6
1455,2,5.75,3.75,3.3,44,6
1455,3,5.25,3.75,3.3,44,6
1456,0,5.75,4.25,6.6,44,6
1456,1,5.25,4.25,6.6,44,6
1456,2,5.75,3.75,6.6,44,6
1456,3,5.25,3.75,6.6,44,6
1457,0,5.75,4.25,9.9,44,6
1457,1,5.25,4.25,9.9,44,6
1457,2,5.75,3.75,9.9,44,6
1457,3,5.25,3.75,9.9,44,6
1458,0,5.75,4.75,0,44,6
1458,1,5.25,4.75,0,44,6
1458,2,5.75,4.25,0,44,6
1458,3,5.25,4.25,0,44,6
1459,0,5.75,4.75,3.3,44,6
1459,1,5.25,4.75,3.3,44,6
1459,2,5.75,4.25,3.3,44,6
1459,3,5.25,4.25,3.3,44,6
1460,0,5.75,4.75,6.6,44,6
1460,1,5.25,4.75,6.6,44,6
1460,2,5.75,4.25,6.6,44,6
1460,3,5.25,4.25,6.6,44,6
1461,0,5.75,4.75,9.9,44,6
1461,1,5.25,4.75,9.9,44,6
1461,2,5.75,4.25,9.9,44,6
1461,3,5.25,4.25,9.9,44,6
1462,0,5.75,5.25,0,44,6
1462,1,5.25,5.25,0,44,6
1462,2,5.75,4.75,0,44,6
1462,3,5.25,4.75,0,44,6
1463,0,5.75,5.25,3.3,44,6
1463,1,5.25,5.25,3.3,44,6
1463,2,5.75,4.75,3.3,44,6
1463,3,5.25,4.75,3.3,44,6
1464,0,5.75,5.25,6.6,44,6
1464,1,5.25,5.25,6.6,44,6
1464,2,5.75,4.75,6.6,44,6
1464,3,5.25,4.75,6.6,44,6
1465,0,5.75,5.25,9.9,44,6
1465,1,5.25,5.25,9.9,44,6
1465,2,5.75,4.75,9.9,44,6
1465,3,5.25,4.75,9.9,44,6
1466,0,5.75,5.75,0,44,6
1466,1,5.25,5.75,0,44,6
1466,2,5.75,5.25,0,44,6
1466,3,5.25,5.25,0,44,6
1467,0,5.75,5.75,3.3,44,6
1467,1,5.25,5.75,3.3,44,6
1467,2,5.75,5.25,3.3,44,6
1467,3,5.25,5.25,3.3,44,6
1468,0,5.75,5.75,6.6,44,6
1468,1,5.25,5.75,6.6,44,6
1468,2,5.75,5.25,6.6,44,6
1468,3,5.25,5.25,6.6,44,6
1469,0,5.75,5.75,9.9,44,6
1469,1,5.25,5.75,9.9,44,6
1469,2,5.75,5.25,9.9,44,6
1469,3,5.25,5.25,9.9,44,6
1470,0,5.75,6.25,0,44,6
1470,1,5.25,6.25,0,44,6
1470,2,5.75,5.75,0,44,6
1470,3,5.25,5.75,0,44,6
1471,0,5.75,6.25,3.3,44,6
1471,1,5.25,6.25,3.3,44,6
1471,2,5.75,5.75,3.3,44,6
1471,3,5.25,5.75,3.3,44,6
1472,0,5.75,6.25,6.6,44,6
1472,1,5.25,6.25,6.6,44,6
1472,2,5.75,5.75,6.6,44,6
1472,3,5.25,5.75,6.6,44,6
1473,0,5.75,6.25,9.9,44,6
1473,1,5.25,6.25,9.9,44,6
1473,2,5.75,5.75,9.9,44,6
1473,3,5.25,5.75,9.9,44,6
1474,0,5.75,6.75,-3.3,44,4
1474,1,5.25,6.75,-3.3,44,4
1474,2,5.75,6.25,-3.3,44,4
1474,3,5.25,6.25,-3.3,44,4
1475,0,5.75,6.75,0,44,6
1475,1,5.25,6.75,0,44,6
1475,2,5.75,6.25,0,44,6
1475,3,5.25,6.25,0,44,6
1476,0,5.75,6.75,3.3,44,6
1476,1,5.25,6.75,3.3,44,6
1476,2,5.75,6.25,3.3,44,6
1476,3,5.25,6.25,3.3,44,6
1477,0,5.75,6.75,6.6,44,6
1477,1,5.25,6.75,6.6,44,6
1477,2,5.75,6.25,6.6,44,6
1477,3,5.25,6.25,6.6,44,6
1478,0,5.75,6.75,9.9,44,6
1478,1,5.25,6.75,9.9,44,6
1478,2,5.75,6.25,9.9,44,6
1478,3,5.25,6.25,9.9,44,6
1479,0,5.25,6.75,0,5,3
1479,1,5.75,6.75,0,5,3
1480,0,5.25,6.75,3.3,5,3
1480,1,5.75,6.75,3.3,5,3
1481,0,5.25,6.75,6.6,5,3
1481,1,5.75,6.75,6.6,5,3
1482,0,5.25,6.75,9.9,5,3
1482,1,5.75,6.75,9.9,5,3
1483,0,5.75,7.25,-3.3,44,4
1483,1,5.25,7.25,-3.3,44,4
1483,2,5.75,6.75,-3.3,44,4
1483,3,5.25,6.75,-3.3,44,4
1484,0,5.75,7.25,0,44,6
1484,1,5.25,7.25,0,44,6
1484,2,5.75,6.75,0,44,6
1484,3,5.25,6.75,0,44,6
1485,0,5.75,7.25,3.3,44,6
1485,1,5.25,7.25,3.3,44,6
1485,2,5.75,6.75,3.3,44,6
1485,3,5.25,6.75,3.3,44,6
1486,0,5.75,7.25,6.6,44,6
1486,1,5.25,7.25,6.6,44,6
1486,2,5.75,6.75,6.6,44,6
1486,3,5.25,6.75,6.6,44,6
1487,0,5.75,7.25,9.9,44,6
1487,1,5.25,7.25,9.9,44,6
1487,2,5.75,6.75,9.9,44,6
1487,3,5.25,6.75,9.9,44,6
1488,0,5.75,7.75,0,44,6
1488,1,5.25,7.75,0,44,6
1488,2,5.75,7.25,0,44,6
1488,3,5.25,7.25,0,44,6
1489,0,5.75,7.75,3.3,44,6
1489,1,5.25,7.75,3.3,44,6
1489,2,5.75,7.25,3.3,44,6
1489,3,5.25,7.25,3.3,44,6
1490,0,5.75,7.75,6.6,44,6
1490,1,5.25,7.75,6.6,44,6
1490,2,5.75,7.25,6.6,44,6
1490,3,5.25,7.25,6.6,44,6
1491,0,5.75,7.75,9.9,44,6
1491,1,5.25,7.75,9.9,44,6
1491,2,5.75,7.25,9.9,44,6
1491,3,5.25,7.25,9.9,44,6
1492,0,5.75,8.25,0,44,6
1492,1,5.25,8.25,0,44,6
1492,2,5.75,7.75,0,44,6
1492,3,5.25,7.75,0,44,6
1493,0,5.75,8.25,3.3,44,6
1493,1,5.25,8.25,3.3,44,6
1493,2,5.75,7.75,3.3,44,6
1493,3,5.25,7.75,3.3,44,6
1494,0,5.75,8.25,6.6,44,6
1494,1,5.25,8.25,6.6,44,6
1494,2,5.75,7.75,6.6,44,6
1494,3,5.25,7.75,6.6,44,6
1495,0,5.75,8.25,9.9,44,6
1495,1,5.25,8.25,9.9,44,6
1495,2,5.75,7.75,9.9,44,6
1495,3,5.25,7.75,9.9,44,6
1496,0,5.75,8.75,0,44,6
1496,1,5.25,8.75,0,44,6
1496,2,5.75,8.25,0,44,6
1496,3,5.25,8.25,0,44,6
1497,0,5.75,8.75,3.3,44,6
1497,1,5.25,8.75,3.3,44,6
1497,2,5.75,8.25,3.3,44,6
1497,3,5.25,8.25,3.3,44,6
1498,0,5.75,8.75,6.6,44,6
1498,1,5.25,8.75,6.6,44,6
1498,2,5.75,8.25,6.6,44,6
1498,3,5.25,8.25,6.6,44,6
1499,0,5.75,8.75,9.9,44,6
1499,1,5.25,8.75,9.9,44,6
1499,2,5.75,8.25,9.9,44,6
1499,3,5.25,8.25,9.9,44,6
1500,0,5.75,9.25,0,44,6
1500,1,5.25,9.25,0,44,6
1500,2,5.75,8.75,0,44,6
1500,3,5.25,8.75,0,44,6
1501,0,5.75,9.25,3.3,44,6
1501,1,5.25,9.25,3.3,44,6
1501,2,5.75,8.75,3.3,44,6
1501,3,5.25,8.75,3.3,44,6
1502,0,5.75,9.25,6.6,44,6
1502,1,5.25,9.25,6.6,44,6
1502,2,5.75,8.75,6.6,44,6
1502,3,5.25,8.75,6.6,44,6
1503,0,5.75,9.25,9.9,44,6
1503,1,5.25,9.25,9.9,44,6
1503,2,5.75,8.75,9.9,44,6
1503,3,5.25,8.75,9.9,44,6
1504,0,5.75,9.75,0,44,6
1504,1,5.25,9.75,0,44,6
1504,2,5.75,9.25,0,44,6
1504,3,5.25,9.25,0,44,6
1505,0,5.75,9.75,3.3,44,6
1505,1,5.25,9.75,3.3,44,6
1505,2,5.75,9.25,3.3,44,6
1505,3,5.25,9.25,3.3,44,6
1506,0,5.75,9.75,6.6,44,6
1506,1,5.25,9.75,6.6,44,6
1506,2,5.75,9.25,6.6,44,6
1506,3,5.25,9.25,6.6,44,6
1507,0,5.75,9.75,9.9,44,6
1507,1,5.25,9.75,9.9,44,6
1507,2,5.75,9.25,9.9,44,6
1507,3,5.25,9.25,9.9,44,6
1508,0,5.75,10.25,0,44,6
1508,1,5.25,10.25,0,44,6
1508,2,5.75,9.75,0,44,6
1508,3,5.25,9.75,0,44,6
1509,0,5.75,10.25,3.3,44,6
1509,1,5.25,10.25,3.3,44,6
1509,2,5.75,9.75,3.3,44,6
1509,3,5.25,9.75,3.3,44,6
1510,0,5.75,10.25,6.6,44,6
1510,1,5.25,10.25,6.6,44,6
1510,2,5.75,9.75,6.6,44,6
1510,3,5.25,9.75,6.6,44,6
1511,0,5.75,10.25,9.9,44,6
1511,1,5.25,10.25,9.9,44,6
1511,2,5.75,9.75,9.9,44,6
1511,3,5.25,9.75,9.9,44,6
1512,0,5.75,10.75,0,44,6
1512,1,5.25,10.75,0,44,6
1512,2,5.75,10.25,0,44,6
1512,3,5.25,10.25,0,44,6
1513,0,5.75,10.75,3.3,44,6
1513,1,5.25,10.75,3.3,44,6
1513,2,5.75,10.25,3.3,44,6
1513,3,5.25,10.25,3.3,44,6
1514,0,5.75,10.75,6.6,44,6
1514,1,5.25,10.75,6.6,44,6
1514,2,5.75,10.25,6.6,44,6
1514,3,5.25,10.25,6.6,44,6
1515,0,5.75,10.75,9.9,44,6
1515,1,5.25,10.75,9.9,44,6
1515,2,5.75,10.25,9.9,44,6
1515,3,5.25,10.25,9.9,44,6
1516,0,5.75,11.25,0,44,6
1516,1,5.25,11.25,0,44,6
1516,2,5.75,10.75,0,44,6
1516,3,5.25,10.75,0,44,6
1517,0,5.75,11.25,3.3,44,6
1517,1,5.25,11.25,3.3,44,6
1517,2,5.75,10.75,3.3,44,6
1517,3,5.25,10.75,3.3,44,6
1518,0,5.75,11.25,6.6,44,6
1518,1,5.25,11.25,6.6,44,6
1518,2,5.75,10.75,6.6,44,6
1518,3,5.25,10.75,6.6,44,6
1519,0,5.75,11.25,9.9,44,6
1519,1,5.25,11.25,9.9,44,6
1519,2,5.75,10.75,9.9,44,6
1519,3,5.25,10.75,9.9,44,6
1520,0,5.75,11.75,0,44,6
1520,1,5.25,11.75,0,44,6
1520,2,5.75,11.25,0,44,6
1520,3,5.25,11.25,0,44,6
1521,0,5.75,11.75,3.3,44,6
1521,1,5.25,11.75,3.3,44,6
1521,2,5.75,11.25,3.3,44,6
1521,3,5.25,11.25,3.3,44,6
1522,0,5.75,11.75,6.6,44,6
1522,1,5.25,11.75,6.6,44,6
1522,2,5.75,11.25,6.6,44,6
1522,3,5.25,11.25,6.6,44,6
1523,0,5.75,11.75,9.9,44,6
1523,1,5.25,11.75,9.9,44,6
1523,2,5.75,11.25,9.9,44,6
1523,3,5.25,11.25,9.9,44,6
1524,0,5.75,12.25,0,44,6
1524,1,5.25,12.25,0,44,6
1524,2,5.75,11.75,0,44,6
1524,3,5.25,11.75,0,44,6
1525,0,5.75,12.25,3.3,44,6
1525,1,5.25,12.25,3.3,44,6
1525,2,5.75,11.75,3.3,44,6
1525,3,5.25,11.75,3.3,44,6
1526,0,5.75,12.25,6.6,44,6
1526,1,5.25,12.25,6.6,44,6
1526,2,5.75,11.75,6.6,44,6
1526,3,5.25,11.75,6.6,44,6
1527,0,5.75,12.25,9.9,44,6
1527,1,5.25,12.25,9.9,44,6
1527,2,5.75,11.75,9.9,44,6
1527,3,5.25,11.75,9.9,44,6
1528,0,5.75,12.75,-3.3,44,4
1528,1,5.25,12.75,-3.3,44,4
1528,2,5.75,12.25,-3.3,44,4
1528,3,5.25,12.25,-3.3,44,4
1529,0,5.75,12.75,0,44,6
1529,1,5.25,12.75,0,44,6
1529,2,5.75,12.25,0,44,6
1529,3,5.25,12.25,0,44,6
1530,0,5.75,12.75,3.3,44,6
1530,1,5.25,12.75,3.3,44,6
1530,2,5.75,12.25,3.3,44,6
1530,3,5.25,12.25,3.3,44,6
1531,0,5.75,12.75,6.6,44,6
1531,1,5.25,12.75,6.6,44,6
1531,2,5.75,12.25,6.6,44,6
1531,3,5.25,12.25,6.6,44,6
1532,0,5.75,12.75,9.9,44,6
1532,1,5.25,12.75,9.9,44,6
1532,2,5.75,12.25,9.9,44,6
1532,3,5.25,12.25,9.9,44,6
1533,0,5.75,12.75,0,44,7
1533,1,5.75,12.75,-0.55,44,7
1533,2,5.25,12.75,0,44,7
1533,3,5.25,12.75,-0.55,44,7
1534,0,5.25,12.75,0,5,3
1534,1,5.75,12.75,0,5,3
1535,0,5.25,12.75,3.3,5,3
1535,1,5.75,12.75,3.3,5,3
1536,0,5.25,12.75,6.6,5,3
1536,1,5.75,12.75,6.6,5,3
1537,0,5.25,12.75,9.9,5,3
1537,1,5.75,12.75,9.9,5,3
1538,0,5.75,13.125,-3.3,44,4
1538,1,5.25,13.125,-3.3,44,4
1538,2,5.75,12.75,-3.3,44,4
1538,3,5.25,12.75,-3.3,44,4
1539,0,5.75,1.75,-3.3,44,4
1539,1,5.375,1.75,-3.3,44,4
1539,2,5.75,1.25,-3.3,44,4
1539,3,5.25,1.25,-3.3,44,4
1540,0,5.75,6.25,-3.3,44,4
1540,1,5.25,6.25,-3.3,44,4
1540,2,5.75,5.75,-3.3,44,4
1540,3,5.375,5.75,-3.3,44,4
1541,0,5.75,7.75,-3.3,44,4
1541,1,5.375,7.75,-3.3,44,4
1541,2,5.75,7.25,-3.3,44,4
1541,3,5.25,7.25,-3.3,44,4
1542,0,5.75,12.25,-3.3,44,4
1542,1,5.25,12.25,-3.3,44,4
1542,2,5.75,11.75,-3.3,44,4
1542,3,5.375,11.75,-3.3,44,4
1543,0,5.75,2.25,-3.3,44,4
1543,1,5.375,2.25,-3.3,44,4
1543,2,5.75,1.75,-3.3,44,4
1543,3,5.375,1.75,-3.3,44,4
1544,0,5.75,2.75,-3.3,44,4
1544,1,5.375,2.75,-3.3,44,4
1544,2,5.75,2.25,-3.3,44,4
1544,3,5.375,2.25,-3.3,44,4
1545,0,5.75,3.25,-3.3,44,4
1545,1,5.375,3.25,-3.3,44,4
1545,2,5.75,2.75,-3.3,44,4
1545,3,5.375,2.75,-3.3,44,4
1546,0,5.75,3.75,-3.3,44,4
1546,1,5.375,3.75,-3.3,44,4
1546,2,5.75,3.25,-3.3,44,4
1546,3,5.375,3.25,-3.3,44,4
1547,0,5.75,4.25,-3.3,44,4
1547,1,5.375,4.25,-3.3,44,4
1547,2,5.75,3.75,-3.3,44,4
1547,3,5.375,3.75,-3.3,44,4
1548,0,5.75,4.75,-3.3,44,4
1548,1,5.375,4.75,-3.3,44,4
1548,2,5.75,4.25,-3.3,44,4
1548,3,5.375,4.25,-3.3,44,4
1549,0,5.75,5.25,-3.3,44,4
1549,1,5.375,5.25,-3.3,44,4
1549,2,5.75,4.75,-3.3,44,4
1549,3,5.375,4.75,-3.3,44,4
1550,0,5.75,5.75,-3.3,44,4
1550,1,5.375,5.75,-3.3,44,4
1550,2,5.75,5.25,-3.3,44,4
1550,3,5.375,5.25,-3.3,44,4
1551,0,5.75,8.25,-3.3,44,4
1551,1,5.375,8.25,-3.3,44,4
1551,2,5.75,7.75,-3.3,44,4
1551,3,5.375,7.75,-3.3,44,4
1552,0,5.75,8.75,-3.3,44,4
1552,1,5.375,8.75,-3.3,44,4
1552,2,5.75,8.25,-3.3,44,4
1552,3,5.375,8.25,-3.3,44,4
1553,0,5.75,9.25,-3.3,44,4
1553,1,5.375,9.25,-3.3,44,4
1553,2,5.75,8.75,-3.3,44,4
1553,3,5.375,8.75,-3.3,44,4
1554,0,5.75,9.75,-3.3,44,4
1554,1,5.375,9.75,-3.3,44,4
1554,2,5.75,9.25,-3.3,44,4
1554,3,5.375,9.25,-3.3,44,4
1555,0,5.75,10.25,-3.3,44,4
1555,1,5.375,10.25,-3.3,44,4
1555,2,5.75,9.75,-3.3,44,4
1555,3,5.375,9.75,-3.3,44,4
1556,0,5.75,10.75,-3.3,44,4
1556,1,5.375,10.75,-3.3,44,4
1556,2,5.75,10.25,-3.3,44,4
1556,3,5.375,10.25,-3.3,44,4
1557,0,5.75,11.25,-3.3,44,4
1557,1,5.375,11.25,-3.3,44,4
1557,2,5.75,10.75,-3.3,44,4
1557,3,5.375,10.75,-3.3,44,4
1558,0,5.75,11.75,-3.3,44,4
1558,1,5.375,11.75,-3.3,44,4
1558,2,5.75,11.25,-3.3,44,4
1558,3,5.375,11.25,-3.3,44,4
1559,0,5.75,0.75,-3.3,5,2
1559,1,5.75,0.75,-2.75,5,2
1560,0,5.75,0.75,-2.75,5,2
1560,1,5.75,0.75,-2.2,5,2
1561,0,5.75,0.75,-2.2,5,2
1561,1,5.75,0.75,-1.65,5,2
1562,0,5.75,0.75,-1.65,5,2
1562,1,5.75,0.75,-1.1,5,2
1563,0,5.75,0.75,-1.1,5,2
1563,1,5.75,0.75,-0.55,5,2
1564,0,5.75,0.75,-0.55,5,2
1564,1,5.75,0.75,0,5,2
1565,0,5.75,0.75,0,5,2
1565,1,5.75,0.75,3.3,5,2
1566,0,5.75,0.75,3.3,5,2
1566,1,5.75,0.75,6.6,5,2
1567,0,5.75,0.75,6.6,5,2
1567,1,5.75,0.75,9.9,5,2
1568,0,5.75,0.75,0,5,3
1568,1,5.75,1.25,0,5,3
1569,0,5.75,0.75,3.3,5,3
1569,1,5.75,1.25,3.3,5,3
1570,0,5.75,0.75,6.6,5,3
1570,1,5.75,1.25,6.6,5,3
1571,0,5.75,0.75,9.9,5,3
1571,1,5.75,1.25,9.9,5,3
1572,0,5.75,1.25,0,5,3
1572,1,5.75,1.75,0,5,3
1573,0,5.75,1.25,3.3,5,3
1573,1,5.75,1.75,3.3,5,3
1574,0,5.75,1.25,6.6,5,3
1574,1,5.75,1.75,6.6,5,3
1575,0,5.75,1.25,9.9,5,3
1575,1,5.75,1.75,9.9,5,3
1576,0,5.75,1.75,0,5,3
1576,1,5.75,2.25,0,5,3
1577,0,5.75,1.75,3.3,5,3
1577,1,5.75,2.25,3.3,5,3
1578,0,5.75,1.75,6.6,5,3
1578,1,5.75,2.25,6.6,5,3
1579,0,5.75,1.75,9.9,5,3
1579,1,5.75,2.25,9.9,5,3
1580,0,5.75,2.25,0,5,3
1580,1,5.75,2.75,0,5,3
1581,0,5.75,2.25,3.3,5,3
1581,1,5.75,2.75,3.3,5,3
1582,0,5.75,2.25,6.6,5,3
1582,1,5.75,2.75,6.6,5,3
1583,0,5.75,2.25,9.9,5,3
1583,1,5.75,2.75,9.9,5,3
1584,0,5.75,2.75,0,5,3
1584,1,5.75,3.25,0,5,3
1585,0,5.75,2.75,3.3,5,3
1585,1,5.75,3.25,3.3,5,3
1586,0,5.75,2.75,6.6,5,3
1586,1,5.75,3.25,6.6,5,3
1587,0,5.75,2.75,9.9,5,3
1587,1,5.75,3.25,9.9,5,3
1588,0,5.75,3.25,0,5,3
1588,1,5.75,3.75,0,5,3
1589,0,5.75,3.25,3.3,5,3
1589,1,5.75,3.75,3.3,5,3
1590,0,5.75,3.25,6.6,5,3
1590,1,5.75,3.75,6.6,5,3
1591,0,5.75,3.25,9.9,5,3
1591,1,5.75,3.75,9.9,5,3
1592,0,5.75,3.75,0,5,3
1592,1,5.75,4.25,0,5,3
1593,0,5.75,3.75,3.3,5,3
1593,1,5.75,4.25,3.3,5,3
1594,0,5.75,3.75,6.6,5,3
1594,1,5.75,4.25,6.6,5,3
1595,0,5.75,3.75,9.9,5,3
1595,1,5.75,4.25,9.9,5,3
1596,0,5.75,4.25,0,5,3
1596,1,5.75,4.75,0,5,3
1597,0,5.75,4.25,3.3,5,3
1597,1,5.75,4.75,3.3,5,3
1598,0,5.75,4.25,6.6,5,3
1598,1,5.75,4.75,6.6,5,3
1599,0,5.75,4.25,9.9,5,3
1599,1,5.75,4.75,9.9,5,3
1600,0,5.75,4.75,0,5,3
1600,1,5.75,5.25,0,5,3
1601,0,5.75,4.75,3.3,5,3
1601,1,5.75,5.25,3.3,5,3
1602,0,5.75,4.75,6.6,5,3
1602,1,5.75,5.25,6.6,5,3
1603,0,5.75,4.75,9.9,5,3
1603,1,5.75,5.25,9.9,5,3
1604,0,5.75,5.25,0,5,3
1604,1,5.75,5.75,0,5,3
1605,0,5.75,5.25,3.3,5,3
1605,1,5.75,5.75,3.3,5,3
1606,0,5.75,5.25,6.6,5,3
1606,1,5.75,5.75,6.6,5,3
1607,0,5.75,5.25,9.9,5,3
1607,1,5.75,5.75,9.9,5,3
1608,0,5.75,5.75,0,5,3
1608,1,5.75,6.25,0,5,3
1609,0,5.75,5.75,3.3,5,3
1609,1,5.75,6.25,3.3,5,3
1610,0,5.75,5.75,6.6,5,3
1610,1,5.75,6.25,6.6,5,3
1611,0,5.75,5.75,9.9,5,3
1611,1,5.75,6.25,9.9,5,3
1612,0,5.75,6.25,0,5,3
1612,1,5.75,6.75,0,5,3
1613,0,5.75,6.25,3.3,5,3
1613,1,5.75,6.75,3.3,5,3
1614,0,5.75,6.25,6.6,5,3
1614,1,5.75,6.75,6.6,5,3
1615,0,5.75,6.25,9.9,5,3
1615,1,5.75,6.75,9.9,5,3
1616,0,5.75,6.75,-3.3,5,2
1616,1,5.75,6.75,0,5,2
1617,0,5.75,6.75,0,5,2
1617,1,5.75,6.75,3.3,5,2
1618,0,5.75,6.75,3.3,5,2
1618,1,5.75,6.75,6.6,5,2
1619,0,5.75,6.75,6.6,5,2
1619,1,5.75,6.75,9.9,5,2
1620,0,5.75,6.75,0,5,3
1620,1,5.75,7.25,0,5,3
1621,0,5.75,6.75,3.3,5,3
1621,1,5.75,7.25,3.3,5,3
1622,0,5.75,6.75,6.6,5,3
1622,1,5.75,7.25,6.6,5,3
1623,0,5.75,6.75,9.9,5,3
1623,1,5.75,7.25,9.9,5,3
1624,0,5.75,7.25,0,5,3
1624,1,5.75,7.75,0,5,3
1625,0,5.75,7.25,3.3,5,3
1625,1,5.75,7.75,3.3,5,3
1626,0,5.75,7.25,6.6,5,3
1626,1,5.75,7.75,6.6,5,3
1627,0,5.75,7.25,9.9,5,3
1627,1,5.75,7.75,9.9,5,3
1628,0,5.75,7.75,0,5,3
1628,1,5.75,8.25,0,5,3
1629,0,5.75,7.75,3.3,5,3
1629,1,5.75,8.25,3.3,5,3
1630,0,5.75,7.75,6.6,5,3
1630,1,5.75,8.25,6.6,5,3
1631,0,5.75,7.75,9.9,5,3
1631,1,5.75,8.25,9.9,5,3
1632,0,5.75,8.25,0,5,3
1632,1,5.75,8.75,0,5,3
1633,0,5.75,8.25,3.3,5,3
1633,1,5.75,8.75,3.3,5,3
1634,0,5.75,8.25,6.6,5,3
1634,1,5.75,8.75,6.6,5,3
1635,0,5.75,8.25,9.9,5,3
1635,1,5.75,8.75,9.9,5,3
1636,0,5.75,8.75,0,5,3
1636,1,5.75,9.25,0,5,3
1637,0,5.75,8.75,3.3,5,3
1637,1,5.75,9.25,3.3,5,3
1638,0,5.75,8.75,6.6,5,3
1638,1,5.75,9.25,6.6,5,3
1639,0,5.75,8.75,9.9,5,3
1639,1,5.75,9.25,9.9,5,3
1640,0,5.75,9.25,0,5,3
1640,1,5.75,9.75,0,5,3
1641,0,5.75,9.25,3.3,5,3
1641,1,5.75,9.75,3.3,5,3
1642,0,5.75,9.25,6.6,5,3
1642,1,5.75,9.75,6.6,5,3
1643,0,5.75,9.25,9.9,5,3
1643,1,5.75,9.75,9.9,5,3
1644,0,5.75,9.75,0,5,3
1644,1,5.75,10.25,0,5,3
1645,0,5.75,9.75,3.3,5,3
1645,1,5.75,10.25,3.3,5,3
1646,0,5.75,9.75,6.6,5,3
1646,1,5.75,10.25,6.6,5,3
1647,0,5.75,9.75,9.9,5,3
1647,1,5.75,10.25,9.9,5,3
1648,0,5.75,10.25,0,5,3
1648,1,5.75,10.75,0,5,3
1649,0,5.75,10.25,3.3,5,3
1649,1,5.75,10.75,3.3,5,3
1650,0,5.75,10.25,6.6,5,3
1650,1,5.75,10.75,6.6,5,3
1651,0,5.75,10.25,9.9,5,3
1651,1,5.75,10.75,9.9,5,3
1652,0,5.75,10.75,0,5,3
1652,1,5.75,11.25,0,5,3
1653,0,5.75,10.75,3.3,5,3
1653,1,5.75,11.25,3.3,5,3
1654,0,5.75,10.75,6.6,5,3
1654,1,5.75,11.25,6.6,5,3
1655,0,5.75,10.75,9.9,5,3
1655,1,5.75,11.25,9.9,5,3
1656,0,5.75,11.25,0,5,3
1656,1,5.75,11.75,0,5,3
1657,0,5.75,11.25,3.3,5,3
1657,1,5.75,11.75,3.3,5,3
1658,0,5.75,11.25,6.6,5,3
1658,1,5.75,11.75,6.6,5,3
1659,0,5.75,11.25,9.9,5,3
1659,1,5.75,11.75,9.9,5,3
1660,0,5.75,11.75,0,5,3
1660,1,5.75,12.25,0,5,3
1661,0,5.75,11.75,3.3,5,3
1661,1,5.75,12.25,3.3,5,3
1662,0,5.75,11.75,6.6,5,3
1662,1,5.75,12.25,6.6,5,3
1663,0,5.75,11.75,9.9,5,3
1663,1,5.75,12.25,9.9,5,3
1664,0,5.75,12.25,0,5,3
1664,1,5.75,12.75,0,5,3
1665,0,5.75,12.25,3.3,5,3
1665,1,5.75,12.75,3.3,5,3
1666,0,5.75,12.25,6.6,5,3
1666,1,5.75,12.75,6.6,5,3
1667,0,5.75,12.25,9.9,5,3
1667,1,5.75,12.75,9.9,5,3
1668,0,5.75,12.75,-3.3,5,2
1668,1,5.75,12.75,-2.75,5,2
1669,0,5.75,12.75,-2.75,5,2
1669,1,5.75,12.75,-2.2,5,2
1670,0,5.75,12.75,-2.2,5,2
1670,1,5.75,12.75,-1.65,5,2
1671,0,5.75,12.75,-1.65,5,2
1671,1,5.75,12.75,-1.1,5,2
1672,0,5.75,12.75,-1.1,5,2
1672,1,5.75,12.75,-0.55,5,2
1673,0,5.75,12.75,-0.55,5,2
1673,1,5.75,12.75,0,5,2
1674,0,5.75,12.75,0,5,2
1674,1,5.75,12.75,3.3,5,2
1675,0,5.75,12.75,3.3,5,2
1675,1,5.75,12.75,6.6,5,2
1676,0,5.75,12.75,6.6,5,2
1676,1,5.75,12.75,9.9,5,2
1677,0,6.125,2.25,-3.3,44,4
1677,1,5.75,2.25,-3.3,44,4
1677,2,6.125,1.75,-3.3,44,4
1677,3,5.75,1.75,-3.3,44,4
1678,0,6.125,2.75,-3.3,44,4
1678,1,5.75,2.75,-3.3,44,4
1678,2,6.125,2.25,-3.3,44,4
1678,3,5.75,2.25,-3.3,44,4
1679,0,6.125,3.25,-3.3,44,4
1679,1,5.75,3.25,-3.3,44,4
1679,2,6.125,2.75,-3.3,44,4
1679,3,5.75,2.75,-3.3,44,4
1680,0,6.125,3.75,-3.3,44,4
1680,1,5.75,3.75,-3.3,44,4
1680,2,6.125,3.25,-3.3,44,4
1680,3,5.75,3.25,-3.3,44,4
1681,0,6.125,4.25,-3.3,44,4
1681,1,5.75,4.25,-3.3,44,4
1681,2,6.125,3.75,-3.3,44,4
1681,3,5.75,3.75,-3.3,44,4
1682,0,6.125,4.75,-3.3,44,4
1682,1,5.75,4.75,-3.3,44,4
1682,2,6.125,4.25,-3.3,44,4
1682,3,5.75,4.25,-3.3,44,4
1683,0,6.125,5.25,-3.3,44,4
1683,1,5.75,5.25,-3.3,44,4
1683,2,6.125,4.75,-3.3,44,4
1683,3,5.75,4.75,-3.3,44,4
1684,0,6.125,5.75,-3.3,44,4
1684,1,5.75,5.75,-3.3,44,4
1684,2,6.125,5.25,-3.3,44,4
1684,3,5.75,5.25,-3.3,44,4
1685,0,6.125,8.25,-3.3,44,4
1685,1,5.75,8.25,-3.3,44,4
1685,2,6.125,7.75,-3.3,44,4
1685,3,5.75,7.75,-3.3,44,4
1686,0,6.125,8.75,-3.3,44,4
1686,1,5.75,8.75,-3.3,44,4
1686,2,6.125,8.25,-3.3,44,4
1686,3,5.75,8.25,-3.3,44,4
1687,0,6.125,9.25,-3.3,44,4
1687,1,5.75,9.25,-3.3,44,4
1687,2,6.125,8.75,-3.3,44,4
1687,3,5.75,8.75,-3.3,44,4
1688,0,6.125,9.75,-3.3,44,4
1688,1,5.75,9.75,-3.3,44,4
1688,2,6.125,9.25,-3.3,44,4
1688,3,5.75,9.25,-3.3,44,4
1689,0,6.125,10.25,-3.3,44,4
1689,1,5.75,10.25,-3.3,44,4
1689,2,6.125,9.75,-3.3,44,4
1689,3,5.75,9.75,-3.3,44,4
1690,0,6.125,10.75,-3.3,44,4
1690,1,5.75,10.75,-3.3,44,4
1690,2,6.125,10.25,-3.3,44,4
1690,3,5.75,10.25,-3.3,44,4
1691,0,6.125,11.25,-3.3,44,4
1691,1,5.75,11.25,-3.3,44,4
1691,2,6.125,10.75,-3.3,44,4
1691,3,5.75,10.75,-3.3,44,4
1692,0,6.125,11.75,-3.3,44,4
1692,1,5.75,11.75,-3.3,44,4
1692,2,6.125,11.25,-3.3,44,4
1692,3,5.75,11.25,-3.3,44,4
1693,0,6.125,1.75,-3.3,44,4
1693,1,5.75,1.75,-3.3,44,4
1693,2,6.25,1.25,-3.3,44,4
1693,3,5.75,1.25,-3.3,44,4
1694,0,6.25,6.25,-3.3,44,4
1694,1,5.75,6.25,-3.3,44,4
1694,2,6.125,5.75,-3.3,44,4
1694,3,5.75,5.75,-3.3,44,4
1695,0,6.125,7.75,-3.3,44,4
1695,1,5.75,7.75,-3.3,44,4
1695,2,6.25,7.25,-3.3,44,4
1695,3,5.75,7.25,-3.3,44,4
1696,0,6.25,12.25,-3.3,44,4
1696,1,5.75,12.25,-3.3,44,4
1696,2,6.125,11.75,-3.3,44,4
1696,3,5.75,11.75,-3.3,44,4
1697,0,6.25,0.75,-3.3,44,4
1697,1,5.75,0.75,-3.3,44,4
1697,2,6.25,0.375,-3.3,44,4
1697,3,5.75,0.375,-3.3,44,4
1698,0,6.25,0.75,-2.75,44,7
1698,1,6.25,0.75,-3.3,44,7
1698,2,5.75,0.75,-2.75,44,7
1698,3,5.75,0.75,-3.3,44,7
1699,0,6.25,0.75,-2.2,44,7
1699,1,6.25,0.75,-2.75,44,7
1699,2,5.75,0.75,-2.2,44,7
1699,3,5.75,0.75,-2.75,44,7
1700,0,6.25,0.75,-1.65,44,7
1700,1,6.25,0.75,-2.2,44,7
1700,2,5.75,0.75,-1.65,44,7
1700,3,5.75,0.75,-2.2,44,7
1701,0,6.25,0.75,-1.1,44,7
1701,1,6.25,0.75,-1.65,44,7
1701,2,5.75,0.75,-1.1,44,7
1701,3,5.75,0.75,-1.65,44,7
1702,0,6.25,0.75,-0.55,44,7
1702,1,6.25,0.75,-1.1,44,7
1702,2,5.75,0.75,-0.55,44,7
1702,3,5.75,0.75,-1.1,44,7
1703,0,5.75,0.75,9.9,5,3
1703,1,6.25,0.75,9.9,5,3
1704,0,6.25,1.25,-3.3,44,4
1704,1,5.75,1.25,-3.3,44,4
1704,2,6.25,0.75,-3.3,44,4
1704,3,5.75,0.75,-3.3,44,4
1705,0,6.25,1.25,9.9,44,6
1705,1,5.75,1.25,9.9,44,6
1705,2,6.25,0.75,9.9,44,6
1705,3,5.75,0.75,9.9,44,6
1706,0,6.25,1.75,9.9,44,6
1706,1,5.75,1.75,9.9,44,6
1706,2,6.25,1.25,9.9,44,6
1706,3,5.75,1.25,9.9,44,6
1707,0,6.25,2.25,9.9,44,6
1707,1,5.75,2.25,9.9,44,6
1707,2,6.25,1.75,9.9,44,6
1707,3,5.75,1.75,9.9,44,6
1708,0,6.25,2.75,9.9,44,6
1708,1,5.75,2.75,9.9,44,6
1708,2,6.25,2.25,9.9,44,6
1708,3,5.75,2.25,9.9,44,6
1709,0,6.25,3.25,9.9,44,6
1709,1,5.75,3.25,9.9,44,6
1709,2,6.25,2.75,9.9,44,6
1709,3,5.75,2.75,9.9,44,6
1710,0,6.25,3.75,9.9,44,6
1710,1,5.75,3.75,9.9,44,6
1710,2,6.25,3.25,9.9,44,6
1710,3,5.75,3.25,9.9,44,6
1711,0,6.25,4.25,9.9,44,6
1711,1,5.75,4.25,9.9,44,6
1711,2,6.25,3.75,9.9,44,6
1711,3,5.75,3.75,9.9,44,6
1712,0,6.25,4.75,9.9,44,6
1712,1,5.75,4.75,9.9,44,6
1712,2,6.25,4.25,9.9,44,6
1712,3,5.75,4.25,9.9,44,6
1713,0,6.25,5.25,9.9,44,6
1713,1,5.75,5.25,9.9,44,6
1713,2,6.25,4.75,9.9,44,6
1713,3,5.75,4.75,9.9,44,6
1714,0,6.25,5.75,9.9,44,6
1714,1,5.75,5.75,9.9,44,6
1714,2,6.25,5.25,9.9,44,6
1714,3,5.75,5.25,9.9,44,6
1715,0,6.25,6.25,0,44,6
1715,1,5.75,6.25,0,44,6
1715,2,6.25,5.75,0,44,6
1715,3,5.75,5.75,0,44,6
1716,0,6.25,6.25,3.3,44,6
1716,1,5.75,6.25,3.3,44,6
1716,2,6.25,5.75,3.3,44,6
1716,3,5.75,5.75,3.3,44,6
1717,0,6.25,6.25,6.6,44,6
1717,1,5.75,6.25,6.6,44,6
1717,2,6.25,5.75,6.6,44,6
1717,3,5.75,5.75,6.6,44,6
1718,0,6.25,6.25,9.9,44,6
1718,1,5.75,6.25,9.9,44,6
1718,2,6.25,5.75,9.9,44,6
1718,3,5.75,5.75,9.9,44,6
1719,0,6.25,6.75,-3.3,44,4
1719,1,5.75,6.75,-3.3,44,4
1719,2,6.25,6.25,-3.3,44,4
1719,3,5.75,6.25,-3.3,44,4
1720,0,6.25,6.75,0,44,6
1720,1,5.75,6.75,0,44,6
1720,2,6.25,6.25,0,44,6
1720,3,5.75,6.25,0,44,6
1721,0,6.25,6.75,3.3,44,6
1721,1,5.75,6.75,3.3,44,6
1721,2,6.25,6.25,3.3,44,6
1721,3,5.75,6.25,3.3,44,6
1722,0,6.25,6.75,6.6,44,6
1722,1,5.75,6.75,6.6,44,6
1722,2,6.25,6.25,6.6,44,6
1722,3,5.75,6.25,6.6,44,6
1723,0,6.25,6.75,9.9,44,6
1723,1,5.75,6.75,9.9,44,6
1723,2,6.25,6.25,9.9,44,6
1723,3,5.75,6.25,9.9,44,6
1724,0,5.75,6.75,0,5,3
1724,1,6.25,6.75,0,5,3
1725,0,5.75,6.75,3.3,5,3
1725,1,6.25,6.75,3.3,5,3
1726,0,5.75,6.75,6.6,5,3
1726,1,6.25,6.75,6.6,5,3
1727,0,5.75,6.75,9.9,5,3
1727,1,6.25,6.75,9.9,5,3
1728,0,6.25,7.25,-3.3,44,4
1728,1,5.75,7.25,-3.3,44,4
1728,2,6.25,6.75,-3.3,44,4
1728,3,5.75,6.75,-3.3,44,4
1729,0,6.25,7.25,0,44,6
1729,1,5.75,7.25,0,44,6
1729,2,6.25,6.75,0,44,6
1729,3,5.75,6.75,0,44,6
1730,0,6.25,7.25,3.3,44,6
1730,1,5.75,7.25,3.3,44,6
1730,2,6.25,6.75,3.3,44,6
1730,3,5.75,6.75,3.3,44,6
1731,0,6.25,7.25,6.6,44,6
1731,1,5.75,7.25,6.6,44,6
1731,2,6.25,6.75,6.6,44,6
1731,3,5.75,6.75,6.6,44,6
1732,0,6.25,7.25,9.9,44,6
1732,1,5.75,7.25,9.9,44,6
1732,2,6.25,6.75,9.9,44,6
1732,3,5.75,6.75,9.9,44,6
1733,0,6.25,7.75,0,44,6
1733,1,5.75,7.75,0,44,6
1733,2,6.25,7.25,0,44,6
1733,3,5.75,7.25,0,44,6
1734,0,6.25,7.75,3.3,44,6
1734,1,5.75,7.75,3.3,44,6
1734,2,6.25,7.25,3.3,44,6
1734,3,5.75,7.25,3.3,44,6
1735,0,6.25,7.75,6.6,44,6
1735,1,5.75,7.75,6.6,44,6
1735,2,6.25,7.25,6.6,44,6
1735,3,5.75,7.25,6.6,44,6
1736,0,6.25,7.75,9.9,44,6
1736,1,5.75,7.75,9.9,44,6
1736,2,6.25,7.25,9.9,44,6
1736,3,5.75,7.25,9.9,44,6
1737,0,6.25,8.25,0,44,6
1737,1,5.75,8.25,0,44,6
1737,2,6.25,7.75,0,44,6
1737,3,5.75,7.75,0,44,6
1738,0,6.25,8.25,3.3,44,6
1738,1,5.75,8.25,3.3,44,6
1738,2,6.25,7.75,3.3,44,6
1738,3,5.75,7.75,3.3,44,6
1739,0,6.25,8.25,6.6,44,6
1739,1,5.75,8.25,6.6,44,6
1739,2,6.25,7.75,6.6,44,6
1739,3,5.75,7.75,6.6,44,6
1740,0,6.25,8.25,9.9,44,6
1740,1,5.75,8.25,9.9,44,6
1740,2,6.25,7.75,9.9,44,6
1740,3,5.75,7.75,9.9,44,6
1741,0,6.25,8.75,0,44,6
1741,1,5.75,8.75,0,44,6
1741,2,6.25,8.25,0,44,6
1741,3,5.75,8.25,0,44,6
1742,0,6.25,8.75,3.3,44,6
1742,1,5.75,8.75,3.3,44,6
1742,2,6.25,8.25,3.3,44,6
1742,3,5.75,8.25,3.3,44,6
1743,0,6.25,8.75,6.6,44,6
1743,1,5.75,8.75,6.6,44,6
1743,2,6.25,8.25,6.6,44,6
1743,3,5.75,8.25,6.6,44,6
1744,0,6.25,8.75,9.9,44,6
1744,1,5.75,8.75,9.9,44,6
1744,2,6.25,8.25,9.9,44,6
1744,3,5.75,8.25,9.9,44,6
1745,0,6.25,9.25,0,44,6
1745,1,5.75,9.25,0,44,6
1745,2,6.25,8.75,0,44,6
1745,3,5.75,8.75,0,44,6
1746,0,6.25,9.25,3.3,44,6
1746,1,5.75,9.25,3.3,44,6
1746,2,6.25,8.75,3.3,44,6
1746,3,5.75,8.75,3.3,44,6
1747,0,6.25,9.25,6.6,44,6
1747,1,5.75,9.25,6.6,44,6
1747,2,6.25,8.75,6.6,44,6
1747,3,5.75,8.75,6.6,44,6
1748,0,6.25,9.25,9.9,44,6
1748,1,5.75,9.25,9.9,44,6
1748,2,6.25,8.75,9.9,44,6
1748,3,5.75,8.75,9.9,44,6
1749,0,6.25,9.75,0,44,6
1749,1,5.75,9.75,0,44,6
1749,2,6.25,9.25,0,44,6
1749,3,5.75,9.25,0,44,6
1750,0,6.25,9.75,3.3,44,6
1750,1,5.75,9.75,3.3,44,6
1750,2,6.25,9.25,3.3,44,6
1750,3,5.75,9.25,3.3,44,6
1751,0,6.25,9.75,6.6,44,6
1751,1,5.75,9.75,6.6,44,6
1751,2,6.25,9.25,6.6,44,6
1751,3,5.75,9.25,6.6,44,6
1752,0,6.25,9.75,9.9,44,6
1752,1,5.75,9.75,9.9,44,6
1752,2,6.25,9.25,9.9,44,6
1752,3,5.75,9.25,9.9,44,6
1753,0,6.25,10.25,0,44,6
1753,1,5.75,10.25,0,44,6
1753,2,6.25,9.75,0,44,6
1753,3,5.75,9.75,0,44,6
1754,0,6.25,10.25,3.3,44,6
1754,1,5.75,10.25,3.3,44,6
1754,2,6.25,9.75,3.3,44,6
1754,3,5.75,9.75,3.3,44,6
1755,0,6.25,10.25,6.6,44,6
1755,1,5.75,10.25,6.6,44,6
1755,2,6.25,9.75,6.6,44,6
1755,3,5.75,9.75,6.6,44,6
1756,0,6.25,10.25,9.9,44,6
1756,1,5.75,10.25,9.9,44,6
1756,2,6.25,9.75,9.9,44,6
1756,3,5.75,9.75,9.9,44,6
1757,0,6.25,10.75,0,44,6
1757,1,5.75,10.75,0,44,6
1757,2,6.25,10.25,0,44,6
1757,3,5.75,10.25,0,44,6
1758,0,6.25,10.75,3.3,44,6
1758,1,5.75,10.75,3.3,44,6
1758,2,6.25,10.25,3.3,44,6
1758,3,5.75,10.25,3.3,44,6
1759,0,6.25,10.75,6.6,44,6
1759,1,5.75,10.75,6.6,44,6
1759,2,6.25,10.25,6.6,44,6
1759,3,5.75,10.25,6.6,44,6
1760,0,6.25,10.75,9.9,44,6
1760,1,5.75,10.75,9.9,44,6
1760,2,6.25,10.25,9.9,44,6
1760,3,5.75,10.25,9.9,44,6
1761,0,6.25,11.25,0,44,6
1761,1,5.75,11.25,0,44,6
1761,2,6.25,10.75,0,44,6
1761,3,5.75,10.75,0,44,6
1762,0,6.25,11.25,3.3,44,6
1762,1,5.75,11.25,3.3,44,6
1762,2,6.25,10.75,3.3,44,6
1762,3,5.75,10.75,3.3,44,6
1763,0,6.25,11.25,6.6,44,6
1763,1,5.75,11.25,6.6,44,6
1763,2,6.25,10.75,6.6,44,6
1763,3,5.75,10.75,6.6,44,6
1764,0,6.25,11.25,9.9,44,6
1764,1,5.75,11.25,9.9,44,6
1764,2,6.25,10.75,9.9,44,6
1764,3,5.75,10.75,9.9,44,6
1765,0,6.25,11.75,0,44,6
1765,1,5.75,11.75,0,44,6
1765,2,6.25,11.25,0,44,6
1765,3,5.75,11.25,0,44,6
1766,0,6.25,11.75,3.3,44,6
1766,1,5.75,11.75,3.3,44,6
1766,2,6.25,11.25,3.3,44,6
1766,3,5.75,11.25,3.3,44,6
1767,0,6.25,11.75,6.6,44,6
1767,1,5.75,11.75,6.6,44,6
1767,2,6.25,11.25,6.6,44,6
1767,3,5.75,11.25,6.6,44,6
1768,0,6.25,11.75,9.9,44,6
1768,1,5.75,11.75,9.9,44,6
1768,2,6.25,11.25,9.9,44,6
1768,3,5.75,11.25,9.9,44,6
1769,0,6.25,12.25,0,44,6
1769,1,5.75,12.25,0,44,6
1769,2,6.25,11.75,0,44,6
1769,3,5.75,11.75,0,44,6
1770,0,6.25,12.25,3.3,44,6
1770,1,5.75,12.25,3.3,44,6
1770,2,6.25,11.75,3.3,44,6
1770,3,5.75,11.75,3.3,44,6
1771,0,6.25,12.25,6.6,44,6
1771,1,5.75,12.25,6.6,44,6
1771,2,6.25,11.75,6.6,44,6
1771,3,5.75,11.75,6.6,44,6
1772,0,6.25,12.25,9.9,44,6
1772,1,5.75,12.25,9.9,44,6
1772,2,6.25,11.75,9.9,44,6
1772,3,5.75,11.75,9.9,44,6
1773,0,6.25,12.75,-3.3,44,4
1773,1,5.75,12.75,-3.3,44,4
1773,2,6.25,12.25,-3.3,44,4
1773,3,5.75,12.25,-3.3,44,4
1774,0,6.25,12.75,0,44,6
1774,1,5.75,12.75,0,44,6
1774,2,6.25,12.25,0,44,6
1774,3,5.75,12.25,0,44,6
1775,0,6.25,12.75,3.3,44,6
1775,1,5.75,12.75,3.3,44,6
1775,2,6.25,12.25,3.3,44,6
1775,3,5.75,12.25,3.3,44,6
1776,0,6.25,12.75,6.6,44,6
1776,1,5.75,12.75,6.6,44,6
1776,2,6.25,12.25,6.6,44,6
1776,3,5.75,12.25,6.6,44,6
1777,0,6.25,12.75,9.9,44,6
1777,1,5.75,12.75,9.9,44,6
1777,2,6.25,12.25,9.9,44,6
1777,3,5.75,12.25,9.9,44,6
1778,0,6.25,12.75,-2.75,44,7
1778,1,6.25,12.75,-3.3,44,7
1778,2,5.75,12.75,-2.75,44,7
1778,3,5.75,12.75,-3.3,44,7
1779,0,6.25,12.75,-2.2,44,7
1779,1,6.25,12.75,-2.75,44,7
1779,2,5.75,12.75,-2.2,44,7
1779,3,5.75,12.75,-2.75,44,7
1780,0,6.25,12.75,-1.65,44,7
1780,1,6.25,12.75,-2.2,44,7
1780,2,5.75,12.75,-1.65,44,7
1780,3,5.75,12.75,-2.2,44,7
1781,0,6.25,12.75,-1.1,44,7
1781,1,6.25,12.75,-1.65,44,7
1781,2,5.75,12.75,-1.1,44,7
1781,3,5.75,12.75,-1.65,44,7
1782,0,6.25,12.75,-0.55,44,7
1782,1,6.25,12.75,-1.1,44,7
1782,2,5.75,12.75,-0.55,44,7
1782,3,5.75,12.75,-1.1,44,7
1783,0,6.25,12.75,0,44,7
1783,1,6.25,12.75,-0.55,44,7
1783,2,5.75,12.75,0,44,7
1783,3,5.75,12.75,-0.55,44,7
1784,0,5.75,12.75,0,5,3
1784,1,6.25,12.75,0,5,3
1785,0,5.75,12.75,3.3,5,3
1785,1,6.25,12.75,3.3,5,3
1786,0,5.75,12.75,6.6,5,3
1786,1,6.25,12.75,6.6,5,3
1787,0,5.75,12.75,9.9,5,3
1787,1,6.25,12.75,9.9,5,3
1788,0,6.25,13.125,-3.3,44,4
1788,1,5.75,13.125,-3.3,44,4
1788,2,6.25,12.75,-3.3,44,4
1788,3,5.75,12.75,-3.3,44,4
1789,0,6.325,0.75,0,44,7
1789,1,6.25,0.75,-0.55,44,7
1789,2,5.75,0.75,0,44,7
1789,3,5.75,0.75,-0.55,44,7
1790,0,6.25,5.75,0,44,6
1790,1,5.75,5.75,0,44,6
1790,2,6.325,5.25,0,44,6
1790,3,5.75,5.25,0,44,6
1791,0,6.25,5.75,3.3,44,6
1791,1,5.75,5.75,3.3,44,6
1791,2,6.325,5.25,3.3,44,6
1791,3,5.75,5.25,3.3,44,6
1792,0,6.25,5.75,6.6,44,6
1792,1,5.75,5.75,6.6,44,6
1792,2,6.325,5.25,6.6,44,6
1792,3,5.75,5.25,6.6,44,6
1793,0,5.75,0.75,0,5,3
1793,1,6.325,0.75,0,5,3
1794,0,5.75,0.75,3.3,5,3
1794,1,6.325,0.75,3.3,5,3
1795,0,5.75,0.75,6.6,5,3
1795,1,6.325,0.75,6.6,5,3
1796,0,6.325,1.25,0,44,6
1796,1,5.75,1.25,0,44,6
1796,2,6.325,0.75,0,44,6
1796,3,5.75,0.75,0,44,6
1797,0,6.325,1.25,3.3,44,6
1797,1,5.75,1.25,3.3,44,6
1797,2,6.325,0.75,3.3,44,6
1797,3,5.75,0.75,3.3,44,6
1798,0,6.325,1.25,6.6,44,6
1798,1,5.75,1.25,6.6,44,6
1798,2,6.325,0.75,6.6,44,6
1798,3,5.75,0.75,6.6,44,6
1799,0,6.325,1.75,0,44,6
1799,1,5.75,1.75,0,44,6
1799,2,6.325,1.25,0,44,6
1799,3,5.75,1.25,0,44,6
1800,0,6.325,1.75,3.3,44,6
1800,1,5.75,1.75,3.3,44,6
1800,2,6.325,1.25,3.3,44,6
1800,3,5.75,1.25,3.3,44,6
1801,0,6.325,1.75,6.6,44,6
1801,1,5.75,1.75,6.6,44,6
1801,2,6.325,1.25,6.6,44,6
1801,3,5.75,1.25,6.6,44,6
1802,0,6.325,2.25,0,44,6
1802,1,5.75,2.25,0,44,6
1802,2,6.325,1.75,0,44,6
1802,3,5.75,1.75,0,44,6
1803,0,6.325,2.25,3.3,44,6
1803,1,5.75,2.25,3.3,44,6
1803,2,6.325,1.75,3.3,44,6
1803,3,5.75,1.75,3.3,44,6
1804,0,6.325,2.25,6.6,44,6
1804,1,5.75,2.25,6.6,44,6
1804,2,6.325,1.75,6.6,44,6
1804,3,5.75,1.75,6.6,44,6
1805,0,6.325,2.75,0,44,6
1805,1,5.75,2.75,0,44,6
1805,2,6.325,2.25,0,44,6
1805,3,5.75,2.25,0,44,6
1806,0,6.325,2.75,3.3,44,6
1806,1,5.75,2.75,3.3,44,6
1806,2,6.325,2.25,3.3,44,6
1806,3,5.75,2.25,3.3,44,6
1807,0,6.325,2.75,6.6,44,6
1807,1,5.75,2.75,6.6,44,6
1807,2,6.325,2.25,6.6,44,6
1807,3,5.75,2.25,6.6,44,6
1808,0,6.325,3.25,0,44,6
1808,1,5.75,3.25,0,44,6
1808,2,6.325,2.75,0,44,6
1808,3,5.75,2.75,0,44,6
1809,0,6.325,3.25,3.3,44,6
1809,1,5.75,3.25,3.3,44,6
1809,2,6.325,2.75,3.3,44,6
1809,3,5.75,2.75,3.3,44,6
1810,0,6.325,3.25,6.6,44,6
1810,1,5.75,3.25,6.6,44,6
1810,2,6.325,2.75,6.6,44,6
1810,3,5.75,2.75,6.6,44,6
1811,0,6.325,3.75,0,44,6
1811,1,5.75,3.75,0,44,6
1811,2,6.325,3.25,0,44,6
1811,3,5.75,3.25,0,44,6
1812,0,6.325,3.75,3.3,44,6
1812,1,5.75,3.75,3.3,44,6
1812,2,6.325,3.25,3.3,44,6
1812,3,5.75,3.25,3.3,44,6
1813,0,6.325,3.75,6.6,44,6
1813,1,5.75,3.75,6.6,44,6
1813,2,6.325,3.25,6.6,44,6
1813,3,5.75,3.25,6.6,44,6
1814,0,6.325,4.25,0,44,6
1814,1,5.75,4.25,0,44,6
1814,2,6.325,3.75,0,44,6
1814,3,5.75,3.75,0,44,6
1815,0,6.325,4.25,3.3,44,6
1815,1,5.75,4.25,3.3,44,6
1815,2,6.325,3.75,3.3,44,6
1815,3,5.75,3.75,3.3,44,6
1816,0,6.325,4.25,6.6,44,6
1816,1,5.75,4.25,6.6,44,6
1816,2,6.325,3.75,6.6,44,6
1816,3,5.75,3.75,6.6,44,6
1817,0,6.325,4.75,0,44,6
1817,1,5.75,4.75,0,44,6
1817,2,6.325,4.25,0,44,6
1817,3,5.75,4.25,0,44,6
1818,0,6.325,4.75,3.3,44,6
1818,1,5.75,4.75,3.3,44,6
1818,2,6.325,4.25,3.3,44,6
1818,3,5.75,4.25,3.3,44,6
1819,0,6.325,4.75,6.6,44,6
1819,1,5.75,4.75,6.6,44,6
1819,2,6.325,4.25,6.6,44,6
1819,3,5.75,4.25,6.6,44,6
1820,0,6.325,5.25,0,44,6
1820,1,5.75,5.25,0,44,6
1820,2,6.325,4.75,0,44,6
1820,3,5.75,4.75,0,44,6
1821,0,6.325,5.25,3.3,44,6
1821,1,5.75,5.25,3.3,44,6
1821,2,6.325,4.75,3.3,44,6
1821,3,5.75,4.75,3.3,44,6
1822,0,6.325,5.25,6.6,44,6
1822,1,5.75,5.25,6.6,44,6
1822,2,6.325,4.75,6.6,44,6
1822,3,5.75,4.75,6.6,44,6
1823,0,6.75,0.75,-3.3,44,4
1823,1,6.25,0.75,-3.3,44,4
1823,2,6.75,0.375,-3.3,44,4
1823,3,6.25,0.375,-3.3,44,4
1824,0,6.75,0.75,-2.75,44,7
1824,1,6.75,0.75,-3.3,44,7
1824,2,6.25,0.75,-2.75,44,7
1824,3,6.25,0.75,-3.3,44,7
1825,0,6.75,0.75,-2.2,44,7
1825,1,6.75,0.75,-2.75,44,7
1825,2,6.25,0.75,-2.2,44,7
1825,3,6.25,0.75,-2.75,44,7
1826,0,6.25,0.75,9.9,5,3
1826,1,6.75,0.75,9.9,5,3
1827,0,6.25,1.25,-3.3,44,4
1827,1,6.25,0.75,-3.3,44,4
1827,2,6.75,1.125,-3.3,44,4
1827,3,6.75,0.75,-3.3,44,4
1828,0,6.75,1.25,9.9,44,6
1828,1,6.25,1.25,9.9,44,6
1828,2,6.75,0.75,9.9,44,6
1828,3,6.25,0.75,9.9,44,6
1829,0,6.75,1.75,9.9,44,6
1829,1,6.25,1.75,9.9,44,6
1829,2,6.75,1.25,9.9,44,6
1829,3,6.25,1.25,9.9,44,6
1830,0,6.75,2.25,9.9,44,6
1830,1,6.25,2.25,9.9,44,6
1830,2,6.75,1.75,9.9,44,6
1830,3,6.25,1.75,9.9,44,6
1831,0,6.75,2.75,9.9,44,6
1831,1,6.25,2.75,9.9,44,6
1831,2,6.75,2.25,9.9,44,6
1831,3,6.25,2.25,9.9,44,6
1832,0,6.75,3.25,9.9,44,6
1832,1,6.25,3.25,9.9,44,6
1832,2,6.75,2.75,9.9,44,6
1832,3,6.25,2.75,9.9,44,6
1833,0,6.75,3.75,9.9,44,6
1833,1,6.25,3.75,9.9,44,6
1833,2,6.75,3.25,9.9,44,6
1833,3,6.25,3.25,9.9,44,6
1834,0,6.75,4.25,9.9,44,6
1834,1,6.25,4.25,9.9,44,6
1834,2,6.75,3.75,9.9,44,6
1834,3,6.25,3.75,9.9,44,6
1835,0,6.75,4.75,9.9,44,6
1835,1,6.25,4.75,9.9,44,6
1835,2,6.75,4.25,9.9,44,6
1835,3,6.25,4.25,9.9,44,6
1836,0,6.75,5.25,9.9,44,6
1836,1,6.25,5.25,9.9,44,6
1836,2,6.75,4.75,9.9,44,6
1836,3,6.25,4.75,9.9,44,6
1837,0,6.75,5.75,9.9,44,6
1837,1,6.25,5.75,9.9,44,6
1837,2,6.75,5.25,9.9,44,6
1837,3,6.25,5.25,9.9,44,6
1838,0,6.75,6.25,0,44,6
1838,1,6.25,6.25,0,44,6
1838,2,6.75,5.75,0,44,6
1838,3,6.25,5.75,0,44,6
1839,0,6.75,6.25,3.3,44,6
1839,1,6.25,6.25,3.3,44,6
1839,2,6.75,5.75,3.3,44,6
1839,3,6.25,5.75,3.3,44,6
1840,0,6.75,6.25,6.6,44,6
1840,1,6.25,6.25,6.6,44,6
1840,2,6.75,5.75,6.6,44,6
1840,3,6.25,5.75,6.6,44,6
1841,0,6.75,6.25,9.9,44,6
1841,1,6.25,6.25,9.9,44,6
1841,2,6.75,5.75,9.9,44,6
1841,3,6.25,5.75,9.9,44,6
1842,0,6.75,6.75,0,44,6
1842,1,6.25,6.75,0,44,6
1842,2,6.75,6.25,0,44,6
1842,3,6.25,6.25,0,44,6
1843,0,6.75,6.75,3.3,44,6
1843,1,6.25,6.75,3.3,44,6
1843,2,6.75,6.25,3.3,44,6
1843,3,6.25,6.25,3.3,44,6
1844,0,6.75,6.75,6.6,44,6
1844,1,6.25,6.75,6.6,44,6
1844,2,6.75,6.25,6.6,44,6
1844,3,6.25,6.25,6.6,44,6
1845,0,6.75,6.75,9.9,44,6
1845,1,6.25,6.75,9.9,44,6
1845,2,6.75,6.25,9.9,44,6
1845,3,6.25,6.25,9.9,44,6
1846,0,6.75,6.75,-3.3,44,4
1846,1,6.25,6.75,-3.3,44,4
1846,2,6.75,6.375,-3.3,44,4
1846,3,6.25,6.25,-3.3,44,4
1847,0,6.25,6.75,0,5,3
1847,1,6.75,6.75,0,5,3
1848,0,6.25,6.75,3.3,5,3
1848,1,6.75,6.75,3.3,5,3
1849,0,6.25,6.75,6.6,5,3
1849,1,6.75,6.75,6.6,5,3
1850,0,6.25,6.75,9.9,5,3
1850,1,6.75,6.75,9.9,5,3
1851,0,6.25,7.25,-3.3,44,4
1851,1,6.25,6.75,-3.3,44,4
1851,2,6.75,7.125,-3.3,44,4
1851,3,6.75,6.75,-3.3,44,4
1852,0,6.75,7.25,0,44,6
1852,1,6.25,7.25,0,44,6
1852,2,6.75,6.75,0,44,6
1852,3,6.25,6.75,0,44,6
1853,0,6.75,7.25,3.3,44,6
1853,1,6.25,7.25,3.3,44,6
1853,2,6.75,6.75,3.3,44,6
1853,3,6.25,6.75,3.3,44,6
1854,0,6.75,7.25,6.6,44,6
1854,1,6.25,7.25,6.6,44,6
1854,2,6.75,6.75,6.6,44,6
1854,3,6.25,6.75,6.6,44,6
1855,0,6.75,7.25,9.9,44,6
1855,1,6.25,7.25,9.9,44,6
1855,2,6.75,6.75,9.9,44,6
1855,3,6.25,6.75,9.9,44,6
1856,0,6.75,7.75,0,44,6
1856,1,6.25,7.75,0,44,6
1856,2,6.75,7.25,0,44,6
1856,3,6.25,7.25,0,44,6
1857,0,6.75,7.75,3.3,44,6
1857,1,6.25,7.75,3.3,44,6
1857,2,6.75,7.25,3.3,44,6
1857,3,6.25,7.25,3.3,44,6
1858,0,6.75,7.75,6.6,44,6
1858,1,6.25,7.75,6.6,44,6
1858,2,6.75,7.25,6.6,44,6
1858,3,6.25,7.25,6.6,44,6
1859,0,6.75,7.75,9.9,44,6
1859,1,6.25,7.75,9.9,44,6
1859,2,6.75,7.25,9.9,44,6
1859,3,6.25,7.25,9.9,44,6
1860,0,6.75,8.25,0,44,6
1860,1,6.25,8.25,0,44,6
1860,2,6.75,7.75,0,44,6
1860,3,6.25,7.75,0,44,6
1861,0,6.75,8.25,3.3,44,6
1861,1,6.25,8.25,3.3,44,6
1861,2,6.75,7.75,3.3,44,6
1861,3,6.25,7.75,3.3,44,6
1862,0,6.75,8.25,6.6,44,6
1862,1,6.25,8.25,6.6,44,6
1862,2,6.75,7.75,6.6,44,6
1862,3,6.25,7.75,6.6,44,6
1863,0,6.75,8.25,9.9,44,6
1863,1,6.25,8.25,9.9,44,6
1863,2,6.75,7.75,9.9,44,6
1863,3,6.25,7.75,9.9,44,6
1864,0,6.75,8.75,0,44,6
1864,1,6.25,8.75,0,44,6
1864,2,6.75,8.25,0,44,6
1864,3,6.25,8.25,0,44,6
1865,0,6.75,8.75,3.3,44,6
1865,1,6.25,8.75,3.3,44,6
1865,2,6.75,8.25,3.3,44,6
1865,3,6.25,8.25,3.3,44,6
1866,0,6.75,8.75,6.6,44,6
1866,1,6.25,8.75,6.6,44,6
1866,2,6.75,8.25,6.6,44,6
1866,3,6.25,8.25,6.6,44,6
1867,0,6.75,8.75,9.9,44,6
1867,1,6.25,8.75,9.9,44,6
1867,2,6.75,8.25,9.9,44,6
1867,3,6.25,8.25,9.9,44,6
1868,0,6.75,9.25,0,44,6
1868,1,6.25,9.25,0,44,6
1868,2,6.75,8.75,0,44,6
1868,3,6.25,8.75,0,44,6
1869,0,6.75,9.25,3.3,44,6
1869,1,6.25,9.25,3.3,44,6
1869,2,6.75,8.75,3.3,44,6
1869,3,6.25,8.75,3.3,44,6
1870,0,6.75,9.25,6.6,44,6
1870,1,6.25,9.25,6.6,44,6
1870,2,6.75,8.75,6.6,44,6
1870,3,6.25,8.75,6.6,44,6
1871,0,6.75,9.25,9.9,44,6
1871,1,6.25,9.25,9.9,44,6
1871,2,6.75,8.75,9.9,44,6
1871,3,6.25,8.75,9.9,44,6
1872,0,6.75,9.75,0,44,6
1872,1,6.25,9.75,0,44,6
1872,2,6.75,9.25,0,44,6
1872,3,6.25,9.25,0,44,6
1873,0,6.75,9.75,3.3,44,6
1873,1,6.25,9.75,3.3,44,6
1873,2,6.75,9.25,3.3,44,6
1873,3,6.25,9.25,3.3,44,6
1874,0,6.75,9.75,6.6,44,6
1874,1,6.25,9.75,6.6,44,6
1874,2,6.75,9.25,6.6,44,6
1874,3,6.25,9.25,6.6,44,6
1875,0,6.75,9.75,9.9,44,6
1875,1,6.25,9.75,9.9,44,6
1875,2,6.75,9.25,9.9,44,6
1875,3,6.25,9.25,9.9,44,6
1876,0,6.75,10.25,0,44,6
1876,1,6.25,10.25,0,44,6
1876,2,6.75,9.75,0,44,6
1876,3,6.25,9.75,0,44,6
1877,0,6.75,10.25,3.3,44,6
1877,1,6.25,10.25,3.3,44,6
1877,2,6.75,9.75,3.3,44,6
1877,3,6.25,9.75,3.3,44,6
1878,0,6.75,10.25,6.6,44,6
1878,1,6.25,10.25,6.6,44,6
1878,2,6.75,9.75,6.6,44,6
1878,3,6.25,9.75,6.6,44,6
1879,0,6.75,10.25,9.9,44,6
1879,1,6.25,10.25,9.9,44,6
1879,2,6.75,9.75,9.9,44,6
1879,3,6.25,9.75,9.9,44,6
1880,0,6.75,10.75,0,44,6
1880,1,6.25,10.75,0,44,6
1880,2,6.75,10.25,0,44,6
1880,3,6.25,10.25,0,44,6
1881,0,6.75,10.75,3.3,44,6
1881,1,6.25,10.75,3.3,44,6
1881,2,6.75,10.25,3.3,44,6
1881,3,6.25,10.25,3.3,44,6
1882,0,6.75,10.75,6.6,44,6
1882,1,6.25,10.75,6.6,44,6
1882,2,6.75,10.25,6.6,44,6
1882,3,6.25,10.25,6.6,44,6
1883,0,6.75,10.75,9.9,44,6
1883,1,6.25,10.75,9.9,44,6
1883,2,6.75,10.25,9.9,44,6
1883,3,6.25,10.25,9.9,44,6
1884,0,6.75,11.25,0,44,6
1884,1,6.25,11.25,0,44,6
1884,2,6.75,10.75,0,44,6
1884,3,6.25,10.75,0,44,6
1885,0,6.75,11.25,3.3,44,6
1885,1,6.25,11.25,3.3,44,6
1885,2,6.75,10.75,3.3,44,6
1885,3,6.25,10.75,3.3,44,6
1886,0,6.75,11.25,6.6,44,6
1886,1,6.25,11.25,6.6,44,6
1886,2,6.75,10.75,6.6,44,6
1886,3,6.25,10.75,6.6,44,6
1887,0,6.75,11.25,9.9,44,6
1887,1,6.25,11.25,9.9,44,6
1887,2,6.75,10.75,9.9,44,6
1887,3,6.25,10.75,9.9,44,6
1888,0,6.75,11.75,0,44,6
1888,1,6.25,11.75,0,44,6
1888,2,6.75,11.25,0,44,6
1888,3,6.25,11.25,0,44,6
1889,0,6.75,11.75,3.3,44,6
1889,1,6.25,11.75,3.3,44,6
1889,2,6.75,11.25,3.3,44,6
1889,3,6.25,11.25,3.3,44,6
1890,0,6.75,11.75,6.6,44,6
1890,1,6.25,11.75,6.6,44,6
1890,2,6.75,11.25,6.6,44,6
1890,3,6.25,11.25,6.6,44,6
1891,0,6.75,11.75,9.9,44,6
1891,1,6.25,11.75,9.9,44,6
1891,2,6.75,11.25,9.9,44,6
1891,3,6.25,11.25,9.9,44,6
1892,0,6.75,12.25,0,44,6
1892,1,6.25,12.25,0,44,6
1892,2,6.75,11.75,0,44,6
1892,3,6.25,11.75,0,44,6
1893,0,6.75,12.25,3.3,44,6
1893,1,6.25,12.25,3.3,44,6
1893,2,6.75,11.75,3.3,44,6
1893,3,6.25,11.75,3.3,44,6
1894,0,6.75,12.25,6.6,44,6
1894,1,6.25,12.25,6.6,44,6
1894,2,6.75,11.75,6.6,44,6
1894,3,6.25,11.75,6.6,44,6
1895,0,6.75,12.25,9.9,44,6
1895,1,6.25,12.25,9.9,44,6
1895,2,6.75,11.75,9.9,44,6
1895,3,6.25,11.75,9.9,44,6
1896,0,6.75,12.75,0,44,6
1896,1,6.25,12.75,0,44,6
1896,2,6.75,12.25,0,44,6
1896,3,6.25,12.25,0,44,6
1897,0,6.75,12.75,3.3,44,6
1897,1,6.25,12.75,3.3,44,6
1897,2,6.75,12.25,3.3,44,6
1897,3,6.25,12.25,3.3,44,6
1898,0,6.75,12.75,6.6,44,6
1898,1,6.25,12.75,6.6,44,6
1898,2,6.75,12.25,6.6,44,6
1898,3,6.25,12.25,6.6,44,6
1899,0,6.75,12.75,9.9,44,6
1899,1,6.25,12.75,9.9,44,6
1899,2,6.75,12.25,9.9,44,6
1899,3,6.25,12.25,9.9,44,6
1900,0,6.75,12.75,-3.3,44,4
1900,1,6.25,12.75,-3.3,44,4
1900,2,6.75,12.375,-3.3,44,4
1900,3,6.25,12.25,-3.3,44,4
1901,0,6.75,12.75,-2.75,44,7
1901,1,6.75,12.75,-3.3,44,7
1901,2,6.25,12.75,-2.75,44,7
1901,3,6.25,12.75,-3.3,44,7
1902,0,6.75,12.75,-2.2,44,7
1902,1,6.75,12.75,-2.75,44,7
1902,2,6.25,12.75,-2.2,44,7
1902,3,6.25,12.75,-2.75,44,7
1903,0,6.75,12.75,-1.65,44,7
1903,1,6.75,12.75,-2.2,44,7
1903,2,6.25,12.75,-1.65,44,7
1903,3,6.25,12.75,-2.2,44,7
1904,0,6.75,12.75,-1.1,44,7
1904,1,6.75,12.75,-1.65,44,7
1904,2,6.25,12.75,-1.1,44,7
1904,3,6.25,12.75,-1.65,44,7
1905,0,6.75,12.75,-0.55,44,7
1905,1,6.75,12.75,-1.1,44,7
1905,2,6.25,12.75,-0.55,44,7
1905,3,6.25,12.75,-1.1,44,7
1906,0,6.75,12.75,0,44,7
1906,1,6.75,12.75,-0.55,44,7
1906,2,6.25,12.75,0,44,7
1906,3,6.25,12.75,-0.55,44,7
1907,0,6.25,12.75,0,5,3
1907,1,6.75,12.75,0,5,3
1908,0,6.25,12.75,3.3,5,3
1908,1,6.75,12.75,3.3,5,3
1909,0,6.25,12.75,6.6,5,3
1909,1,6.75,12.75,6.6,5,3
1910,0,6.25,12.75,9.9,5,3
1910,1,6.75,12.75,9.9,5,3
1911,0,6.75,13.125,-3.3,44,4
1911,1,6.25,13.125,-3.3,44,4
1911,2,6.75,12.75,-3.3,44,4
1911,3,6.25,12.75,-3.3,44,4
1912,0,6.9,0.75,-1.65,44,7
1912,1,6.75,0.75,-2.2,44,7
1912,2,6.25,0.75,-1.65,44,7
1912,3,6.25,0.75,-2.2,44,7
1913,0,6.75,5.75,0,44,6
1913,1,6.25,5.75,0,44,6
1913,2,6.9,5.25,0,44,6
1913,3,6.325,5.25,0,44,6
1914,0,6.75,5.75,3.3,44,6
1914,1,6.25,5.75,3.3,44,6
1914,2,6.9,5.25,3.3,44,6
1914,3,6.325,5.25,3.3,44,6
1915,0,6.75,5.75,6.6,44,6
1915,1,6.25,5.75,6.6,44,6
1915,2,6.9,5.25,6.6,44,6
1915,3,6.325,5.25,6.6,44,6
1916,0,6.9,0.75,-1.1,44,7
1916,1,6.9,0.75,-1.65,44,7
1916,2,6.25,0.75,-1.1,44,7
1916,3,6.25,0.75,-1.65,44,7
1917,0,6.9,0.75,-0.55,44,7
1917,1,6.9,0.75,-1.1,44,7
1917,2,6.25,0.75,-0.55,44,7
1917,3,6.25,0.75,-1.1,44,7
1918,0,6.9,0.75,0,44,7
1918,1,6.9,0.75,-0.55,44,7
1918,2,6.325,0.75,0,44,7
1918,3,6.25,0.75,-0.55,44,7
1919,0,6.325,0.75,0,5,3
1919,1,6.9,0.75,0,5,3
1920,0,6.325,0.75,3.3,5,3
1920,1,6.9,0.75,3.3,5,3
1921,0,6.325,0.75,6.6,5,3
1921,1,6.9,0.75,6.6,5,3
1922,0,6.9,1.25,0,44,6
1922,1,6.325,1.25,0,44,6
1922,2,6.9,0.75,0,44,6
1922,3,6.325,0.75,0,44,6
1923,0,6.9,1.25,3.3,44,6
1923,1,6.325,1.25,3.3,44,6
1923,2,6.9,0.75,3.3,44,6
1923,3,6.325,0.75,3.3,44,6
1924,0,6.9,1.25,6.6,44,6
1924,1,6.325,1.25,6.6,44,6
1924,2,6.9,0.75,6.6,44,6
1924,3,6.325,0.75,6.6,44,6
1925,0,6.9,1.75,0,44,6
1925,1,6.325,1.75,0,44,6
1925,2,6.9,1.25,0,44,6
1925,3,6.325,1.25,0,44,6
1926,0,6.9,1.75,3.3,44,6
1926,1,6.325,1.75,3.3,44,6
1926,2,6.9,1.25,3.3,44,6
1926,3,6.325,1.25,3.3,44,6
1927,0,6.9,1.75,6.6,44,6
1927,1,6.325,1.75,6.6,44,6
1927,2,6.9,1.25,6.6,44,6
1927,3,6.325,1.25,6.6,44,6
1928,0,6.9,2.25,0,44,6
1928,1,6.325,2.25,0,44,6
1928,2,6.9,1.75,0,44,6
1928,3,6.325,1.75,0,44,6
1929,0,6.9,2.25,3.3,44,6
1929,1,6.325,2.25,3.3,44,6
1929,2,6.9,1.75,3.3,44,6
1929,3,6.325,1.75,3.3,44,6
1930,0,6.9,2.25,6.6,44,6
1930,1,6.325,2.25,6.6,44,6
1930,2,6.9,1.75,6.6,44,6
1930,3,6.325,1.75,6.6,44,6
1931,0,6.9,2.75,0,44,6
1931,1,6.325,2.75,0,44,6
1931,2,6.9,2.25,0,44,6
1931,3,6.325,2.25,0,44,6
1932,0,6.9,2.75,3.3,44,6
1932,1,6.325,2.75,3.3,44,6
1932,2,6.9,2.25,3.3,44,6
1932,3,6.325,2.25,3.3,44,6
1933,0,6.9,2.75,6.6,44,6
1933,1,6.325,2.75,6.6,44,6
1933,2,6.9,2.25,6.6,44,6
1933,3,6.325,2.25,6.6,44,6
1934,0,6.9,3.25,0,44,6
1934,1,6.325,3.25,0,44,6
1934,2,6.9,2.75,0,44,6
1934,3,6.325,2.75,0,44,6
1935,0,6.9,3.25,3.3,44,6
1935,1,6.325,3.25,3.3,44,6
1935,2,6.9,2.75,3.3,44,6
1935,3,6.325,2.75,3.3,44,6
1936,0,6.9,3.25,6.6,44,6
1936,1,6.325,3.25,6.6,44,6
1936,2,6.9,2.75,6.6,44,6
1936,3,6.325,2.75,6.6,44,6
1937,0,6.9,3.75,0,44,6
1937,1,6.325,3.75,0,44,6
1937,2,6.9,3.25,0,44,6
1937,3,6.325,3.25,0,44,6
1938,0,6.9,3.75,3.3,44,6
1938,1,6.325,3.75,3.3,44,6
1938,2,6.9,3.25,3.3,44,6
1938,3,6.325,3.25,3.3,44,6
1939,0,6.9,3.75,6.6,44,6
1939,1,6.325,3.75,6.6,44,6
1939,2,6.9,3.25,6.6,44,6
1939,3,6.325,3.25,6.6,44,6
1940,0,6.9,4.25,0,44,6
1940,1,6.325,4.25,0,44,6
1940,2,6.9,3.75,0,44,6
1940,3,6.325,3.75,0,44,6
1941,0,6.9,4.25,3.3,44,6
1941,1,6.325,4.25,3.3,44,6
1941,2,6.9,3.75,3.3,44,6
1941,3,6.325,3.75,3.3,44,6
1942,0,6.9,4.25,6.6,44,6
1942,1,6.325,4.25,6.6,44,6
1942,2,6.9,3.75,6.6,44,6
1942,3,6.325,3.75,6.6,44,6
1943,0,6.9,4.75,0,44,6
1943,1,6.325,4.75,0,44,6
1943,2,6.9,4.25,0,44,6
1943,3,6.325,4.25,0,44,6
1944,0,6.9,4.75,3.3,44,6
1944,1,6.325,4.75,3.3,44,6
1944,2,6.9,4.25,3.3,44,6
1944,3,6.325,4.25,3.3,44,6
1945,0,6.9,4.75,6.6,44,6
1945,1,6.325,4.75,6.6,44,6
1945,2,6.9,4.25,6.6,44,6
1945,3,6.325,4.25,6.6,44,6
1946,0,6.9,5.25,0,44,6
1946,1,6.325,5.25,0,44,6
1946,2,6.9,4.75,0,44,6
1946,3,6.325,4.75,0,44,6
1947,0,6.9,5.25,3.3,44,6
1947,1,6.325,5.25,3.3,44,6
1947,2,6.9,4.75,3.3,44,6
1947,3,6.325,4.75,3.3,44,6
1948,0,6.9,5.25,6.6,44,6
1948,1,6.325,5.25,6.6,44,6
1948,2,6.9,4.75,6.6,44,6
1948,3,6.325,4.75,6.6,44,6
1949,0,7.25,0.75,-3.3,44,4
1949,1,6.75,0.75,-3.3,44,4
1949,2,7.25,0.375,-3.3,44,4
1949,3,6.75,0.375,-3.3,44,4
1950,0,7.25,0.75,-2.75,44,7
1950,1,7.25,0.75,-3.3,44,7
1950,2,6.75,0.75,-2.75,44,7
1950,3,6.75,0.75,-3.3,44,7
1951,0,7.25,0.75,-2.2,44,7
1951,1,7.25,0.75,-2.75,44,7
1951,2,6.75,0.75,-2.2,44,7
1951,3,6.75,0.75,-2.75,44,7
1952,0,6.75,0.75,9.9,5,3
1952,1,7.25,0.75,9.9,5,3
1953,0,7.25,1.125,-3.3,44,4
1953,1,6.75,1.125,-3.3,44,4
1953,2,7.25,0.75,-3.3,44,4
1953,3,6.75,0.75,-3.3,44,4
1954,0,7.25,1.25,9.9,44,6
1954,1,6.75,1.25,9.9,44,6
1954,2,7.25,0.75,9.9,44,6
1954,3,6.75,0.75,9.9,44,6
1955,0,7.25,1.75,9.9,44,6
1955,1,6.75,1.75,9.9,44,6
1955,2,7.25,1.25,9.9,44,6
1955,3,6.75,1.25,9.9,44,6
1956,0,7.25,2.25,9.9,44,6
1956,1,6.75,2.25,9.9,44,6
1956,2,7.25,1.75,9.9,44,6
1956,3,6.75,1.75,9.9,44,6
1957,0,7.25,2.75,9.9,44,6
1957,1,6.75,2.75,9.9,44,6
1957,2,7.25,2.25,9.9,44,6
1957,3,6.75,2.25,9.9,44,6
1958,0,7.25,3.25,9.9,44,6
1958,1,6.75,3.25,9.9,44,6
1958,2,7.25,2.75,9.9,44,6
1958,3,6.75,2.75,9.9,44,6
1959,0,7.25,3.75,9.9,44,6
1959,1,6.75,3.75,9.9,44,6
1959,2,7.25,3.25,9.9,44,6
1959,3,6.75,3.25,9.9,44,6
1960,0,7.25,4.25,9.9,44,6
1960,1,6.75,4.25,9.9,44,6
1960,2,7.25,3.75,9.9,44,6
1960,3,6.75,3.75,9.9,44,6
1961,0,7.25,4.75,9.9,44,6
1961,1,6.75,4.75,9.9,44,6
1961,2,7.25,4.25,9.9,44,6
1961,3,6.75,4.25,9.9,44,6
1962,0,7.25,5.25,9.9,44,6
1962,1,6.75,5.25,9.9,44,6
1962,2,7.25,4.75,9.9,44,6
1962,3,6.75,4.75,9.9,44,6
1963,0,7.25,5.75,9.9,44,6
1963,1,6.75,5.75,9.9,44,6
1963,2,7.25,5.25,9.9,44,6
1963,3,6.75,5.25,9.9,44,6
1964,0,7.25,6.25,0,44,6
1964,1,6.75,6.25,0,44,6
1964,2,7.25,5.75,0,44,6
1964,3,6.75,5.75,0,44,6
1965,0,7.25,6.25,3.3,44,6
1965,1,6.75,6.25,3.3,44,6
1965,2,7.25,5.75,3.3,44,6
1965,3,6.75,5.75,3.3,44,6
1966,0,7.25,6.25,6.6,44,6
1966,1,6.75,6.25,6.6,44,6
1966,2,7.25,5.75,6.6,44,6
1966,3,6.75,5.75,6.6,44,6
1967,0,7.25,6.25,9.9,44,6
1967,1,6.75,6.25,9.9,44,6
1967,2,7.25,5.75,9.9,44,6
1967,3,6.75,5.75,9.9,44,6
1968,0,7.25,6.75,0,44,6
1968,1,6.75,6.75,0,44,6
1968,2,7.25,6.25,0,44,6
1968,3,6.75,6.25,0,44,6
1969,0,7.25,6.75,3.3,44,6
1969,1,6.75,6.75,3.3,44,6
1969,2,7.25,6.25,3.3,44,6
1969,3,6.75,6.25,3.3,44,6
1970,0,7.25,6.75,6.6,44,6
1970,1,6.75,6.75,6.6,44,6
1970,2,7.25,6.25,6.6,44,6
1970,3,6.75,6.25,6.6,44,6
1971,0,7.25,6.75,9.9,44,6
1971,1,6.75,6.75,9.9,44,6
1971,2,7.25,6.25,9.9,44,6
1971,3,6.75,6.25,9.9,44,6
1972,0,7.25,6.75,-3.3,44,4
1972,1,6.75,6.75,-3.3,44,4
1972,2,7.25,6.375,-3.3,44,4
1972,3,6.75,6.375,-3.3,44,4
1973,0,6.75,6.75,0,5,3
1973,1,7.25,6.75,0,5,3
1974,0,6.75,6.75,3.3,5,3
1974,1,7.25,6.75,3.3,5,3
1975,0,6.75,6.75,6.6,5,3
1975,1,7.25,6.75,6.6,5,3
1976,0,6.75,6.75,9.9,5,3
1976,1,7.25,6.75,9.9,5,3
1977,0,7.25,7.125,-3.3,44,4
1977,1,6.75,7.125,-3.3,44,4
1977,2,7.25,6.75,-3.3,44,4
1977,3,6.75,6.75,-3.3,44,4
1978,0,7.25,7.25,0,44,6
1978,1,6.75,7.25,0,44,6
1978,2,7.25,6.75,0,44,6
1978,3,6.75,6.75,0,44,6
1979,0,7.25,7.25,3.3,44,6
1979,1,6.75,7.25,3.3,44,6
1979,2,7.25,6.75,3.3,44,6
1979,3,6.75,6.75,3.3,44,6
1980,0,7.25,7.25,6.6,44,6
1980,1,6.75,7.25,6.6,44,6
1980,2,7.25,6.75,6.6,44,6
1980,3,6.75,6.75,6.6,44,6
1981,0,7.25,7.25,9.9,44,6
1981,1,6.75,7.25,9.9,44,6
1981,2,7.25,6.75,9.9,44,6
1981,3,6.75,6.75,9.9,44,6
1982,0,7.25,7.75,0,44,6
1982,1,6.75,7.75,0,44,6
1982,2,7.25,7.25,0,44,6
1982,3,6.75,7.25,0,44,6
1983,0,7.25,7.75,3.3,44,6
1983,1,6.75,7.75,3.3,44,6
1983,2,7.25,7.25,3.3,44,6
1983,3,6.75,7.25,3.3,44,6
1984,0,7.25,7.75,6.6,44,6
1984,1,6.75,7.75,6.6,44,6
1984,2,7.25,7.25,6.6,44,6
1984,3,6.75,7.25,6.6,44,6
1985,0,7.25,7.75,9.9,44,6
1985,1,6.75,7.75,9.9,44,6
1985,2,7.25,7.25,9.9,44,6
1985,3,6.75,7.25,9.9,44,6
1986,0,7.25,8.25,0,44,6
1986,1,6.75,8.25,0,44,6
1986,2,7.25,7.75,0,44,6
1986,3,6.75,7.75,0,44,6
1987,0,7.25,8.25,3.3,44,6
1987,1,6.75,8.25,3.3,44,6
1987,2,7.25,7.75,3.3,44,6
1987,3,6.75,7.75,3.3,44,6
1988,0,7.25,8.25,6.6,44,6
1988,1,6.75,8.25,6.6,44,6
1988,2,7.25,7.75,6.6,44,6
1988,3,6.75,7.75,6.6,44,6
1989,0,7.25,8.25,9.9,44,6
1989,1,6.75,8.25,9.9,44,6
1989,2,7.25,7.75,9.9,44,6
1989,3,6.75,7.75,9.9,44,6
1990,0,7.25,8.75,0,44,6
1990,1,6.75,8.75,0,44,6
1990,2,7.25,8.25,0,44,6
1990,3,6.75,8.25,0,44,6
1991,0,7.25,8.75,3.3,44,6
1991,1,6.75,8.75,3.3,44,6
1991,2,7.25,8.25,3.3,44,6
1991,3,6.75,8.25,3.3,44,6
1992,0,7.25,8.75,6.6,44,6
1992,1,6.75,8.75,6.6,44,6
1992,2,7.25,8.25,6.6,44,6
1992,3,6.75,8.25,6.6,44,6
1993,0,7.25,8.75,9.9,44,6
1993,1,6.75,8.75,9.9,44,6
1993,2,7.25,8.25,9.9,44,6
1993,3,6.75,8.25,9.9,44,6
1994,0,7.25,9.25,0,44,6
1994,1,6.75,9.25,0,44,6
1994,2,7.25,8.75,0,44,6
1994,3,6.75,8.75,0,44,6
1995,0,7.25,9.25,3.3,44,6
1995,1,6.75,9.25,3.3,44,6
1995,2,7.25,8.75,3.3,44,6
1995,3,6.75,8.75,3.3,44,6
1996,0,7.25,9.25,6.6,44,6
1996,1,6.75,9.25,6.6,44,6
1996,2,7.25,8.75,6.6,44,6
1996,3,6.75,8.75,6.6,44,6
1997,0,7.25,9.25,9.9,44,6
1997,1,6.75,9.25,9.9,44,6
1997,2,7.25,8.75,9.9,44,6
1997,3,6.75,8.75,9.9,44,6
1998,0,7.25,9.75,0,44,6
1998,1,6.75,9.75,0,44,6
1998,2,7.25,9.25,0,44,6
1998,3,6.75,9.25,0,44,6
1999,0,7.25,9.75,3.3,44,6
1999,1,6.75,9.75,3.3,44,6
1999,2,7.25,9.25,3.3,44,6
1999,3,6.75,9.25,3.3,44,6
2000,0,7.25,9.75,6.6,44,6
2000,1,6.75,9.75,6.6,44,6
2000,2,7.25,9.25,6.6,44,6
2000,3,6.75,9.25,6.6,44,6
2001,0,7.25,9.75,9.9,44,6
2001,1,6.75,9.75,9.9,44,6
2001,2,7.25,9.25,9.9,44,6
2001,3,6.75,9.25,9.9,44,6
2002,0,7.25,10.25,0,44,6
2002,1,6.75,10.25,0,44,6
2002,2,7.25,9.75,0,44,6
2002,3,6.75,9.75,0,44,6
2003,0,7.25,10.25,3.3,44,6
2003,1,6.75,10.25,3.3,44,6
2003,2,7.25,9.75,3.3,44,6
2003,3,6.75,9.75,3.3,44,6
2004,0,7.25,10.25,6.6,44,6
2004,1,6.75,10.25,6.6,44,6
2004,2,7.25,9.75,6.6,44,6
2004,3,6.75,9.75,6.6,44,6
2005,0,7.25,10.25,9.9,44,6
2005,1,6.75,10.25,9.9,44,6
2005,2,7.25,9.75,9.9,44,6
2005,3,6.75,9.75,9.9,44,6
2006,0,7.25,10.75,0,44,6
2006,1,6.75,10.75,0,44,6
2006,2,7.25,10.25,0,44,6
2006,3,6.75,10.25,0,44,6
2007,0,7.25,10.75,3.3,44,6
2007,1,6.75,10.75,3.3,44,6
2007,2,7.25,10.25,3.3,44,6
2007,3,6.75,10.25,3.3,44,6
2008,0,7.25,10.75,6.6,44,6
2008,1,6.75,10.75,6.6,44,6
2008,2,7.25,10.25,6.6,44,6
2008,3,6.75,10.25,6.6,44,6
2009,0,7.25,10.75,9.9,44,6
2009,1,6.75,10.75,9.9,44,6
2009,2,7.25,10.25,9.9,44,6
2009,3,6.75,10.25,9.9,44,6
2010,0,7.25,11.25,0,44,6
2010,1,6.75,11.25,0,44,6
2010,2,7.25,10.75,0,44,6
2010,3,6.75,10.75,0,44,6
2011,0,7.25,11.25,3.3,44,6
2011,1,6.75,11.25,3.3,44,6
2011,2,7.25,10.75,3.3,44,6
2011,3,6.75,10.75,3.3,44,6
2012,0,7.25,11.25,6.6,44,6
2012,1,6.75,11.25,6.6,44,6
2012,2,7.25,10.75,6.6,44,6
2012,3,6.75,10.75,6.6,44,6
2013,0,7.25,11.25,9.9,44,6
2013,1,6.75,11.25,9.9,44,6
2013,2,7.25,10.75,9.9,44,6
2013,3,6.75,10.75,9.9,44,6
2014,0,7.25,11.75,0,44,6
2014,1,6.75,11.75,0,44,6
2014,2,7.25,11.25,0,44,6
2014,3,6.75,11.25,0,44,6
2015,0,7.25,11.75,3.3,44,6
2015,1,6.75,11.75,3.3,44,6
2015,2,7.25,11.25,3.3,44,6
2015,3,6.75,11.25,3.3,44,6
2016,0,7.25,11.75,6.6,44,6
2016,1,6.75,11.75,6.6,44,6
2016,2,7.25,11.25,6.6,44,6
2016,3,6.75,11.25,6.6,44,6
2017,0,7.25,11.75,9.9,44,6
2017,1,6.75,11.75,9.9,44,6
2017,2,7.25,11.25,9.9,44,6
2017,3,6.75,11.25,9.9,44,6
2018,0,7.25,12.25,0,44,6
2018,1,6.75,12.25,0,44,6
2018,2,7.25,11.75,0,44,6
2018,3,6.75,11.75,0,44,6
2019,0,7.25,12.25,3.3,44,6
2019,1,6.75,12.25,3.3,44,6
2019,2,7.25,11.75,3.3,44,6
2019,3,6.75,11.75,3.3,44,6
2020,0,7.25,12.25,6.6,44,6
2020,1,6.75,12.25,6.6,44,6
2020,2,7.25,11.75,6.6,44,6
2020,3,6.75,11.75,6.6,44,6
2021,0,7.25,12.25,9.9,44,6
2021,1,6.75,12.25,9.9,44,6
2021,2,7.25,11.75,9.9,44,6
2021,3,6.75,11.75,9.9,44,6
2022,0,7.25,12.75,0,44,6
2022,1,6.75,12.75,0,44,6
2022,2,7.25,12.25,0,44,6
2022,3,6.75,12.25,0,44,6
2023,0,7.25,12.75,3.3,44,6
2023,1,6.75,12.75,3.3,44,6
2023,2,7.25,12.25,3.3,44,6
2023,3,6.75,12.25,3.3,44,6
2024,0,7.25,12.75,6.6,44,6
2024,1,6.75,12.75,6.6,44,6
2024,2,7.25,12.25,6.6,44,6
2024,3,6.75,12.25,6.6,44,6
2025,0,7.25,12.75,9.9,44,6
2025,1,6.75,12.75,9.9,44,6
2025,2,7.25,12.25,9.9,44,6
2025,3,6.75,12.25,9.9,44,6
2026,0,7.25,12.75,-3.3,44,4
2026,1,6.75,12.75,-3.3,44,4
2026,2,7.25,12.375,-3.3,44,4
2026,3,6.75,12.375,-3.3,44,4
2027,0,7.25,12.75,-2.75,44,7
2027,1,7.25,12.75,-3.3,44,7
2027,2,6.75,12.75,-2.75,44,7
2027,3,6.75,12.75,-3.3,44,7
2028,0,7.25,12.75,-2.2,44,7
2028,1,7.25,12.75,-2.75,44,7
2028,2,6.75,12.75,-2.2,44,7
2028,3,6.75,12.75,-2.75,44,7
2029,0,7.25,12.75,-1.65,44,7
2029,1,7.25,12.75,-2.2,44,7
2029,2,6.75,12.75,-1.65,44,7
2029,3,6.75,12.75,-2.2,44,7
2030,0,7.25,12.75,-1.1,44,7
2030,1,7.25,12.75,-1.65,44,7
2030,2,6.75,12.75,-1.1,44,7
2030,3,6.75,12.75,-1.65,44,7
2031,0,7.25,12.75,-0.55,44,7
2031,1,7.25,12.75,-1.1,44,7
2031,2,6.75,12.75,-0.55,44,7
2031,3,6.75,12.75,-1.1,44,7
2032,0,7.25,12.75,0,44,7
2032,1,7.25,12.75,-0.55,44,7
2032,2,6.75,12.75,0,44,7
2032,3,6.75,12.75,-0.55,44,7
2033,0,6.75,12.75,0,5,3
2033,1,7.25,12.75,0,5,3
2034,0,6.75,12.75,3.3,5,3
2034,1,7.25,12.75,3.3,5,3
2035,0,6.75,12.75,6.6,5,3
2035,1,7.25,12.75,6.6,5,3
2036,0,6.75,12.75,9.9,5,3
2036,1,7.25,12.75,9.9,5,3
2037,0,7.25,13.125,-3.3,44,4
2037,1,6.75,13.125,-3.3,44,4
2037,2,7.25,12.75,-3.3,44,4
2037,3,6.75,12.75,-3.3,44,4
2038,0,7.25,0.75,-1.65,44,7
2038,1,7.25,0.75,-2.2,44,7
2038,2,6.9,0.75,-1.65,44,7
2038,3,6.75,0.75,-2.2,44,7
2039,0,7.25,5.75,0,44,6
2039,1,6.75,5.75,0,44,6
2039,2,7.25,5.25,0,44,6
2039,3,6.9,5.25,0,44,6
2040,0,7.25,5.75,3.3,44,6
2040,1,6.75,5.75,3.3,44,6
2040,2,7.25,5.25,3.3,44,6
2040,3,6.9,5.25,3.3,44,6
2041,0,7.25,5.75,6.6,44,6
2041,1,6.75,5.75,6.6,44,6
2041,2,7.25,5.25,6.6,44,6
2041,3,6.9,5.25,6.6,44,6
2042,0,7.25,0.75,-1.1,44,7
2042,1,7.25,0.75,-1.65,44,7
2042,2,6.9,0.75,-1.1,44,7
2042,3,6.9,0.75,-1.65,44,7
2043,0,7.25,0.75,-0.55,44,7
2043,1,7.25,0.75,-1.1,44,7
2043,2,6.9,0.75,-0.55,44,7
2043,3,6.9,0.75,-1.1,44,7
2044,0,7.25,0.75,0,44,7
2044,1,7.25,0.75,-0.55,44,7
2044,2,6.9,0.75,0,44,7
2044,3,6.9,0.75,-0.55,44,7
2045,0,6.9,0.75,0,5,3
2045,1,7.25,0.75,0,5,3
2046,0,6.9,0.75,3.3,5,3
2046,1,7.25,0.75,3.3,5,3
2047,0,6.9,0.75,6.6,5,3
2047,1,7.25,0.75,6.6,5,3
2048,0,7.575,1.25,-1.65,44,5
2048,1,6.9,1.25,-1.65,44,5
2048,2,7.25,0.75,-1.65,44,5
2048,3,6.9,0.75,-1.65,44,5
2049,0,7.575,4.82143,0.23571,44,5
2049,1,7.25,5.25,0,44,5
2049,2,6.9,4.82143,0.23571,44,5
2049,3,6.9,5.25,0,44,5
2050,0,7.575,4.82143,3.53571,44,5
2050,1,7.25,5.25,3.3,44,5
2050,2,6.9,4.82143,3.53571,44,5
2050,3,6.9,5.25,3.3,44,5
2051,0,7.575,1.25,1.65,44,5
2051,1,6.9,1.25,1.65,44,5
2051,2,7.575,0.75,1.65,44,5
2051,3,6.9,0.75,1.65,44,5
2052,0,7.575,1.25,4.95,44,5
2052,1,6.9,1.25,4.95,44,5
2052,2,7.575,0.75,4.95,44,5
2052,3,6.9,0.75,4.95,44,5
2053,0,7.575,1.75,-1.65,44,5
2053,1,6.9,1.75,-1.65,44,5
2053,2,7.575,1.25,-1.65,44,5
2053,3,6.9,1.25,-1.65,44,5
2054,0,7.575,1.75,1.65,44,5
2054,1,6.9,1.75,1.65,44,5
2054,2,7.575,1.25,1.65,44,5
2054,3,6.9,1.25,1.65,44,5
2055,0,7.575,1.75,4.95,44,5
2055,1,6.9,1.75,4.95,44,5
2055,2,7.575,1.25,4.95,44,5
2055,3,6.9,1.25,4.95,44,5
2056,0,7.575,2.25,-1.65,44,5
2056,1,6.9,2.25,-1.65,44,5
2056,2,7.575,1.75,-1.65,44,5
2056,3,6.9,1.75,-1.65,44,5
2057,0,7.575,2.25,1.65,44,5
2057,1,6.9,2.25,1.65,44,5
2057,2,7.575,1.75,1.65,44,5
2057,3,6.9,1.75,1.65,44,5
2058,0,7.575,2.25,4.95,44,5
2058,1,6.9,2.25,4.95,44,5
2058,2,7.575,1.75,4.95,44,5
2058,3,6.9,1.75,4.95,44,5
2059,0,7.575,2.25,-1.65,44,5
2059,1,7.575,2.67857,-1.88571,44,5
2059,2,6.9,2.25,-1.65,44,5
2059,3,6.9,2.67857,-1.88571,44,5
2060,0,7.575,2.25,1.65,44,5
2060,1,7.575,2.67857,1.41429,44,5
2060,2,6.9,2.25,1.65,44,5
2060,3,6.9,2.67857,1.41429,44,5
2061,0,7.575,2.25,4.95,44,5
2061,1,7.575,2.67857,4.71429,44,5
2061,2,6.9,2.25,4.95,44,5
2061,3,6.9,2.67857,4.71429,44,5
2062,0,7.575,2.67857,-1.88571,44,5
2062,1,7.575,3.10714,-2.12143,44,5
2062,2,6.9,2.67857,-1.88571,44,5
2062,3,6.9,3.10714,-2.12143,44,5
2063,0,7.575,2.67857,1.41429,44,5
2063,1,7.575,3.10714,1.17857,44,5
2063,2,6.9,2.67857,1.41429,44,5
2063,3,6.9,3.10714,1.17857,44,5
2064,0,7.575,2.67857,4.71429,44,5
2064,1,7.575,3.10714,4.47857,44,5
2064,2,6.9,2.67857,4.71429,44,5
2064,3,6.9,3.10714,4.47857,44,5
2065,0,7.575,3.10714,-2.12143,44,5
2065,1,7.575,3.53571,-2.35714,44,5
2065,2,6.9,3.10714,-2.12143,44,5
2065,3,6.9,3.53571,-2.35714,44,5
2066,0,7.575,3.10714,1.17857,44,5
2066,1,7.575,3.53571,0.94286,44,5
2066,2,6.9,3.10714,1.17857,44,5
2066,3,6.9,3.53571,0.94286,44,5
2067,0,7.575,3.10714,4.47857,44,5
2067,1,7.575,3.53571,4.24286,44,5
2067,2,6.9,3.10714,4.47857,44,5
2067,3,6.9,3.53571,4.24286,44,5
2068,0,7.575,3.53571,-2.35714,44,5
2068,1,7.575,3.96429,-2.59286,44,5
2068,2,6.9,3.53571,-2.35714,44,5
2068,3,6.9,3.96429,-2.59286,44,5
2069,0,7.575,3.53571,0.94286,44,5
2069,1,7.575,3.96429,0.70714,44,5
2069,2,6.9,3.53571,0.94286,44,5
2069,3,6.9,3.96429,0.70714,44,5
2070,0,7.575,3.53571,4.24286,44,5
2070,1,7.575,3.96429,4.00714,44,5
2070,2,6.9,3.53571,4.24286,44,5
2070,3,6.9,3.96429,4.00714,44,5
2071,0,7.575,3.96429,-2.59286,44,5
2071,1,7.575,4.39286,-2.82857,44,5
2071,2,6.9,3.96429,-2.59286,44,5
2071,3,6.9,4.39286,-2.82857,44,5
2072,0,7.575,3.96429,0.70714,44,5
2072,1,7.575,4.39286,0.47143,44,5
2072,2,6.9,3.96429,0.70714,44,5
2072,3,6.9,4.39286,0.47143,44,5
2073,0,7.575,3.96429,4.00714,44,5
2073,1,7.575,4.39286,3.77143,44,5
2073,2,6.9,3.96429,4.00714,44,5
2073,3,6.9,4.39286,3.77143,44,5
2074,0,7.575,4.39286,-2.82857,44,5
2074,1,7.575,4.82143,-3.06429,44,5
2074,2,6.9,4.39286,-2.82857,44,5
2074,3,6.9,4.82143,-3.06429,44,5
2075,0,7.575,4.39286,0.47143,44,5
2075,1,7.575,4.82143,0.23571,44,5
2075,2,6.9,4.39286,0.47143,44,5
2075,3,6.9,4.82143,0.23571,44,5
2076,0,7.575,4.39286,3.77143,44,5
2076,1,7.575,4.82143,3.53571,44,5
2076,2,6.9,4.39286,3.77143,44,5
2076,3,6.9,4.82143,3.53571,44,5
2077,0,7.575,4.82143,-3.06429,44,5
2077,1,7.575,5.25,-3.3,44,5
2077,2,6.9,4.82143,-3.06429,44,5
2077,3,6.9,5.25,-3.3,44,5
2078,0,7.75,0.75,-3.3,44,4
2078,1,7.25,0.75,-3.3,44,4
2078,2,7.75,0.375,-3.3,44,4
2078,3,7.25,0.375,-3.3,44,4
2079,0,7.75,0.75,-2.75,44,7
2079,1,7.75,0.75,-3.3,44,7
2079,2,7.25,0.75,-2.75,44,7
2079,3,7.25,0.75,-3.3,44,7
2080,0,7.75,0.75,-2.2,44,7
2080,1,7.75,0.75,-2.75,44,7
2080,2,7.25,0.75,-2.2,44,7
2080,3,7.25,0.75,-2.75,44,7
2081,0,7.75,0.75,-1.65,44,7
2081,1,7.75,0.75,-2.2,44,7
2081,2,7.25,0.75,-1.65,44,7
2081,3,7.25,0.75,-2.2,44,7
2082,0,7.75,0.75,-1.1,44,7
2082,1,7.75,0.75,-1.65,44,7
2082,2,7.25,0.75,-1.1,44,7
2082,3,7.25,0.75,-1.65,44,7
2083,0,7.75,0.75,-0.55,44,7
2083,1,7.75,0.75,-1.1,44,7
2083,2,7.25,0.75,-0.55,44,7
2083,3,7.25,0.75,-1.1,44,7
2084,0,7.75,0.75,0,44,7
2084,1,7.75,0.75,-0.55,44,7
2084,2,7.25,0.75,0,44,7
2084,3,7.25,0.75,-0.55,44,7
2085,0,7.25,0.75,0,5,3
2085,1,7.75,0.75,0,5,3
2086,0,7.25,0.75,3.3,5,3
2086,1,7.75,0.75,3.3,5,3
2087,0,7.25,0.75,6.6,5,3
2087,1,7.75,0.75,6.6,5,3
2088,0,7.25,0.75,9.9,5,3
2088,1,7.75,0.75,9.9,5,3
2089,0,7.75,1.125,-3.3,44,4
2089,1,7.25,1.125,-3.3,44,4
2089,2,7.75,0.75,-3.3,44,4
2089,3,7.25,0.75,-3.3,44,4
2090,0,7.75,1.25,9.9,44,6
2090,1,7.25,1.25,9.9,44,6
2090,2,7.75,0.75,9.9,44,6
2090,3,7.25,0.75,9.9,44,6
2091,0,7.75,1.75,9.9,44,6
2091,1,7.25,1.75,9.9,44,6
2091,2,7.75,1.25,9.9,44,6
2091,3,7.25,1.25,9.9,44,6
2092,0,7.75,2.25,9.9,44,6
2092,1,7.25,2.25,9.9,44,6
2092,2,7.75,1.75,9.9,44,6
2092,3,7.25,1.75,9.9,44,6
2093,0,7.75,2.75,9.9,44,6
2093,1,7.25,2.75,9.9,44,6
2093,2,7.75,2.25,9.9,44,6
2093,3,7.25,2.25,9.9,44,6
2094,0,7.75,3.25,9.9,44,6
2094,1,7.25,3.25,9.9,44,6
2094,2,7.75,2.75,9.9,44,6
2094,3,7.25,2.75,9.9,44,6
2095,0,7.75,3.75,9.9,44,6
2095,1,7.25,3.75,9.9,44,6
2095,2,7.75,3.25,9.9,44,6
2095,3,7.25,3.25,9.9,44,6
2096,0,7.75,4.25,9.9,44,6
2096,1,7.25,4.25,9.9,44,6
2096,2,7.75,3.75,9.9,44,6
2096,3,7.25,3.75,9.9,44,6
2097,0,7.75,4.75,9.9,44,6
2097,1,7.25,4.75,9.9,44,6
2097,2,7.75,4.25,9.9,44,6
2097,3,7.25,4.25,9.9,44,6
2098,0,7.75,5.25,9.9,44,6
2098,1,7.25,5.25,9.9,44,6
2098,2,7.75,4.75,9.9,44,6
2098,3,7.25,4.75,9.9,44,6
2099,0,7.75,5.75,0,44,6
2099,1,7.25,5.75,0,44,6
2099,2,7.75,5.25,0,44,6
2099,3,7.25,5.25,0,44,6
2100,0,7.75,5.75,3.3,44,6
2100,1,7.25,5.75,3.3,44,6
2100,2,7.75,5.25,3.3,44,6
2100,3,7.25,5.25,3.3,44,6
2101,0,7.75,5.75,6.6,44,6
2101,1,7.25,5.75,6.6,44,6
2101,2,7.75,5.25,6.6,44,6
2101,3,7.25,5.25,6.6,44,6
2102,0,7.75,5.75,9.9,44,6
2102,1,7.25,5.75,9.9,44,6
2102,2,7.75,5.25,9.9,44,6
2102,3,7.25,5.25,9.9,44,6
2103,0,7.75,6.25,0,44,6
2103,1,7.25,6.25,0,44,6
2103,2,7.75,5.75,0,44,6
2103,3,7.25,5.75,0,44,6
2104,0,7.75,6.25,3.3,44,6
2104,1,7.25,6.25,3.3,44,6
2104,2,7.75,5.75,3.3,44,6
2104,3,7.25,5.75,3.3,44,6
2105,0,7.75,6.25,6.6,44,6
2105,1,7.25,6.25,6.6,44,6
2105,2,7.75,5.75,6.6,44,6
2105,3,7.25,5.75,6.6,44,6
2106,0,7.75,6.25,9.9,44,6
2106,1,7.25,6.25,9.9,44,6
2106,2,7.75,5.75,9.9,44,6
2106,3,7.25,5.75,9.9,44,6
2107,0,7.75,6.75,0,44,6
2107,1,7.25,6.75,0,44,6
2107,2,7.75,6.25,0,44,6
2107,3,7.25,6.25,0,44,6
2108,0,7.75,6.75,3.3,44,6
2108,1,7.25,6.75,3.3,44,6
2108,2,7.75,6.25,3.3,44,6
2108,3,7.25,6.25,3.3,44,6
2109,0,7.75,6.75,6.6,44,6
2109,1,7.25,6.75,6.6,44,6
2109,2,7.75,6.25,6.6,44,6
2109,3,7.25,6.25,6.6,44,6
2110,0,7.75,6.75,9.9,44,6
2110,1,7.25,6.75,9.9,44,6
2110,2,7.75,6.25,9.9,44,6
2110,3,7.25,6.25,9.9,44,6
2111,0,7.75,6.75,-3.3,44,4
2111,1,7.25,6.75,-3.3,44,4
2111,2,7.75,6.375,-3.3,44,4
2111,3,7.25,6.375,-3.3,44,4
2112,0,7.25,6.75,0,5,3
2112,1,7.75,6.75,0,5,3
2113,0,7.25,6.75,3.3,5,3
2113,1,7.75,6.75,3.3,5,3
2114,0,7.25,6.75,6.6,5,3
2114,1,7.75,6.75,6.6,5,3
2115,0,7.25,6.75,9.9,5,3
2115,1,7.75,6.75,9.9,5,3
2116,0,7.75,7.125,-3.3,44,4
2116,1,7.25,7.125,-3.3,44,4
2116,2,7.75,6.75,-3.3,44,4
2116,3,7.25,6.75,-3.3,44,4
2117,0,7.75,7.25,0,44,6
2117,1,7.25,7.25,0,44,6
2117,2,7.75,6.75,0,44,6
2117,3,7.25,6.75,0,44,6
2118,0,7.75,7.25,3.3,44,6
2118,1,7.25,7.25,3.3,44,6
2118,2,7.75,6.75,3.3,44,6
2118,3,7.25,6.75,3.3,44,6
2119,0,7.75,7.25,6.6,44,6
2119,1,7.25,7.25,6.6,44,6
2119,2,7.75,6.75,6.6,44,6
2119,3,7.25,6.75,6.6,44,6
2120,0,7.75,7.25,9.9,44,6
2120,1,7.25,7.25,9.9,44,6
2120,2,7.75,6.75,9.9,44,6
2120,3,7.25,6.75,9.9,44,6
2121,0,7.75,7.75,0,44,6
2121,1,7.25,7.75,0,44,6
2121,2,7.75,7.25,0,44,6
2121,3,7.25,7.25,0,44,6
2122,0,7.75,7.75,3.3,44,6
2122,1,7.25,7.75,3.3,44,6
2122,2,7.75,7.25,3.3,44,6
2122,3,7.25,7.25,3.3,44,6
2123,0,7.75,7.75,6.6,44,6
2123,1,7.25,7.75,6.6,44,6
2123,2,7.75,7.25,6.6,44,6
2123,3,7.25,7.25,6.6,44,6
2124,0,7.75,7.75,9.9,44,6
2124,1,7.25,7.75,9.9,44,6
2124,2,7.75,7.25,9.9,44,6
2124,3,7.25,7.25,9.9,44,6
2125,0,7.75,8.25,0,44,6
2125,1,7.25,8.25,0,44,6
2125,2,7.75,7.75,0,44,6
2125,3,7.25,7.75,0,44,6
2126,0,7.75,8.25,3.3,44,6
2126,1,7.25,8.25,3.3,44,6
2126,2,7.75,7.75,3.3,44,6
2126,3,7.25,7.75,3.3,44,6
2127,0,7.75,8.25,6.6,44,6
2127,1,7.25,8.25,6.6,44,6
2127,2,7.75,7.75,6.6,44,6
2127,3,7.25,7.75,6.6,44,6
2128,0,7.75,8.25,9.9,44,6
2128,1,7.25,8.25,9.9,44,6
2128,2,7.75,7.75,9.9,44,6
2128,3,7.25,7.75,9.9,44,6
2129,0,7.75,8.75,0,44,6
2129,1,7.25,8.75,0,44,6
2129,2,7.75,8.25,0,44,6
2129,3,7.25,8.25,0,44,6
2130,0,7.75,8.75,3.3,44,6
2130,1,7.25,8.75,3.3,44,6
2130,2,7.75,8.25,3.3,44,6
2130,3,7.25,8.25,3.3,44,6
2131,0,7.75,8.75,6.6,44,6
2131,1,7.25,8.75,6.6,44,6
2131,2,7.75,8.25,6.6,44,6
2131,3,7.25,8.25,6.6,44,6
2132,0,7.75,8.75,9.9,44,6
2132,1,7.25,8.75,9.9,44,6
2132,2,7.75,8.25,9.9,44,6
2132,3,7.25,8.25,9.9,44,6
2133,0,7.75,9.25,0,44,6
2133,1,7.25,9.25,0,44,6
2133,2,7.75,8.75,0,44,6
2133,3,7.25,8.75,0,44,6
2134,0,7.75,9.25,3.3,44,6
2134,1,7.25,9.25,3.3,44,6
2134,2,7.75,8.75,3.3,44,6
2134,3,7.25,8.75,3.3,44,6
2135,0,7.75,9.25,6.6,44,6
2135,1,7.25,9.25,6.6,44,6
2135,2,7.75,8.75,6.6,44,6
2135,3,7.25,8.75,6.6,44,6
2136,0,7.75,9.25,9.9,44,6
2136,1,7.25,9.25,9.9,44,6
2136,2,7.75,8.75,9.9,44,6
2136,3,7.25,8.75,9.9,44,6
2137,0,7.75,9.75,0,44,6
2137,1,7.25,9.75,0,44,6
2137,2,7.75,9.25,0,44,6
2137,3,7.25,9.25,0,44,6
2138,0,7.75,9.75,3.3,44,6
2138,1,7.25,9.75,3.3,44,6
2138,2,7.75,9.25,3.3,44,6
2138,3,7.25,9.25,3.3,44,6
2139,0,7.75,9.75,6.6,44,6
2139,1,7.25,9.75,6.6,44,6
2139,2,7.75,9.25,6.6,44,6
2139,3,7.25,9.25,6.6,44,6
2140,0,7.75,9.75,9.9,44,6
2140,1,7.25,9.75,9.9,44,6
2140,2,7.75,9.25,9.9,44,6
2140,3,7.25,9.25,9.9,44,6
2141,0,7.75,10.25,0,44,6
2141,1,7.25,10.25,0,44,6
2141,2,7.75,9.75,0,44,6
2141,3,7.25,9.75,0,44,6
2142,0,7.75,10.25,3.3,44,6
2142,1,7.25,10.25,3.3,44,6
2142,2,7.75,9.75,3.3,44,6
2142,3,7.25,9.75,3.3,44,6
2143,0,7.75,10.25,6.6,44,6
2143,1,7.25,10.25,6.6,44,6
2143,2,7.75,9.75,6.6,44,6
2143,3,7.25,9.75,6.6,44,6
2144,0,7.75,10.25,9.9,44,6
2144,1,7.25,10.25,9.9,44,6
2144,2,7.75,9.75,9.9,44,6
2144,3,7.25,9.75,9.9,44,6
2145,0,7.75,10.75,0,44,6
2145,1,7.25,10.75,0,44,6
2145,2,7.75,10.25,0,44,6
2145,3,7.25,10.25,0,44,6
2146,0,7.75,10.75,3.3,44,6
2146,1,7.25,10.75,3.3,44,6
2146,2,7.75,10.25,3.3,44,6
2146,3,7.25,10.25,3.3,44,6
2147,0,7.75,10.75,6.6,44,6
2147,1,7.25,10.75,6.6,44,6
2147,2,7.75,10.25,6.6,44,6
2147,3,7.25,10.25,6.6,44,6
2148,0,7.75,10.75,9.9,44,6
2148,1,7.25,10.75,9.9,44,6
2148,2,7.75,10.25,9.9,44,6
2148,3,7.25,10.25,9.9,44,6
2149,0,7.75,11.25,0,44,6
2149,1,7.25,11.25,0,44,6
2149,2,7.75,10.75,0,44,6
2149,3,7.25,10.75,0,44,6
2150,0,7.75,11.25,3.3,44,6
2150,1,7.25,11.25,3.3,44,6
2150,2,7.75,10.75,3.3,44,6
2150,3,7.25,10.75,3.3,44,6
2151,0,7.75,11.25,6.6,44,6
2151,1,7.25,11.25,6.6,44,6
2151,2,7.75,10.75,6.6,44,6
2151,3,7.25,10.75,6.6,44,6
2152,0,7.75,11.25,9.9,44,6
2152,1,7.25,11.25,9.9,44,6
2152,2,7.75,10.75,9.9,44,6
2152,3,7.25,10.75,9.9,44,6
2153,0,7.75,11.75,0,44,6
2153,1,7.25,11.75,0,44,6
2153,2,7.75,11.25,0,44,6
2153,3,7.25,11.25,0,44,6
2154,0,7.75,11.75,3.3,44,6
2154,1,7.25,11.75,3.3,44,6
2154,2,7.75,11.25,3.3,44,6
2154,3,7.25,11.25,3.3,44,6
2155,0,7.75,11.75,6.6,44,6
2155,1,7.25,11.75,6.6,44,6
2155,2,7.75,11.25,6.6,44,6
2155,3,7.25,11.25,6.6,44,6
2156,0,7.75,11.75,9.9,44,6
2156,1,7.25,11.75,9.9,44,6
2156,2,7.75,11.25,9.9,44,6
2156,3,7.25,11.25,9.9,44,6
2157,0,7.75,12.25,0,44,6
2157,1,7.25,12.25,0,44,6
2157,2,7.75,11.75,0,44,6
2157,3,7.25,11.75,0,44,6
2158,0,7.75,12.25,3.3,44,6
2158,1,7.25,12.25,3.3,44,6
2158,2,7.75,11.75,3.3,44,6
2158,3,7.25,11.75,3.3,44,6
2159,0,7.75,12.25,6.6,44,6
2159,1,7.25,12.25,6.6,44,6
2159,2,7.75,11.75,6.6,44,6
2159,3,7.25,11.75,6.6,44,6
2160,0,7.75,12.25,9.9,44,6
2160,1,7.25,12.25,9.9,44,6
2160,2,7.75,11.75,9.9,44,6
2160,3,7.25,11.75,9.9,44,6
2161,0,7.75,12.75,0,44,6
2161,1,7.25,12.75,0,44,6
2161,2,7.75,12.25,0,44,6
2161,3,7.25,12.25,0,44,6
2162,0,7.75,12.75,3.3,44,6
2162,1,7.25,12.75,3.3,44,6
2162,2,7.75,12.25,3.3,44,6
2162,3,7.25,12.25,3.3,44,6
2163,0,7.75,12.75,6.6,44,6
2163,1,7.25,12.75,6.6,44,6
2163,2,7.75,12.25,6.6,44,6
2163,3,7.25,12.25,6.6,44,6
2164,0,7.75,12.75,9.9,44,6
2164,1,7.25,12.75,9.9,44,6
2164,2,7.75,12.25,9.9,44,6
2164,3,7.25,12.25,9.9,44,6
2165,0,7.75,12.75,-3.3,44,4
2165,1,7.25,12.75,-3.3,44,4
2165,2,7.75,12.375,-3.3,44,4
2165,3,7.25,12.375,-3.3,44,4
2166,0,7.75,12.75,-2.75,44,7
2166,1,7.75,12.75,-3.3,44,7
2166,2,7.25,12.75,-2.75,44,7
2166,3,7.25,12.75,-3.3,44,7
2167,0,7.75,12.75,-2.2,44,7
2167,1,7.75,12.75,-2.75,44,7
2167,2,7.25,12.75,-2.2,44,7
2167,3,7.25,12.75,-2.75,44,7
2168,0,7.75,12.75,-1.65,44,7
2168,1,7.75,12.75,-2.2,44,7
2168,2,7.25,12.75,-1.65,44,7
2168,3,7.25,12.75,-2.2,44,7
2169,0,7.75,12.75,-1.1,44,7
2169,1,7.75,12.75,-1.65,44,7
2169,2,7.25,12.75,-1.1,44,7
2169,3,7.25,12.75,-1.65,44,7
2170,0,7.75,12.75,-0.55,44,7
2170,1,7.75,12.75,-1.1,44,7
2170,2,7.25,12.75,-0.55,44,7
2170,3,7.25,12.75,-1.1,44,7
2171,0,7.75,12.75,0,44,7
2171,1,7.75,12.75,-0.55,44,7
2171,2,7.25,12.75,0,44,7
2171,3,7.25,12.75,-0.55,44,7
2172,0,7.25,12.75,0,5,3
2172,1,7.75,12.75,0,5,3
2173,0,7.25,12.75,3.3,5,3
2173,1,7.75,12.75,3.3,5,3
2174,0,7.25,12.75,6.6,5,3
2174,1,7.75,12.75,6.6,5,3
2175,0,7.25,12.75,9.9,5,3
2175,1,7.75,12.75,9.9,5,3
2176,0,7.75,13.125,-3.3,44,4
2176,1,7.25,13.125,-3.3,44,4
2176,2,7.75,12.75,-3.3,44,4
2176,3,7.25,12.75,-3.3,44,4
2177,0,7.575,1.25,-1.65,42,5
2177,1,7.25,0.75,-1.65,42,5
2177,2,7.75,0.75,-1.65,42,5
2178,0,7.575,4.82143,0.23571,42,5
2178,1,7.75,5.25,0,42,5
2178,2,7.25,5.25,0,42,5
2179,0,7.575,4.82143,3.53571,42,5
2179,1,7.75,5.25,3.3,42,5
2179,2,7.25,5.25,3.3,42,5
2180,0,8.25,1.25,1.65,44,5
2180,1,7.575,1.25,1.65,44,5
2180,2,8.25,0.75,1.65,44,5
2180,3,7.575,0.75,1.65,44,5
2181,0,8.25,1.25,4.95,44,5
2181,1,7.575,1.25,4.95,44,5
2181,2,8.25,0.75,4.95,44,5
2181,3,7.575,0.75,4.95,44,5
2182,0,8.25,1.75,-1.65,44,5
2182,1,7.575,1.75,-1.65,44,5
2182,2,8.25,1.25,-1.65,44,5
2182,3,7.575,1.25,-1.65,44,5
2183,0,8.25,1.75,1.65,44,5
2183,1,7.575,1.75,1.65,44,5
2183,2,8.25,1.25,1.65,44,5
2183,3,7.575,1.25,1.65,44,5
2184,0,8.25,1.75,4.95,44,5
2184,1,7.575,1.75,4.95,44,5
2184,2,8.25,1.25,4.95,44,5
2184,3,7.575,1.25,4.95,44,5
2185,0,8.25,2.25,-1.65,44,5
2185,1,7.575,2.25,-1.65,44,5
2185,2,8.25,1.75,-1.65,44,5
2185,3,7.575,1.75,-1.65,44,5
2186,0,8.25,2.25,1.65,44,5
2186,1,7.575,2.25,1.65,44,5
2186,2,8.25,1.75,1.65,44,5
2186,3,7.575,1.75,1.65,44,5
2187,0,8.25,2.25,4.95,44,5
2187,1,7.575,2.25,4.95,44,5
2187,2,8.25,1.75,4.95,44,5
2187,3,7.575,1.75,4.95,44,5
2188,0,8.25,2.25,-1.65,44,5
2188,1,8.25,2.67857,-1.88571,44,5
2188,2,7.575,2.25,-1.65,44,5
2188,3,7.575,2.67857,-1.88571,44,5
2189,0,8.25,2.25,1.65,44,5
2189,1,8.25,2.67857,1.41429,44,5
2189,2,7.575,2.25,1.65,44,5
2189,3,7.575,2.67857,1.41429,44,5
2190,0,8.25,2.25,4.95,44,5
2190,1,8.25,2.67857,4.71429,44,5
2190,2,7.575,2.25,4.95,44,5
2190,3,7.575,2.67857,4.71429,44,5
2191,0,8.25,2.67857,-1.88571,44,5
2191,1,8.25,3.10714,-2.12143,44,5
2191,2,7.575,2.67857,-1.88571,44,5
2191,3,7.575,3.10714,-2.12143,44,5
2192,0,8.25,2.67857,1.41429,44,5
2192,1,8.25,3.10714,1.17857,44,5
2192,2,7.575,2.67857,1.41429,44,5
2192,3,7.575,3.10714,1.17857,44,5
2193,0,8.25,2.67857,4.71429,44,5
2193,1,8.25,3.10714,4.47857,44,5
2193,2,7.575,2.67857,4.71429,44,5
2193,3,7.575,3.10714,4.47857,44,5
2194,0,8.25,3.10714,-2.12143,44,5
2194,1,8.25,3.53571,-2.35714,44,5
2194,2,7.575,3.10714,-2.12143,44,5
2194,3,7.575,3.53571,-2.35714,44,5
2195,0,8.25,3.10714,1.17857,44,5
2195,1,8.25,3.53571,0.94286,44,5
2195,2,7.575,3.10714,1.17857,44,5
2195,3,7.575,3.53571,0.94286,44,5
2196,0,8.25,3.10714,4.47857,44,5
2196,1,8.25,3.53571,4.24286,44,5
2196,2,7.575,3.10714,4.47857,44,5
2196,3,7.575,3.53571,4.24286,44,5
2197,0,8.25,3.53571,-2.35714,44,5
2197,1,8.25,3.96429,-2.59286,44,5
2197,2,7.575,3.53571,-2.35714,44,5
2197,3,7.575,3.96429,-2.59286,44,5
2198,0,8.25,3.53571,0.94286,44,5
2198,1,8.25,3.96429,0.70714,44,5
2198,2,7.575,3.53571,0.94286,44,5
2198,3,7.575,3.96429,0.70714,44,5
2199,0,8.25,3.53571,4.24286,44,5
2199,1,8.25,3.96429,4.00714,44,5
2199,2,7.575,3.53571,4.24286,44,5
2199,3,7.575,3.96429,4.00714,44,5
2200,0,8.25,3.96429,-2.59286,44,5
2200,1,8.25,4.39286,-2.82857,44,5
2200,2,7.575,3.96429,-2.59286,44,5
2200,3,7.575,4.39286,-2.82857,44,5
2201,0,8.25,3.96429,0.70714,44,5
2201,1,8.25,4.39286,0.47143,44,5
2201,2,7.575,3.96429,0.70714,44,5
2201,3,7.575,4.39286,0.47143,44,5
2202,0,8.25,3.96429,4.00714,44,5
2202,1,8.25,4.39286,3.77143,44,5
2202,2,7.575,3.96429,4.00714,44,5
2202,3,7.575,4.39286,3.77143,44,5
2203,0,8.25,4.39286,-2.82857,44,5
2203,1,8.25,4.82143,-3.06429,44,5
2203,2,7.575,4.39286,-2.82857,44,5
2203,3,7.575,4.82143,-3.06429,44,5
2204,0,8.25,4.39286,0.47143,44,5
2204,1,8.25,4.82143,0.23571,44,5
2204,2,7.575,4.39286,0.47143,44,5
2204,3,7.575,4.82143,0.23571,44,5
2205,0,8.25,4.39286,3.77143,44,5
2205,1,8.25,4.82143,3.53571,44,5
2205,2,7.575,4.39286,3.77143,44,5
2205,3,7.575,4.82143,3.53571,44,5
2206,0,8.25,4.82143,-3.06429,44,5
2206,1,8.25,5.25,-3.3,44,5
2206,2,7.575,4.82143,-3.06429,44,5
2206,3,7.575,5.25,-3.3,44,5
2207,0,8.25,1.25,-1.65,44,5
2207,1,7.575,1.25,-1.65,44,5
2207,2,8.25,0.75,-1.65,44,5
2207,3,7.75,0.75,-1.65,44,5
2208,0,8.25,4.82143,0.23571,44,5
2208,1,7.575,4.82143,0.23571,44,5
2208,2,8.25,5.25,0,44,5
2208,3,7.75,5.25,0,44,5
2209,0,8.25,4.82143,3.53571,44,5
2209,1,8.25,5.25,3.3,44,5
2209,2,7.575,4.82143,3.53571,44,5
2209,3,7.75,5.25,3.3,44,5
2210,0,8.25,0.75,-3.3,44,4
2210,1,7.75,0.75,-3.3,44,4
2210,2,8.25,0.375,-3.3,44,4
2210,3,7.75,0.375,-3.3,44,4
2211,0,8.25,0.75,-2.75,44,7
2211,1,8.25,0.75,-3.3,44,7
2211,2,7.75,0.75,-2.75,44,7
2211,3,7.75,0.75,-3.3,44,7
2212,0,8.25,0.75,-2.2,44,7
2212,1,8.25,0.75,-2.75,44,7
2212,2,7.75,0.75,-2.2,44,7
2212,3,7.75,0.75,-2.75,44,7
2213,0,8.25,0.75,-1.65,44,7
2213,1,8.25,0.75,-2.2,44,7
2213,2,7.75,0.75,-1.65,44,7
2213,3,7.75,0.75,-2.2,44,7
2214,0,8.25,0.75,-1.1,44,7
2214,1,8.25,0.75,-1.65,44,7
2214,2,7.75,0.75,-1.1,44,7
2214,3,7.75,0.75,-1.65,44,7
2215,0,8.25,0.75,-0.55,44,7
2215,1,8.25,0.75,-1.1,44,7
2215,2,7.75,0.75,-0.55,44,7
2215,3,7.75,0.75,-1.1,44,7
2216,0,8.25,0.75,0,44,7
2216,1,8.25,0.75,-0.55,44,7
2216,2,7.75,0.75,0,44,7
2216,3,7.75,0.75,-0.55,44,7
2217,0,7.75,0.75,0,5,3
2217,1,8.25,0.75,0,5,3
2218,0,7.75,0.75,3.3,5,3
2218,1,8.25,0.75,3.3,5,3
2219,0,7.75,0.75,6.6,5,3
2219,1,8.25,0.75,6.6,5,3
2220,0,7.75,0.75,9.9,5,3
2220,1,8.25,0.75,9.9,5,3
2221,0,8.25,1.125,-3.3,44,4
2221,1,7.75,1.125,-3.3,44,4
2221,2,8.25,0.75,-3.3,44,4
2221,3,7.75,0.75,-3.3,44,4
2222,0,8.25,1.25,9.9,44,6
2222,1,7.75,1.25,9.9,44,6
2222,2,8.25,0.75,9.9,44,6
2222,3,7.75,0.75,9.9,44,6
2223,0,8.25,1.75,9.9,44,6
2223,1,7.75,1.75,9.9,44,6
2223,2,8.25,1.25,9.9,44,6
2223,3,7.75,1.25,9.9,44,6
2224,0,8.25,2.25,9.9,44,6
2224,1,7.75,2.25,9.9,44,6
2224,2,8.25,1.75,9.9,44,6
2224,3,7.75,1.75,9.9,44,6
2225,0,8.25,2.75,9.9,44,6
2225,1,7.75,2.75,9.9,44,6
2225,2,8.25,2.25,9.9,44,6
2225,3,7.75,2.25,9.9,44,6
2226,0,8.25,3.25,9.9,44,6
2226,1,7.75,3.25,9.9,44,6
2226,2,8.25,2.75,9.9,44,6
2226,3,7.75,2.75,9.9,44,6
2227,0,8.25,3.75,9.9,44,6
2227,1,7.75,3.75,9.9,44,6
2227,2,8.25,3.25,9.9,44,6
2227,3,7.75,3.25,9.9,44,6
2228,0,8.25,4.25,9.9,44,6
2228,1,7.75,4.25,9.9,44,6
2228,2,8.25,3.75,9.9,44,6
2228,3,7.75,3.75,9.9,44,6
2229,0,8.25,4.75,9.9,44,6
2229,1,7.75,4.75,9.9,44,6
2229,2,8.25,4.25,9.9,44,6
2229,3,7.75,4.25,9.9,44,6
2230,0,8.25,5.25,9.9,44,6
2230,1,7.75,5.25,9.9,44,6
2230,2,8.25,4.75,9.9,44,6
2230,3,7.75,4.75,9.9,44,6
2231,0,8.25,5.75,0,44,6
2231,1,7.75,5.75,0,44,6
2231,2,8.25,5.25,0,44,6
2231,3,7.75,5.25,0,44,6
2232,0,8.25,5.75,3.3,44,6
2232,1,7.75,5.75,3.3,44,6
2232,2,8.25,5.25,3.3,44,6
2232,3,7.75,5.25,3.3,44,6
2233,0,8.25,5.75,6.6,44,6
2233,1,7.75,5.75,6.6,44,6
2233,2,8.25,5.25,6.6,44,6
2233,3,7.75,5.25,6.6,44,6
2234,0,8.25,5.75,9.9,44,6
2234,1,7.75,5.75,9.9,44,6
2234,2,8.25,5.25,9.9,44,6
2234,3,7.75,5.25,9.9,44,6
2235,0,8.25,6.25,0,44,6
2235,1,7.75,6.25,0,44,6
2235,2,8.25,5.75,0,44,6
2235,3,7.75,5.75,0,44,6
2236,0,8.25,6.25,3.3,44,6
2236,1,7.75,6.25,3.3,44,6
2236,2,8.25,5.75,3.3,44,6
2236,3,7.75,5.75,3.3,44,6
2237,0,8.25,6.25,6.6,44,6
2237,1,7.75,6.25,6.6,44,6
2237,2,8.25,5.75,6.6,44,6
2237,3,7.75,5.75,6.6,44,6
2238,0,8.25,6.25,9.9,44,6
2238,1,7.75,6.25,9.9,44,6
2238,2,8.25,5.75,9.9,44,6
2238,3,7.75,5.75,9.9,44,6
2239,0,8.25,6.75,0,44,6
2239,1,7.75,6.75,0,44,6
2239,2,8.25,6.25,0,44,6
2239,3,7.75,6.25,0,44,6
2240,0,8.25,6.75,3.3,44,6
2240,1,7.75,6.75,3.3,44,6
2240,2,8.25,6.25,3.3,44,6
2240,3,7.75,6.25,3.3,44,6
2241,0,8.25,6.75,6.6,44,6
2241,1,7.75,6.75,6.6,44,6
2241,2,8.25,6.25,6.6,44,6
2241,3,7.75,6.25,6.6,44,6
2242,0,8.25,6.75,9.9,44,6
2242,1,7.75,6.75,9.9,44,6
2242,2,8.25,6.25,9.9,44,6
2242,3,7.75,6.25,9.9,44,6
2243,0,8.25,6.75,-3.3,44,4
2243,1,7.75,6.75,-3.3,44,4
2243,2,8.25,6.375,-3.3,44,4
2243,3,7.75,6.375,-3.3,44,4
2244,0,7.75,6.75,0,5,3
2244,1,8.25,6.75,0,5,3
2245,0,7.75,6.75,3.3,5,3
2245,1,8.25,6.75,3.3,5,3
2246,0,7.75,6.75,6.6,5,3
2246,1,8.25,6.75,6.6,5,3
2247,0,7.75,6.75,9.9,5,3
2247,1,8.25,6.75,9.9,5,3
2248,0,8.25,7.125,-3.3,44,4
2248,1,7.75,7.125,-3.3,44,4
2248,2,8.25,6.75,-3.3,44,4
2248,3,7.75,6.75,-3.3,44,4
2249,0,8.25,7.25,0,44,6
2249,1,7.75,7.25,0,44,6
2249,2,8.25,6.75,0,44,6
2249,3,7.75,6.75,0,44,6
2250,0,8.25,7.25,3.3,44,6
2250,1,7.75,7.25,3.3,44,6
2250,2,8.25,6.75,3.3,44,6
2250,3,7.75,6.75,3.3,44,6
2251,0,8.25,7.25,6.6,44,6
2251,1,7.75,7.25,6.6,44,6
2251,2,8.25,6.75,6.6,44,6
2251,3,7.75,6.75,6.6,44,6
2252,0,8.25,7.25,9.9,44,6
2252,1,7.75,7.25,9.9,44,6
2252,2,8.25,6.75,9.9,44,6
2252,3,7.75,6.75,9.9,44,6
2253,0,8.25,7.75,0,44,6
2253,1,7.75,7.75,0,44,6
2253,2,8.25,7.25,0,44,6
2253,3,7.75,7.25,0,44,6
2254,0,8.25,7.75,3.3,44,6
2254,1,7.75,7.75,3.3,44,6
2254,2,8.25,7.25,3.3,44,6
2254,3,7.75,7.25,3.3,44,6
2255,0,8.25,7.75,6.6,44,6
2255,1,7.75,7.75,6.6,44,6
2255,2,8.25,7.25,6.6,44,6
2255,3,7.75,7.25,6.6,44,6
2256,0,8.25,7.75,9.9,44,6
2256,1,7.75,7.75,9.9,44,6
2256,2,8.25,7.25,9.9,44,6
2256,3,7.75,7.25,9.9,44,6
2257,0,8.25,8.25,0,44,6
2257,1,7.75,8.25,0,44,6
2257,2,8.25,7.75,0,44,6
2257,3,7.75,7.75,0,44,6
2258,0,8.25,8.25,3.3,44,6
2258,1,7.75,8.25,3.3,44,6
2258,2,8.25,7.75,3.3,44,6
2258,3,7.75,7.75,3.3,44,6
2259,0,8.25,8.25,6.6,44,6
2259,1,7.75,8.25,6.6,44,6
2259,2,8.25,7.75,6.6,44,6
2259,3,7.75,7.75,6.6,44,6
2260,0,8.25,8.25,9.9,44,6
2260,1,7.75,8.25,9.9,44,6
2260,2,8.25,7.75,9.9,44,6
2260,3,7.75,7.75,9.9,44,6
2261,0,8.25,8.75,0,44,6
2261,1,7.75,8.75,0,44,6
2261,2,8.25,8.25,0,44,6
2261,3,7.75,8.25,0,44,6
2262,0,8.25,8.75,3.3,44,6
2262,1,7.75,8.75,3.3,44,6
2262,2,8.25,8.25,3.3,44,6
2262,3,7.75,8.25,3.3,44,6
2263,0,8.25,8.75,6.6,44,6
2263,1,7.75,8.75,6.6,44,6
2263,2,8.25,8.25,6.6,44,6
2263,3,7.75,8.25,6.6,44,6
2264,0,8.25,8.75,9.9,44,6
2264,1,7.75,8.75,9.9,44,6
2264,2,8.25,8.25,9.9,44,6
2264,3,7.75,8.25,9.9,44,6
2265,0,8.25,9.25,0,44,6
2265,1,7.75,9.25,0,44,6
2265,2,8.25,8.75,0,44,6
2265,3,7.75,8.75,0,44,6
2266,0,8.25,9.25,3.3,44,6
2266,1,7.75,9.25,3.3,44,6
2266,2,8.25,8.75,3.3,44,6
2266,3,7.75,8.75,3.3,44,6
2267,0,8.25,9.25,6.6,44,6
2267,1,7.75,9.25,6.6,44,6
2267,2,8.25,8.75,6.6,44,6
2267,3,7.75,8.75,6.6,44,6
2268,0,8.25,9.25,9.9,44,6
2268,1,7.75,9.25,9.9,44,6
2268,2,8.25,8.75,9.9,44,6
2268,3,7.75,8.75,9.9,44,6
2269,0,8.25,9.75,0,44,6
2269,1,7.75,9.75,0,44,6
2269,2,8.25,9.25,0,44,6
2269,3,7.75,9.25,0,44,6
2270,0,8.25,9.75,3.3,44,6
2270,1,7.75,9.75,3.3,44,6
2270,2,8.25,9.25,3.3,44,6
2270,3,7.75,9.25,3.3,44,6
2271,0,8.25,9.75,6.6,44,6
2271,1,7.75,9.75,6.6,44,6
2271,2,8.25,9.25,6.6,44,6
2271,3,7.75,9.25,6.6,44,6
2272,0,8.25,9.75,9.9,44,6
2272,1,7.75,9.75,9.9,44,6
2272,2,8.25,9.25,9.9,44,6
2272,3,7.75,9.25,9.9,44,6
2273,0,8.25,10.25,0,44,6
2273,1,7.75,10.25,0,44,6
2273,2,8.25,9.75,0,44,6
2273,3,7.75,9.75,0,44,6
2274,0,8.25,10.25,3.3,44,6
2274,1,7.75,10.25,3.3,44,6
2274,2,8.25,9.75,3.3,44,6
2274,3,7.75,9.75,3.3,44,6
2275,0,8.25,10.25,6.6,44,6
2275,1,7.75,10.25,6.6,44,6
2275,2,8.25,9.75,6.6,44,6
2275,3,7.75,9.75,6.6,44,6
2276,0,8.25,10.25,9.9,44,6
2276,1,7.75,10.25,9.9,44,6
2276,2,8.25,9.75,9.9,44,6
2276,3,7.75,9.75,9.9,44,6
2277,0,8.25,10.75,0,44,6
2277,1,7.75,10.75,0,44,6
2277,2,8.25,10.25,0,44,6
2277,3,7.75,10.25,0,44,6
2278,0,8.25,10.75,3.3,44,6
2278,1,7.75,10.75,3.3,44,6
2278,2,8.25,10.25,3.3,44,6
2278,3,7.75,10.25,3.3,44,6
2279,0,8.25,10.75,6.6,44,6
2279,1,7.75,10.75,6.6,44,6
2279,2,8.25,10.25,6.6,44,6
2279,3,7.75,10.25,6.6,44,6
2280,0,8.25,10.75,9.9,44,6
2280,1,7.75,10.75,9.9,44,6
2280,2,8.25,10.25,9.9,44,6
2280,3,7.75,10.25,9.9,44,6
2281,0,8.25,11.25,0,44,6
2281,1,7.75,11.25,0,44,6
2281,2,8.25,10.75,0,44,6
2281,3,7.75,10.75,0,44,6
2282,0,8.25,11.25,3.3,44,6
2282,1,7.75,11.25,3.3,44,6
2282,2,8.25,10.75,3.3,44,6
2282,3,7.75,10.75,3.3,44,6
2283,0,8.25,11.25,6.6,44,6
2283,1,7.75,11.25,6.6,44,6
2283,2,8.25,10.75,6.6,44,6
2283,3,7.75,10.75,6.6,44,6
2284,0,8.25,11.25,9.9,44,6
2284,1,7.75,11.25,9.9,44,6
2284,2,8.25,10.75,9.9,44,6
2284,3,7.75,10.75,9.9,44,6
2285,0,8.25,11.75,0,44,6
2285,1,7.75,11.75,0,44,6
2285,2,8.25,11.25,0,44,6
2285,3,7.75,11.25,0,44,6
2286,0,8.25,11.75,3.3,44,6
2286,1,7.75,11.75,3.3,44,6
2286,2,8.25,11.25,3.3,44,6
2286,3,7.75,11.25,3.3,44,6
2287,0,8.25,11.75,6.6,44,6
2287,1,7.75,11.75,6.6,44,6
2287,2,8.25,11.25,6.6,44,6
2287,3,7.75,11.25,6.6,44,6
2288,0,8.25,11.75,9.9,44,6
2288,1,7.75,11.75,9.9,44,6
2288,2,8.25,11.25,9.9,44,6
2288,3,7.75,11.25,9.9,44,6
2289,0,8.25,12.25,0,44,6
2289,1,7.75,12.25,0,44,6
2289,2,8.25,11.75,0,44,6
2289,3,7.75,11.75,0,44,6
2290,0,8.25,12.25,3.3,44,6
2290,1,7.75,12.25,3.3,44,6
2290,2,8.25,11.75,3.3,44,6
2290,3,7.75,11.75,3.3,44,6
2291,0,8.25,12.25,6.6,44,6
2291,1,7.75,12.25,6.6,44,6
2291,2,8.25,11.75,6.6,44,6
2291,3,7.75,11.75,6.6,44,6
2292,0,8.25,12.25,9.9,44,6
2292,1,7.75,12.25,9.9,44,6
2292,2,8.25,11.75,9.9,44,6
2292,3,7.75,11.75,9.9,44,6
2293,0,8.25,12.75,0,44,6
2293,1,7.75,12.75,0,44,6
2293,2,8.25,12.25,0,44,6
2293,3,7.75,12.25,0,44,6
2294,0,8.25,12.75,3.3,44,6
2294,1,7.75,12.75,3.3,44,6
2294,2,8.25,12.25,3.3,44,6
2294,3,7.75,12.25,3.3,44,6
2295,0,8.25,12.75,6.6,44,6
2295,1,7.75,12.75,6.6,44,6
2295,2,8.25,12.25,6.6,44,6
2295,3,7.75,12.25,6.6,44,6
2296,0,8.25,12.75,9.9,44,6
2296,1,7.75,12.75,9.9,44,6
2296,2,8.25,12.25,9.9,44,6
2296,3,7.75,12.25,9.9,44,6
2297,0,8.25,12.75,-3.3,44,4
2297,1,7.75,12.75,-3.3,44,4
2297,2,8.25,12.375,-3.3,44,4
2297,3,7.75,12.375,-3.3,44,4
2298,0,8.25,12.75,-2.75,44,7
2298,1,8.25,12.75,-3.3,44,7
2298,2,7.75,12.75,-2.75,44,7
2298,3,7.75,12.75,-3.3,44,7
2299,0,8.25,12.75,-2.2,44,7
2299,1,8.25,12.75,-2.75,44,7
2299,2,7.75,12.75,-2.2,44,7
2299,3,7.75,12.75,-2.75,44,7
2300,0,8.25,12.75,-1.65,44,7
2300,1,8.25,12.75,-2.2,44,7
2300,2,7.75,12.75,-1.65,44,7
2300,3,7.75,12.75,-2.2,44,7
2301,0,8.25,12.75,-1.1,44,7
2301,1,8.25,12.75,-1.65,44,7
2301,2,7.75,12.75,-1.1,44,7
2301,3,7.75,12.75,-1.65,44,7
2302,0,8.25,12.75,-0.55,44,7
2302,1,8.25,12.75,-1.1,44,7
2302,2,7.75,12.75,-0.55,44,7
2302,3,7.75,12.75,-1.1,44,7
2303,0,8.25,12.75,0,44,7
2303,1,8.25,12.75,-0.55,44,7
2303,2,7.75,12.75,0,44,7
2303,3,7.75,12.75,-0.55,44,7
2304,0,7.75,12.75,0,5,3
2304,1,8.25,12.75,0,5,3
2305,0,7.75,12.75,3.3,5,3
2305,1,8.25,12.75,3.3,5,3
2306,0,7.75,12.75,6.6,5,3
2306,1,8.25,12.75,6.6,5,3
2307,0,7.75,12.75,9.9,5,3
2307,1,8.25,12.75,9.9,5,3
2308,0,8.25,13.125,-3.3,44,4
2308,1,7.75,13.125,-3.3,44,4
2308,2,8.25,12.75,-3.3,44,4
2308,3,7.75,12.75,-3.3,44,4
2309,0,8.75,0.75,-3.3,44,4
2309,1,8.25,0.75,-3.3,44,4
2309,2,8.75,0.375,-3.3,44,4
2309,3,8.25,0.375,-3.3,44,4
2310,0,8.75,0.75,-2.75,44,7
2310,1,8.75,0.75,-3.3,44,7
2310,2,8.25,0.75,-2.75,44,7
2310,3,8.25,0.75,-3.3,44,7
2311,0,8.75,0.75,-2.2,44,7
2311,1,8.75,0.75,-2.75,44,7
2311,2,8.25,0.75,-2.2,44,7
2311,3,8.25,0.75,-2.75,44,7
2312,0,8.75,0.75,-1.65,44,7
2312,1,8.75,0.75,-2.2,44,7
2312,2,8.25,0.75,-1.65,44,7
2312,3,8.25,0.75,-2.2,44,7
2313,0,8.75,0.75,-1.1,44,7
2313,1,8.75,0.75,-1.65,44,7
2313,2,8.25,0.75,-1.1,44,7
2313,3,8.25,0.75,-1.65,44,7
2314,0,8.75,0.75,-0.55,44,7
2314,1,8.75,0.75,-1.1,44,7
2314,2,8.25,0.75,-0.55,44,7
2314,3,8.25,0.75,-1.1,44,7
2315,0,8.75,0.75,0,44,7
2315,1,8.75,0.75,-0.55,44,7
2315,2,8.25,0.75,0,44,7
2315,3,8.25,0.75,-0.55,44,7
2316,0,8.25,0.75,0,5,3
2316,1,8.75,0.75,0,5,3
2317,0,8.25,0.75,3.3,5,3
2317,1,8.75,0.75,3.3,5,3
2318,0,8.25,0.75,6.6,5,3
2318,1,8.75,0.75,6.6,5,3
2319,0,8.25,0.75,9.9,5,3
2319,1,8.75,0.75,9.9,5,3
2320,0,8.75,1.125,-3.3,44,4
2320,1,8.25,1.125,-3.3,44,4
2320,2,8.75,0.75,-3.3,44,4
2320,3,8.25,0.75,-3.3,44,4
2321,0,8.75,1.25,9.9,44,6
2321,1,8.25,1.25,9.9,44,6
2321,2,8.75,0.75,9.9,44,6
2321,3,8.25,0.75,9.9,44,6
2322,0,8.75,1.75,9.9,44,6
2322,1,8.25,1.75,9.9,44,6
2322,2,8.75,1.25,9.9,44,6
2322,3,8.25,1.25,9.9,44,6
2323,0,8.75,2.25,9.9,44,6
2323,1,8.25,2.25,9.9,44,6
2323,2,8.75,1.75,9.9,44,6
2323,3,8.25,1.75,9.9,44,6
2324,0,8.75,2.75,9.9,44,6
2324,1,8.25,2.75,9.9,44,6
2324,2,8.75,2.25,9.9,44,6
2324,3,8.25,2.25,9.9,44,6
2325,0,8.75,3.25,9.9,44,6
2325,1,8.25,3.25,9.9,44,6
2325,2,8.75,2.75,9.9,44,6
2325,3,8.25,2.75,9.9,44,6
2326,0,8.75,3.75,9.9,44,6
2326,1,8.25,3.75,9.9,44,6
2326,2,8.75,3.25,9.9,44,6
2326,3,8.25,3.25,9.9,44,6
2327,0,8.75,4.25,9.9,44,6
2327,1,8.25,4.25,9.9,44,6
2327,2,8.75,3.75,9.9,44,6
2327,3,8.25,3.75,9.9,44,6
2328,0,8.75,4.75,9.9,44,6
2328,1,8.25,4.75,9.9,44,6
2328,2,8.75,4.25,9.9,44,6
2328,3,8.25,4.25,9.9,44,6
2329,0,8.75,5.25,9.9,44,6
2329,1,8.25,5.25,9.9,44,6
2329,2,8.75,4.75,9.9,44,6
2329,3,8.25,4.75,9.9,44,6
2330,0,8.75,5.75,0,44,6
2330,1,8.25,5.75,0,44,6
2330,2,8.75,5.25,0,44,6
2330,3,8.25,5.25,0,44,6
2331,0,8.75,5.75,3.3,44,6
2331,1,8.25,5.75,3.3,44,6
2331,2,8.75,5.25,3.3,44,6
2331,3,8.25,5.25,3.3,44,6
2332,0,8.75,5.75,6.6,44,6
2332,1,8.25,5.75,6.6,44,6
2332,2,8.75,5.25,6.6,44,6
2332,3,8.25,5.25,6.6,44,6
2333,0,8.75,5.75,9.9,44,6
2333,1,8.25,5.75,9.9,44,6
2333,2,8.75,5.25,9.9,44,6
2333,3,8.25,5.25,9.9,44,6
2334,0,8.75,6.25,0,44,6
2334,1,8.25,6.25,0,44,6
2334,2,8.75,5.75,0,44,6
2334,3,8.25,5.75,0,44,6
2335,0,8.75,6.25,3.3,44,6
2335,1,8.25,6.25,3.3,44,6
2335,2,8.75,5.75,3.3,44,6
2335,3,8.25,5.75,3.3,44,6
2336,0,8.75,6.25,6.6,44,6
2336,1,8.25,6.25,6.6,44,6
2336,2,8.75,5.75,6.6,44,6
2336,3,8.25,5.75,6.6,44,6
2337,0,8.75,6.25,9.9,44,6
2337,1,8.25,6.25,9.9,44,6
2337,2,8.75,5.75,9.9,44,6
2337,3,8.25,5.75,9.9,44,6
2338,0,8.75,6.75,0,44,6
2338,1,8.25,6.75,0,44,6
2338,2,8.75,6.25,0,44,6
2338,3,8.25,6.25,0,44,6
2339,0,8.75,6.75,3.3,44,6
2339,1,8.25,6.75,3.3,44,6
2339,2,8.75,6.25,3.3,44,6
2339,3,8.25,6.25,3.3,44,6
2340,0,8.75,6.75,6.6,44,6
2340,1,8.25,6.75,6.6,44,6
2340,2,8.75,6.25,6.6,44,6
2340,3,8.25,6.25,6.6,44,6
2341,0,8.75,6.75,9.9,44,6
2341,1,8.25,6.75,9.9,44,6
2341,2,8.75,6.25,9.9,44,6
2341,3,8.25,6.25,9.9,44,6
2342,0,8.75,6.75,-3.3,44,4
2342,1,8.25,6.75,-3.3,44,4
2342,2,8.75,6.375,-3.3,44,4
2342,3,8.25,6.375,-3.3,44,4
2343,0,8.25,6.75,0,5,3
2343,1,8.75,6.75,0,5,3
2344,0,8.25,6.75,3.3,5,3
2344,1,8.75,6.75,3.3,5,3
2345,0,8.25,6.75,6.6,5,3
2345,1,8.75,6.75,6.6,5,3
2346,0,8.25,6.75,9.9,5,3
2346,1,8.75,6.75,9.9,5,3
2347,0,8.75,7.125,-3.3,44,4
2347,1,8.25,7.125,-3.3,44,4
2347,2,8.75,6.75,-3.3,44,4
2347,3,8.25,6.75,-3.3,44,4
2348,0,8.75,7.25,0,44,6
2348,1,8.25,7.25,0,44,6
2348,2,8.75,6.75,0,44,6
2348,3,8.25,6.75,0,44,6
2349,0,8.75,7.25,3.3,44,6
2349,1,8.25,7.25,3.3,44,6
2349,2,8.75,6.75,3.3,44,6
2349,3,8.25,6.75,3.3,44,6
2350,0,8.75,7.25,6.6,44,6
2350,1,8.25,7.25,6.6,44,6
2350,2,8.75,6.75,6.6,44,6
2350,3,8.25,6.75,6.6,44,6
2351,0,8.75,7.25,9.9,44,6
2351,1,8.25,7.25,9.9,44,6
2351,2,8.75,6.75,9.9,44,6
2351,3,8.25,6.75,9.9,44,6
2352,0,8.75,7.75,0,44,6
2352,1,8.25,7.75,0,44,6
2352,2,8.75,7.25,0,44,6
2352,3,8.25,7.25,0,44,6
2353,0,8.75,7.75,3.3,44,6
2353,1,8.25,7.75,3.3,44,6
2353,2,8.75,7.25,3.3,44,6
2353,3,8.25,7.25,3.3,44,6
2354,0,8.75,7.75,6.6,44,6
2354,1,8.25,7.75,6.6,44,6
2354,2,8.75,7.25,6.6,44,6
2354,3,8.25,7.25,6.6,44,6
2355,0,8.75,7.75,9.9,44,6
2355,1,8.25,7.75,9.9,44,6
2355,2,8.75,7.25,9.9,44,6
2355,3,8.25,7.25,9.9,44,6
2356,0,8.75,8.25,0,44,6
2356,1,8.25,8.25,0,44,6
2356,2,8.75,7.75,0,44,6
2356,3,8.25,7.75,0,44,6
2357,0,8.75,8.25,3.3,44,6
2357,1,8.25,8.25,3.3,44,6
2357,2,8.75,7.75,3.3,44,6
2357,3,8.25,7.75,3.3,44,6
2358,0,8.75,8.25,6.6,44,6
2358,1,8.25,8.25,6.6,44,6
2358,2,8.75,7.75,6.6,44,6
2358,3,8.25,7.75,6.6,44,6
2359,0,8.75,8.25,9.9,44,6
2359,1,8.25,8.25,9.9,44,6
2359,2,8.75,7.75,9.9,44,6
2359,3,8.25,7.75,9.9,44,6
2360,0,8.75,8.75,0,44,6
2360,1,8.25,8.75,0,44,6
2360,2,8.75,8.25,0,44,6
2360,3,8.25,8.25,0,44,6
2361,0,8.75,8.75,3.3,44,6
2361,1,8.25,8.75,3.3,44,6
2361,2,8.75,8.25,3.3,44,6
2361,3,8.25,8.25,3.3,44,6
2362,0,8.75,8.75,6.6,44,6
2362,1,8.25,8.75,6.6,44,6
2362,2,8.75,8.25,6.6,44,6
2362,3,8.25,8.25,6.6,44,6
2363,0,8.75,8.75,9.9,44,6
2363,1,8.25,8.75,9.9,44,6
2363,2,8.75,8.25,9.9,44,6
2363,3,8.25,8.25,9.9,44,6
2364,0,8.75,9.25,0,44,6
2364,1,8.25,9.25,0,44,6
2364,2,8.75,8.75,0,44,6
2364,3,8.25,8.75,0,44,6
2365,0,8.75,9.25,3.3,44,6
2365,1,8.25,9.25,3.3,44,6
2365,2,8.75,8.75,3.3,44,6
2365,3,8.25,8.75,3.3,44,6
2366,0,8.75,9.25,6.6,44,6
2366,1,8.25,9.25,6.6,44,6
2366,2,8.75,8.75,6.6,44,6
2366,3,8.25,8.75,6.6,44,6
2367,0,8.75,9.25,9.9,44,6
2367,1,8.25,9.25,9.9,44,6
2367,2,8.75,8.75,9.9,44,6
2367,3,8.25,8.75,9.9,44,6
2368,0,8.75,9.75,0,44,6
2368,1,8.25,9.75,0,44,6
2368,2,8.75,9.25,0,44,6
2368,3,8.25,9.25,0,44,6
2369,0,8.75,9.75,3.3,44,6
2369,1,8.25,9.75,3.3,44,6
2369,2,8.75,9.25,3.3,44,6
2369,3,8.25,9.25,3.3,44,6
2370,0,8.75,9.75,6.6,44,6
2370,1,8.25,9.75,6.6,44,6
2370,2,8.75,9.25,6.6,44,6
2370,3,8.25,9.25,6.6,44,6
2371,0,8.75,9.75,9.9,44,6
2371,1,8.25,9.75,9.9,44,6
2371,2,8.75,9.25,9.9,44,6
2371,3,8.25,9.25,9.9,44,6
2372,0,8.75,10.25,0,44,6
2372,1,8.25,10.25,0,44,6
2372,2,8.75,9.75,0,44,6
2372,3,8.25,9.75,0,44,6
2373,0,8.75,10.25,3.3,44,6
2373,1,8.25,10.25,3.3,44,6
2373,2,8.75,9.75,3.3,44,6
2373,3,8.25,9.75,3.3,44,6
2374,0,8.75,10.25,6.6,44,6
2374,1,8.25,10.25,6.6,44,6
2374,2,8.75,9.75,6.6,44,6
2374,3,8.25,9.75,6.6,44,6
2375,0,8.75,10.25,9.9,44,6
2375,1,8.25,10.25,9.9,44,6
2375,2,8.75,9.75,9.9,44,6
2375,3,8.25,9.75,9.9,44,6
2376,0,8.75,10.75,0,44,6
2376,1,8.25,10.75,0,44,6
2376,2,8.75,10.25,0,44,6
2376,3,8.25,10.25,0,44,6
2377,0,8.75,10.75,3.3,44,6
2377,1,8.25,10.75,3.3,44,6
2377,2,8.75,10.25,3.3,44,6
2377,3,8.25,10.25,3.3,44,6
2378,0,8.75,10.75,6.6,44,6
2378,1,8.25,10.75,6.6,44,6
2378,2,8.75,10.25,6.6,44,6
2378,3,8.25,10.25,6.6,44,6
2379,0,8.75,10.75,9.9,44,6
2379,1,8.25,10.75,9.9,44,6
2379,2,8.75,10.25,9.9,44,6
2379,3,8.25,10.25,9.9,44,6
2380,0,8.75,11.25,0,44,6
2380,1,8.25,11.25,0,44,6
2380,2,8.75,10.75,0,44,6
2380,3,8.25,10.75,0,44,6
2381,0,8.75,11.25,3.3,44,6
2381,1,8.25,11.25,3.3,44,6
2381,2,8.75,10.75,3.3,44,6
2381,3,8.25,10.75,3.3,44,6
2382,0,8.75,11.25,6.6,44,6
2382,1,8.25,11.25,6.6,44,6
2382,2,8.75,10.75,6.6,44,6
2382,3,8.25,10.75,6.6,44,6
2383,0,8.75,11.25,9.9,44,6
2383,1,8.25,11.25,9.9,44,6
2383,2,8.75,10.75,9.9,44,6
2383,3,8.25,10.75,9.9,44,6
2384,0,8.75,11.75,0,44,6
2384,1,8.25,11.75,0,44,6
2384,2,8.75,11.25,0,44,6
2384,3,8.25,11.25,0,44,6
2385,0,8.75,11.75,3.3,44,6
2385,1,8.25,11.75,3.3,44,6
2385,2,8.75,11.25,3.3,44,6
2385,3,8.25,11.25,3.3,44,6
2386,0,8.75,11.75,6.6,44,6
2386,1,8.25,11.75,6.6,44,6
2386,2,8.75,11.25,6.6,44,6
2386,3,8.25,11.25,6.6,44,6
2387,0,8.75,11.75,9.9,44,6
2387,1,8.25,11.75,9.9,44,6
2387,2,8.75,11.25,9.9,44,6
2387,3,8.25,11.25,9.9,44,6
2388,0,8.75,12.25,0,44,6
2388,1,8.25,12.25,0,44,6
2388,2,8.75,11.75,0,44,6
2388,3,8.25,11.75,0,44,6
2389,0,8.75,12.25,3.3,44,6
2389,1,8.25,12.25,3.3,44,6
2389,2,8.75,11.75,3.3,44,6
2389,3,8.25,11.75,3.3,44,6
2390,0,8.75,12.25,6.6,44,6
2390,1,8.25,12.25,6.6,44,6
2390,2,8.75,11.75,6.6,44,6
2390,3,8.25,11.75,6.6,44,6
2391,0,8.75,12.25,9.9,44,6
2391,1,8.25,12.25,9.9,44,6
2391,2,8.75,11.75,9.9,44,6
2391,3,8.25,11.75,9.9,44,6
2392,0,8.75,12.75,0,44,6
2392,1,8.25,12.75,0,44,6
2392,2,8.75,12.25,0,44,6
2392,3,8.25,12.25,0,44,6
2393,0,8.75,12.75,3.3,44,6
2393,1,8.25,12.75,3.3,44,6
2393,2,8.75,12.25,3.3,44,6
2393,3,8.25,12.25,3.3,44,6
2394,0,8.75,12.75,6.6,44,6
2394,1,8.25,12.75,6.6,44,6
2394,2,8.75,12.25,6.6,44,6
2394,3,8.25,12.25,6.6,44,6
2395,0,8.75,12.75,9.9,44,6
2395,1,8.25,12.75,9.9,44,6
2395,2,8.75,12.25,9.9,44,6
2395,3,8.25,12.25,9.9,44,6
2396,0,8.75,12.75,-3.3,44,4
2396,1,8.25,12.75,-3.3,44,4
2396,2,8.75,12.375,-3.3,44,4
2396,3,8.25,12.375,-3.3,44,4
2397,0,8.75,12.75,-2.75,44,7
2397,1,8.75,12.75,-3.3,44,7
2397,2,8.25,12.75,-2.75,44,7
2397,3,8.25,12.75,-3.3,44,7
2398,0,8.75,12.75,-2.2,44,7
2398,1,8.75,12.75,-2.75,44,7
2398,2,8.25,12.75,-2.2,44,7
2398,3,8.25,12.75,-2.75,44,7
2399,0,8.75,12.75,-1.65,44,7
2399,1,8.75,12.75,-2.2,44,7
2399,2,8.25,12.75,-1.65,44,7
2399,3,8.25,12.75,-2.2,44,7
2400,0,8.75,12.75,-1.1,44,7
2400,1,8.75,12.75,-1.65,44,7
2400,2,8.25,12.75,-1.1,44,7
2400,3,8.25,12.75,-1.65,44,7
2401,0,8.75,12.75,-0.55,44,7
2401,1,8.75,12.75,-1.1,44,7
2401,2,8.25,12.75,-0.55,44,7
2401,3,8.25,12.75,-1.1,44,7
2402,0,8.75,12.75,0,44,7
2402,1,8.75,12.75,-0.55,44,7
2402,2,8.25,12.75,0,44,7
2402,3,8.25,12.75,-0.55,44,7
2403,0,8.25,12.75,0,5,3
2403,1,8.75,12.75,0,5,3
2404,0,8.25,12.75,3.3,5,3
2404,1,8.75,12.75,3.3,5,3
2405,0,8.25,12.75,6.6,5,3
2405,1,8.75,12.75,6.6,5,3
2406,0,8.25,12.75,9.9,5,3
2406,1,8.75,12.75,9.9,5,3
2407,0,8.75,13.125,-3.3,44,4
2407,1,8.25,13.125,-3.3,44,4
2407,2,8.75,12.75,-3.3,44,4
2407,3,8.25,12.75,-3.3,44,4
2408,0,8.925,1.25,-1.65,44,5
2408,1,8.25,1.25,-1.65,44,5
2408,2,8.75,0.75,-1.65,44,5
2408,3,8.25,0.75,-1.65,44,5
2409,0,8.75,5.25,0,44,5
2409,1,8.25,5.25,0,44,5
2409,2,8.925,4.82143,-0.23571,44,5
2409,3,8.25,4.82143,-0.23571,44,5
2410,0,8.75,5.25,3.3,44,5
2410,1,8.25,5.25,3.3,44,5
2410,2,8.925,4.82143,3.06429,44,5
2410,3,8.25,4.82143,3.06429,44,5
2411,0,8.75,5.25,6.6,44,5
2411,1,8.25,5.25,6.6,44,5
2411,2,8.925,4.82143,6.36429,44,5
2411,3,8.25,4.82143,6.36429,44,5
2412,0,8.925,1.25,1.65,44,5
2412,1,8.25,1.25,1.65,44,5
2412,2,8.925,0.75,1.65,44,5
2412,3,8.25,0.75,1.65,44,5
2413,0,8.925,1.25,4.95,44,5
2413,1,8.25,1.25,4.95,44,5
2413,2,8.925,0.75,4.95,44,5
2413,3,8.25,0.75,4.95,44,5
2414,0,8.925,1.75,-1.65,44,5
2414,1,8.25,1.75,-1.65,44,5
2414,2,8.925,1.25,-1.65,44,5
2414,3,8.25,1.25,-1.65,44,5
2415,0,8.925,1.75,1.65,44,5
2415,1,8.25,1.75,1.65,44,5
2415,2,8.925,1.25,1.65,44,5
2415,3,8.25,1.25,1.65,44,5
2416,0,8.925,1.75,4.95,44,5
2416,1,8.25,1.75,4.95,44,5
2416,2,8.925,1.25,4.95,44,5
2416,3,8.25,1.25,4.95,44,5
2417,0,8.925,2.25,-1.65,44,5
2417,1,8.25,2.25,-1.65,44,5
2417,2,8.925,1.75,-1.65,44,5
2417,3,8.25,1.75,-1.65,44,5
2418,0,8.925,2.25,1.65,44,5
2418,1,8.25,2.25,1.65,44,5
2418,2,8.925,1.75,1.65,44,5
2418,3,8.25,1.75,1.65,44,5
2419,0,8.925,2.25,4.95,44,5
2419,1,8.25,2.25,4.95,44,5
2419,2,8.925,1.75,4.95,44,5
2419,3,8.25,1.75,4.95,44,5
2420,0,8.925,2.67857,-1.41429,44,5
2420,1,8.25,2.67857,-1.41429,44,5
2420,2,8.925,2.25,-1.65,44,5
2420,3,8.25,2.25,-1.65,44,5
2421,0,8.925,2.67857,1.88571,44,5
2421,1,8.25,2.67857,1.88571,44,5
2421,2,8.925,2.25,1.65,44,5
2421,3,8.25,2.25,1.65,44,5
2422,0,8.925,2.67857,5.18571,44,5
2422,1,8.25,2.67857,5.18571,44,5
2422,2,8.925,2.25,4.95,44,5
2422,3,8.25,2.25,4.95,44,5
2423,0,8.925,3.10714,-1.17857,44,5
2423,1,8.25,3.10714,-1.17857,44,5
2423,2,8.925,2.67857,-1.41429,44,5
2423,3,8.25,2.67857,-1.41429,44,5
2424,0,8.925,3.10714,2.12143,44,5
2424,1,8.25,3.10714,2.12143,44,5
2424,2,8.925,2.67857,1.88571,44,5
2424,3,8.25,2.67857,1.88571,44,5
2425,0,8.925,3.10714,5.42143,44,5
2425,1,8.25,3.10714,5.42143,44,5
2425,2,8.925,2.67857,5.18571,44,5
2425,3,8.25,2.67857,5.18571,44,5
2426,0,8.925,3.53571,-0.94286,44,5
2426,1,8.25,3.53571,-0.94286,44,5
2426,2,8.925,3.10714,-1.17857,44,5
2426,3,8.25,3.10714,-1.17857,44,5
2427,0,8.925,3.53571,2.35714,44,5
2427,1,8.25,3.53571,2.35714,44,5
2427,2,8.925,3.10714,2.12143,44,5
2427,3,8.25,3.10714,2.12143,44,5
2428,0,8.925,3.53571,5.65714,44,5
2428,1,8.25,3.53571,5.65714,44,5
2428,2,8.925,3.10714,5.42143,44,5
2428,3,8.25,3.10714,5.42143,44,5
2429,0,8.925,3.96429,-0.70714,44,5
2429,1,8.25,3.96429,-0.70714,44,5
2429,2,8.925,3.53571,-0.94286,44,5
2429,3,8.25,3.53571,-0.94286,44,5
2430,0,8.925,3.96429,2.59286,44,5
2430,1,8.25,3.96429,2.59286,44,5
2430,2,8.925,3.53571,2.35714,44,5
2430,3,8.25,3.53571,2.35714,44,5
2431,0,8.925,3.96429,5.89286,44,5
2431,1,8.25,3.96429,5.89286,44,5
2431,2,8.925,3.53571,5.65714,44,5
2431,3,8.25,3.53571,5.65714,44,5
2432,0,8.925,4.39286,-0.47143,44,5
2432,1,8.25,4.39286,-0.47143,44,5
2432,2,8.925,3.96429,-0.70714,44,5
2432,3,8.25,3.96429,-0.70714,44,5
2433,0,8.925,4.39286,2.82857,44,5
2433,1,8.25,4.39286,2.82857,44,5
2433,2,8.925,3.96429,2.59286,44,5
2433,3,8.25,3.96429,2.59286,44,5
2434,0,8.925,4.39286,6.12857,44,5
2434,1,8.25,4.39286,6.12857,44,5
2434,2,8.925,3.96429,5.89286,44,5
2434,3,8.25,3.96429,5.89286,44,5
2435,0,8.925,4.82143,-0.23571,44,5
2435,1,8.25,4.82143,-0.23571,44,5
2435,2,8.925,4.39286,-0.47143,44,5
2435,3,8.25,4.39286,-0.47143,44,5
2436,0,8.925,4.82143,3.06429,44,5
2436,1,8.25,4.82143,3.06429,44,5
2436,2,8.925,4.39286,2.82857,44,5
2436,3,8.25,4.39286,2.82857,44,5
2437,0,8.925,4.82143,6.36429,44,5
2437,1,8.25,4.82143,6.36429,44,5
2437,2,8.925,4.39286,6.12857,44,5
2437,3,8.25,4.39286,6.12857,44,5
2438,0,8.925,1.25,-1.65,42,5
2438,1,8.75,0.75,-1.65,42,5
2438,2,9.25,0.75,-1.65,42,5
2439,0,9.25,5.25,0,42,5
2439,1,8.925,4.82143,-0.23571,42,5
2439,2,8.75,5.25,0,42,5
2440,0,9.25,5.25,3.3,42,5
2440,1,8.925,4.82143,3.06429,42,5
2440,2,8.75,5.25,3.3,42,5
2441,0,9.25,5.25,6.6,42,5
2441,1,8.925,4.82143,6.36429,42,5
2441,2,8.75,5.25,6.6,42,5
2442,0,9.25,0.75,-3.3,44,4
2442,1,8.75,0.75,-3.3,44,4
2442,2,9.25,0.375,-3.3,44,4
2442,3,8.75,0.375,-3.3,44,4
2443,0,9.25,0.75,-2.75,44,7
2443,1,9.25,0.75,-3.3,44,7
2443,2,8.75,0.75,-2.75,44,7
2443,3,8.75,0.75,-3.3,44,7
2444,0,9.25,0.75,-2.2,44,7
2444,1,9.25,0.75,-2.75,44,7
2444,2,8.75,0.75,-2.2,44,7
2444,3,8.75,0.75,-2.75,44,7
2445,0,9.25,0.75,-1.65,44,7
2445,1,9.25,0.75,-2.2,44,7
2445,2,8.75,0.75,-1.65,44,7
2445,3,8.75,0.75,-2.2,44,7
2446,0,9.25,0.75,-1.1,44,7
2446,1,9.25,0.75,-1.65,44,7
2446,2,8.75,0.75,-1.1,44,7
2446,3,8.75,0.75,-1.65,44,7
2447,0,9.25,0.75,-0.55,44,7
2447,1,9.25,0.75,-1.1,44,7
2447,2,8.75,0.75,-0.55,44,7
2447,3,8.75,0.75,-1.1,44,7
2448,0,9.25,0.75,0,44,7
2448,1,9.25,0.75,-0.55,44,7
2448,2,8.75,0.75,0,44,7
2448,3,8.75,0.75,-0.55,44,7
2449,0,8.75,0.75,0,5,3
2449,1,9.25,0.75,0,5,3
2450,0,8.75,0.75,3.3,5,3
2450,1,9.25,0.75,3.3,5,3
2451,0,8.75,0.75,6.6,5,3
2451,1,9.25,0.75,6.6,5,3
2452,0,8.75,0.75,9.9,5,3
2452,1,9.25,0.75,9.9,5,3
2453,0,9.25,1.125,-3.3,44,4
2453,1,8.75,1.125,-3.3,44,4
2453,2,9.25,0.75,-3.3,44,4
2453,3,8.75,0.75,-3.3,44,4
2454,0,9.25,1.25,9.9,44,6
2454,1,8.75,1.25,9.9,44,6
2454,2,9.25,0.75,9.9,44,6
2454,3,8.75,0.75,9.9,44,6
2455,0,9.25,1.75,9.9,44,6
2455,1,8.75,1.75,9.9,44,6
2455,2,9.25,1.25,9.9,44,6
2455,3,8.75,1.25,9.9,44,6
2456,0,9.25,2.25,9.9,44,6
2456,1,8.75,2.25,9.9,44,6
2456,2,9.25,1.75,9.9,44,6
2456,3,8.75,1.75,9.9,44,6
2457,0,9.25,2.75,9.9,44,6
2457,1,8.75,2.75,9.9,44,6
2457,2,9.25,2.25,9.9,44,6
2457,3,8.75,2.25,9.9,44,6
2458,0,9.25,3.25,9.9,44,6
2458,1,8.75,3.25,9.9,44,6
2458,2,9.25,2.75,9.9,44,6
2458,3,8.75,2.75,9.9,44,6
2459,0,9.25,3.75,9.9,44,6
2459,1,8.75,3.75,9.9,44,6
2459,2,9.25,3.25,9.9,44,6
2459,3,8.75,3.25,9.9,44,6
2460,0,9.25,4.25,9.9,44,6
2460,1,8.75,4.25,9.9,44,6
2460,2,9.25,3.75,9.9,44,6
2460,3,8.75,3.75,9.9,44,6
2461,0,9.25,4.75,9.9,44,6
2461,1,8.75,4.75,9.9,44,6
2461,2,9.25,4.25,9.9,44,6
2461,3,8.75,4.25,9.9,44,6
2462,0,9.25,5.25,9.9,44,6
2462,1,8.75,5.25,9.9,44,6
2462,2,9.25,4.75,9.9,44,6
2462,3,8.75,4.75,9.9,44,6
2463,0,9.25,5.75,0,44,6
2463,1,8.75,5.75,0,44,6
2463,2,9.25,5.25,0,44,6
2463,3,8.75,5.25,0,44,6
2464,0,9.25,5.75,3.3,44,6
2464,1,8.75,5.75,3.3,44,6
2464,2,9.25,5.25,3.3,44,6
2464,3,8.75,5.25,3.3,44,6
2465,0,9.25,5.75,6.6,44,6
2465,1,8.75,5.75,6.6,44,6
2465,2,9.25,5.25,6.6,44,6
2465,3,8.75,5.25,6.6,44,6
2466,0,9.25,5.75,9.9,44,6
2466,1,8.75,5.75,9.9,44,6
2466,2,9.25,5.25,9.9,44,6
2466,3,8.75,5.25,9.9,44,6
2467,0,9.25,6.25,0,44,6
2467,1,8.75,6.25,0,44,6
2467,2,9.25,5.75,0,44,6
2467,3,8.75,5.75,0,44,6
2468,0,9.25,6.25,3.3,44,6
2468,1,8.75,6.25,3.3,44,6
2468,2,9.25,5.75,3.3,44,6
2468,3,8.75,5.75,3.3,44,6
2469,0,9.25,6.25,6.6,44,6
2469,1,8.75,6.25,6.6,44,6
2469,2,9.25,5.75,6.6,44,6
2469,3,8.75,5.75,6.6,44,6
2470,0,9.25,6.25,9.9,44,6
2470,1,8.75,6.25,9.9,44,6
2470,2,9.25,5.75,9.9,44,6
2470,3,8.75,5.75,9.9,44,6
2471,0,9.25,6.75,0,44,6
2471,1,8.75,6.75,0,44,6
2471,2,9.25,6.25,0,44,6
2471,3,8.75,6.25,0,44,6
2472,0,9.25,6.75,3.3,44,6
2472,1,8.75,6.75,3.3,44,6
2472,2,9.25,6.25,3.3,44,6
2472,3,8.75,6.25,3.3,44,6
2473,0,9.25,6.75,6.6,44,6
2473,1,8.75,6.75,6.6,44,6
2473,2,9.25,6.25,6.6,44,6
2473,3,8.75,6.25,6.6,44,6
2474,0,9.25,6.75,9.9,44,6
2474,1,8.75,6.75,9.9,44,6
2474,2,9.25,6.25,9.9,44,6
2474,3,8.75,6.25,9.9,44,6
2475,0,9.25,6.75,-3.3,44,4
2475,1,8.75,6.75,-3.3,44,4
2475,2,9.25,6.375,-3.3,44,4
2475,3,8.75,6.375,-3.3,44,4
2476,0,8.75,6.75,0,5,3
2476,1,9.25,6.75,0,5,3
2477,0,8.75,6.75,3.3,5,3
2477,1,9.25,6.75,3.3,5,3
2478,0,8.75,6.75,6.6,5,3
2478,1,9.25,6.75,6.6,5,3
2479,0,8.75,6.75,9.9,5,3
2479,1,9.25,6.75,9.9,5,3
2480,0,9.25,7.125,-3.3,44,4
2480,1,8.75,7.125,-3.3,44,4
2480,2,9.25,6.75,-3.3,44,4
2480,3,8.75,6.75,-3.3,44,4
2481,0,9.25,7.25,0,44,6
2481,1,8.75,7.25,0,44,6
2481,2,9.25,6.75,0,44,6
2481,3,8.75,6.75,0,44,6
2482,0,9.25,7.25,3.3,44,6
2482,1,8.75,7.25,3.3,44,6
2482,2,9.25,6.75,3.3,44,6
2482,3,8.75,6.75,3.3,44,6
2483,0,9.25,7.25,6.6,44,6
2483,1,8.75,7.25,6.6,44,6
2483,2,9.25,6.75,6.6,44,6
2483,3,8.75,6.75,6.6,44,6
2484,0,9.25,7.25,9.9,44,6
2484,1,8.75,7.25,9.9,44,6
2484,2,9.25,6.75,9.9,44,6
2484,3,8.75,6.75,9.9,44,6
2485,0,9.25,7.75,0,44,6
2485,1,8.75,7.75,0,44,6
2485,2,9.25,7.25,0,44,6
2485,3,8.75,7.25,0,44,6
2486,0,9.25,7.75,3.3,44,6
2486,1,8.75,7.75,3.3,44,6
2486,2,9.25,7.25,3.3,44,6
2486,3,8.75,7.25,3.3,44,6
2487,0,9.25,7.75,6.6,44,6
2487,1,8.75,7.75,6.6,44,6
2487,2,9.25,7.25,6.6,44,6
2487,3,8.75,7.25,6.6,44,6
2488,0,9.25,7.75,9.9,44,6
2488,1,8.75,7.75,9.9,44,6
2488,2,9.25,7.25,9.9,44,6
2488,3,8.75,7.25,9.9,44,6
2489,0,9.25,8.25,0,44,6
2489,1,8.75,8.25,0,44,6
2489,2,9.25,7.75,0,44,6
2489,3,8.75,7.75,0,44,6
2490,0,9.25,8.25,3.3,44,6
2490,1,8.75,8.25,3.3,44,6
2490,2,9.25,7.75,3.3,44,6
2490,3,8.75,7.75,3.3,44,6
2491,0,9.25,8.25,6.6,44,6
2491,1,8.75,8.25,6.6,44,6
2491,2,9.25,7.75,6.6,44,6
2491,3,8.75,7.75,6.6,44,6
2492,0,9.25,8.25,9.9,44,6
2492,1,8.75,8.25,9.9,44,6
2492,2,9.25,7.75,9.9,44,6
2492,3,8.75,7.75,9.9,44,6
2493,0,9.25,8.75,0,44,6
2493,1,8.75,8.75,0,44,6
2493,2,9.25,8.25,0,44,6
2493,3,8.75,8.25,0,44,6
2494,0,9.25,8.75,3.3,44,6
2494,1,8.75,8.75,3.3,44,6
2494,2,9.25,8.25,3.3,44,6
2494,3,8.75,8.25,3.3,44,6
2495,0,9.25,8.75,6.6,44,6
2495,1,8.75,8.75,6.6,44,6
2495,2,9.25,8.25,6.6,44,6
2495,3,8.75,8.25,6.6,44,6
2496,0,9.25,8.75,9.9,44,6
2496,1,8.75,8.75,9.9,44,6
2496,2,9.25,8.25,9.9,44,6
2496,3,8.75,8.25,9.9,44,6
2497,0,9.25,9.25,0,44,6
2497,1,8.75,9.25,0,44,6
2497,2,9.25,8.75,0,44,6
2497,3,8.75,8.75,0,44,6
2498,0,9.25,9.25,3.3,44,6
2498,1,8.75,9.25,3.3,44,6
2498,2,9.25,8.75,3.3,44,6
2498,3,8.75,8.75,3.3,44,6
2499,0,9.25,9.25,6.6,44,6
2499,1,8.75,9.25,6.6,44,6
2499,2,9.25,8.75,6.6,44,6
2499,3,8.75,8.75,6.6,44,6
2500,0,9.25,9.25,9.9,44,6
2500,1,8.75,9.25,9.9,44,6
2500,2,9.25,8.75,9.9,44,6
2500,3,8.75,8.75,9.9,44,6
2501,0,9.25,9.75,0,44,6
2501,1,8.75,9.75,0,44,6
2501,2,9.25,9.25,0,44,6
2501,3,8.75,9.25,0,44,6
2502,0,9.25,9.75,3.3,44,6
2502,1,8.75,9.75,3.3,44,6
2502,2,9.25,9.25,3.3,44,6
2502,3,8.75,9.25,3.3,44,6
2503,0,9.25,9.75,6.6,44,6
2503,1,8.75,9.75,6.6,44,6
2503,2,9.25,9.25,6.6,44,6
2503,3,8.75,9.25,6.6,44,6
2504,0,9.25,9.75,9.9,44,6
2504,1,8.75,9.75,9.9,44,6
2504,2,9.25,9.25,9.9,44,6
2504,3,8.75,9.25,9.9,44,6
2505,0,9.25,10.25,0,44,6
2505,1,8.75,10.25,0,44,6
2505,2,9.25,9.75,0,44,6
2505,3,8.75,9.75,0,44,6
2506,0,9.25,10.25,3.3,44,6
2506,1,8.75,10.25,3.3,44,6
2506,2,9.25,9.75,3.3,44,6
2506,3,8.75,9.75,3.3,44,6
2507,0,9.25,10.25,6.6,44,6
2507,1,8.75,10.25,6.6,44,6
2507,2,9.25,9.75,6.6,44,6
2507,3,8.75,9.75,6.6,44,6
2508,0,9.25,10.25,9.9,44,6
2508,1,8.75,10.25,9.9,44,6
2508,2,9.25,9.75,9.9,44,6
2508,3,8.75,9.75,9.9,44,6
2509,0,9.25,10.75,0,44,6
2509,1,8.75,10.75,0,44,6
2509,2,9.25,10.25,0,44,6
2509,3,8.75,10.25,0,44,6
2510,0,9.25,10.75,3.3,44,6
2510,1,8.75,10.75,3.3,44,6
2510,2,9.25,10.25,3.3,44,6
2510,3,8.75,10.25,3.3,44,6
2511,0,9.25,10.75,6.6,44,6
2511,1,8.75,10.75,6.6,44,6
2511,2,9.25,10.25,6.6,44,6
2511,3,8.75,10.25,6.6,44,6
2512,0,9.25,10.75,9.9,44,6
2512,1,8.75,10.75,9.9,44,6
2512,2,9.25,10.25,9.9,44,6
2512,3,8.75,10.25,9.9,44,6
2513,0,9.25,11.25,0,44,6
2513,1,8.75,11.25,0,44,6
2513,2,9.25,10.75,0,44,6
2513,3,8.75,10.75,0,44,6
2514,0,9.25,11.25,3.3,44,6
2514,1,8.75,11.25,3.3,44,6
2514,2,9.25,10.75,3.3,44,6
2514,3,8.75,10.75,3.3,44,6
2515,0,9.25,11.25,6.6,44,6
2515,1,8.75,11.25,6.6,44,6
2515,2,9.25,10.75,6.6,44,6
2515,3,8.75,10.75,6.6,44,6
2516,0,9.25,11.25,9.9,44,6
2516,1,8.75,11.25,9.9,44,6
2516,2,9.25,10.75,9.9,44,6
2516,3,8.75,10.75,9.9,44,6
2517,0,9.25,11.75,0,44,6
2517,1,8.75,11.75,0,44,6
2517,2,9.25,11.25,0,44,6
2517,3,8.75,11.25,0,44,6
2518,0,9.25,11.75,3.3,44,6
2518,1,8.75,11.75,3.3,44,6
2518,2,9.25,11.25,3.3,44,6
2518,3,8.75,11.25,3.3,44,6
2519,0,9.25,11.75,6.6,44,6
2519,1,8.75,11.75,6.6,44,6
2519,2,9.25,11.25,6.6,44,6
2519,3,8.75,11.25,6.6,44,6
2520,0,9.25,11.75,9.9,44,6
2520,1,8.75,11.75,9.9,44,6
2520,2,9.25,11.25,9.9,44,6
2520,3,8.75,11.25,9.9,44,6
2521,0,9.25,12.25,0,44,6
2521,1,8.75,12.25,0,44,6
2521,2,9.25,11.75,0,44,6
2521,3,8.75,11.75,0,44,6
2522,0,9.25,12.25,3.3,44,6
2522,1,8.75,12.25,3.3,44,6
2522,2,9.25,11.75,3.3,44,6
2522,3,8.75,11.75,3.3,44,6
2523,0,9.25,12.25,6.6,44,6
2523,1,8.75,12.25,6.6,44,6
2523,2,9.25,11.75,6.6,44,6
2523,3,8.75,11.75,6.6,44,6
2524,0,9.25,12.25,9.9,44,6
2524,1,8.75,12.25,9.9,44,6
2524,2,9.25,11.75,9.9,44,6
2524,3,8.75,11.75,9.9,44,6
2525,0,9.25,12.75,0,44,6
2525,1,8.75,12.75,0,44,6
2525,2,9.25,12.25,0,44,6
2525,3,8.75,12.25,0,44,6
2526,0,9.25,12.75,3.3,44,6
2526,1,8.75,12.75,3.3,44,6
2526,2,9.25,12.25,3.3,44,6
2526,3,8.75,12.25,3.3,44,6
2527,0,9.25,12.75,6.6,44,6
2527,1,8.75,12.75,6.6,44,6
2527,2,9.25,12.25,6.6,44,6
2527,3,8.75,12.25,6.6,44,6
2528,0,9.25,12.75,9.9,44,6
2528,1,8.75,12.75,9.9,44,6
2528,2,9.25,12.25,9.9,44,6
2528,3,8.75,12.25,9.9,44,6
2529,0,9.25,12.75,-3.3,44,4
2529,1,8.75,12.75,-3.3,44,4
2529,2,9.25,12.375,-3.3,44,4
2529,3,8.75,12.375,-3.3,44,4
2530,0,9.25,12.75,-2.75,44,7
2530,1,9.25,12.75,-3.3,44,7
2530,2,8.75,12.75,-2.75,44,7
2530,3,8.75,12.75,-3.3,44,7
2531,0,9.25,12.75,-2.2,44,7
2531,1,9.25,12.75,-2.75,44,7
2531,2,8.75,12.75,-2.2,44,7
2531,3,8.75,12.75,-2.75,44,7
2532,0,9.25,12.75,-1.65,44,7
2532,1,9.25,12.75,-2.2,44,7
2532,2,8.75,12.75,-1.65,44,7
2532,3,8.75,12.75,-2.2,44,7
2533,0,9.25,12.75,-1.1,44,7
2533,1,9.25,12.75,-1.65,44,7
2533,2,8.75,12.75,-1.1,44,7
2533,3,8.75,12.75,-1.65,44,7
2534,0,9.25,12.75,-0.55,44,7
2534,1,9.25,12.75,-1.1,44,7
2534,2,8.75,12.75,-0.55,44,7
2534,3,8.75,12.75,-1.1,44,7
2535,0,9.25,12.75,0,44,7
2535,1,9.25,12.75,-0.55,44,7
2535,2,8.75,12.75,0,44,7
2535,3,8.75,12.75,-0.55,44,7
2536,0,8.75,12.75,0,5,3
2536,1,9.25,12.75,0,5,3
2537,0,8.75,12.75,3.3,5,3
2537,1,9.25,12.75,3.3,5,3
2538,0,8.75,12.75,6.6,5,3
2538,1,9.25,12.75,6.6,5,3
2539,0,8.75,12.75,9.9,5,3
2539,1,9.25,12.75,9.9,5,3
2540,0,9.25,13.125,-3.3,44,4
2540,1,8.75,13.125,-3.3,44,4
2540,2,9.25,12.75,-3.3,44,4
2540,3,8.75,12.75,-3.3,44,4
2541,0,9.6,1.25,1.65,44,5
2541,1,8.925,1.25,1.65,44,5
2541,2,9.6,0.75,1.65,44,5
2541,3,8.925,0.75,1.65,44,5
2542,0,9.6,1.25,4.95,44,5
2542,1,8.925,1.25,4.95,44,5
2542,2,9.6,0.75,4.95,44,5
2542,3,8.925,0.75,4.95,44,5
2543,0,9.6,1.75,-1.65,44,5
2543,1,8.925,1.75,-1.65,44,5
2543,2,9.6,1.25,-1.65,44,5
2543,3,8.925,1.25,-1.65,44,5
2544,0,9.6,1.75,1.65,44,5
2544,1,8.925,1.75,1.65,44,5
2544,2,9.6,1.25,1.65,44,5
2544,3,8.925,1.25,1.65,44,5
2545,0,9.6,1.75,4.95,44,5
2545,1,8.925,1.75,4.95,44,5
2545,2,9.6,1.25,4.95,44,5
2545,3,8.925,1.25,4.95,44,5
2546,0,9.6,2.25,-1.65,44,5
2546,1,8.925,2.25,-1.65,44,5
2546,2,9.6,1.75,-1.65,44,5
2546,3,8.925,1.75,-1.65,44,5
2547,0,9.6,2.25,1.65,44,5
2547,1,8.925,2.25,1.65,44,5
2547,2,9.6,1.75,1.65,44,5
2547,3,8.925,1.75,1.65,44,5
2548,0,9.6,2.25,4.95,44,5
2548,1,8.925,2.25,4.95,44,5
2548,2,9.6,1.75,4.95,44,5
2548,3,8.925,1.75,4.95,44,5
2549,0,9.6,2.67857,-1.41429,44,5
2549,1,8.925,2.67857,-1.41429,44,5
2549,2,9.6,2.25,-1.65,44,5
2549,3,8.925,2.25,-1.65,44,5
2550,0,9.6,2.67857,1.88571,44,5
2550,1,8.925,2.67857,1.88571,44,5
2550,2,9.6,2.25,1.65,44,5
2550,3,8.925,2.25,1.65,44,5
2551,0,9.6,2.67857,5.18571,44,5
2551,1,8.925,2.67857,5.18571,44,5
2551,2,9.6,2.25,4.95,44,5
2551,3,8.925,2.25,4.95,44,5
2552,0,9.6,3.10714,-1.17857,44,5
2552,1,8.925,3.10714,-1.17857,44,5
2552,2,9.6,2.67857,-1.41429,44,5
2552,3,8.925,2.67857,-1.41429,44,5
2553,0,9.6,3.10714,2.12143,44,5
2553,1,8.925,3.10714,2.12143,44,5
2553,2,9.6,2.67857,1.88571,44,5
2553,3,8.925,2.67857,1.88571,44,5
2554,0,9.6,3.10714,5.42143,44,5
2554,1,8.925,3.10714,5.42143,44,5
2554,2,9.6,2.67857,5.18571,44,5
2554,3,8.925,2.67857,5.18571,44,5
2555,0,9.6,3.53571,-0.94286,44,5
2555,1,8.925,3.53571,-0.94286,44,5
2555,2,9.6,3.10714,-1.17857,44,5
2555,3,8.925,3.10714,-1.17857,44,5
2556,0,9.6,3.53571,2.35714,44,5
2556,1,8.925,3.53571,2.35714,44,5
2556,2,9.6,3.10714,2.12143,44,5
2556,3,8.925,3.10714,2.12143,44,5
2557,0,9.6,3.53571,5.65714,44,5
2557,1,8.925,3.53571,5.65714,44,5
2557,2,9.6,3.10714,5.42143,44,5
2557,3,8.925,3.10714,5.42143,44,5
2558,0,9.6,3.96429,-0.70714,44,5
2558,1,8.925,3.96429,-0.70714,44,5
2558,2,9.6,3.53571,-0.94286,44,5
2558,3,8.925,3.53571,-0.94286,44,5
2559,0,9.6,3.96429,2.59286,44,5
2559,1,8.925,3.96429,2.59286,44,5
2559,2,9.6,3.53571,2.35714,44,5
2559,3,8.925,3.53571,2.35714,44,5
2560,0,9.6,3.96429,5.89286,44,5
2560,1,8.925,3.96429,5.89286,44,5
2560,2,9.6,3.53571,5.65714,44,5
2560,3,8.925,3.53571,5.65714,44,5
2561,0,9.6,4.39286,-0.47143,44,5
2561,1,8.925,4.39286,-0.47143,44,5
2561,2,9.6,3.96429,-0.70714,44,5
2561,3,8.925,3.96429,-0.70714,44,5
2562,0,9.6,4.39286,2.82857,44,5
2562,1,8.925,4.39286,2.82857,44,5
2562,2,9.6,3.96429,2.59286,44,5
2562,3,8.925,3.96429,2.59286,44,5
2563,0,9.6,4.39286,6.12857,44,5
2563,1,8.925,4.39286,6.12857,44,5
2563,2,9.6,3.96429,5.89286,44,5
2563,3,8.925,3.96429,5.89286,44,5
2564,0,9.6,4.82143,-0.23571,44,5
2564,1,8.925,4.82143,-0.23571,44,5
2564,2,9.6,4.39286,-0.47143,44,5
2564,3,8.925,4.39286,-0.47143,44,5
2565,0,9.6,4.82143,3.06429,44,5
2565,1,8.925,4.82143,3.06429,44,5
2565,2,9.6,4.39286,2.82857,44,5
2565,3,8.925,4.39286,2.82857,44,5
2566,0,9.6,4.82143,6.36429,44,5
2566,1,8.925,4.82143,6.36429,44,5
2566,2,9.6,4.39286,6.12857,44,5
2566,3,8.925,4.39286,6.12857,44,5
2567,0,9.6,1.25,-1.65,44,5
2567,1,8.925,1.25,-1.65,44,5
2567,2,9.6,0.75,-1.65,44,5
2567,3,9.25,0.75,-1.65,44,5
2568,0,9.6,5.25,0,44,5
2568,1,9.25,5.25,0,44,5
2568,2,9.6,4.82143,-0.23571,44,5
2568,3,8.925,4.82143,-0.23571,44,5
2569,0,9.6,5.25,3.3,44,5
2569,1,9.25,5.25,3.3,44,5
2569,2,9.6,4.82143,3.06429,44,5
2569,3,8.925,4.82143,3.06429,44,5
2570,0,9.6,5.25,6.6,44,5
2570,1,9.25,5.25,6.6,44,5
2570,2,9.6,4.82143,6.36429,44,5
2570,3,8.925,4.82143,6.36429,44,5
2571,0,9.6,0.75,-1.1,44,7
2571,1,9.6,0.75,-1.65,44,7
2571,2,9.25,0.75,-1.1,44,7
2571,3,9.25,0.75,-1.65,44,7
2572,0,9.6,0.75,-0.55,44,7
2572,1,9.6,0.75,-1.1,44,7
2572,2,9.25,0.75,-0.55,44,7
2572,3,9.25,0.75,-1.1,44,7
2573,0,9.6,0.75,0,44,7
2573,1,9.6,0.75,-0.55,44,7
2573,2,9.25,0.75,0,44,7
2573,3,9.25,0.75,-0.55,44,7
2574,0,9.25,0.75,0,5,3
2574,1,9.6,0.75,0,5,3
2575,0,9.25,0.75,3.3,5,3
2575,1,9.6,0.75,3.3,5,3
2576,0,9.25,0.75,6.6,5,3
2576,1,9.6,0.75,6.6,5,3
2577,0,9.6,0.75,-1.65,44,7
2577,1,9.75,0.75,-2.2,44,7
2577,2,9.25,0.75,-1.65,44,7
2577,3,9.25,0.75,-2.2,44,7
2578,0,9.75,5.75,0,44,6
2578,1,9.25,5.75,0,44,6
2578,2,9.6,5.25,0,44,6
2578,3,9.25,5.25,0,44,6
2579,0,9.75,5.75,3.3,44,6
2579,1,9.25,5.75,3.3,44,6
2579,2,9.6,5.25,3.3,44,6
2579,3,9.25,5.25,3.3,44,6
2580,0,9.75,5.75,6.6,44,6
2580,1,9.25,5.75,6.6,44,6
2580,2,9.6,5.25,6.6,44,6
2580,3,9.25,5.25,6.6,44,6
2581,0,9.75,0.75,-3.3,44,4
2581,1,9.25,0.75,-3.3,44,4
2581,2,9.75,0.375,-3.3,44,4
2581,3,9.25,0.375,-3.3,44,4
2582,0,9.75,0.75,-2.75,44,7
2582,1,9.75,0.75,-3.3,44,7
2582,2,9.25,0.75,-2.75,44,7
2582,3,9.25,0.75,-3.3,44,7
2583,0,9.75,0.75,-2.2,44,7
2583,1,9.75,0.75,-2.75,44,7
2583,2,9.25,0.75,-2.2,44,7
2583,3,9.25,0.75,-2.75,44,7
2584,0,9.25,0.75,9.9,5,3
2584,1,9.75,0.75,9.9,5,3
2585,0,9.75,1.125,-3.3,44,4
2585,1,9.25,1.125,-3.3,44,4
2585,2,9.75,0.75,-3.3,44,4
2585,3,9.25,0.75,-3.3,44,4
2586,0,9.75,1.25,9.9,44,6
2586,1,9.25,1.25,9.9,44,6
2586,2,9.75,0.75,9.9,44,6
2586,3,9.25,0.75,9.9,44,6
2587,0,9.75,1.75,9.9,44,6
2587,1,9.25,1.75,9.9,44,6
2587,2,9.75,1.25,9.9,44,6
2587,3,9.25,1.25,9.9,44,6
2588,0,9.75,2.25,9.9,44,6
2588,1,9.25,2.25,9.9,44,6
2588,2,9.75,1.75,9.9,44,6
2588,3,9.25,1.75,9.9,44,6
2589,0,9.75,2.75,9.9,44,6
2589,1,9.25,2.75,9.9,44,6
2589,2,9.75,2.25,9.9,44,6
2589,3,9.25,2.25,9.9,44,6
2590,0,9.75,3.25,9.9,44,6
2590,1,9.25,3.25,9.9,44,6
2590,2,9.75,2.75,9.9,44,6
2590,3,9.25,2.75,9.9,44,6
2591,0,9.75,3.75,9.9,44,6
2591,1,9.25,3.75,9.9,44,6
2591,2,9.75,3.25,9.9,44,6
2591,3,9.25,3.25,9.9,44,6
2592,0,9.75,4.25,9.9,44,6
2592,1,9.25,4.25,9.9,44,6
2592,2,9.75,3.75,9.9,44,6
2592,3,9.25,3.75,9.9,44,6
2593,0,9.75,4.75,9.9,44,6
2593,1,9.25,4.75,9.9,44,6
2593,2,9.75,4.25,9.9,44,6
2593,3,9.25,4.25,9.9,44,6
2594,0,9.75,5.25,9.9,44,6
2594,1,9.25,5.25,9.9,44,6
2594,2,9.75,4.75,9.9,44,6
2594,3,9.25,4.75,9.9,44,6
2595,0,9.75,5.75,9.9,44,6
2595,1,9.25,5.75,9.9,44,6
2595,2,9.75,5.25,9.9,44,6
2595,3,9.25,5.25,9.9,44,6
2596,0,9.75,6.25,0,44,6
2596,1,9.25,6.25,0,44,6
2596,2,9.75,5.75,0,44,6
2596,3,9.25,5.75,0,44,6
2597,0,9.75,6.25,3.3,44,6
2597,1,9.25,6.25,3.3,44,6
2597,2,9.75,5.75,3.3,44,6
2597,3,9.25,5.75,3.3,44,6
2598,0,9.75,6.25,6.6,44,6
2598,1,9.25,6.25,6.6,44,6
2598,2,9.75,5.75,6.6,44,6
2598,3,9.25,5.75,6.6,44,6
2599,0,9.75,6.25,9.9,44,6
2599,1,9.25,6.25,9.9,44,6
2599,2,9.75,5.75,9.9,44,6
2599,3,9.25,5.75,9.9,44,6
2600,0,9.75,6.75,0,44,6
2600,1,9.25,6.75,0,44,6
2600,2,9.75,6.25,0,44,6
2600,3,9.25,6.25,0,44,6
2601,0,9.75,6.75,3.3,44,6
2601,1,9.25,6.75,3.3,44,6
2601,2,9.75,6.25,3.3,44,6
2601,3,9.25,6.25,3.3,44,6
2602,0,9.75,6.75,6.6,44,6
2602,1,9.25,6.75,6.6,44,6
2602,2,9.75,6.25,6.6,44,6
2602,3,9.25,6.25,6.6,44,6
2603,0,9.75,6.75,9.9,44,6
2603,1,9.25,6.75,9.9,44,6
2603,2,9.75,6.25,9.9,44,6
2603,3,9.25,6.25,9.9,44,6
2604,0,9.75,6.75,-3.3,44,4
2604,1,9.25,6.75,-3.3,44,4
2604,2,9.75,6.375,-3.3,44,4
2604,3,9.25,6.375,-3.3,44,4
2605,0,9.25,6.75,0,5,3
2605,1,9.75,6.75,0,5,3
2606,0,9.25,6.75,3.3,5,3
2606,1,9.75,6.75,3.3,5,3
2607,0,9.25,6.75,6.6,5,3
2607,1,9.75,6.75,6.6,5,3
2608,0,9.25,6.75,9.9,5,3
2608,1,9.75,6.75,9.9,5,3
2609,0,9.75,7.125,-3.3,44,4
2609,1,9.25,7.125,-3.3,44,4
2609,2,9.75,6.75,-3.3,44,4
2609,3,9.25,6.75,-3.3,44,4
2610,0,9.75,7.25,0,44,6
2610,1,9.25,7.25,0,44,6
2610,2,9.75,6.75,0,44,6
2610,3,9.25,6.75,0,44,6
2611,0,9.75,7.25,3.3,44,6
2611,1,9.25,7.25,3.3,44,6
2611,2,9.75,6.75,3.3,44,6
2611,3,9.25,6.75,3.3,44,6
2612,0,9.75,7.25,6.6,44,6
2612,1,9.25,7.25,6.6,44,6
2612,2,9.75,6.75,6.6,44,6
2612,3,9.25,6.75,6.6,44,6
2613,0,9.75,7.25,9.9,44,6
2613,1,9.25,7.25,9.9,44,6
2613,2,9.75,6.75,9.9,44,6
2613,3,9.25,6.75,9.9,44,6
2614,0,9.75,7.75,0,44,6
2614,1,9.25,7.75,0,44,6
2614,2,9.75,7.25,0,44,6
2614,3,9.25,7.25,0,44,6
2615,0,9.75,7.75,3.3,44,6
2615,1,9.25,7.75,3.3,44,6
2615,2,9.75,7.25,3.3,44,6
2615,3,9.25,7.25,3.3,44,6
2616,0,9.75,7.75,6.6,44,6
2616,1,9.25,7.75,6.6,44,6
2616,2,9.75,7.25,6.6,44,6
2616,3,9.25,7.25,6.6,44,6
2617,0,9.75,7.75,9.9,44,6
2617,1,9.25,7.75,9.9,44,6
2617,2,9.75,7.25,9.9,44,6
2617,3,9.25,7.25,9.9,44,6
2618,0,9.75,8.25,0,44,6
2618,1,9.25,8.25,0,44,6
2618,2,9.75,7.75,0,44,6
2618,3,9.25,7.75,0,44,6
2619,0,9.75,8.25,3.3,44,6
2619,1,9.25,8.25,3.3,44,6
2619,2,9.75,7.75,3.3,44,6
2619,3,9.25,7.75,3.3,44,6
2620,0,9.75,8.25,6.6,44,6
2620,1,9.25,8.25,6.6,44,6
2620,2,9.75,7.75,6.6,44,6
2620,3,9.25,7.75,6.6,44,6
2621,0,9.75,8.25,9.9,44,6
2621,1,9.25,8.25,9.9,44,6
2621,2,9.75,7.75,9.9,44,6
2621,3,9.25,7.75,9.9,44,6
2622,0,9.75,8.75,0,44,6
2622,1,9.25,8.75,0,44,6
2622,2,9.75,8.25,0,44,6
2622,3,9.25,8.25,0,44,6
2623,0,9.75,8.75,3.3,44,6
2623,1,9.25,8.75,3.3,44,6
2623,2,9.75,8.25,3.3,44,6
2623,3,9.25,8.25,3.3,44,6
2624,0,9.75,8.75,6.6,44,6
2624,1,9.25,8.75,6.6,44,6
2624,2,9.75,8.25,6.6,44,6
2624,3,9.25,8.25,6.6,44,6
2625,0,9.75,8.75,9.9,44,6
2625,1,9.25,8.75,9.9,44,6
2625,2,9.75,8.25,9.9,44,6
2625,3,9.25,8.25,9.9,44,6
2626,0,9.75,9.25,0,44,6
2626,1,9.25,9.25,0,44,6
2626,2,9.75,8.75,0,44,6
2626,3,9.25,8.75,0,44,6
2627,0,9.75,9.25,3.3,44,6
2627,1,9.25,9.25,3.3,44,6
2627,2,9.75,8.75,3.3,44,6
2627,3,9.25,8.75,3.3,44,6
2628,0,9.75,9.25,6.6,44,6
2628,1,9.25,9.25,6.6,44,6
2628,2,9.75,8.75,6.6,44,6
2628,3,9.25,8.75,6.6,44,6
2629,0,9.75,9.25,9.9,44,6
2629,1,9.25,9.25,9.9,44,6
2629,2,9.75,8.75,9.9,44,6
2629,3,9.25,8.75,9.9,44,6
2630,0,9.75,9.75,0,44,6
2630,1,9.25,9.75,0,44,6
2630,2,9.75,9.25,0,44,6
2630,3,9.25,9.25,0,44,6
2631,0,9.75,9.75,3.3,44,6
2631,1,9.25,9.75,3.3,44,6
2631,2,9.75,9.25,3.3,44,6
2631,3,9.25,9.25,3.3,44,6
2632,0,9.75,9.75,6.6,44,6
2632,1,9.25,9.75,6.6,44,6
2632,2,9.75,9.25,6.6,44,6
2632,3,9.25,9.25,6.6,44,6
2633,0,9.75,9.75,9.9,44,6
2633,1,9.25,9.75,9.9,44,6
2633,2,9.75,9.25,9.9,44,6
2633,3,9.25,9.25,9.9,44,6
2634,0,9.75,10.25,0,44,6
2634,1,9.25,10.25,0,44,6
2634,2,9.75,9.75,0,44,6
2634,3,9.25,9.75,0,44,6
2635,0,9.75,10.25,3.3,44,6
2635,1,9.25,10.25,3.3,44,6
2635,2,9.75,9.75,3.3,44,6
2635,3,9.25,9.75,3.3,44,6
2636,0,9.75,10.25,6.6,44,6
2636,1,9.25,10.25,6.6,44,6
2636,2,9.75,9.75,6.6,44,6
2636,3,9.25,9.75,6.6,44,6
2637,0,9.75,10.25,9.9,44,6
2637,1,9.25,10.25,9.9,44,6
2637,2,9.75,9.75,9.9,44,6
2637,3,9.25,9.75,9.9,44,6
2638,0,9.75,10.75,0,44,6
2638,1,9.25,10.75,0,44,6
2638,2,9.75,10.25,0,44,6
2638,3,9.25,10.25,0,44,6
2639,0,9.75,10.75,3.3,44,6
2639,1,9.25,10.75,3.3,44,6
2639,2,9.75,10.25,3.3,44,6
2639,3,9.25,10.25,3.3,44,6
2640,0,9.75,10.75,6.6,44,6
2640,1,9.25,10.75,6.6,44,6
2640,2,9.75,10.25,6.6,44,6
2640,3,9.25,10.25,6.6,44,6
2641,0,9.75,10.75,9.9,44,6
2641,1,9.25,10.75,9.9,44,6
2641,2,9.75,10.25,9.9,44,6
2641,3,9.25,10.25,9.9,44,6
2642,0,9.75,11.25,0,44,6
2642,1,9.25,11.25,0,44,6
2642,2,9.75,10.75,0,44,6
2642,3,9.25,10.75,0,44,6
2643,0,9.75,11.25,3.3,44,6
2643,1,9.25,11.25,3.3,44,6
2643,2,9.75,10.75,3.3,44,6
2643,3,9.25,10.75,3.3,44,6
2644,0,9.75,11.25,6.6,44,6
2644,1,9.25,11.25,6.6,44,6
2644,2,9.75,10.75,6.6,44,6
2644,3,9.25,10.75,6.6,44,6
2645,0,9.75,11.25,9.9,44,6
2645,1,9.25,11.25,9.9,44,6
2645,2,9.75,10.75,9.9,44,6
2645,3,9.25,10.75,9.9,44,6
2646,0,9.75,11.75,0,44,6
2646,1,9.25,11.75,0,44,6
2646,2,9.75,11.25,0,44,6
2646,3,9.25,11.25,0,44,6
2647,0,9.75,11.75,3.3,44,6
2647,1,9.25,11.75,3.3,44,6
2647,2,9.75,11.25,3.3,44,6
2647,3,9.25,11.25,3.3,44,6
2648,0,9.75,11.75,6.6,44,6
2648,1,9.25,11.75,6.6,44,6
2648,2,9.75,11.25,6.6,44,6
2648,3,9.25,11.25,6.6,44,6
2649,0,9.75,11.75,9.9,44,6
2649,1,9.25,11.75,9.9,44,6
2649,2,9.75,11.25,9.9,44,6
2649,3,9.25,11.25,9.9,44,6
2650,0,9.75,12.25,0,44,6
2650,1,9.25,12.25,0,44,6
2650,2,9.75,11.75,0,44,6
2650,3,9.25,11.75,0,44,6
2651,0,9.75,12.25,3.3,44,6
2651,1,9.25,12.25,3.3,44,6
2651,2,9.75,11.75,3.3,44,6
2651,3,9.25,11.75,3.3,44,6
2652,0,9.75,12.25,6.6,44,6
2652,1,9.25,12.25,6.6,44,6
2652,2,9.75,11.75,6.6,44,6
2652,3,9.25,11.75,6.6,44,6
2653,0,9.75,12.25,9.9,44,6
2653,1,9.25,12.25,9.9,44,6
2653,2,9.75,11.75,9.9,44,6
2653,3,9.25,11.75,9.9,44,6
2654,0,9.75,12.75,0,44,6
2654,1,9.25,12.75,0,44,6
2654,2,9.75,12.25,0,44,6
2654,3,9.25,12.25,0,44,6
2655,0,9.75,12.75,3.3,44,6
2655,1,9.25,12.75,3.3,44,6
2655,2,9.75,12.25,3.3,44,6
2655,3,9.25,12.25,3.3,44,6
2656,0,9.75,12.75,6.6,44,6
2656,1,9.25,12.75,6.6,44,6
2656,2,9.75,12.25,6.6,44,6
2656,3,9.25,12.25,6.6,44,6
2657,0,9.75,12.75,9.9,44,6
2657,1,9.25,12.75,9.9,44,6
2657,2,9.75,12.25,9.9,44,6
2657,3,9.25,12.25,9.9,44,6
2658,0,9.75,12.75,-3.3,44,4
2658,1,9.25,12.75,-3.3,44,4
2658,2,9.75,12.375,-3.3,44,4
2658,3,9.25,12.375,-3.3,44,4
2659,0,9.75,12.75,-2.75,44,7
2659,1,9.75,12.75,-3.3,44,7
2659,2,9.25,12.75,-2.75,44,7
2659,3,9.25,12.75,-3.3,44,7
2660,0,9.75,12.75,-2.2,44,7
2660,1,9.75,12.75,-2.75,44,7
2660,2,9.25,12.75,-2.2,44,7
2660,3,9.25,12.75,-2.75,44,7
2661,0,9.75,12.75,-1.65,44,7
2661,1,9.75,12.75,-2.2,44,7
2661,2,9.25,12.75,-1.65,44,7
2661,3,9.25,12.75,-2.2,44,7
2662,0,9.75,12.75,-1.1,44,7
2662,1,9.75,12.75,-1.65,44,7
2662,2,9.25,12.75,-1.1,44,7
2662,3,9.25,12.75,-1.65,44,7
2663,0,9.75,12.75,-0.55,44,7
2663,1,9.75,12.75,-1.1,44,7
2663,2,9.25,12.75,-0.55,44,7
2663,3,9.25,12.75,-1.1,44,7
2664,0,9.75,12.75,0,44,7
2664,1,9.75,12.75,-0.55,44,7
2664,2,9.25,12.75,0,44,7
2664,3,9.25,12.75,-0.55,44,7
2665,0,9.25,12.75,0,5,3
2665,1,9.75,12.75,0,5,3
2666,0,9.25,12.75,3.3,5,3
2666,1,9.75,12.75,3.3,5,3
2667,0,9.25,12.75,6.6,5,3
2667,1,9.75,12.75,6.6,5,3
2668,0,9.25,12.75,9.9,5,3
2668,1,9.75,12.75,9.9,5,3
2669,0,9.75,13.125,-3.3,44,4
2669,1,9.25,13.125,-3.3,44,4
2669,2,9.75,12.75,-3.3,44,4
2669,3,9.25,12.75,-3.3,44,4
2670,0,9.6,0.75,0,5,1
2670,1,9.6,0.75,0.825,5,1
2671,0,9.6,0.75,0.825,5,1
2671,1,9.6,0.75,1.65,5,1
2672,0,9.6,0.75,1.65,5,1
2672,1,9.6,0.75,2.475,5,1
2673,0,9.6,0.75,2.475,5,1
2673,1,9.6,0.75,3.3,5,1
2674,0,9.6,0.75,3.3,5,1
2674,1,9.6,0.75,4.125,5,1
2675,0,9.6,0.75,4.125,5,1
2675,1,9.6,0.75,4.95,5,1
2676,0,9.6,0.75,0,5,3
2676,1,10.175,0.75,0,5,3
2677,0,9.6,0.75,3.3,5,3
2677,1,10.175,0.75,3.3,5,3
2678,0,9.6,0.75,6.6,5,3
2678,1,10.175,0.75,6.6,5,3
2679,0,10.175,1.25,0,44,6
2679,1,9.6,1.25,0,44,6
2679,2,10.175,0.75,0,44,6
2679,3,9.6,0.75,0,44,6
2680,0,10.175,1.25,3.3,44,6
2680,1,9.6,1.25,3.3,44,6
2680,2,10.175,0.75,3.3,44,6
2680,3,9.6,0.75,3.3,44,6
2681,0,10.175,1.25,6.6,44,6
2681,1,9.6,1.25,6.6,44,6
2681,2,10.175,0.75,6.6,44,6
2681,3,9.6,0.75,6.6,44,6
2682,0,10.175,1.75,0,44,6
2682,1,9.6,1.75,0,44,6
2682,2,10.175,1.25,0,44,6
2682,3,9.6,1.25,0,44,6
2683,0,10.175,1.75,3.3,44,6
2683,1,9.6,1.75,3.3,44,6
2683,2,10.175,1.25,3.3,44,6
2683,3,9.6,1.25,3.3,44,6
2684,0,10.175,1.75,6.6,44,6
2684,1,9.6,1.75,6.6,44,6
2684,2,10.175,1.25,6.6,44,6
2684,3,9.6,1.25,6.6,44,6
2685,0,10.175,2.25,0,44,6
2685,1,9.6,2.25,0,44,6
2685,2,10.175,1.75,0,44,6
2685,3,9.6,1.75,0,44,6
2686,0,10.175,2.25,3.3,44,6
2686,1,9.6,2.25,3.3,44,6
2686,2,10.175,1.75,3.3,44,6
2686,3,9.6,1.75,3.3,44,6
2687,0,10.175,2.25,6.6,44,6
2687,1,9.6,2.25,6.6,44,6
2687,2,10.175,1.75,6.6,44,6
2687,3,9.6,1.75,6.6,44,6
2688,0,10.175,2.75,0,44,6
2688,1,9.6,2.75,0,44,6
2688,2,10.175,2.25,0,44,6
2688,3,9.6,2.25,0,44,6
2689,0,10.175,2.75,3.3,44,6
2689,1,9.6,2.75,3.3,44,6
2689,2,10.175,2.25,3.3,44,6
2689,3,9.6,2.25,3.3,44,6
2690,0,10.175,2.75,6.6,44,6
2690,1,9.6,2.75,6.6,44,6
2690,2,10.175,2.25,6.6,44,6
2690,3,9.6,2.25,6.6,44,6
2691,0,10.175,3.25,0,44,6
2691,1,9.6,3.25,0,44,6
2691,2,10.175,2.75,0,44,6
2691,3,9.6,2.75,0,44,6
2692,0,10.175,3.25,3.3,44,6
2692,1,9.6,3.25,3.3,44,6
2692,2,10.175,2.75,3.3,44,6
2692,3,9.6,2.75,3.3,44,6
2693,0,10.175,3.25,6.6,44,6
2693,1,9.6,3.25,6.6,44,6
2693,2,10.175,2.75,6.6,44,6
2693,3,9.6,2.75,6.6,44,6
2694,0,10.175,3.75,0,44,6
2694,1,9.6,3.75,0,44,6
2694,2,10.175,3.25,0,44,6
2694,3,9.6,3.25,0,44,6
2695,0,10.175,3.75,3.3,44,6
2695,1,9.6,3.75,3.3,44,6
2695,2,10.175,3.25,3.3,44,6
2695,3,9.6,3.25,3.3,44,6
2696,0,10.175,3.75,6.6,44,6
2696,1,9.6,3.75,6.6,44,6
2696,2,10.175,3.25,6.6,44,6
2696,3,9.6,3.25,6.6,44,6
2697,0,10.175,4.25,0,44,6
2697,1,9.6,4.25,0,44,6
2697,2,10.175,3.75,0,44,6
2697,3,9.6,3.75,0,44,6
2698,0,10.175,4.25,3.3,44,6
2698,1,9.6,4.25,3.3,44,6
2698,2,10.175,3.75,3.3,44,6
2698,3,9.6,3.75,3.3,44,6
2699,0,10.175,4.25,6.6,44,6
2699,1,9.6,4.25,6.6,44,6
2699,2,10.175,3.75,6.6,44,6
2699,3,9.6,3.75,6.6,44,6
2700,0,10.175,4.75,0,44,6
2700,1,9.6,4.75,0,44,6
2700,2,10.175,4.25,0,44,6
2700,3,9.6,4.25,0,44,6
2701,0,10.175,4.75,3.3,44,6
2701,1,9.6,4.75,3.3,44,6
2701,2,10.175,4.25,3.3,44,6
2701,3,9.6,4.25,3.3,44,6
2702,0,10.175,4.75,6.6,44,6
2702,1,9.6,4.75,6.6,44,6
2702,2,10.175,4.25,6.6,44,6
2702,3,9.6,4.25,6.6,44,6
2703,0,10.175,5.25,0,44,6
2703,1,9.6,5.25,0,44,6
2703,2,10.175,4.75,0,44,6
2703,3,9.6,4.75,0,44,6
2704,0,10.175,5.25,3.3,44,6
2704,1,9.6,5.25,3.3,44,6
2704,2,10.175,4.75,3.3,44,6
2704,3,9.6,4.75,3.3,44,6
2705,0,10.175,5.25,6.6,44,6
2705,1,9.6,5.25,6.6,44,6
2705,2,10.175,4.75,6.6,44,6
2705,3,9.6,4.75,6.6,44,6
2706,0,10.175,0.75,0,44,7
2706,1,10.25,0.75,-0.55,44,7
2706,2,9.6,0.75,0,44,7
2706,3,9.6,0.75,-0.55,44,7
2707,0,10.25,0.75,-1.1,44,7
2707,1,10.25,0.75,-1.65,44,7
2707,2,9.6,0.75,-1.1,44,7
2707,3,9.6,0.75,-1.65,44,7
2708,0,10.25,0.75,-0.55,44,7
2708,1,10.25,0.75,-1.1,44,7
2708,2,9.6,0.75,-0.55,44,7
2708,3,9.6,0.75,-1.1,44,7
2709,0,10.25,5.75,0,44,6
2709,1,9.75,5.75,0,44,6
2709,2,10.175,5.25,0,44,6
2709,3,9.6,5.25,0,44,6
2710,0,10.25,5.75,3.3,44,6
2710,1,9.75,5.75,3.3,44,6
2710,2,10.175,5.25,3.3,44,6
2710,3,9.6,5.25,3.3,44,6
2711,0,10.25,5.75,6.6,44,6
2711,1,9.75,5.75,6.6,44,6
2711,2,10.175,5.25,6.6,44,6
2711,3,9.6,5.25,6.6,44,6
2712,0,10.25,0.75,-1.65,44,7
2712,1,10.25,0.75,-2.2,44,7
2712,2,9.6,0.75,-1.65,44,7
2712,3,9.75,0.75,-2.2,44,7
2713,0,10.25,0.75,-3.3,44,4
2713,1,9.75,0.75,-3.3,44,4
2713,2,10.25,0.375,-3.3,44,4
2713,3,9.75,0.375,-3.3,44,4
2714,0,10.25,0.75,-2.75,44,7
2714,1,10.25,0.75,-3.3,44,7
2714,2,9.75,0.75,-2.75,44,7
2714,3,9.75,0.75,-3.3,44,7
2715,0,10.25,0.75,-2.2,44,7
2715,1,10.25,0.75,-2.75,44,7
2715,2,9.75,0.75,-2.2,44,7
2715,3,9.75,0.75,-2.75,44,7
2716,0,9.75,0.75,9.9,5,3
2716,1,10.25,0.75,9.9,5,3
2717,0,10.25,1.25,-3.3,44,4
2717,1,9.75,1.125,-3.3,44,4
2717,2,10.25,0.75,-3.3,44,4
2717,3,9.75,0.75,-3.3,44,4
2718,0,10.25,1.25,9.9,44,6
2718,1,9.75,1.25,9.9,44,6
2718,2,10.25,0.75,9.9,44,6
2718,3,9.75,0.75,9.9,44,6
2719,0,10.25,1.75,9.9,44,6
2719,1,9.75,1.75,9.9,44,6
2719,2,10.25,1.25,9.9,44,6
2719,3,9.75,1.25,9.9,44,6
2720,0,10.25,2.25,9.9,44,6
2720,1,9.75,2.25,9.9,44,6
2720,2,10.25,1.75,9.9,44,6
2720,3,9.75,1.75,9.9,44,6
2721,0,10.25,2.75,9.9,44,6
2721,1,9.75,2.75,9.9,44,6
2721,2,10.25,2.25,9.9,44,6
2721,3,9.75,2.25,9.9,44,6
2722,0,10.25,3.25,9.9,44,6
2722,1,9.75,3.25,9.9,44,6
2722,2,10.25,2.75,9.9,44,6
2722,3,9.75,2.75,9.9,44,6
2723,0,10.25,3.75,9.9,44,6
2723,1,9.75,3.75,9.9,44,6
2723,2,10.25,3.25,9.9,44,6
2723,3,9.75,3.25,9.9,44,6
2724,0,10.25,4.25,9.9,44,6
2724,1,9.75,4.25,9.9,44,6
2724,2,10.25,3.75,9.9,44,6
2724,3,9.75,3.75,9.9,44,6
2725,0,10.25,4.75,9.9,44,6
2725,1,9.75,4.75,9.9,44,6
2725,2,10.25,4.25,9.9,44,6
2725,3,9.75,4.25,9.9,44,6
2726,0,10.25,5.25,9.9,44,6
2726,1,9.75,5.25,9.9,44,6
2726,2,10.25,4.75,9.9,44,6
2726,3,9.75,4.75,9.9,44,6
2727,0,10.25,5.75,9.9,44,6
2727,1,9.75,5.75,9.9,44,6
2727,2,10.25,5.25,9.9,44,6
2727,3,9.75,5.25,9.9,44,6
2728,0,10.25,6.25,0,44,6
2728,1,9.75,6.25,0,44,6
2728,2,10.25,5.75,0,44,6
2728,3,9.75,5.75,0,44,6
2729,0,10.25,6.25,3.3,44,6
2729,1,9.75,6.25,3.3,44,6
2729,2,10.25,5.75,3.3,44,6
2729,3,9.75,5.75,3.3,44,6
2730,0,10.25,6.25,6.6,44,6
2730,1,9.75,6.25,6.6,44,6
2730,2,10.25,5.75,6.6,44,6
2730,3,9.75,5.75,6.6,44,6
2731,0,10.25,6.25,9.9,44,6
2731,1,9.75,6.25,9.9,44,6
2731,2,10.25,5.75,9.9,44,6
2731,3,9.75,5.75,9.9,44,6
2732,0,10.25,6.75,0,44,6
2732,1,9.75,6.75,0,44,6
2732,2,10.25,6.25,0,44,6
2732,3,9.75,6.25,0,44,6
2733,0,10.25,6.75,3.3,44,6
2733,1,9.75,6.75,3.3,44,6
2733,2,10.25,6.25,3.3,44,6
2733,3,9.75,6.25,3.3,44,6
2734,0,10.25,6.75,6.6,44,6
2734,1,9.75,6.75,6.6,44,6
2734,2,10.25,6.25,6.6,44,6
2734,3,9.75,6.25,6.6,44,6
2735,0,10.25,6.75,9.9,44,6
2735,1,9.75,6.75,9.9,44,6
2735,2,10.25,6.25,9.9,44,6
2735,3,9.75,6.25,9.9,44,6
2736,0,10.25,6.75,-3.3,44,4
2736,1,9.75,6.75,-3.3,44,4
2736,2,10.25,6.25,-3.3,44,4
2736,3,9.75,6.375,-3.3,44,4
2737,0,9.75,6.75,0,5,3
2737,1,10.25,6.75,0,5,3
2738,0,9.75,6.75,3.3,5,3
2738,1,10.25,6.75,3.3,5,3
2739,0,9.75,6.75,6.6,5,3
2739,1,10.25,6.75,6.6,5,3
2740,0,9.75,6.75,9.9,5,3
2740,1,10.25,6.75,9.9,5,3
2741,0,10.25,7.25,-3.3,44,4
2741,1,9.75,7.125,-3.3,44,4
2741,2,10.25,6.75,-3.3,44,4
2741,3,9.75,6.75,-3.3,44,4
2742,0,10.25,7.25,0,44,6
2742,1,9.75,7.25,0,44,6
2742,2,10.25,6.75,0,44,6
2742,3,9.75,6.75,0,44,6
2743,0,10.25,7.25,3.3,44,6
2743,1,9.75,7.25,3.3,44,6
2743,2,10.25,6.75,3.3,44,6
2743,3,9.75,6.75,3.3,44,6
2744,0,10.25,7.25,6.6,44,6
2744,1,9.75,7.25,6.6,44,6
2744,2,10.25,6.75,6.6,44,6
2744,3,9.75,6.75,6.6,44,6
2745,0,10.25,7.25,9.9,44,6
2745,1,9.75,7.25,9.9,44,6
2745,2,10.25,6.75,9.9,44,6
2745,3,9.75,6.75,9.9,44,6
2746,0,10.25,7.75,0,44,6
2746,1,9.75,7.75,0,44,6
2746,2,10.25,7.25,0,44,6
2746,3,9.75,7.25,0,44,6
2747,0,10.25,7.75,3.3,44,6
2747,1,9.75,7.75,3.3,44,6
2747,2,10.25,7.25,3.3,44,6
2747,3,9.75,7.25,3.3,44,6
2748,0,10.25,7.75,6.6,44,6
2748,1,9.75,7.75,6.6,44,6
2748,2,10.25,7.25,6.6,44,6
2748,3,9.75,7.25,6.6,44,6
2749,0,10.25,7.75,9.9,44,6
2749,1,9.75,7.75,9.9,44,6
2749,2,10.25,7.25,9.9,44,6
2749,3,9.75,7.25,9.9,44,6
2750,0,10.25,8.25,0,44,6
2750,1,9.75,8.25,0,44,6
2750,2,10.25,7.75,0,44,6
2750,3,9.75,7.75,0,44,6
2751,0,10.25,8.25,3.3,44,6
2751,1,9.75,8.25,3.3,44,6
2751,2,10.25,7.75,3.3,44,6
2751,3,9.75,7.75,3.3,44,6
2752,0,10.25,8.25,6.6,44,6
2752,1,9.75,8.25,6.6,44,6
2752,2,10.25,7.75,6.6,44,6
2752,3,9.75,7.75,6.6,44,6
2753,0,10.25,8.25,9.9,44,6
2753,1,9.75,8.25,9.9,44,6
2753,2,10.25,7.75,9.9,44,6
2753,3,9.75,7.75,9.9,44,6
2754,0,10.25,8.75,0,44,6
2754,1,9.75,8.75,0,44,6
2754,2,10.25,8.25,0,44,6
2754,3,9.75,8.25,0,44,6
2755,0,10.25,8.75,3.3,44,6
2755,1,9.75,8.75,3.3,44,6
2755,2,10.25,8.25,3.3,44,6
2755,3,9.75,8.25,3.3,44,6
2756,0,10.25,8.75,6.6,44,6
2756,1,9.75,8.75,6.6,44,6
2756,2,10.25,8.25,6.6,44,6
2756,3,9.75,8.25,6.6,44,6
2757,0,10.25,8.75,9.9,44,6
2757,1,9.75,8.75,9.9,44,6
2757,2,10.25,8.25,9.9,44,6
2757,3,9.75,8.25,9.9,44,6
2758,0,10.25,9.25,0,44,6
2758,1,9.75,9.25,0,44,6
2758,2,10.25,8.75,0,44,6
2758,3,9.75,8.75,0,44,6
2759,0,10.25,9.25,3.3,44,6
2759,1,9.75,9.25,3.3,44,6
2759,2,10.25,8.75,3.3,44,6
2759,3,9.75,8.75,3.3,44,6
2760,0,10.25,9.25,6.6,44,6
2760,1,9.75,9.25,6.6,44,6
2760,2,10.25,8.75,6.6,44,6
2760,3,9.75,8.75,6.6,44,6
2761,0,10.25,9.25,9.9,44,6
2761,1,9.75,9.25,9.9,44,6
2761,2,10.25,8.75,9.9,44,6
2761,3,9.75,8.75,9.9,44,6
2762,0,10.25,9.75,0,44,6
2762,1,9.75,9.75,0,44,6
2762,2,10.25,9.25,0,44,6
2762,3,9.75,9.25,0,44,6
2763,0,10.25,9.75,3.3,44,6
2763,1,9.75,9.75,3.3,44,6
2763,2,10.25,9.25,3.3,44,6
2763,3,9.75,9.25,3.3,44,6
2764,0,10.25,9.75,6.6,44,6
2764,1,9.75,9.75,6.6,44,6
2764,2,10.25,9.25,6.6,44,6
2764,3,9.75,9.25,6.6,44,6
2765,0,10.25,9.75,9.9,44,6
2765,1,9.75,9.75,9.9,44,6
2765,2,10.25,9.25,9.9,44,6
2765,3,9.75,9.25,9.9,44,6
2766,0,10.25,10.25,0,44,6
2766,1,9.75,10.25,0,44,6
2766,2,10.25,9.75,0,44,6
2766,3,9.75,9.75,0,44,6
2767,0,10.25,10.25,3.3,44,6
2767,1,9.75,10.25,3.3,44,6
2767,2,10.25,9.75,3.3,44,6
2767,3,9.75,9.75,3.3,44,6
2768,0,10.25,10.25,6.6,44,6
2768,1,9.75,10.25,6.6,44,6
2768,2,10.25,9.75,6.6,44,6
2768,3,9.75,9.75,6.6,44,6
2769,0,10.25,10.25,9.9,44,6
2769,1,9.75,10.25,9.9,44,6
2769,2,10.25,9.75,9.9,44,6
2769,3,9.75,9.75,9.9,44,6
2770,0,10.25,10.75,0,44,6
2770,1,9.75,10.75,0,44,6
2770,2,10.25,10.25,0,44,6
2770,3,9.75,10.25,0,44,6
2771,0,10.25,10.75,3.3,44,6
2771,1,9.75,10.75,3.3,44,6
2771,2,10.25,10.25,3.3,44,6
2771,3,9.75,10.25,3.3,44,6
2772,0,10.25,10.75,6.6,44,6
2772,1,9.75,10.75,6.6,44,6
2772,2,10.25,10.25,6.6,44,6
2772,3,9.75,10.25,6.6,44,6
2773,0,10.25,10.75,9.9,44,6
2773,1,9.75,10.75,9.9,44,6
2773,2,10.25,10.25,9.9,44,6
2773,3,9.75,10.25,9.9,44,6
2774,0,10.25,11.25,0,44,6
2774,1,9.75,11.25,0,44,6
2774,2,10.25,10.75,0,44,6
2774,3,9.75,10.75,0,44,6
2775,0,10.25,11.25,3.3,44,6
2775,1,9.75,11.25,3.3,44,6
2775,2,10.25,10.75,3.3,44,6
2775,3,9.75,10.75,3.3,44,6
2776,0,10.25,11.25,6.6,44,6
2776,1,9.75,11.25,6.6,44,6
2776,2,10.25,10.75,6.6,44,6
2776,3,9.75,10.75,6.6,44,6
2777,0,10.25,11.25,9.9,44,6
2777,1,9.75,11.25,9.9,44,6
2777,2,10.25,10.75,9.9,44,6
2777,3,9.75,10.75,9.9,44,6
2778,0,10.25,11.75,0,44,6
2778,1,9.75,11.75,0,44,6
2778,2,10.25,11.25,0,44,6
2778,3,9.75,11.25,0,44,6
2779,0,10.25,11.75,3.3,44,6
2779,1,9.75,11.75,3.3,44,6
2779,2,10.25,11.25,3.3,44,6
2779,3,9.75,11.25,3.3,44,6
2780,0,10.25,11.75,6.6,44,6
2780,1,9.75,11.75,6.6,44,6
2780,2,10.25,11.25,6.6,44,6
2780,3,9.75,11.25,6.6,44,6
2781,0,10.25,11.75,9.9,44,6
2781,1,9.75,11.75,9.9,44,6
2781,2,10.25,11.25,9.9,44,6
2781,3,9.75,11.25,9.9,44,6
2782,0,10.25,12.25,0,44,6
2782,1,9.75,12.25,0,44,6
2782,2,10.25,11.75,0,44,6
2782,3,9.75,11.75,0,44,6
2783,0,10.25,12.25,3.3,44,6
2783,1,9.75,12.25,3.3,44,6
2783,2,10.25,11.75,3.3,44,6
2783,3,9.75,11.75,3.3,44,6
2784,0,10.25,12.25,6.6,44,6
2784,1,9.75,12.25,6.6,44,6
2784,2,10.25,11.75,6.6,44,6
2784,3,9.75,11.75,6.6,44,6
2785,0,10.25,12.25,9.9,44,6
2785,1,9.75,12.25,9.9,44,6
2785,2,10.25,11.75,9.9,44,6
2785,3,9.75,11.75,9.9,44,6
2786,0,10.25,12.75,0,44,6
2786,1,9.75,12.75,0,44,6
2786,2,10.25,12.25,0,44,6
2786,3,9.75,12.25,0,44,6
2787,0,10.25,12.75,3.3,44,6
2787,1,9.75,12.75,3.3,44,6
2787,2,10.25,12.25,3.3,44,6
2787,3,9.75,12.25,3.3,44,6
2788,0,10.25,12.75,6.6,44,6
2788,1,9.75,12.75,6.6,44,6
2788,2,10.25,12.25,6.6,44,6
2788,3,9.75,12.25,6.6,44,6
2789,0,10.25,12.75,9.9,44,6
2789,1,9.75,12.75,9.9,44,6
2789,2,10.25,12.25,9.9,44,6
2789,3,9.75,12.25,9.9,44,6
2790,0,10.25,12.75,-3.3,44,4
2790,1,9.75,12.75,-3.3,44,4
2790,2,10.25,12.25,-3.3,44,4
2790,3,9.75,12.375,-3.3,44,4
2791,0,10.25,12.75,-2.75,44,7
2791,1,10.25,12.75,-3.3,44,7
2791,2,9.75,12.75,-2.75,44,7
2791,3,9.75,12.75,-3.3,44,7
2792,0,10.25,12.75,-2.2,44,7
2792,1,10.25,12.75,-2.75,44,7
2792,2,9.75,12.75,-2.2,44,7
2792,3,9.75,12.75,-2.75,44,7
2793,0,10.25,12.75,-1.65,44,7
2793,1,10.25,12.75,-2.2,44,7
2793,2,9.75,12.75,-1.65,44,7
2793,3,9.75,12.75,-2.2,44,7
2794,0,10.25,12.75,-1.1,44,7
2794,1,10.25,12.75,-1.65,44,7
2794,2,9.75,12.75,-1.1,44,7
2794,3,9.75,12.75,-1.65,44,7
2795,0,10.25,12.75,-0.55,44,7
2795,1,10.25,12.75,-1.1,44,7
2795,2,9.75,12.75,-0.55,44,7
2795,3,9.75,12.75,-1.1,44,7
2796,0,10.25,12.75,0,44,7
2796,1,10.25,12.75,-0.55,44,7
2796,2,9.75,12.75,0,44,7
2796,3,9.75,12.75,-0.55,44,7
2797,0,9.75,12.75,0,5,3
2797,1,10.25,12.75,0,5,3
2798,0,9.75,12.75,3.3,5,3
2798,1,10.25,12.75,3.3,5,3
2799,0,9.75,12.75,6.6,5,3
2799,1,10.25,12.75,6.6,5,3
2800,0,9.75,12.75,9.9,5,3
2800,1,10.25,12.75,9.9,5,3
2801,0,10.25,13.125,-3.3,44,4
2801,1,9.75,13.125,-3.3,44,4
2801,2,10.25,12.75,-3.3,44,4
2801,3,9.75,12.75,-3.3,44,4
2802,0,10.175,0.75,0,5,3
2802,1,10.75,0.75,0,5,3
2803,0,10.175,0.75,3.3,5,3
2803,1,10.75,0.75,3.3,5,3
2804,0,10.175,0.75,6.6,5,3
2804,1,10.75,0.75,6.6,5,3
2805,0,10.75,1.25,0,44,6
2805,1,10.175,1.25,0,44,6
2805,2,10.75,0.75,0,44,6
2805,3,10.175,0.75,0,44,6
2806,0,10.75,1.25,3.3,44,6
2806,1,10.175,1.25,3.3,44,6
2806,2,10.75,0.75,3.3,44,6
2806,3,10.175,0.75,3.3,44,6
2807,0,10.75,1.25,6.6,44,6
2807,1,10.175,1.25,6.6,44,6
2807,2,10.75,0.75,6.6,44,6
2807,3,10.175,0.75,6.6,44,6
2808,0,10.75,1.75,0,44,6
2808,1,10.175,1.75,0,44,6
2808,2,10.75,1.25,0,44,6
2808,3,10.175,1.25,0,44,6
2809,0,10.75,1.75,3.3,44,6
2809,1,10.175,1.75,3.3,44,6
2809,2,10.75,1.25,3.3,44,6
2809,3,10.175,1.25,3.3,44,6
2810,0,10.75,1.75,6.6,44,6
2810,1,10.175,1.75,6.6,44,6
2810,2,10.75,1.25,6.6,44,6
2810,3,10.175,1.25,6.6,44,6
2811,0,10.75,2.25,0,44,6
2811,1,10.175,2.25,0,44,6
2811,2,10.75,1.75,0,44,6
2811,3,10.175,1.75,0,44,6
2812,0,10.75,2.25,3.3,44,6
2812,1,10.175,2.25,3.3,44,6
2812,2,10.75,1.75,3.3,44,6
2812,3,10.175,1.75,3.3,44,6
2813,0,10.75,2.25,6.6,44,6
2813,1,10.175,2.25,6.6,44,6
2813,2,10.75,1.75,6.6,44,6
2813,3,10.175,1.75,6.6,44,6
2814,0,10.75,2.75,0,44,6
2814,1,10.175,2.75,0,44,6
2814,2,10.75,2.25,0,44,6
2814,3,10.175,2.25,0,44,6
2815,0,10.75,2.75,3.3,44,6
2815,1,10.175,2.75,3.3,44,6
2815,2,10.75,2.25,3.3,44,6
2815,3,10.175,2.25,3.3,44,6
2816,0,10.75,2.75,6.6,44,6
2816,1,10.175,2.75,6.6,44,6
2816,2,10.75,2.25,6.6,44,6
2816,3,10.175,2.25,6.6,44,6
2817,0,10.75,3.25,0,44,6
2817,1,10.175,3.25,0,44,6
2817,2,10.75,2.75,0,44,6
2817,3,10.175,2.75,0,44,6
2818,0,10.75,3.25,3.3,44,6
2818,1,10.175,3.25,3.3,44,6
2818,2,10.75,2.75,3.3,44,6
2818,3,10.175,2.75,3.3,44,6
2819,0,10.75,3.25,6.6,44,6
2819,1,10.175,3.25,6.6,44,6
2819,2,10.75,2.75,6.6,44,6
2819,3,10.175,2.75,6.6,44,6
2820,0,10.75,3.75,0,44,6
2820,1,10.175,3.75,0,44,6
2820,2,10.75,3.25,0,44,6
2820,3,10.175,3.25,0,44,6
2821,0,10.75,3.75,3.3,44,6
2821,1,10.175,3.75,3.3,44,6
2821,2,10.75,3.25,3.3,44,6
2821,3,10.175,3.25,3.3,44,6
2822,0,10.75,3.75,6.6,44,6
2822,1,10.175,3.75,6.6,44,6
2822,2,10.75,3.25,6.6,44,6
2822,3,10.175,3.25,6.6,44,6
2823,0,10.75,4.25,0,44,6
2823,1,10.175,4.25,0,44,6
2823,2,10.75,3.75,0,44,6
2823,3,10.175,3.75,0,44,6
2824,0,10.75,4.25,3.3,44,6
2824,1,10.175,4.25,3.3,44,6
2824,2,10.75,3.75,3.3,44,6
2824,3,10.175,3.75,3.3,44,6
2825,0,10.75,4.25,6.6,44,6
2825,1,10.175,4.25,6.6,44,6
2825,2,10.75,3.75,6.6,44,6
2825,3,10.175,3.75,6.6,44,6
2826,0,10.75,4.75,0,44,6
2826,1,10.175,4.75,0,44,6
2826,2,10.75,4.25,0,44,6
2826,3,10.175,4.25,0,44,6
2827,0,10.75,4.75,3.3,44,6
2827,1,10.175,4.75,3.3,44,6
2827,2,10.75,4.25,3.3,44,6
2827,3,10.175,4.25,3.3,44,6
2828,0,10.75,4.75,6.6,44,6
2828,1,10.175,4.75,6.6,44,6
2828,2,10.75,4.25,6.6,44,6
2828,3,10.175,4.25,6.6,44,6
2829,0,10.75,5.25,0,44,6
2829,1,10.175,5.25,0,44,6
2829,2,10.75,4.75,0,44,6
2829,3,10.175,4.75,0,44,6
2830,0,10.75,5.25,3.3,44,6
2830,1,10.175,5.25,3.3,44,6
2830,2,10.75,4.75,3.3,44,6
2830,3,10.175,4.75,3.3,44,6
2831,0,10.75,5.25,6.6,44,6
2831,1,10.175,5.25,6.6,44,6
2831,2,10.75,4.75,6.6,44,6
2831,3,10.175,4.75,6.6,44,6
2832,0,10.75,0.75,0,44,7
2832,1,10.75,0.75,-0.55,44,7
2832,2,10.175,0.75,0,44,7
2832,3,10.25,0.75,-0.55,44,7
2833,0,10.75,5.75,0,44,6
2833,1,10.25,5.75,0,44,6
2833,2,10.75,5.25,0,44,6
2833,3,10.175,5.25,0,44,6
2834,0,10.75,5.75,3.3,44,6
2834,1,10.25,5.75,3.3,44,6
2834,2,10.75,5.25,3.3,44,6
2834,3,10.175,5.25,3.3,44,6
2835,0,10.75,5.75,6.6,44,6
2835,1,10.25,5.75,6.6,44,6
2835,2,10.75,5.25,6.6,44,6
2835,3,10.175,5.25,6.6,44,6
2836,0,10.75,0.75,-3.3,44,4
2836,1,10.25,0.75,-3.3,44,4
2836,2,10.75,0.375,-3.3,44,4
2836,3,10.25,0.375,-3.3,44,4
2837,0,10.75,0.75,-2.75,44,7
2837,1,10.75,0.75,-3.3,44,7
2837,2,10.25,0.75,-2.75,44,7
2837,3,10.25,0.75,-3.3,44,7
2838,0,10.75,0.75,-2.2,44,7
2838,1,10.75,0.75,-2.75,44,7
2838,2,10.25,0.75,-2.2,44,7
2838,3,10.25,0.75,-2.75,44,7
2839,0,10.75,0.75,-1.65,44,7
2839,1,10.75,0.75,-2.2,44,7
2839,2,10.25,0.75,-1.65,44,7
2839,3,10.25,0.75,-2.2,44,7
2840,0,10.75,0.75,-1.1,44,7
2840,1,10.75,0.75,-1.65,44,7
2840,2,10.25,0.75,-1.1,44,7
2840,3,10.25,0.75,-1.65,44,7
2841,0,10.75,0.75,-0.55,44,7
2841,1,10.75,0.75,-1.1,44,7
2841,2,10.25,0.75,-0.55,44,7
2841,3,10.25,0.75,-1.1,44,7
2842,0,10.25,0.75,9.9,5,3
2842,1,10.75,0.75,9.9,5,3
2843,0,10.75,1.25,-3.3,44,4
2843,1,10.25,1.25,-3.3,44,4
2843,2,10.75,0.75,-3.3,44,4
2843,3,10.25,0.75,-3.3,44,4
2844,0,10.75,1.25,9.9,44,6
2844,1,10.25,1.25,9.9,44,6
2844,2,10.75,0.75,9.9,44,6
2844,3,10.25,0.75,9.9,44,6
2845,0,10.75,1.75,9.9,44,6
2845,1,10.25,1.75,9.9,44,6
2845,2,10.75,1.25,9.9,44,6
2845,3,10.25,1.25,9.9,44,6
2846,0,10.75,2.25,9.9,44,6
2846,1,10.25,2.25,9.9,44,6
2846,2,10.75,1.75,9.9,44,6
2846,3,10.25,1.75,9.9,44,6
2847,0,10.75,2.75,9.9,44,6
2847,1,10.25,2.75,9.9,44,6
2847,2,10.75,2.25,9.9,44,6
2847,3,10.25,2.25,9.9,44,6
2848,0,10.75,3.25,9.9,44,6
2848,1,10.25,3.25,9.9,44,6
2848,2,10.75,2.75,9.9,44,6
2848,3,10.25,2.75,9.9,44,6
2849,0,10.75,3.75,9.9,44,6
2849,1,10.25,3.75,9.9,44,6
2849,2,10.75,3.25,9.9,44,6
2849,3,10.25,3.25,9.9,44,6
2850,0,10.75,4.25,9.9,44,6
2850,1,10.25,4.25,9.9,44,6
2850,2,10.75,3.75,9.9,44,6
2850,3,10.25,3.75,9.9,44,6
2851,0,10.75,4.75,9.9,44,6
2851,1,10.25,4.75,9.9,44,6
2851,2,10.75,4.25,9.9,44,6
2851,3,10.25,4.25,9.9,44,6
2852,0,10.75,5.25,9.9,44,6
2852,1,10.25,5.25,9.9,44,6
2852,2,10.75,4.75,9.9,44,6
2852,3,10.25,4.75,9.9,44,6
2853,0,10.75,5.75,9.9,44,6
2853,1,10.25,5.75,9.9,44,6
2853,2,10.75,5.25,9.9,44,6
2853,3,10.25,5.25,9.9,44,6
2854,0,10.75,6.25,0,44,6
2854,1,10.25,6.25,0,44,6
2854,2,10.75,5.75,0,44,6
2854,3,10.25,5.75,0,44,6
2855,0,10.75,6.25,3.3,44,6
2855,1,10.25,6.25,3.3,44,6
2855,2,10.75,5.75,3.3,44,6
2855,3,10.25,5.75,3.3,44,6
2856,0,10.75,6.25,6.6,44,6
2856,1,10.25,6.25,6.6,44,6
2856,2,10.75,5.75,6.6,44,6
2856,3,10.25,5.75,6.6,44,6
2857,0,10.75,6.25,9.9,44,6
2857,1,10.25,6.25,9.9,44,6
2857,2,10.75,5.75,9.9,44,6
2857,3,10.25,5.75,9.9,44,6
2858,0,10.75,6.75,-3.3,44,4
2858,1,10.25,6.75,-3.3,44,4
2858,2,10.75,6.25,-3.3,44,4
2858,3,10.25,6.25,-3.3,44,4
2859,0,10.75,6.75,0,44,6
2859,1,10.25,6.75,0,44,6
2859,2,10.75,6.25,0,44,6
2859,3,10.25,6.25,0,44,6
2860,0,10.75,6.75,3.3,44,6
2860,1,10.25,6.75,3.3,44,6
2860,2,10.75,6.25,3.3,44,6
2860,3,10.25,6.25,3.3,44,6
2861,0,10.75,6.75,6.6,44,6
2861,1,10.25,6.75,6.6,44,6
2861,2,10.75,6.25,6.6,44,6
2861,3,10.25,6.25,6.6,44,6
2862,0,10.75,6.75,9.9,44,6
2862,1,10.25,6.75,9.9,44,6
2862,2,10.75,6.25,9.9,44,6
2862,3,10.25,6.25,9.9,44,6
2863,0,10.25,6.75,0,5,3
2863,1,10.75,6.75,0,5,3
2864,0,10.25,6.75,3.3,5,3
2864,1,10.75,6.75,3.3,5,3
2865,0,10.25,6.75,6.6,5,3
2865,1,10.75,6.75,6.6,5,3
2866,0,10.25,6.75,9.9,5,3
2866,1,10.75,6.75,9.9,5,3
2867,0,10.75,7.25,-3.3,44,4
2867,1,10.25,7.25,-3.3,44,4
2867,2,10.75,6.75,-3.3,44,4
2867,3,10.25,6.75,-3.3,44,4
2868,0,10.75,7.25,0,44,6
2868,1,10.25,7.25,0,44,6
2868,2,10.75,6.75,0,44,6
2868,3,10.25,6.75,0,44,6
2869,0,10.75,7.25,3.3,44,6
2869,1,10.25,7.25,3.3,44,6
2869,2,10.75,6.75,3.3,44,6
2869,3,10.25,6.75,3.3,44,6
2870,0,10.75,7.25,6.6,44,6
2870,1,10.25,7.25,6.6,44,6
2870,2,10.75,6.75,6.6,44,6
2870,3,10.25,6.75,6.6,44,6
2871,0,10.75,7.25,9.9,44,6
2871,1,10.25,7.25,9.9,44,6
2871,2,10.75,6.75,9.9,44,6
2871,3,10.25,6.75,9.9,44,6
2872,0,10.75,7.75,0,44,6
2872,1,10.25,7.75,0,44,6
2872,2,10.75,7.25,0,44,6
2872,3,10.25,7.25,0,44,6
2873,0,10.75,7.75,3.3,44,6
2873,1,10.25,7.75,3.3,44,6
2873,2,10.75,7.25,3.3,44,6
2873,3,10.25,7.25,3.3,44,6
2874,0,10.75,7.75,6.6,44,6
2874,1,10.25,7.75,6.6,44,6
2874,2,10.75,7.25,6.6,44,6
2874,3,10.25,7.25,6.6,44,6
2875,0,10.75,7.75,9.9,44,6
2875,1,10.25,7.75,9.9,44,6
2875,2,10.75,7.25,9.9,44,6
2875,3,10.25,7.25,9.9,44,6
2876,0,10.75,8.25,0,44,6
2876,1,10.25,8.25,0,44,6
2876,2,10.75,7.75,0,44,6
2876,3,10.25,7.75,0,44,6
2877,0,10.75,8.25,3.3,44,6
2877,1,10.25,8.25,3.3,44,6
2877,2,10.75,7.75,3.3,44,6
2877,3,10.25,7.75,3.3,44,6
2878,0,10.75,8.25,6.6,44,6
2878,1,10.25,8.25,6.6,44,6
2878,2,10.75,7.75,6.6,44,6
2878,3,10.25,7.75,6.6,44,6
2879,0,10.75,8.25,9.9,44,6
2879,1,10.25,8.25,9.9,44,6
2879,2,10.75,7.75,9.9,44,6
2879,3,10.25,7.75,9.9,44,6
2880,0,10.75,8.75,0,44,6
2880,1,10.25,8.75,0,44,6
2880,2,10.75,8.25,0,44,6
2880,3,10.25,8.25,0,44,6
2881,0,10.75,8.75,3.3,44,6
2881,1,10.25,8.75,3.3,44,6
2881,2,10.75,8.25,3.3,44,6
2881,3,10.25,8.25,3.3,44,6
2882,0,10.75,8.75,6.6,44,6
2882,1,10.25,8.75,6.6,44,6
2882,2,10.75,8.25,6.6,44,6
2882,3,10.25,8.25,6.6,44,6
2883,0,10.75,8.75,9.9,44,6
2883,1,10.25,8.75,9.9,44,6
2883,2,10.75,8.25,9.9,44,6
2883,3,10.25,8.25,9.9,44,6
2884,0,10.75,9.25,0,44,6
2884,1,10.25,9.25,0,44,6
2884,2,10.75,8.75,0,44,6
2884,3,10.25,8.75,0,44,6
2885,0,10.75,9.25,3.3,44,6
2885,1,10.25,9.25,3.3,44,6
2885,2,10.75,8.75,3.3,44,6
2885,3,10.25,8.75,3.3,44,6
2886,0,10.75,9.25,6.6,44,6
2886,1,10.25,9.25,6.6,44,6
2886,2,10.75,8.75,6.6,44,6
2886,3,10.25,8.75,6.6,44,6
2887,0,10.75,9.25,9.9,44,6
2887,1,10.25,9.25,9.9,44,6
2887,2,10.75,8.75,9.9,44,6
2887,3,10.25,8.75,9.9,44,6
2888,0,10.75,9.75,0,44,6
2888,1,10.25,9.75,0,44,6
2888,2,10.75,9.25,0,44,6
2888,3,10.25,9.25,0,44,6
2889,0,10.75,9.75,3.3,44,6
2889,1,10.25,9.75,3.3,44,6
2889,2,10.75,9.25,3.3,44,6
2889,3,10.25,9.25,3.3,44,6
2890,0,10.75,9.75,6.6,44,6
2890,1,10.25,9.75,6.6,44,6
2890,2,10.75,9.25,6.6,44,6
2890,3,10.25,9.25,6.6,44,6
2891,0,10.75,9.75,9.9,44,6
2891,1,10.25,9.75,9.9,44,6
2891,2,10.75,9.25,9.9,44,6
2891,3,10.25,9.25,9.9,44,6
2892,0,10.75,10.25,0,44,6
2892,1,10.25,10.25,0,44,6
2892,2,10.75,9.75,0,44,6
2892,3,10.25,9.75,0,44,6
2893,0,10.75,10.25,3.3,44,6
2893,1,10.25,10.25,3.3,44,6
2893,2,10.75,9.75,3.3,44,6
2893,3,10.25,9.75,3.3,44,6
2894,0,10.75,10.25,6.6,44,6
2894,1,10.25,10.25,6.6,44,6
2894,2,10.75,9.75,6.6,44,6
2894,3,10.25,9.75,6.6,44,6
2895,0,10.75,10.25,9.9,44,6
2895,1,10.25,10.25,9.9,44,6
2895,2,10.75,9.75,9.9,44,6
2895,3,10.25,9.75,9.9,44,6
2896,0,10.75,10.75,0,44,6
2896,1,10.25,10.75,0,44,6
2896,2,10.75,10.25,0,44,6
2896,3,10.25,10.25,0,44,6
2897,0,10.75,10.75,3.3,44,6
2897,1,10.25,10.75,3.3,44,6
2897,2,10.75,10.25,3.3,44,6
2897,3,10.25,10.25,3.3,44,6
2898,0,10.75,10.75,6.6,44,6
2898,1,10.25,10.75,6.6,44,6
2898,2,10.75,10.25,6.6,44,6
2898,3,10.25,10.25,6.6,44,6
2899,0,10.75,10.75,9.9,44,6
2899,1,10.25,10.75,9.9,44,6
2899,2,10.75,10.25,9.9,44,6
2899,3,10.25,10.25,9.9,44,6
2900,0,10.75,11.25,0,44,6
2900,1,10.25,11.25,0,44,6
2900,2,10.75,10.75,0,44,6
2900,3,10.25,10.75,0,44,6
2901,0,10.75,11.25,3.3,44,6
2901,1,10.25,11.25,3.3,44,6
2901,2,10.75,10.75,3.3,44,6
2901,3,10.25,10.75,3.3,44,6
2902,0,10.75,11.25,6.6,44,6
2902,1,10.25,11.25,6.6,44,6
2902,2,10.75,10.75,6.6,44,6
2902,3,10.25,10.75,6.6,44,6
2903,0,10.75,11.25,9.9,44,6
2903,1,10.25,11.25,9.9,44,6
2903,2,10.75,10.75,9.9,44,6
2903,3,10.25,10.75,9.9,44,6
2904,0,10.75,11.75,0,44,6
2904,1,10.25,11.75,0,44,6
2904,2,10.75,11.25,0,44,6
2904,3,10.25,11.25,0,44,6
2905,0,10.75,11.75,3.3,44,6
2905,1,10.25,11.75,3.3,44,6
2905,2,10.75,11.25,3.3,44,6
2905,3,10.25,11.25,3.3,44,6
2906,0,10.75,11.75,6.6,44,6
2906,1,10.25,11.75,6.6,44,6
2906,2,10.75,11.25,6.6,44,6
2906,3,10.25,11.25,6.6,44,6
2907,0,10.75,11.75,9.9,44,6
2907,1,10.25,11.75,9.9,44,6
2907,2,10.75,11.25,9.9,44,6
2907,3,10.25,11.25,9.9,44,6
2908,0,10.75,12.25,0,44,6
2908,1,10.25,12.25,0,44,6
2908,2,10.75,11.75,0,44,6
2908,3,10.25,11.75,0,44,6
2909,0,10.75,12.25,3.3,44,6
2909,1,10.25,12.25,3.3,44,6
2909,2,10.75,11.75,3.3,44,6
2909,3,10.25,11.75,3.3,44,6
2910,0,10.75,12.25,6.6,44,6
2910,1,10.25,12.25,6.6,44,6
2910,2,10.75,11.75,6.6,44,6
2910,3,10.25,11.75,6.6,44,6
2911,0,10.75,12.25,9.9,44,6
2911,1,10.25,12.25,9.9,44,6
2911,2,10.75,11.75,9.9,44,6
2911,3,10.25,11.75,9.9,44,6
2912,0,10.75,12.75,-3.3,44,4
2912,1,10.25,12.75,-3.3,44,4
2912,2,10.75,12.25,-3.3,44,4
2912,3,10.25,12.25,-3.3,44,4
2913,0,10.75,12.75,0,44,6
2913,1,10.25,12.75,0,44,6
2913,2,10.75,12.25,0,44,6
2913,3,10.25,12.25,0,44,6
2914,0,10.75,12.75,3.3,44,6
2914,1,10.25,12.75,3.3,44,6
2914,2,10.75,12.25,3.3,44,6
2914,3,10.25,12.25,3.3,44,6
2915,0,10.75,12.75,6.6,44,6
2915,1,10.25,12.75,6.6,44,6
2915,2,10.75,12.25,6.6,44,6
2915,3,10.25,12.25,6.6,44,6
2916,0,10.75,12.75,9.9,44,6
2916,1,10.25,12.75,9.9,44,6
2916,2,10.75,12.25,9.9,44,6
2916,3,10.25,12.25,9.9,44,6
2917,0,10.75,12.75,-2.75,44,7
2917,1,10.75,12.75,-3.3,44,7
2917,2,10.25,12.75,-2.75,44,7
2917,3,10.25,12.75,-3.3,44,7
2918,0,10.75,12.75,-2.2,44,7
2918,1,10.75,12.75,-2.75,44,7
2918,2,10.25,12.75,-2.2,44,7
2918,3,10.25,12.75,-2.75,44,7
2919,0,10.75,12.75,-1.65,44,7
2919,1,10.75,12.75,-2.2,44,7
2919,2,10.25,12.75,-1.65,44,7
2919,3,10.25,12.75,-2.2,44,7
2920,0,10.75,12.75,-1.1,44,7
2920,1,10.75,12.75,-1.65,44,7
2920,2,10.25,12.75,-1.1,44,7
2920,3,10.25,12.75,-1.65,44,7
2921,0,10.75,12.75,-0.55,44,7
2921,1,10.75,12.75,-1.1,44,7
2921,2,10.25,12.75,-0.55,44,7
2921,3,10.25,12.75,-1.1,44,7
2922,0,10.75,12.75,0,44,7
2922,1,10.75,12.75,-0.55,44,7
2922,2,10.25,12.75,0,44,7
2922,3,10.25,12.75,-0.55,44,7
2923,0,10.25,12.75,0,5,3
2923,1,10.75,12.75,0,5,3
2924,0,10.25,12.75,3.3,5,3
2924,1,10.75,12.75,3.3,5,3
2925,0,10.25,12.75,6.6,5,3
2925,1,10.75,12.75,6.6,5,3
2926,0,10.25,12.75,9.9,5,3
2926,1,10.75,12.75,9.9,5,3
2927,0,10.75,13.125,-3.3,44,4
2927,1,10.25,13.125,-3.3,44,4
2927,2,10.75,12.75,-3.3,44,4
2927,3,10.25,12.75,-3.3,44,4
2928,0,10.75,1.75,-3.3,44,4
2928,1,10.375,1.75,-3.3,44,4
2928,2,10.75,1.25,-3.3,44,4
2928,3,10.25,1.25,-3.3,44,4
2929,0,10.75,6.25,-3.3,44,4
2929,1,10.25,6.25,-3.3,44,4
2929,2,10.75,5.75,-3.3,44,4
2929,3,10.375,5.75,-3.3,44,4
2930,0,10.75,7.75,-3.3,44,4
2930,1,10.375,7.75,-3.3,44,4
2930,2,10.75,7.25,-3.3,44,4
2930,3,10.25,7.25,-3.3,44,4
2931,0,10.75,12.25,-3.3,44,4
2931,1,10.25,12.25,-3.3,44,4
2931,2,10.75,11.75,-3.3,44,4
2931,3,10.375,11.75,-3.3,44,4
2932,0,10.75,2.25,-3.3,44,4
2932,1,10.375,2.25,-3.3,44,4
2932,2,10.75,1.75,-3.3,44,4
2932,3,10.375,1.75,-3.3,44,4
2933,0,10.75,2.75,-3.3,44,4
2933,1,10.375,2.75,-3.3,44,4
2933,2,10.75,2.25,-3.3,44,4
2933,3,10.375,2.25,-3.3,44,4
2934,0,10.75,3.25,-3.3,44,4
2934,1,10.375,3.25,-3.3,44,4
2934,2,10.75,2.75,-3.3,44,4
2934,3,10.375,2.75,-3.3,44,4
2935,0,10.75,3.75,-3.3,44,4
2935,1,10.375,3.75,-3.3,44,4
2935,2,10.75,3.25,-3.3,44,4
2935,3,10.375,3.25,-3.3,44,4
2936,0,10.75,4.25,-3.3,44,4
2936,1,10.375,4.25,-3.3,44,4
2936,2,10.75,3.75,-3.3,44,4
2936,3,10.375,3.75,-3.3,44,4
2937,0,10.75,4.75,-3.3,44,4
2937,1,10.375,4.75,-3.3,44,4
2937,2,10.75,4.25,-3.3,44,4
2937,3,10.375,4.25,-3.3,44,4
2938,0,10.75,5.25,-3.3,44,4
2938,1,10.375,5.25,-3.3,44,4
2938,2,10.75,4.75,-3.3,44,4
2938,3,10.375,4.75,-3.3,44,4
2939,0,10.75,5.75,-3.3,44,4
2939,1,10.375,5.75,-3.3,44,4
2939,2,10.75,5.25,-3.3,44,4
2939,3,10.375,5.25,-3.3,44,4
2940,0,10.75,8.25,-3.3,44,4
2940,1,10.375,8.25,-3.3,44,4
2940,2,10.75,7.75,-3.3,44,4
2940,3,10.375,7.75,-3.3,44,4
2941,0,10.75,8.75,-3.3,44,4
2941,1,10.375,8.75,-3.3,44,4
2941,2,10.75,8.25,-3.3,44,4
2941,3,10.375,8.25,-3.3,44,4
2942,0,10.75,9.25,-3.3,44,4
2942,1,10.375,9.25,-3.3,44,4
2942,2,10.75,8.75,-3.3,44,4
2942,3,10.375,8.75,-3.3,44,4
2943,0,10.75,9.75,-3.3,44,4
2943,1,10.375,9.75,-3.3,44,4
2943,2,10.75,9.25,-3.3,44,4
2943,3,10.375,9.25,-3.3,44,4
2944,0,10.75,10.25,-3.3,44,4
2944,1,10.375,10.25,-3.3,44,4
2944,2,10.75,9.75,-3.3,44,4
2944,3,10.375,9.75,-3.3,44,4
2945,0,10.75,10.75,-3.3,44,4
2945,1,10.375,10.75,-3.3,44,4
2945,2,10.75,10.25,-3.3,44,4
2945,3,10.375,10.25,-3.3,44,4
2946,0,10.75,11.25,-3.3,44,4
2946,1,10.375,11.25,-3.3,44,4
2946,2,10.75,10.75,-3.3,44,4
2946,3,10.375,10.75,-3.3,44,4
2947,0,10.75,11.75,-3.3,44,4
2947,1,10.375,11.75,-3.3,44,4
2947,2,10.75,11.25,-3.3,44,4
2947,3,10.375,11.25,-3.3,44,4
2948,0,10.75,0.75,-3.3,5,2
2948,1,10.75,0.75,-2.75,5,2
2949,0,10.75,0.75,-2.75,5,2
2949,1,10.75,0.75,-2.2,5,2
2950,0,10.75,0.75,-2.2,5,2
2950,1,10.75,0.75,-1.65,5,2
2951,0,10.75,0.75,-1.65,5,2
2951,1,10.75,0.75,-1.1,5,2
2952,0,10.75,0.75,-1.1,5,2
2952,1,10.75,0.75,-0.55,5,2
2953,0,10.75,0.75,-0.55,5,2
2953,1,10.75,0.75,0,5,2
2954,0,10.75,0.75,0,5,2
2954,1,10.75,0.75,3.3,5,2
2955,0,10.75,0.75,3.3,5,2
2955,1,10.75,0.75,6.6,5,2
2956,0,10.75,0.75,6.6,5,2
2956,1,10.75,0.75,9.9,5,2
2957,0,10.75,0.75,0,5,3
2957,1,10.75,1.25,0,5,3
2958,0,10.75,0.75,3.3,5,3
2958,1,10.75,1.25,3.3,5,3
2959,0,10.75,0.75,6.6,5,3
2959,1,10.75,1.25,6.6,5,3
2960,0,10.75,0.75,9.9,5,3
2960,1,10.75,1.25,9.9,5,3
2961,0,10.75,1.25,0,5,3
2961,1,10.75,1.75,0,5,3
2962,0,10.75,1.25,3.3,5,3
2962,1,10.75,1.75,3.3,5,3
2963,0,10.75,1.25,6.6,5,3
2963,1,10.75,1.75,6.6,5,3
2964,0,10.75,1.25,9.9,5,3
2964,1,10.75,1.75,9.9,5,3
2965,0,10.75,1.75,0,5,3
2965,1,10.75,2.25,0,5,3
2966,0,10.75,1.75,3.3,5,3
2966,1,10.75,2.25,3.3,5,3
2967,0,10.75,1.75,6.6,5,3
2967,1,10.75,2.25,6.6,5,3
2968,0,10.75,1.75,9.9,5,3
2968,1,10.75,2.25,9.9,5,3
2969,0,10.75,2.25,0,5,3
2969,1,10.75,2.75,0,5,3
2970,0,10.75,2.25,3.3,5,3
2970,1,10.75,2.75,3.3,5,3
2971,0,10.75,2.25,6.6,5,3
2971,1,10.75,2.75,6.6,5,3
2972,0,10.75,2.25,9.9,5,3
2972,1,10.75,2.75,9.9,5,3
2973,0,10.75,2.75,0,5,3
2973,1,10.75,3.25,0,5,3
2974,0,10.75,2.75,3.3,5,3
2974,1,10.75,3.25,3.3,5,3
2975,0,10.75,2.75,6.6,5,3
2975,1,10.75,3.25,6.6,5,3
2976,0,10.75,2.75,9.9,5,3
2976,1,10.75,3.25,9.9,5,3
2977,0,10.75,3.25,0,5,3
2977,1,10.75,3.75,0,5,3
2978,0,10.75,3.25,3.3,5,3
2978,1,10.75,3.75,3.3,5,3
2979,0,10.75,3.25,6.6,5,3
2979,1,10.75,3.75,6.6,5,3
2980,0,10.75,3.25,9.9,5,3
2980,1,10.75,3.75,9.9,5,3
2981,0,10.75,3.75,0,5,3
2981,1,10.75,4.25,0,5,3
2982,0,10.75,3.75,3.3,5,3
2982,1,10.75,4.25,3.3,5,3
2983,0,10.75,3.75,6.6,5,3
2983,1,10.75,4.25,6.6,5,3
2984,0,10.75,3.75,9.9,5,3
2984,1,10.75,4.25,9.9,5,3
2985,0,10.75,4.25,0,5,3
2985,1,10.75,4.75,0,5,3
2986,0,10.75,4.25,3.3,5,3
2986,1,10.75,4.75,3.3,5,3
2987,0,10.75,4.25,6.6,5,3
2987,1,10.75,4.75,6.6,5,3
2988,0,10.75,4.25,9.9,5,3
2988,1,10.75,4.75,9.9,5,3
2989,0,10.75,4.75,0,5,3
2989,1,10.75,5.25,0,5,3
2990,0,10.75,4.75,3.3,5,3
2990,1,10.75,5.25,3.3,5,3
2991,0,10.75,4.75,6.6,5,3
2991,1,10.75,5.25,6.6,5,3
2992,0,10.75,4.75,9.9,5,3
2992,1,10.75,5.25,9.9,5,3
2993,0,10.75,5.25,0,5,3
2993,1,10.75,5.75,0,5,3
2994,0,10.75,5.25,3.3,5,3
2994,1,10.75,5.75,3.3,5,3
2995,0,10.75,5.25,6.6,5,3
2995,1,10.75,5.75,6.6,5,3
2996,0,10.75,5.25,9.9,5,3
2996,1,10.75,5.75,9.9,5,3
2997,0,10.75,5.75,0,5,3
2997,1,10.75,6.25,0,5,3
2998,0,10.75,5.75,3.3,5,3
2998,1,10.75,6.25,3.3,5,3
2999,0,10.75,5.75,6.6,5,3
2999,1,10.75,6.25,6.6,5,3
3000,0,10.75,5.75,9.9,5,3
3000,1,10.75,6.25,9.9,5,3
3001,0,10.75,6.25,0,5,3
3001,1,10.75,6.75,0,5,3
3002,0,10.75,6.25,3.3,5,3
3002,1,10.75,6.75,3.3,5,3
3003,0,10.75,6.25,6.6,5,3
3003,1,10.75,6.75,6.6,5,3
3004,0,10.75,6.25,9.9,5,3
3004,1,10.75,6.75,9.9,5,3
3005,0,10.75,6.75,-3.3,5,2
3005,1,10.75,6.75,0,5,2
3006,0,10.75,6.75,0,5,2
3006,1,10.75,6.75,3.3,5,2
3007,0,10.75,6.75,3.3,5,2
3007,1,10.75,6.75,6.6,5,2
3008,0,10.75,6.75,6.6,5,2
3008,1,10.75,6.75,9.9,5,2
3009,0,10.75,6.75,0,5,3
3009,1,10.75,7.25,0,5,3
3010,0,10.75,6.75,3.3,5,3
3010,1,10.75,7.25,3.3,5,3
3011,0,10.75,6.75,6.6,5,3
3011,1,10.75,7.25,6.6,5,3
3012,0,10.75,6.75,9.9,5,3
3012,1,10.75,7.25,9.9,5,3
3013,0,10.75,7.25,0,5,3
3013,1,10.75,7.75,0,5,3
3014,0,10.75,7.25,3.3,5,3
3014,1,10.75,7.75,3.3,5,3
3015,0,10.75,7.25,6.6,5,3
3015,1,10.75,7.75,6.6,5,3
3016,0,10.75,7.25,9.9,5,3
3016,1,10.75,7.75,9.9,5,3
3017,0,10.75,7.75,0,5,3
3017,1,10.75,8.25,0,5,3
3018,0,10.75,7.75,3.3,5,3
3018,1,10.75,8.25,3.3,5,3
3019,0,10.75,7.75,6.6,5,3
3019,1,10.75,8.25,6.6,5,3
3020,0,10.75,7.75,9.9,5,3
3020,1,10.75,8.25,9.9,5,3
3021,0,10.75,8.25,0,5,3
3021,1,10.75,8.75,0,5,3
3022,0,10.75,8.25,3.3,5,3
3022,1,10.75,8.75,3.3,5,3
3023,0,10.75,8.25,6.6,5,3
3023,1,10.75,8.75,6.6,5,3
3024,0,10.75,8.25,9.9,5,3
3024,1,10.75,8.75,9.9,5,3
3025,0,10.75,8.75,0,5,3
3025,1,10.75,9.25,0,5,3
3026,0,10.75,8.75,3.3,5,3
3026,1,10.75,9.25,3.3,5,3
3027,0,10.75,8.75,6.6,5,3
3027,1,10.75,9.25,6.6,5,3
3028,0,10.75,8.75,9.9,5,3
3028,1,10.75,9.25,9.9,5,3
3029,0,10.75,9.25,0,5,3
3029,1,10.75,9.75,0,5,3
3030,0,10.75,9.25,3.3,5,3
3030,1,10.75,9.75,3.3,5,3
3031,0,10.75,9.25,6.6,5,3
3031,1,10.75,9.75,6.6,5,3
3032,0,10.75,9.25,9.9,5,3
3032,1,10.75,9.75,9.9,5,3
3033,0,10.75,9.75,0,5,3
3033,1,10.75,10.25,0,5,3
3034,0,10.75,9.75,3.3,5,3
3034,1,10.75,10.25,3.3,5,3
3035,0,10.75,9.75,6.6,5,3
3035,1,10.75,10.25,6.6,5,3
3036,0,10.75,9.75,9.9,5,3
3036,1,10.75,10.25,9.9,5,3
3037,0,10.75,10.25,0,5,3
3037,1,10.75,10.75,0,5,3
3038,0,10.75,10.25,3.3,5,3
3038,1,10.75,10.75,3.3,5,3
3039,0,10.75,10.25,6.6,5,3
3039,1,10.75,10.75,6.6,5,3
3040,0,10.75,10.25,9.9,5,3
3040,1,10.75,10.75,9.9,5,3
3041,0,10.75,10.75,0,5,3
3041,1,10.75,11.25,0,5,3
3042,0,10.75,10.75,3.3,5,3
3042,1,10.75,11.25,3.3,5,3
3043,0,10.75,10.75,6.6,5,3
3043,1,10.75,11.25,6.6,5,3
3044,0,10.75,10.75,9.9,5,3
3044,1,10.75,11.25,9.9,5,3
3045,0,10.75,11.25,0,5,3
3045,1,10.75,11.75,0,5,3
3046,0,10.75,11.25,3.3,5,3
3046,1,10.75,11.75,3.3,5,3
3047,0,10.75,11.25,6.6,5,3
3047,1,10.75,11.75,6.6,5,3
3048,0,10.75,11.25,9.9,5,3
3048,1,10.75,11.75,9.9,5,3
3049,0,10.75,11.75,0,5,3
3049,1,10.75,12.25,0,5,3
3050,0,10.75,11.75,3.3,5,3
3050,1,10.75,12.25,3.3,5,3
3051,0,10.75,11.75,6.6,5,3
3051,1,10.75,12.25,6.6,5,3
3052,0,10.75,11.75,9.9,5,3
3052,1,10.75,12.25,9.9,5,3
3053,0,10.75,12.25,0,5,3
3053,1,10.75,12.75,0,5,3
3054,0,10.75,12.25,3.3,5,3
3054,1,10.75,12.75,3.3,5,3
3055,0,10.75,12.25,6.6,5,3
3055,1,10.75,12.75,6.6,5,3
3056,0,10.75,12.25,9.9,5,3
3056,1,10.75,12.75,9.9,5,3
3057,0,10.75,12.75,-3.3,5,2
3057,1,10.75,12.75,-2.75,5,2
3058,0,10.75,12.75,-2.75,5,2
3058,1,10.75,12.75,-2.2,5,2
3059,0,10.75,12.75,-2.2,5,2
3059,1,10.75,12.75,-1.65,5,2
3060,0,10.75,12.75,-1.65,5,2
3060,1,10.75,12.75,-1.1,5,2
3061,0,10.75,12.75,-1.1,5,2
3061,1,10.75,12.75,-0.55,5,2
3062,0,10.75,12.75,-0.55,5,2
3062,1,10.75,12.75,0,5,2
3063,0,10.75,12.75,0,5,2
3063,1,10.75,12.75,3.3,5,2
3064,0,10.75,12.75,3.3,5,2
3064,1,10.75,12.75,6.6,5,2
3065,0,10.75,12.75,6.6,5,2
3065,1,10.75,12.75,9.9,5,2
3066,0,11.125,2.25,-3.3,44,4
3066,1,10.75,2.25,-3.3,44,4
3066,2,11.125,1.75,-3.3,44,4
3066,3,10.75,1.75,-3.3,44,4
3067,0,11.125,2.75,-3.3,44,4
3067,1,10.75,2.75,-3.3,44,4
3067,2,11.125,2.25,-3.3,44,4
3067,3,10.75,2.25,-3.3,44,4
3068,0,11.125,3.25,-3.3,44,4
3068,1,10.75,3.25,-3.3,44,4
3068,2,11.125,2.75,-3.3,44,4
3068,3,10.75,2.75,-3.3,44,4
3069,0,11.125,3.75,-3.3,44,4
3069,1,10.75,3.75,-3.3,44,4
3069,2,11.125,3.25,-3.3,44,4
3069,3,10.75,3.25,-3.3,44,4
3070,0,11.125,4.25,-3.3,44,4
3070,1,10.75,4.25,-3.3,44,4
3070,2,11.125,3.75,-3.3,44,4
3070,3,10.75,3.75,-3.3,44,4
3071,0,11.125,4.75,-3.3,44,4
3071,1,10.75,4.75,-3.3,44,4
3071,2,11.125,4.25,-3.3,44,4
3071,3,10.75,4.25,-3.3,44,4
3072,0,11.125,5.25,-3.3,44,4
3072,1,10.75,5.25,-3.3,44,4
3072,2,11.125,4.75,-3.3,44,4
3072,3,10.75,4.75,-3.3,44,4
3073,0,11.125,5.75,-3.3,44,4
3073,1,10.75,5.75,-3.3,44,4
3073,2,11.125,5.25,-3.3,44,4
3073,3,10.75,5.25,-3.3,44,4
3074,0,11.125,8.25,-3.3,44,4
3074,1,10.75,8.25,-3.3,44,4
3074,2,11.125,7.75,-3.3,44,4
3074,3,10.75,7.75,-3.3,44,4
3075,0,11.125,8.75,-3.3,44,4
3075,1,10.75,8.75,-3.3,44,4
3075,2,11.125,8.25,-3.3,44,4
3075,3,10.75,8.25,-3.3,44,4
3076,0,11.125,9.25,-3.3,44,4
3076,1,10.75,9.25,-3.3,44,4
3076,2,11.125,8.75,-3.3,44,4
3076,3,10.75,8.75,-3.3,44,4
3077,0,11.125,9.75,-3.3,44,4
3077,1,10.75,9.75,-3.3,44,4
3077,2,11.125,9.25,-3.3,44,4
3077,3,10.75,9.25,-3.3,44,4
3078,0,11.125,10.25,-3.3,44,4
3078,1,10.75,10.25,-3.3,44,4
3078,2,11.125,9.75,-3.3,44,4
3078,3,10.75,9.75,-3.3,44,4
3079,0,11.125,10.75,-3.3,44,4
3079,1,10.75,10.75,-3.3,44,4
3079,2,11.125,10.25,-3.3,44,4
3079,3,10.75,10.25,-3.3,44,4
3080,0,11.125,11.25,-3.3,44,4
3080,1,10.75,11.25,-3.3,44,4
3080,2,11.125,10.75,-3.3,44,4
3080,3,10.75,10.75,-3.3,44,4
3081,0,11.125,11.75,-3.3,44,4
3081,1,10.75,11.75,-3.3,44,4
3081,2,11.125,11.25,-3.3,44,4
3081,3,10.75,11.25,-3.3,44,4
3082,0,11.125,1.75,-3.3,44,4
3082,1,10.75,1.75,-3.3,44,4
3082,2,11.25,1.25,-3.3,44,4
3082,3,10.75,1.25,-3.3,44,4
3083,0,11.25,6.25,-3.3,44,4
3083,1,10.75,6.25,-3.3,44,4
3083,2,11.125,5.75,-3.3,44,4
3083,3,10.75,5.75,-3.3,44,4
3084,0,11.125,7.75,-3.3,44,4
3084,1,10.75,7.75,-3.3,44,4
3084,2,11.25,7.25,-3.3,44,4
3084,3,10.75,7.25,-3.3,44,4
3085,0,11.25,12.25,-3.3,44,4
3085,1,10.75,12.25,-3.3,44,4
3085,2,11.125,11.75,-3.3,44,4
3085,3,10.75,11.75,-3.3,44,4
3086,0,11.25,0.75,-3.3,44,4
3086,1,10.75,0.75,-3.3,44,4
3086,2,11.25,0.375,-3.3,44,4
3086,3,10.75,0.375,-3.3,44,4
3087,0,11.25,0.75,-2.75,44,7
3087,1,11.25,0.75,-3.3,44,7
3087,2,10.75,0.75,-2.75,44,7
3087,3,10.75,0.75,-3.3,44,7
3088,0,11.25,0.75,-2.2,44,7
3088,1,11.25,0.75,-2.75,44,7
3088,2,10.75,0.75,-2.2,44,7
3088,3,10.75,0.75,-2.75,44,7
3089,0,11.25,0.75,-1.65,44,7
3089,1,11.25,0.75,-2.2,44,7
3089,2,10.75,0.75,-1.65,44,7
3089,3,10.75,0.75,-2.2,44,7
3090,0,11.25,0.75,-1.1,44,7
3090,1,11.25,0.75,-1.65,44,7
3090,2,10.75,0.75,-1.1,44,7
3090,3,10.75,0.75,-1.65,44,7
3091,0,11.25,0.75,-0.55,44,7
3091,1,11.25,0.75,-1.1,44,7
3091,2,10.75,0.75,-0.55,44,7
3091,3,10.75,0.75,-1.1,44,7
3092,0,11.25,0.75,0,44,7
3092,1,11.25,0.75,-0.55,44,7
3092,2,10.75,0.75,0,44,7
3092,3,10.75,0.75,-0.55,44,7
3093,0,10.75,0.75,0,5,3
3093,1,11.25,0.75,0,5,3
3094,0,10.75,0.75,3.3,5,3
3094,1,11.25,0.75,3.3,5,3
3095,0,10.75,0.75,6.6,5,3
3095,1,11.25,0.75,6.6,5,3
3096,0,10.75,0.75,9.9,5,3
3096,1,11.25,0.75,9.9,5,3
3097,0,11.25,1.25,-3.3,44,4
3097,1,10.75,1.25,-3.3,44,4
3097,2,11.25,0.75,-3.3,44,4
3097,3,10.75,0.75,-3.3,44,4
3098,0,11.25,1.25,0,44,6
3098,1,10.75,1.25,0,44,6
3098,2,11.25,0.75,0,44,6
3098,3,10.75,0.75,0,44,6
3099,0,11.25,1.25,3.3,44,6
3099,1,10.75,1.25,3.3,44,6
3099,2,11.25,0.75,3.3,44,6
3099,3,10.75,0.75,3.3,44,6
3100,0,11.25,1.25,6.6,44,6
3100,1,10.75,1.25,6.6,44,6
3100,2,11.25,0.75,6.6,44,6
3100,3,10.75,0.75,6.6,44,6
3101,0,11.25,1.25,9.9,44,6
3101,1,10.75,1.25,9.9,44,6
3101,2,11.25,0.75,9.9,44,6
3101,3,10.75,0.75,9.9,44,6
3102,0,11.25,1.75,0,44,6
3102,1,10.75,1.75,0,44,6
3102,2,11.25,1.25,0,44,6
3102,3,10.75,1.25,0,44,6
3103,0,11.25,1.75,3.3,44,6
3103,1,10.75,1.75,3.3,44,6
3103,2,11.25,1.25,3.3,44,6
3103,3,10.75,1.25,3.3,44,6
3104,0,11.25,1.75,6.6,44,6
3104,1,10.75,1.75,6.6,44,6
3104,2,11.25,1.25,6.6,44,6
3104,3,10.75,1.25,6.6,44,6
3105,0,11.25,1.75,9.9,44,6
3105,1,10.75,1.75,9.9,44,6
3105,2,11.25,1.25,9.9,44,6
3105,3,10.75,1.25,9.9,44,6
3106,0,11.25,2.25,0,44,6
3106,1,10.75,2.25,0,44,6
3106,2,11.25,1.75,0,44,6
3106,3,10.75,1.75,0,44,6
3107,0,11.25,2.25,3.3,44,6
3107,1,10.75,2.25,3.3,44,6
3107,2,11.25,1.75,3.3,44,6
3107,3,10.75,1.75,3.3,44,6
3108,0,11.25,2.25,6.6,44,6
3108,1,10.75,2.25,6.6,44,6
3108,2,11.25,1.75,6.6,44,6
3108,3,10.75,1.75,6.6,44,6
3109,0,11.25,2.25,9.9,44,6
3109,1,10.75,2.25,9.9,44,6
3109,2,11.25,1.75,9.9,44,6
3109,3,10.75,1.75,9.9,44,6
3110,0,11.25,2.75,0,44,6
3110,1,10.75,2.75,0,44,6
3110,2,11.25,2.25,0,44,6
3110,3,10.75,2.25,0,44,6
3111,0,11.25,2.75,3.3,44,6
3111,1,10.75,2.75,3.3,44,6
3111,2,11.25,2.25,3.3,44,6
3111,3,10.75,2.25,3.3,44,6
3112,0,11.25,2.75,6.6,44,6
3112,1,10.75,2.75,6.6,44,6
3112,2,11.25,2.25,6.6,44,6
3112,3,10.75,2.25,6.6,44,6
3113,0,11.25,2.75,9.9,44,6
3113,1,10.75,2.75,9.9,44,6
3113,2,11.25,2.25,9.9,44,6
3113,3,10.75,2.25,9.9,44,6
3114,0,11.25,3.25,0,44,6
3114,1,10.75,3.25,0,44,6
3114,2,11.25,2.75,0,44,6
3114,3,10.75,2.75,0,44,6
3115,0,11.25,3.25,3.3,44,6
3115,1,10.75,3.25,3.3,44,6
3115,2,11.25,2.75,3.3,44,6
3115,3,10.75,2.75,3.3,44,6
3116,0,11.25,3.25,6.6,44,6
3116,1,10.75,3.25,6.6,44,6
3116,2,11.25,2.75,6.6,44,6
3116,3,10.75,2.75,6.6,44,6
3117,0,11.25,3.25,9.9,44,6
3117,1,10.75,3.25,9.9,44,6
3117,2,11.25,2.75,9.9,44,6
3117,3,10.75,2.75,9.9,44,6
3118,0,11.25,3.75,0,44,6
3118,1,10.75,3.75,0,44,6
3118,2,11.25,3.25,0,44,6
3118,3,10.75,3.25,0,44,6
3119,0,11.25,3.75,3.3,44,6
3119,1,10.75,3.75,3.3,44,6
3119,2,11.25,3.25,3.3,44,6
3119,3,10.75,3.25,3.3,44,6
3120,0,11.25,3.75,6.6,44,6
3120,1,10.75,3.75,6.6,44,6
3120,2,11.25,3.25,6.6,44,6
3120,3,10.75,3.25,6.6,44,6
3121,0,11.25,3.75,9.9,44,6
3121,1,10.75,3.75,9.9,44,6
3121,2,11.25,3.25,9.9,44,6
3121,3,10.75,3.25,9.9,44,6
3122,0,11.25,4.25,0,44,6
3122,1,10.75,4.25,0,44,6
3122,2,11.25,3.75,0,44,6
3122,3,10.75,3.75,0,44,6
3123,0,11.25,4.25,3.3,44,6
3123,1,10.75,4.25,3.3,44,6
3123,2,11.25,3.75,3.3,44,6
3123,3,10.75,3.75,3.3,44,6
3124,0,11.25,4.25,6.6,44,6
3124,1,10.75,4.25,6.6,44,6
3124,2,11.25,3.75,6.6,44,6
3124,3,10.75,3.75,6.6,44,6
3125,0,11.25,4.25,9.9,44,6
3125,1,10.75,4.25,9.9,44,6
3125,2,11.25,3.75,9.9,44,6
3125,3,10.75,3.75,9.9,44,6
3126,0,11.25,4.75,0,44,6
3126,1,10.75,4.75,0,44,6
3126,2,11.25,4.25,0,44,6
3126,3,10.75,4.25,0,44,6
3127,0,11.25,4.75,3.3,44,6
3127,1,10.75,4.75,3.3,44,6
3127,2,11.25,4.25,3.3,44,6
3127,3,10.75,4.25,3.3,44,6
3128,0,11.25,4.75,6.6,44,6
3128,1,10.75,4.75,6.6,44,6
3128,2,11.25,4.25,6.6,44,6
3128,3,10.75,4.25,6.6,44,6
3129,0,11.25,4.75,9.9,44,6
3129,1,10.75,4.75,9.9,44,6
3129,2,11.25,4.25,9.9,44,6
3129,3,10.75,4.25,9.9,44,6
3130,0,11.25,5.25,0,44,6
3130,1,10.75,5.25,0,44,6
3130,2,11.25,4.75,0,44,6
3130,3,10.75,4.75,0,44,6
3131,0,11.25,5.25,3.3,44,6
3131,1,10.75,5.25,3.3,44,6
3131,2,11.25,4.75,3.3,44,6
3131,3,10.75,4.75,3.3,44,6
3132,0,11.25,5.25,6.6,44,6
3132,1,10.75,5.25,6.6,44,6
3132,2,11.25,4.75,6.6,44,6
3132,3,10.75,4.75,6.6,44,6
3133,0,11.25,5.25,9.9,44,6
3133,1,10.75,5.25,9.9,44,6
3133,2,11.25,4.75,9.9,44,6
3133,3,10.75,4.75,9.9,44,6
3134,0,11.25,5.75,0,44,6
3134,1,10.75,5.75,0,44,6
3134,2,11.25,5.25,0,44,6
3134,3,10.75,5.25,0,44,6
3135,0,11.25,5.75,3.3,44,6
3135,1,10.75,5.75,3.3,44,6
3135,2,11.25,5.25,3.3,44,6
3135,3,10.75,5.25,3.3,44,6
3136,0,11.25,5.75,6.6,44,6
3136,1,10.75,5.75,6.6,44,6
3136,2,11.25,5.25,6.6,44,6
3136,3,10.75,5.25,6.6,44,6
3137,0,11.25,5.75,9.9,44,6
3137,1,10.75,5.75,9.9,44,6
3137,2,11.25,5.25,9.9,44,6
3137,3,10.75,5.25,9.9,44,6
3138,0,11.25,6.25,0,44,6
3138,1,10.75,6.25,0,44,6
3138,2,11.25,5.75,0,44,6
3138,3,10.75,5.75,0,44,6
3139,0,11.25,6.25,3.3,44,6
3139,1,10.75,6.25,3.3,44,6
3139,2,11.25,5.75,3.3,44,6
3139,3,10.75,5.75,3.3,44,6
3140,0,11.25,6.25,6.6,44,6
3140,1,10.75,6.25,6.6,44,6
3140,2,11.25,5.75,6.6,44,6
3140,3,10.75,5.75,6.6,44,6
3141,0,11.25,6.25,9.9,44,6
3141,1,10.75,6.25,9.9,44,6
3141,2,11.25,5.75,9.9,44,6
3141,3,10.75,5.75,9.9,44,6
3142,0,11.25,6.75,-3.3,44,4
3142,1,10.75,6.75,-3.3,44,4
3142,2,11.25,6.25,-3.3,44,4
3142,3,10.75,6.25,-3.3,44,4
3143,0,11.25,6.75,0,44,6
3143,1,10.75,6.75,0,44,6
3143,2,11.25,6.25,0,44,6
3143,3,10.75,6.25,0,44,6
3144,0,11.25,6.75,3.3,44,6
3144,1,10.75,6.75,3.3,44,6
3144,2,11.25,6.25,3.3,44,6
3144,3,10.75,6.25,3.3,44,6
3145,0,11.25,6.75,6.6,44,6
3145,1,10.75,6.75,6.6,44,6
3145,2,11.25,6.25,6.6,44,6
3145,3,10.75,6.25,6.6,44,6
3146,0,11.25,6.75,9.9,44,6
3146,1,10.75,6.75,9.9,44,6
3146,2,11.25,6.25,9.9,44,6
3146,3,10.75,6.25,9.9,44,6
3147,0,10.75,6.75,0,5,3
3147,1,11.25,6.75,0,5,3
3148,0,10.75,6.75,3.3,5,3
3148,1,11.25,6.75,3.3,5,3
3149,0,10.75,6.75,6.6,5,3
3149,1,11.25,6.75,6.6,5,3
3150,0,10.75,6.75,9.9,5,3
3150,1,11.25,6.75,9.9,5,3
3151,0,11.25,7.25,-3.3,44,4
3151,1,10.75,7.25,-3.3,44,4
3151,2,11.25,6.75,-3.3,44,4
3151,3,10.75,6.75,-3.3,44,4
3152,0,11.25,7.25,0,44,6
3152,1,10.75,7.25,0,44,6
3152,2,11.25,6.75,0,44,6
3152,3,10.75,6.75,0,44,6
3153,0,11.25,7.25,3.3,44,6
3153,1,10.75,7.25,3.3,44,6
3153,2,11.25,6.75,3.3,44,6
3153,3,10.75,6.75,3.3,44,6
3154,0,11.25,7.25,6.6,44,6
3154,1,10.75,7.25,6.6,44,6
3154,2,11.25,6.75,6.6,44,6
3154,3,10.75,6.75,6.6,44,6
3155,0,11.25,7.25,9.9,44,6
3155,1,10.75,7.25,9.9,44,6
3155,2,11.25,6.75,9.9,44,6
3155,3,10.75,6.75,9.9,44,6
3156,0,11.25,7.75,0,44,6
3156,1,10.75,7.75,0,44,6
3156,2,11.25,7.25,0,44,6
3156,3,10.75,7.25,0,44,6
3157,0,11.25,7.75,3.3,44,6
3157,1,10.75,7.75,3.3,44,6
3157,2,11.25,7.25,3.3,44,6
3157,3,10.75,7.25,3.3,44,6
3158,0,11.25,7.75,6.6,44,6
3158,1,10.75,7.75,6.6,44,6
3158,2,11.25,7.25,6.6,44,6
3158,3,10.75,7.25,6.6,44,6
3159,0,11.25,7.75,9.9,44,6
3159,1,10.75,7.75,9.9,44,6
3159,2,11.25,7.25,9.9,44,6
3159,3,10.75,7.25,9.9,44,6
3160,0,11.25,8.25,0,44,6
3160,1,10.75,8.25,0,44,6
3160,2,11.25,7.75,0,44,6
3160,3,10.75,7.75,0,44,6
3161,0,11.25,8.25,3.3,44,6
3161,1,10.75,8.25,3.3,44,6
3161,2,11.25,7.75,3.3,44,6
3161,3,10.75,7.75,3.3,44,6
3162,0,11.25,8.25,6.6,44,6
3162,1,10.75,8.25,6.6,44,6
3162,2,11.25,7.75,6.6,44,6
3162,3,10.75,7.75,6.6,44,6
3163,0,11.25,8.25,9.9,44,6
3163,1,10.75,8.25,9.9,44,6
3163,2,11.25,7.75,9.9,44,6
3163,3,10.75,7.75,9.9,44,6
3164,0,11.25,8.75,0,44,6
3164,1,10.75,8.75,0,44,6
3164,2,11.25,8.25,0,44,6
3164,3,10.75,8.25,0,44,6
3165,0,11.25,8.75,3.3,44,6
3165,1,10.75,8.75,3.3,44,6
3165,2,11.25,8.25,3.3,44,6
3165,3,10.75,8.25,3.3,44,6
3166,0,11.25,8.75,6.6,44,6
3166,1,10.75,8.75,6.6,44,6
3166,2,11.25,8.25,6.6,44,6
3166,3,10.75,8.25,6.6,44,6
3167,0,11.25,8.75,9.9,44,6
3167,1,10.75,8.75,9.9,44,6
3167,2,11.25,8.25,9.9,44,6
3167,3,10.75,8.25,9.9,44,6
3168,0,11.25,9.25,0,44,6
3168,1,10.75,9.25,0,44,6
3168,2,11.25,8.75,0,44,6
3168,3,10.75,8.75,0,44,6
3169,0,11.25,9.25,3.3,44,6
3169,1,10.75,9.25,3.3,44,6
3169,2,11.25,8.75,3.3,44,6
3169,3,10.75,8.75,3.3,44,6
3170,0,11.25,9.25,6.6,44,6
3170,1,10.75,9.25,6.6,44,6
3170,2,11.25,8.75,6.6,44,6
3170,3,10.75,8.75,6.6,44,6
3171,0,11.25,9.25,9.9,44,6
3171,1,10.75,9.25,9.9,44,6
3171,2,11.25,8.75,9.9,44,6
3171,3,10.75,8.75,9.9,44,6
3172,0,11.25,9.75,0,44,6
3172,1,10.75,9.75,0,44,6
3172,2,11.25,9.25,0,44,6
3172,3,10.75,9.25,0,44,6
3173,0,11.25,9.75,3.3,44,6
3173,1,10.75,9.75,3.3,44,6
3173,2,11.25,9.25,3.3,44,6
3173,3,10.75,9.25,3.3,44,6
3174,0,11.25,9.75,6.6,44,6
3174,1,10.75,9.75,6.6,44,6
3174,2,11.25,9.25,6.6,44,6
3174,3,10.75,9.25,6.6,44,6
3175,0,11.25,9.75,9.9,44,6
3175,1,10.75,9.75,9.9,44,6
3175,2,11.25,9.25,9.9,44,6
3175,3,10.75,9.25,9.9,44,6
3176,0,11.25,10.25,0,44,6
3176,1,10.75,10.25,0,44,6
3176,2,11.25,9.75,0,44,6
3176,3,10.75,9.75,0,44,6
3177,0,11.25,10.25,3.3,44,6
3177,1,10.75,10.25,3.3,44,6
3177,2,11.25,9.75,3.3,44,6
3177,3,10.75,9.75,3.3,44,6
3178,0,11.25,10.25,6.6,44,6
3178,1,10.75,10.25,6.6,44,6
3178,2,11.25,9.75,6.6,44,6
3178,3,10.75,9.75,6.6,44,6
3179,0,11.25,10.25,9.9,44,6
3179,1,10.75,10.25,9.9,44,6
3179,2,11.25,9.75,9.9,44,6
3179,3,10.75,9.75,9.9,44,6
3180,0,11.25,10.75,0,44,6
3180,1,10.75,10.75,0,44,6
3180,2,11.25,10.25,0,44,6
3180,3,10.75,10.25,0,44,6
3181,0,11.25,10.75,3.3,44,6
3181,1,10.75,10.75,3.3,44,6
3181,2,11.25,10.25,3.3,44,6
3181,3,10.75,10.25,3.3,44,6
3182,0,11.25,10.75,6.6,44,6
3182,1,10.75,10.75,6.6,44,6
3182,2,11.25,10.25,6.6,44,6
3182,3,10.75,10.25,6.6,44,6
3183,0,11.25,10.75,9.9,44,6
3183,1,10.75,10.75,9.9,44,6
3183,2,11.25,10.25,9.9,44,6
3183,3,10.75,10.25,9.9,44,6
3184,0,11.25,11.25,0,44,6
3184,1,10.75,11.25,0,44,6
3184,2,11.25,10.75,0,44,6
3184,3,10.75,10.75,0,44,6
3185,0,11.25,11.25,3.3,44,6
3185,1,10.75,11.25,3.3,44,6
3185,2,11.25,10.75,3.3,44,6
3185,3,10.75,10.75,3.3,44,6
3186,0,11.25,11.25,6.6,44,6
3186,1,10.75,11.25,6.6,44,6
3186,2,11.25,10.75,6.6,44,6
3186,3,10.75,10.75,6.6,44,6
3187,0,11.25,11.25,9.9,44,6
3187,1,10.75,11.25,9.9,44,6
3187,2,11.25,10.75,9.9,44,6
3187,3,10.75,10.75,9.9,44,6
3188,0,11.25,11.75,0,44,6
3188,1,10.75,11.75,0,44,6
3188,2,11.25,11.25,0,44,6
3188,3,10.75,11.25,0,44,6
3189,0,11.25,11.75,3.3,44,6
3189,1,10.75,11.75,3.3,44,6
3189,2,11.25,11.25,3.3,44,6
3189,3,10.75,11.25,3.3,44,6
3190,0,11.25,11.75,6.6,44,6
3190,1,10.75,11.75,6.6,44,6
3190,2,11.25,11.25,6.6,44,6
3190,3,10.75,11.25,6.6,44,6
3191,0,11.25,11.75,9.9,44,6
3191,1,10.75,11.75,9.9,44,6
3191,2,11.25,11.25,9.9,44,6
3191,3,10.75,11.25,9.9,44,6
3192,0,11.25,12.25,0,44,6
3192,1,10.75,12.25,0,44,6
3192,2,11.25,11.75,0,44,6
3192,3,10.75,11.75,0,44,6
3193,0,11.25,12.25,3.3,44,6
3193,1,10.75,12.25,3.3,44,6
3193,2,11.25,11.75,3.3,44,6
3193,3,10.75,11.75,3.3,44,6
3194,0,11.25,12.25,6.6,44,6
3194,1,10.75,12.25,6.6,44,6
3194,2,11.25,11.75,6.6,44,6
3194,3,10.75,11.75,6.6,44,6
3195,0,11.25,12.25,9.9,44,6
3195,1,10.75,12.25,9.9,44,6
3195,2,11.25,11.75,9.9,44,6
3195,3,10.75,11.75,9.9,44,6
3196,0,11.25,12.75,-3.3,44,4
3196,1,10.75,12.75,-3.3,44,4
3196,2,11.25,12.25,-3.3,44,4
3196,3,10.75,12.25,-3.3,44,4
3197,0,11.25,12.75,0,44,6
3197,1,10.75,12.75,0,44,6
3197,2,11.25,12.25,0,44,6
3197,3,10.75,12.25,0,44,6
3198,0,11.25,12.75,3.3,44,6
3198,1,10.75,12.75,3.3,44,6
3198,2,11.25,12.25,3.3,44,6
3198,3,10.75,12.25,3.3,44,6
3199,0,11.25,12.75,6.6,44,6
3199,1,10.75,12.75,6.6,44,6
3199,2,11.25,12.25,6.6,44,6
3199,3,10.75,12.25,6.6,44,6
3200,0,11.25,12.75,9.9,44,6
3200,1,10.75,12.75,9.9,44,6
3200,2,11.25,12.25,9.9,44,6
3200,3,10.75,12.25,9.9,44,6
3201,0,11.25,12.75,-2.75,44,7
3201,1,11.25,12.75,-3.3,44,7
3201,2,10.75,12.75,-2.75,44,7
3201,3,10.75,12.75,-3.3,44,7
3202,0,11.25,12.75,-2.2,44,7
3202,1,11.25,12.75,-2.75,44,7
3202,2,10.75,12.75,-2.2,44,7
3202,3,10.75,12.75,-2.75,44,7
3203,0,11.25,12.75,-1.65,44,7
3203,1,11.25,12.75,-2.2,44,7
3203,2,10.75,12.75,-1.65,44,7
3203,3,10.75,12.75,-2.2,44,7
3204,0,11.25,12.75,-1.1,44,7
3204,1,11.25,12.75,-1.65,44,7
3204,2,10.75,12.75,-1.1,44,7
3204,3,10.75,12.75,-1.65,44,7
3205,0,11.25,12.75,-0.55,44,7
3205,1,11.25,12.75,-1.1,44,7
3205,2,10.75,12.75,-0.55,44,7
3205,3,10.75,12.75,-1.1,44,7
3206,0,11.25,12.75,0,44,7
3206,1,11.25,12.75,-0.55,44,7
3206,2,10.75,12.75,0,44,7
3206,3,10.75,12.75,-0.55,44,7
3207,0,10.75,12.75,0,5,3
3207,1,11.25,12.75,0,5,3
3208,0,10.75,12.75,3.3,5,3
3208,1,11.25,12.75,3.3,5,3
3209,0,10.75,12.75,6.6,5,3
3209,1,11.25,12.75,6.6,5,3
3210,0,10.75,12.75,9.9,5,3
3210,1,11.25,12.75,9.9,5,3
3211,0,11.25,13.125,-3.3,44,4
3211,1,10.75,13.125,-3.3,44,4
3211,2,11.25,12.75,-3.3,44,4
3211,3,10.75,12.75,-3.3,44,4
3212,0,11.75,0.75,-3.3,44,4
3212,1,11.25,0.75,-3.3,44,4
3212,2,11.75,0.375,-3.3,44,4
3212,3,11.25,0.375,-3.3,44,4
3213,0,11.75,0.75,-2.75,44,7
3213,1,11.75,0.75,-3.3,44,7
3213,2,11.25,0.75,-2.75,44,7
3213,3,11.25,0.75,-3.3,44,7
3214,0,11.75,0.75,-2.2,44,7
3214,1,11.75,0.75,-2.75,44,7
3214,2,11.25,0.75,-2.2,44,7
3214,3,11.25,0.75,-2.75,44,7
3215,0,11.75,0.75,-1.65,44,7
3215,1,11.75,0.75,-2.2,44,7
3215,2,11.25,0.75,-1.65,44,7
3215,3,11.25,0.75,-2.2,44,7
3216,0,11.75,0.75,-1.1,44,7
3216,1,11.75,0.75,-1.65,44,7
3216,2,11.25,0.75,-1.1,44,7
3216,3,11.25,0.75,-1.65,44,7
3217,0,11.75,0.75,-0.55,44,7
3217,1,11.75,0.75,-1.1,44,7
3217,2,11.25,0.75,-0.55,44,7
3217,3,11.25,0.75,-1.1,44,7
3218,0,11.75,0.75,0,44,7
3218,1,11.75,0.75,-0.55,44,7
3218,2,11.25,0.75,0,44,7
3218,3,11.25,0.75,-0.55,44,7
3219,0,11.25,0.75,0,5,3
3219,1,11.75,0.75,0,5,3
3220,0,11.25,0.75,3.3,5,3
3220,1,11.75,0.75,3.3,5,3
3221,0,11.25,0.75,6.6,5,3
3221,1,11.75,0.75,6.6,5,3
3222,0,11.25,0.75,9.9,5,3
3222,1,11.75,0.75,9.9,5,3
3223,0,11.25,1.25,-3.3,44,4
3223,1,11.25,0.75,-3.3,44,4
3223,2,11.75,1.125,-3.3,44,4
3223,3,11.75,0.75,-3.3,44,4
3224,0,11.75,1.25,0,44,6
3224,1,11.25,1.25,0,44,6
3224,2,11.75,0.75,0,44,6
3224,3,11.25,0.75,0,44,6
3225,0,11.75,1.25,3.3,44,6
3225,1,11.25,1.25,3.3,44,6
3225,2,11.75,0.75,3.3,44,6
3225,3,11.25,0.75,3.3,44,6
3226,0,11.75,1.25,6.6,44,6
3226,1,11.25,1.25,6.6,44,6
3226,2,11.75,0.75,6.6,44,6
3226,3,11.25,0.75,6.6,44,6
3227,0,11.75,1.25,9.9,44,6
3227,1,11.25,1.25,9.9,44,6
3227,2,11.75,0.75,9.9,44,6
3227,3,11.25,0.75,9.9,44,6
3228,0,11.75,1.75,0,44,6
3228,1,11.25,1.75,0,44,6
3228,2,11.75,1.25,0,44,6
3228,3,11.25,1.25,0,44,6
3229,0,11.75,1.75,3.3,44,6
3229,1,11.25,1.75,3.3,44,6
3229,2,11.75,1.25,3.3,44,6
3229,3,11.25,1.25,3.3,44,6
3230,0,11.75,1.75,6.6,44,6
3230,1,11.25,1.75,6.6,44,6
3230,2,11.75,1.25,6.6,44,6
3230,3,11.25,1.25,6.6,44,6
3231,0,11.75,1.75,9.9,44,6
3231,1,11.25,1.75,9.9,44,6
3231,2,11.75,1.25,9.9,44,6
3231,3,11.25,1.25,9.9,44,6
3232,0,11.75,2.25,0,44,6
3232,1,11.25,2.25,0,44,6
3232,2,11.75,1.75,0,44,6
3232,3,11.25,1.75,0,44,6
3233,0,11.75,2.25,3.3,44,6
3233,1,11.25,2.25,3.3,44,6
3233,2,11.75,1.75,3.3,44,6
3233,3,11.25,1.75,3.3,44,6
3234,0,11.75,2.25,6.6,44,6
3234,1,11.25,2.25,6.6,44,6
3234,2,11.75,1.75,6.6,44,6
3234,3,11.25,1.75,6.6,44,6
3235,0,11.75,2.25,9.9,44,6
3235,1,11.25,2.25,9.9,44,6
3235,2,11.75,1.75,9.9,44,6
3235,3,11.25,1.75,9.9,44,6
3236,0,11.75,2.75,0,44,6
3236,1,11.25,2.75,0,44,6
3236,2,11.75,2.25,0,44,6
3236,3,11.25,2.25,0,44,6
3237,0,11.75,2.75,3.3,44,6
3237,1,11.25,2.75,3.3,44,6
3237,2,11.75,2.25,3.3,44,6
3237,3,11.25,2.25,3.3,44,6
3238,0,11.75,2.75,6.6,44,6
3238,1,11.25,2.75,6.6,44,6
3238,2,11.75,2.25,6.6,44,6
3238,3,11.25,2.25,6.6,44,6
3239,0,11.75,2.75,9.9,44,6
3239,1,11.25,2.75,9.9,44,6
3239,2,11.75,2.25,9.9,44,6
3239,3,11.25,2.25,9.9,44,6
3240,0,11.75,3.25,0,44,6
3240,1,11.25,3.25,0,44,6
3240,2,11.75,2.75,0,44,6
3240,3,11.25,2.75,0,44,6
3241,0,11.75,3.25,3.3,44,6
3241,1,11.25,3.25,3.3,44,6
3241,2,11.75,2.75,3.3,44,6
3241,3,11.25,2.75,3.3,44,6
3242,0,11.75,3.25,6.6,44,6
3242,1,11.25,3.25,6.6,44,6
3242,2,11.75,2.75,6.6,44,6
3242,3,11.25,2.75,6.6,44,6
3243,0,11.75,3.25,9.9,44,6
3243,1,11.25,3.25,9.9,44,6
3243,2,11.75,2.75,9.9,44,6
3243,3,11.25,2.75,9.9,44,6
3244,0,11.75,3.75,0,44,6
3244,1,11.25,3.75,0,44,6
3244,2,11.75,3.25,0,44,6
3244,3,11.25,3.25,0,44,6
3245,0,11.75,3.75,3.3,44,6
3245,1,11.25,3.75,3.3,44,6
3245,2,11.75,3.25,3.3,44,6
3245,3,11.25,3.25,3.3,44,6
3246,0,11.75,3.75,6.6,44,6
3246,1,11.25,3.75,6.6,44,6
3246,2,11.75,3.25,6.6,44,6
3246,3,11.25,3.25,6.6,44,6
3247,0,11.75,3.75,9.9,44,6
3247,1,11.25,3.75,9.9,44,6
3247,2,11.75,3.25,9.9,44,6
3247,3,11.25,3.25,9.9,44,6
3248,0,11.75,4.25,0,44,6
3248,1,11.25,4.25,0,44,6
3248,2,11.75,3.75,0,44,6
3248,3,11.25,3.75,0,44,6
3249,0,11.75,4.25,3.3,44,6
3249,1,11.25,4.25,3.3,44,6
3249,2,11.75,3.75,3.3,44,6
3249,3,11.25,3.75,3.3,44,6
3250,0,11.75,4.25,6.6,44,6
3250,1,11.25,4.25,6.6,44,6
3250,2,11.75,3.75,6.6,44,6
3250,3,11.25,3.75,6.6,44,6
3251,0,11.75,4.25,9.9,44,6
3251,1,11.25,4.25,9.9,44,6
3251,2,11.75,3.75,9.9,44,6
3251,3,11.25,3.75,9.9,44,6
3252,0,11.75,4.75,0,44,6
3252,1,11.25,4.75,0,44,6
3252,2,11.75,4.25,0,44,6
3252,3,11.25,4.25,0,44,6
3253,0,11.75,4.75,3.3,44,6
3253,1,11.25,4.75,3.3,44,6
3253,2,11.75,4.25,3.3,44,6
3253,3,11.25,4.25,3.3,44,6
3254,0,11.75,4.75,6.6,44,6
3254,1,11.25,4.75,6.6,44,6
3254,2,11.75,4.25,6.6,44,6
3254,3,11.25,4.25,6.6,44,6
3255,0,11.75,4.75,9.9,44,6
3255,1,11.25,4.75,9.9,44,6
3255,2,11.75,4.25,9.9,44,6
3255,3,11.25,4.25,9.9,44,6
3256,0,11.75,5.25,0,44,6
3256,1,11.25,5.25,0,44,6
3256,2,11.75,4.75,0,44,6
3256,3,11.25,4.75,0,44,6
3257,0,11.75,5.25,3.3,44,6
3257,1,11.25,5.25,3.3,44,6
3257,2,11.75,4.75,3.3,44,6
3257,3,11.25,4.75,3.3,44,6
3258,0,11.75,5.25,6.6,44,6
3258,1,11.25,5.25,6.6,44,6
3258,2,11.75,4.75,6.6,44,6
3258,3,11.25,4.75,6.6,44,6
3259,0,11.75,5.25,9.9,44,6
3259,1,11.25,5.25,9.9,44,6
3259,2,11.75,4.75,9.9,44,6
3259,3,11.25,4.75,9.9,44,6
3260,0,11.75,5.75,0,44,6
3260,1,11.25,5.75,0,44,6
3260,2,11.75,5.25,0,44,6
3260,3,11.25,5.25,0,44,6
3261,0,11.75,5.75,3.3,44,6
3261,1,11.25,5.75,3.3,44,6
3261,2,11.75,5.25,3.3,44,6
3261,3,11.25,5.25,3.3,44,6
3262,0,11.75,5.75,6.6,44,6
3262,1,11.25,5.75,6.6,44,6
3262,2,11.75,5.25,6.6,44,6
3262,3,11.25,5.25,6.6,44,6
3263,0,11.75,5.75,9.9,44,6
3263,1,11.25,5.75,9.9,44,6
3263,2,11.75,5.25,9.9,44,6
3263,3,11.25,5.25,9.9,44,6
3264,0,11.75,6.25,0,44,6
3264,1,11.25,6.25,0,44,6
3264,2,11.75,5.75,0,44,6
3264,3,11.25,5.75,0,44,6
3265,0,11.75,6.25,3.3,44,6
3265,1,11.25,6.25,3.3,44,6
3265,2,11.75,5.75,3.3,44,6
3265,3,11.25,5.75,3.3,44,6
3266,0,11.75,6.25,6.6,44,6
3266,1,11.25,6.25,6.6,44,6
3266,2,11.75,5.75,6.6,44,6
3266,3,11.25,5.75,6.6,44,6
3267,0,11.75,6.25,9.9,44,6
3267,1,11.25,6.25,9.9,44,6
3267,2,11.75,5.75,9.9,44,6
3267,3,11.25,5.75,9.9,44,6
3268,0,11.75,6.75,0,44,6
3268,1,11.25,6.75,0,44,6
3268,2,11.75,6.25,0,44,6
3268,3,11.25,6.25,0,44,6
3269,0,11.75,6.75,3.3,44,6
3269,1,11.25,6.75,3.3,44,6
3269,2,11.75,6.25,3.3,44,6
3269,3,11.25,6.25,3.3,44,6
3270,0,11.75,6.75,6.6,44,6
3270,1,11.25,6.75,6.6,44,6
3270,2,11.75,6.25,6.6,44,6
3270,3,11.25,6.25,6.6,44,6
3271,0,11.75,6.75,9.9,44,6
3271,1,11.25,6.75,9.9,44,6
3271,2,11.75,6.25,9.9,44,6
3271,3,11.25,6.25,9.9,44,6
3272,0,11.75,6.75,-3.3,44,4
3272,1,11.25,6.75,-3.3,44,4
3272,2,11.75,6.375,-3.3,44,4
3272,3,11.25,6.25,-3.3,44,4
3273,0,11.25,6.75,0,5,3
3273,1,11.75,6.75,0,5,3
3274,0,11.25,6.75,3.3,5,3
3274,1,11.75,6.75,3.3,5,3
3275,0,11.25,6.75,6.6,5,3
3275,1,11.75,6.75,6.6,5,3
3276,0,11.25,6.75,9.9,5,3
3276,1,11.75,6.75,9.9,5,3
3277,0,11.25,7.25,-3.3,44,4
3277,1,11.25,6.75,-3.3,44,4
3277,2,11.75,7.125,-3.3,44,4
3277,3,11.75,6.75,-3.3,44,4
3278,0,11.75,7.25,0,44,6
3278,1,11.25,7.25,0,44,6
3278,2,11.75,6.75,0,44,6
3278,3,11.25,6.75,0,44,6
3279,0,11.75,7.25,3.3,44,6
3279,1,11.25,7.25,3.3,44,6
3279,2,11.75,6.75,3.3,44,6
3279,3,11.25,6.75,3.3,44,6
3280,0,11.75,7.25,6.6,44,6
3280,1,11.25,7.25,6.6,44,6
3280,2,11.75,6.75,6.6,44,6
3280,3,11.25,6.75,6.6,44,6
3281,0,11.75,7.25,9.9,44,6
3281,1,11.25,7.25,9.9,44,6
3281,2,11.75,6.75,9.9,44,6
3281,3,11.25,6.75,9.9,44,6
3282,0,11.75,7.75,0,44,6
3282,1,11.25,7.75,0,44,6
3282,2,11.75,7.25,0,44,6
3282,3,11.25,7.25,0,44,6
3283,0,11.75,7.75,3.3,44,6
3283,1,11.25,7.75,3.3,44,6
3283,2,11.75,7.25,3.3,44,6
3283,3,11.25,7.25,3.3,44,6
3284,0,11.75,7.75,6.6,44,6
3284,1,11.25,7.75,6.6,44,6
3284,2,11.75,7.25,6.6,44,6
3284,3,11.25,7.25,6.6,44,6
3285,0,11.75,7.75,9.9,44,6
3285,1,11.25,7.75,9.9,44,6
3285,2,11.75,7.25,9.9,44,6
3285,3,11.25,7.25,9.9,44,6
3286,0,11.75,8.25,0,44,6
3286,1,11.25,8.25,0,44,6
3286,2,11.75,7.75,0,44,6
3286,3,11.25,7.75,0,44,6
3287,0,11.75,8.25,3.3,44,6
3287,1,11.25,8.25,3.3,44,6
3287,2,11.75,7.75,3.3,44,6
3287,3,11.25,7.75,3.3,44,6
3288,0,11.75,8.25,6.6,44,6
3288,1,11.25,8.25,6.6,44,6
3288,2,11.75,7.75,6.6,44,6
3288,3,11.25,7.75,6.6,44,6
3289,0,11.75,8.25,9.9,44,6
3289,1,11.25,8.25,9.9,44,6
3289,2,11.75,7.75,9.9,44,6
3289,3,11.25,7.75,9.9,44,6
3290,0,11.75,8.75,0,44,6
3290,1,11.25,8.75,0,44,6
3290,2,11.75,8.25,0,44,6
3290,3,11.25,8.25,0,44,6
3291,0,11.75,8.75,3.3,44,6
3291,1,11.25,8.75,3.3,44,6
3291,2,11.75,8.25,3.3,44,6
3291,3,11.25,8.25,3.3,44,6
3292,0,11.75,8.75,6.6,44,6
3292,1,11.25,8.75,6.6,44,6
3292,2,11.75,8.25,6.6,44,6
3292,3,11.25,8.25,6.6,44,6
3293,0,11.75,8.75,9.9,44,6
3293,1,11.25,8.75,9.9,44,6
3293,2,11.75,8.25,9.9,44,6
3293,3,11.25,8.25,9.9,44,6
3294,0,11.75,9.25,0,44,6
3294,1,11.25,9.25,0,44,6
3294,2,11.75,8.75,0,44,6
3294,3,11.25,8.75,0,44,6
3295,0,11.75,9.25,3.3,44,6
3295,1,11.25,9.25,3.3,44,6
3295,2,11.75,8.75,3.3,44,6
3295,3,11.25,8.75,3.3,44,6
3296,0,11.75,9.25,6.6,44,6
3296,1,11.25,9.25,6.6,44,6
3296,2,11.75,8.75,6.6,44,6
3296,3,11.25,8.75,6.6,44,6
3297,0,11.75,9.25,9.9,44,6
3297,1,11.25,9.25,9.9,44,6
3297,2,11.75,8.75,9.9,44,6
3297,3,11.25,8.75,9.9,44,6
3298,0,11.75,9.75,0,44,6
3298,1,11.25,9.75,0,44,6
3298,2,11.75,9.25,0,44,6
3298,3,11.25,9.25,0,44,6
3299,0,11.75,9.75,3.3,44,6
3299,1,11.25,9.75,3.3,44,6
3299,2,11.75,9.25,3.3,44,6
3299,3,11.25,9.25,3.3,44,6
3300,0,11.75,9.75,6.6,44,6
3300,1,11.25,9.75,6.6,44,6
3300,2,11.75,9.25,6.6,44,6
3300,3,11.25,9.25,6.6,44,6
3301,0,11.75,9.75,9.9,44,6
3301,1,11.25,9.75,9.9,44,6
3301,2,11.75,9.25,9.9,44,6
3301,3,11.25,9.25,9.9,44,6
3302,0,11.75,10.25,0,44,6
3302,1,11.25,10.25,0,44,6
3302,2,11.75,9.75,0,44,6
3302,3,11.25,9.75,0,44,6
3303,0,11.75,10.25,3.3,44,6
3303,1,11.25,10.25,3.3,44,6
3303,2,11.75,9.75,3.3,44,6
3303,3,11.25,9.75,3.3,44,6
3304,0,11.75,10.25,6.6,44,6
3304,1,11.25,10.25,6.6,44,6
3304,2,11.75,9.75,6.6,44,6
3304,3,11.25,9.75,6.6,44,6
3305,0,11.75,10.25,9.9,44,6
3305,1,11.25,10.25,9.9,44,6
3305,2,11.75,9.75,9.9,44,6
3305,3,11.25,9.75,9.9,44,6
3306,0,11.75,10.75,0,44,6
3306,1,11.25,10.75,0,44,6
3306,2,11.75,10.25,0,44,6
3306,3,11.25,10.25,0,44,6
3307,0,11.75,10.75,3.3,44,6
3307,1,11.25,10.75,3.3,44,6
3307,2,11.75,10.25,3.3,44,6
3307,3,11.25,10.25,3.3,44,6
3308,0,11.75,10.75,6.6,44,6
3308,1,11.25,10.75,6.6,44,6
3308,2,11.75,10.25,6.6,44,6
3308,3,11.25,10.25,6.6,44,6
3309,0,11.75,10.75,9.9,44,6
3309,1,11.25,10.75,9.9,44,6
3309,2,11.75,10.25,9.9,44,6
3309,3,11.25,10.25,9.9,44,6
3310,0,11.75,11.25,0,44,6
3310,1,11.25,11.25,0,44,6
3310,2,11.75,10.75,0,44,6
3310,3,11.25,10.75,0,44,6
3311,0,11.75,11.25,3.3,44,6
3311,1,11.25,11.25,3.3,44,6
3311,2,11.75,10.75,3.3,44,6
3311,3,11.25,10.75,3.3,44,6
3312,0,11.75,11.25,6.6,44,6
3312,1,11.25,11.25,6.6,44,6
3312,2,11.75,10.75,6.6,44,6
3312,3,11.25,10.75,6.6,44,6
3313,0,11.75,11.25,9.9,44,6
3313,1,11.25,11.25,9.9,44,6
3313,2,11.75,10.75,9.9,44,6
3313,3,11.25,10.75,9.9,44,6
3314,0,11.75,11.75,0,44,6
3314,1,11.25,11.75,0,44,6
3314,2,11.75,11.25,0,44,6
3314,3,11.25,11.25,0,44,6
3315,0,11.75,11.75,3.3,44,6
3315,1,11.25,11.75,3.3,44,6
3315,2,11.75,11.25,3.3,44,6
3315,3,11.25,11.25,3.3,44,6
3316,0,11.75,11.75,6.6,44,6
3316,1,11.25,11.75,6.6,44,6
3316,2,11.75,11.25,6.6,44,6
3316,3,11.25,11.25,6.6,44,6
3317,0,11.75,11.75,9.9,44,6
3317,1,11.25,11.75,9.9,44,6
3317,2,11.75,11.25,9.9,44,6
3317,3,11.25,11.25,9.9,44,6
3318,0,11.75,12.25,0,44,6
3318,1,11.25,12.25,0,44,6
3318,2,11.75,11.75,0,44,6
3318,3,11.25,11.75,0,44,6
3319,0,11.75,12.25,3.3,44,6
3319,1,11.25,12.25,3.3,44,6
3319,2,11.75,11.75,3.3,44,6
3319,3,11.25,11.75,3.3,44,6
3320,0,11.75,12.25,6.6,44,6
3320,1,11.25,12.25,6.6,44,6
3320,2,11.75,11.75,6.6,44,6
3320,3,11.25,11.75,6.6,44,6
3321,0,11.75,12.25,9.9,44,6
3321,1,11.25,12.25,9.9,44,6
3321,2,11.75,11.75,9.9,44,6
3321,3,11.25,11.75,9.9,44,6
3322,0,11.75,12.75,0,44,6
3322,1,11.25,12.75,0,44,6
3322,2,11.75,12.25,0,44,6
3322,3,11.25,12.25,0,44,6
3323,0,11.75,12.75,3.3,44,6
3323,1,11.25,12.75,3.3,44,6
3323,2,11.75,12.25,3.3,44,6
3323,3,11.25,12.25,3.3,44,6
3324,0,11.75,12.75,6.6,44,6
3324,1,11.25,12.75,6.6,44,6
3324,2,11.75,12.25,6.6,44,6
3324,3,11.25,12.25,6.6,44,6
3325,0,11.75,12.75,9.9,44,6
3325,1,11.25,12.75,9.9,44,6
3325,2,11.75,12.25,9.9,44,6
3325,3,11.25,12.25,9.9,44,6
3326,0,11.75,12.75,-3.3,44,4
3326,1,11.25,12.75,-3.3,44,4
3326,2,11.75,12.375,-3.3,44,4
3326,3,11.25,12.25,-3.3,44,4
3327,0,11.75,12.75,-2.75,44,7
3327,1,11.75,12.75,-3.3,44,7
3327,2,11.25,12.75,-2.75,44,7
3327,3,11.25,12.75,-3.3,44,7
3328,0,11.75,12.75,-2.2,44,7
3328,1,11.75,12.75,-2.75,44,7
3328,2,11.25,12.75,-2.2,44,7
3328,3,11.25,12.75,-2.75,44,7
3329,0,11.75,12.75,-1.65,44,7
3329,1,11.75,12.75,-2.2,44,7
3329,2,11.25,12.75,-1.65,44,7
3329,3,11.25,12.75,-2.2,44,7
3330,0,11.75,12.75,-1.1,44,7
3330,1,11.75,12.75,-1.65,44,7
3330,2,11.25,12.75,-1.1,44,7
3330,3,11.25,12.75,-1.65,44,7
3331,0,11.75,12.75,-0.55,44,7
3331,1,11.75,12.75,-1.1,44,7
3331,2,11.25,12.75,-0.55,44,7
3331,3,11.25,12.75,-1.1,44,7
3332,0,11.75,12.75,0,44,7
3332,1,11.75,12.75,-0.55,44,7
3332,2,11.25,12.75,0,44,7
3332,3,11.25,12.75,-0.55,44,7
3333,0,11.25,12.75,0,5,3
3333,1,11.75,12.75,0,5,3
3334,0,11.25,12.75,3.3,5,3
3334,1,11.75,12.75,3.3,5,3
3335,0,11.25,12.75,6.6,5,3
3335,1,11.75,12.75,6.6,5,3
3336,0,11.25,12.75,9.9,5,3
3336,1,11.75,12.75,9.9,5,3
3337,0,11.75,13.125,-3.3,44,4
3337,1,11.25,13.125,-3.3,44,4
3337,2,11.75,12.75,-3.3,44,4
3337,3,11.25,12.75,-3.3,44,4
3338,0,12.25,0.75,-3.3,44,4
3338,1,11.75,0.75,-3.3,44,4
3338,2,12.25,0.375,-3.3,44,4
3338,3,11.75,0.375,-3.3,44,4
3339,0,12.25,0.75,-2.75,44,7
3339,1,12.25,0.75,-3.3,44,7
3339,2,11.75,0.75,-2.75,44,7
3339,3,11.75,0.75,-3.3,44,7
3340,0,12.25,0.75,-2.2,44,7
3340,1,12.25,0.75,-2.75,44,7
3340,2,11.75,0.75,-2.2,44,7
3340,3,11.75,0.75,-2.75,44,7
3341,0,12.25,0.75,-1.65,44,7
3341,1,12.25,0.75,-2.2,44,7
3341,2,11.75,0.75,-1.65,44,7
3341,3,11.75,0.75,-2.2,44,7
3342,0,12.25,0.75,-1.1,44,7
3342,1,12.25,0.75,-1.65,44,7
3342,2,11.75,0.75,-1.1,44,7
3342,3,11.75,0.75,-1.65,44,7
3343,0,12.25,0.75,-0.55,44,7
3343,1,12.25,0.75,-1.1,44,7
3343,2,11.75,0.75,-0.55,44,7
3343,3,11.75,0.75,-1.1,44,7
3344,0,12.25,0.75,0,44,7
3344,1,12.25,0.75,-0.55,44,7
3344,2,11.75,0.75,0,44,7
3344,3,11.75,0.75,-0.55,44,7
3345,0,11.75,0.75,0,5,3
3345,1,12.25,0.75,0,5,3
3346,0,11.75,0.75,3.3,5,3
3346,1,12.25,0.75,3.3,5,3
3347,0,11.75,0.75,6.6,5,3
3347,1,12.25,0.75,6.6,5,3
3348,0,11.75,0.75,9.9,5,3
3348,1,12.25,0.75,9.9,5,3
3349,0,12.25,1.125,-3.3,44,4
3349,1,11.75,1.125,-3.3,44,4
3349,2,12.25,0.75,-3.3,44,4
3349,3,11.75,0.75,-3.3,44,4
3350,0,12.25,1.25,0,44,6
3350,1,11.75,1.25,0,44,6
3350,2,12.25,0.75,0,44,6
3350,3,11.75,0.75,0,44,6
3351,0,12.25,1.25,3.3,44,6
3351,1,11.75,1.25,3.3,44,6
3351,2,12.25,0.75,3.3,44,6
3351,3,11.75,0.75,3.3,44,6
3352,0,12.25,1.25,6.6,44,6
3352,1,11.75,1.25,6.6,44,6
3352,2,12.25,0.75,6.6,44,6
3352,3,11.75,0.75,6.6,44,6
3353,0,12.25,1.25,9.9,44,6
3353,1,11.75,1.25,9.9,44,6
3353,2,12.25,0.75,9.9,44,6
3353,3,11.75,0.75,9.9,44,6
3354,0,12.25,1.75,0,44,6
3354,1,11.75,1.75,0,44,6
3354,2,12.25,1.25,0,44,6
3354,3,11.75,1.25,0,44,6
3355,0,12.25,1.75,3.3,44,6
3355,1,11.75,1.75,3.3,44,6
3355,2,12.25,1.25,3.3,44,6
3355,3,11.75,1.25,3.3,44,6
3356,0,12.25,1.75,6.6,44,6
3356,1,11.75,1.75,6.6,44,6
3356,2,12.25,1.25,6.6,44,6
3356,3,11.75,1.25,6.6,44,6
3357,0,12.25,1.75,9.9,44,6
3357,1,11.75,1.75,9.9,44,6
3357,2,12.25,1.25,9.9,44,6
3357,3,11.75,1.25,9.9,44,6
3358,0,12.25,2.25,0,44,6
3358,1,11.75,2.25,0,44,6
3358,2,12.25,1.75,0,44,6
3358,3,11.75,1.75,0,44,6
3359,0,12.25,2.25,3.3,44,6
3359,1,11.75,2.25,3.3,44,6
3359,2,12.25,1.75,3.3,44,6
3359,3,11.75,1.75,3.3,44,6
3360,0,12.25,2.25,6.6,44,6
3360,1,11.75,2.25,6.6,44,6
3360,2,12.25,1.75,6.6,44,6
3360,3,11.75,1.75,6.6,44,6
3361,0,12.25,2.25,9.9,44,6
3361,1,11.75,2.25,9.9,44,6
3361,2,12.25,1.75,9.9,44,6
3361,3,11.75,1.75,9.9,44,6
3362,0,12.25,2.75,0,44,6
3362,1,11.75,2.75,0,44,6
3362,2,12.25,2.25,0,44,6
3362,3,11.75,2.25,0,44,6
3363,0,12.25,2.75,3.3,44,6
3363,1,11.75,2.75,3.3,44,6
3363,2,12.25,2.25,3.3,44,6
3363,3,11.75,2.25,3.3,44,6
3364,0,12.25,2.75,6.6,44,6
3364,1,11.75,2.75,6.6,44,6
3364,2,12.25,2.25,6.6,44,6
3364,3,11.75,2.25,6.6,44,6
3365,0,12.25,2.75,9.9,44,6
3365,1,11.75,2.75,9.9,44,6
3365,2,12.25,2.25,9.9,44,6
3365,3,11.75,2.25,9.9,44,6
3366,0,12.25,3.25,0,44,6
3366,1,11.75,3.25,0,44,6
3366,2,12.25,2.75,0,44,6
3366,3,11.75,2.75,0,44,6
3367,0,12.25,3.25,3.3,44,6
3367,1,11.75,3.25,3.3,44,6
3367,2,12.25,2.75,3.3,44,6
3367,3,11.75,2.75,3.3,44,6
3368,0,12.25,3.25,6.6,44,6
3368,1,11.75,3.25,6.6,44,6
3368,2,12.25,2.75,6.6,44,6
3368,3,11.75,2.75,6.6,44,6
3369,0,12.25,3.25,9.9,44,6
3369,1,11.75,3.25,9.9,44,6
3369,2,12.25,2.75,9.9,44,6
3369,3,11.75,2.75,9.9,44,6
3370,0,12.25,3.75,0,44,6
3370,1,11.75,3.75,0,44,6
3370,2,12.25,3.25,0,44,6
3370,3,11.75,3.25,0,44,6
3371,0,12.25,3.75,3.3,44,6
3371,1,11.75,3.75,3.3,44,6
3371,2,12.25,3.25,3.3,44,6
3371,3,11.75,3.25,3.3,44,6
3372,0,12.25,3.75,6.6,44,6
3372,1,11.75,3.75,6.6,44,6
3372,2,12.25,3.25,6.6,44,6
3372,3,11.75,3.25,6.6,44,6
3373,0,12.25,3.75,9.9,44,6
3373,1,11.75,3.75,9.9,44,6
3373,2,12.25,3.25,9.9,44,6
3373,3,11.75,3.25,9.9,44,6
3374,0,12.25,4.25,0,44,6
3374,1,11.75,4.25,0,44,6
3374,2,12.25,3.75,0,44,6
3374,3,11.75,3.75,0,44,6
3375,0,12.25,4.25,3.3,44,6
3375,1,11.75,4.25,3.3,44,6
3375,2,12.25,3.75,3.3,44,6
3375,3,11.75,3.75,3.3,44,6
3376,0,12.25,4.25,6.6,44,6
3376,1,11.75,4.25,6.6,44,6
3376,2,12.25,3.75,6.6,44,6
3376,3,11.75,3.75,6.6,44,6
3377,0,12.25,4.25,9.9,44,6
3377,1,11.75,4.25,9.9,44,6
3377,2,12.25,3.75,9.9,44,6
3377,3,11.75,3.75,9.9,44,6
3378,0,12.25,4.75,0,44,6
3378,1,11.75,4.75,0,44,6
3378,2,12.25,4.25,0,44,6
3378,3,11.75,4.25,0,44,6
3379,0,12.25,4.75,3.3,44,6
3379,1,11.75,4.75,3.3,44,6
3379,2,12.25,4.25,3.3,44,6
3379,3,11.75,4.25,3.3,44,6
3380,0,12.25,4.75,6.6,44,6
3380,1,11.75,4.75,6.6,44,6
3380,2,12.25,4.25,6.6,44,6
3380,3,11.75,4.25,6.6,44,6
3381,0,12.25,4.75,9.9,44,6
3381,1,11.75,4.75,9.9,44,6
3381,2,12.25,4.25,9.9,44,6
3381,3,11.75,4.25,9.9,44,6
3382,0,12.25,5.25,0,44,6
3382,1,11.75,5.25,0,44,6
3382,2,12.25,4.75,0,44,6
3382,3,11.75,4.75,0,44,6
3383,0,12.25,5.25,3.3,44,6
3383,1,11.75,5.25,3.3,44,6
3383,2,12.25,4.75,3.3,44,6
3383,3,11.75,4.75,3.3,44,6
3384,0,12.25,5.25,6.6,44,6
3384,1,11.75,5.25,6.6,44,6
3384,2,12.25,4.75,6.6,44,6
3384,3,11.75,4.75,6.6,44,6
3385,0,12.25,5.25,9.9,44,6
3385,1,11.75,5.25,9.9,44,6
3385,2,12.25,4.75,9.9,44,6
3385,3,11.75,4.75,9.9,44,6
3386,0,12.25,5.75,0,44,6
3386,1,11.75,5.75,0,44,6
3386,2,12.25,5.25,0,44,6
3386,3,11.75,5.25,0,44,6
3387,0,12.25,5.75,3.3,44,6
3387,1,11.75,5.75,3.3,44,6
3387,2,12.25,5.25,3.3,44,6
3387,3,11.75,5.25,3.3,44,6
3388,0,12.25,5.75,6.6,44,6
3388,1,11.75,5.75,6.6,44,6
3388,2,12.25,5.25,6.6,44,6
3388,3,11.75,5.25,6.6,44,6
3389,0,12.25,5.75,9.9,44,6
3389,1,11.75,5.75,9.9,44,6
3389,2,12.25,5.25,9.9,44,6
3389,3,11.75,5.25,9.9,44,6
3390,0,12.25,6.25,0,44,6
3390,1,11.75,6.25,0,44,6
3390,2,12.25,5.75,0,44,6
3390,3,11.75,5.75,0,44,6
3391,0,12.25,6.25,3.3,44,6
3391,1,11.75,6.25,3.3,44,6
3391,2,12.25,5.75,3.3,44,6
3391,3,11.75,5.75,3.3,44,6
3392,0,12.25,6.25,6.6,44,6
3392,1,11.75,6.25,6.6,44,6
3392,2,12.25,5.75,6.6,44,6
3392,3,11.75,5.75,6.6,44,6
3393,0,12.25,6.25,9.9,44,6
3393,1,11.75,6.25,9.9,44,6
3393,2,12.25,5.75,9.9,44,6
3393,3,11.75,5.75,9.9,44,6
3394,0,12.25,6.75,0,44,6
3394,1,11.75,6.75,0,44,6
3394,2,12.25,6.25,0,44,6
3394,3,11.75,6.25,0,44,6
3395,0,12.25,6.75,3.3,44,6
3395,1,11.75,6.75,3.3,44,6
3395,2,12.25,6.25,3.3,44,6
3395,3,11.75,6.25,3.3,44,6
3396,0,12.25,6.75,6.6,44,6
3396,1,11.75,6.75,6.6,44,6
3396,2,12.25,6.25,6.6,44,6
3396,3,11.75,6.25,6.6,44,6
3397,0,12.25,6.75,9.9,44,6
3397,1,11.75,6.75,9.9,44,6
3397,2,12.25,6.25,9.9,44,6
3397,3,11.75,6.25,9.9,44,6
3398,0,12.25,6.75,-3.3,44,4
3398,1,11.75,6.75,-3.3,44,4
3398,2,12.25,6.375,-3.3,44,4
3398,3,11.75,6.375,-3.3,44,4
3399,0,11.75,6.75,0,5,3
3399,1,12.25,6.75,0,5,3
3400,0,11.75,6.75,3.3,5,3
3400,1,12.25,6.75,3.3,5,3
3401,0,11.75,6.75,6.6,5,3
3401,1,12.25,6.75,6.6,5,3
3402,0,11.75,6.75,9.9,5,3
3402,1,12.25,6.75,9.9,5,3
3403,0,12.25,7.125,-3.3,44,4
3403,1,11.75,7.125,-3.3,44,4
3403,2,12.25,6.75,-3.3,44,4
3403,3,11.75,6.75,-3.3,44,4
3404,0,12.25,7.25,0,44,6
3404,1,11.75,7.25,0,44,6
3404,2,12.25,6.75,0,44,6
3404,3,11.75,6.75,0,44,6
3405,0,12.25,7.25,3.3,44,6
3405,1,11.75,7.25,3.3,44,6
3405,2,12.25,6.75,3.3,44,6
3405,3,11.75,6.75,3.3,44,6
3406,0,12.25,7.25,6.6,44,6
3406,1,11.75,7.25,6.6,44,6
3406,2,12.25,6.75,6.6,44,6
3406,3,11.75,6.75,6.6,44,6
3407,0,12.25,7.25,9.9,44,6
3407,1,11.75,7.25,9.9,44,6
3407,2,12.25,6.75,9.9,44,6
3407,3,11.75,6.75,9.9,44,6
3408,0,12.25,7.75,0,44,6
3408,1,11.75,7.75,0,44,6
3408,2,12.25,7.25,0,44,6
3408,3,11.75,7.25,0,44,6
3409,0,12.25,7.75,3.3,44,6
3409,1,11.75,7.75,3.3,44,6
3409,2,12.25,7.25,3.3,44,6
3409,3,11.75,7.25,3.3,44,6
3410,0,12.25,7.75,6.6,44,6
3410,1,11.75,7.75,6.6,44,6
3410,2,12.25,7.25,6.6,44,6
3410,3,11.75,7.25,6.6,44,6
3411,0,12.25,7.75,9.9,44,6
3411,1,11.75,7.75,9.9,44,6
3411,2,12.25,7.25,9.9,44,6
3411,3,11.75,7.25,9.9,44,6
3412,0,12.25,8.25,0,44,6
3412,1,11.75,8.25,0,44,6
3412,2,12.25,7.75,0,44,6
3412,3,11.75,7.75,0,44,6
3413,0,12.25,8.25,3.3,44,6
3413,1,11.75,8.25,3.3,44,6
3413,2,12.25,7.75,3.3,44,6
3413,3,11.75,7.75,3.3,44,6
3414,0,12.25,8.25,6.6,44,6
3414,1,11.75,8.25,6.6,44,6
3414,2,12.25,7.75,6.6,44,6
3414,3,11.75,7.75,6.6,44,6
3415,0,12.25,8.25,9.9,44,6
3415,1,11.75,8.25,9.9,44,6
3415,2,12.25,7.75,9.9,44,6
3415,3,11.75,7.75,9.9,44,6
3416,0,12.25,8.75,0,44,6
3416,1,11.75,8.75,0,44,6
3416,2,12.25,8.25,0,44,6
3416,3,11.75,8.25,0,44,6
3417,0,12.25,8.75,3.3,44,6
3417,1,11.75,8.75,3.3,44,6
3417,2,12.25,8.25,3.3,44,6
3417,3,11.75,8.25,3.3,44,6
3418,0,12.25,8.75,6.6,44,6
3418,1,11.75,8.75,6.6,44,6
3418,2,12.25,8.25,6.6,44,6
3418,3,11.75,8.25,6.6,44,6
3419,0,12.25,8.75,9.9,44,6
3419,1,11.75,8.75,9.9,44,6
3419,2,12.25,8.25,9.9,44,6
3419,3,11.75,8.25,9.9,44,6
3420,0,12.25,9.25,0,44,6
3420,1,11.75,9.25,0,44,6
3420,2,12.25,8.75,0,44,6
3420,3,11.75,8.75,0,44,6
3421,0,12.25,9.25,3.3,44,6
3421,1,11.75,9.25,3.3,44,6
3421,2,12.25,8.75,3.3,44,6
3421,3,11.75,8.75,3.3,44,6
3422,0,12.25,9.25,6.6,44,6
3422,1,11.75,9.25,6.6,44,6
3422,2,12.25,8.75,6.6,44,6
3422,3,11.75,8.75,6.6,44,6
3423,0,12.25,9.25,9.9,44,6
3423,1,11.75,9.25,9.9,44,6
3423,2,12.25,8.75,9.9,44,6
3423,3,11.75,8.75,9.9,44,6
3424,0,12.25,9.75,0,44,6
3424,1,11.75,9.75,0,44,6
3424,2,12.25,9.25,0,44,6
3424,3,11.75,9.25,0,44,6
3425,0,12.25,9.75,3.3,44,6
3425,1,11.75,9.75,3.3,44,6
3425,2,12.25,9.25,3.3,44,6
3425,3,11.75,9.25,3.3,44,6
3426,0,12.25,9.75,6.6,44,6
3426,1,11.75,9.75,6.6,44,6
3426,2,12.25,9.25,6.6,44,6
3426,3,11.75,9.25,6.6,44,6
3427,0,12.25,9.75,9.9,44,6
3427,1,11.75,9.75,9.9,44,6
3427,2,12.25,9.25,9.9,44,6
3427,3,11.75,9.25,9.9,44,6
3428,0,12.25,10.25,0,44,6
3428,1,11.75,10.25,0,44,6
3428,2,12.25,9.75,0,44,6
3428,3,11.75,9.75,0,44,6
3429,0,12.25,10.25,3.3,44,6
3429,1,11.75,10.25,3.3,44,6
3429,2,12.25,9.75,3.3,44,6
3429,3,11.75,9.75,3.3,44,6
3430,0,12.25,10.25,6.6,44,6
3430,1,11.75,10.25,6.6,44,6
3430,2,12.25,9.75,6.6,44,6
3430,3,11.75,9.75,6.6,44,6
3431,0,12.25,10.25,9.9,44,6
3431,1,11.75,10.25,9.9,44,6
3431,2,12.25,9.75,9.9,44,6
3431,3,11.75,9.75,9.9,44,6
3432,0,12.25,10.75,0,44,6
3432,1,11.75,10.75,0,44,6
3432,2,12.25,10.25,0,44,6
3432,3,11.75,10.25,0,44,6
3433,0,12.25,10.75,3.3,44,6
3433,1,11.75,10.75,3.3,44,6
3433,2,12.25,10.25,3.3,44,6
3433,3,11.75,10.25,3.3,44,6
3434,0,12.25,10.75,6.6,44,6
3434,1,11.75,10.75,6.6,44,6
3434,2,12.25,10.25,6.6,44,6
3434,3,11.75,10.25,6.6,44,6
3435,0,12.25,10.75,9.9,44,6
3435,1,11.75,10.75,9.9,44,6
3435,2,12.25,10.25,9.9,44,6
3435,3,11.75,10.25,9.9,44,6
3436,0,12.25,11.25,0,44,6
3436,1,11.75,11.25,0,44,6
3436,2,12.25,10.75,0,44,6
3436,3,11.75,10.75,0,44,6
3437,0,12.25,11.25,3.3,44,6
3437,1,11.75,11.25,3.3,44,6
3437,2,12.25,10.75,3.3,44,6
3437,3,11.75,10.75,3.3,44,6
3438,0,12.25,11.25,6.6,44,6
3438,1,11.75,11.25,6.6,44,6
3438,2,12.25,10.75,6.6,44,6
3438,3,11.75,10.75,6.6,44,6
3439,0,12.25,11.25,9.9,44,6
3439,1,11.75,11.25,9.9,44,6
3439,2,12.25,10.75,9.9,44,6
3439,3,11.75,10.75,9.9,44,6
3440,0,12.25,11.75,0,44,6
3440,1,11.75,11.75,0,44,6
3440,2,12.25,11.25,0,44,6
3440,3,11.75,11.25,0,44,6
3441,0,12.25,11.75,3.3,44,6
3441,1,11.75,11.75,3.3,44,6
3441,2,12.25,11.25,3.3,44,6
3441,3,11.75,11.25,3.3,44,6
3442,0,12.25,11.75,6.6,44,6
3442,1,11.75,11.75,6.6,44,6
3442,2,12.25,11.25,6.6,44,6
3442,3,11.75,11.25,6.6,44,6
3443,0,12.25,11.75,9.9,44,6
3443,1,11.75,11.75,9.9,44,6
3443,2,12.25,11.25,9.9,44,6
3443,3,11.75,11.25,9.9,44,6
3444,0,12.25,12.25,0,44,6
3444,1,11.75,12.25,0,44,6
3444,2,12.25,11.75,0,44,6
3444,3,11.75,11.75,0,44,6
3445,0,12.25,12.25,3.3,44,6
3445,1,11.75,12.25,3.3,44,6
3445,2,12.25,11.75,3.3,44,6
3445,3,11.75,11.75,3.3,44,6
3446,0,12.25,12.25,6.6,44,6
3446,1,11.75,12.25,6.6,44,6
3446,2,12.25,11.75,6.6,44,6
3446,3,11.75,11.75,6.6,44,6
3447,0,12.25,12.25,9.9,44,6
3447,1,11.75,12.25,9.9,44,6
3447,2,12.25,11.75,9.9,44,6
3447,3,11.75,11.75,9.9,44,6
3448,0,12.25,12.75,0,44,6
3448,1,11.75,12.75,0,44,6
3448,2,12.25,12.25,0,44,6
3448,3,11.75,12.25,0,44,6
3449,0,12.25,12.75,3.3,44,6
3449,1,11.75,12.75,3.3,44,6
3449,2,12.25,12.25,3.3,44,6
3449,3,11.75,12.25,3.3,44,6
3450,0,12.25,12.75,6.6,44,6
3450,1,11.75,12.75,6.6,44,6
3450,2,12.25,12.25,6.6,44,6
3450,3,11.75,12.25,6.6,44,6
3451,0,12.25,12.75,9.9,44,6
3451,1,11.75,12.75,9.9,44,6
3451,2,12.25,12.25,9.9,44,6
3451,3,11.75,12.25,9.9,44,6
3452,0,12.25,12.75,-3.3,44,4
3452,1,11.75,12.75,-3.3,44,4
3452,2,12.25,12.375,-3.3,44,4
3452,3,11.75,12.375,-3.3,44,4
3453,0,12.25,12.75,-2.75,44,7
3453,1,12.25,12.75,-3.3,44,7
3453,2,11.75,12.75,-2.75,44,7
3453,3,11.75,12.75,-3.3,44,7
3454,0,12.25,12.75,-2.2,44,7
3454,1,12.25,12.75,-2.75,44,7
3454,2,11.75,12.75,-2.2,44,7
3454,3,11.75,12.75,-2.75,44,7
3455,0,12.25,12.75,-1.65,44,7
3455,1,12.25,12.75,-2.2,44,7
3455,2,11.75,12.75,-1.65,44,7
3455,3,11.75,12.75,-2.2,44,7
3456,0,12.25,12.75,-1.1,44,7
3456,1,12.25,12.75,-1.65,44,7
3456,2,11.75,12.75,-1.1,44,7
3456,3,11.75,12.75,-1.65,44,7
3457,0,12.25,12.75,-0.55,44,7
3457,1,12.25,12.75,-1.1,44,7
3457,2,11.75,12.75,-0.55,44,7
3457,3,11.75,12.75,-1.1,44,7
3458,0,12.25,12.75,0,44,7
3458,1,12.25,12.75,-0.55,44,7
3458,2,11.75,12.75,0,44,7
3458,3,11.75,12.75,-0.55,44,7
3459,0,11.75,12.75,0,5,3
3459,1,12.25,12.75,0,5,3
3460,0,11.75,12.75,3.3,5,3
3460,1,12.25,12.75,3.3,5,3
3461,0,11.75,12.75,6.6,5,3
3461,1,12.25,12.75,6.6,5,3
3462,0,11.75,12.75,9.9,5,3
3462,1,12.25,12.75,9.9,5,3
3463,0,12.25,13.125,-3.3,44,4
3463,1,11.75,13.125,-3.3,44,4
3463,2,12.25,12.75,-3.3,44,4
3463,3,11.75,12.75,-3.3,44,4
3464,0,12.75,0.75,-3.3,44,4
3464,1,12.25,0.75,-3.3,44,4
3464,2,12.75,0.375,-3.3,44,4
3464,3,12.25,0.375,-3.3,44,4
3465,0,12.75,0.75,-2.75,44,7
3465,1,12.75,0.75,-3.3,44,7
3465,2,12.25,0.75,-2.75,44,7
3465,3,12.25,0.75,-3.3,44,7
3466,0,12.75,0.75,-2.2,44,7
3466,1,12.75,0.75,-2.75,44,7
3466,2,12.25,0.75,-2.2,44,7
3466,3,12.25,0.75,-2.75,44,7
3467,0,12.75,0.75,-1.65,44,7
3467,1,12.75,0.75,-2.2,44,7
3467,2,12.25,0.75,-1.65,44,7
3467,3,12.25,0.75,-2.2,44,7
3468,0,12.75,0.75,-1.1,44,7
3468,1,12.75,0.75,-1.65,44,7
3468,2,12.25,0.75,-1.1,44,7
3468,3,12.25,0.75,-1.65,44,7
3469,0,12.75,0.75,-0.55,44,7
3469,1,12.75,0.75,-1.1,44,7
3469,2,12.25,0.75,-0.55,44,7
3469,3,12.25,0.75,-1.1,44,7
3470,0,12.75,0.75,0,44,7
3470,1,12.75,0.75,-0.55,44,7
3470,2,12.25,0.75,0,44,7
3470,3,12.25,0.75,-0.55,44,7
3471,0,12.25,0.75,0,5,3
3471,1,12.75,0.75,0,5,3
3472,0,12.25,0.75,3.3,5,3
3472,1,12.75,0.75,3.3,5,3
3473,0,12.25,0.75,6.6,5,3
3473,1,12.75,0.75,6.6,5,3
3474,0,12.25,0.75,9.9,5,3
3474,1,12.75,0.75,9.9,5,3
3475,0,12.75,1.125,-3.3,44,4
3475,1,12.25,1.125,-3.3,44,4
3475,2,12.75,0.75,-3.3,44,4
3475,3,12.25,0.75,-3.3,44,4
3476,0,12.75,1.25,0,44,6
3476,1,12.25,1.25,0,44,6
3476,2,12.75,0.75,0,44,6
3476,3,12.25,0.75,0,44,6
3477,0,12.75,1.25,3.3,44,6
3477,1,12.25,1.25,3.3,44,6
3477,2,12.75,0.75,3.3,44,6
3477,3,12.25,0.75,3.3,44,6
3478,0,12.75,1.25,6.6,44,6
3478,1,12.25,1.25,6.6,44,6
3478,2,12.75,0.75,6.6,44,6
3478,3,12.25,0.75,6.6,44,6
3479,0,12.75,1.25,9.9,44,6
3479,1,12.25,1.25,9.9,44,6
3479,2,12.75,0.75,9.9,44,6
3479,3,12.25,0.75,9.9,44,6
3480,0,12.75,1.75,0,44,6
3480,1,12.25,1.75,0,44,6
3480,2,12.75,1.25,0,44,6
3480,3,12.25,1.25,0,44,6
3481,0,12.75,1.75,3.3,44,6
3481,1,12.25,1.75,3.3,44,6
3481,2,12.75,1.25,3.3,44,6
3481,3,12.25,1.25,3.3,44,6
3482,0,12.75,1.75,6.6,44,6
3482,1,12.25,1.75,6.6,44,6
3482,2,12.75,1.25,6.6,44,6
3482,3,12.25,1.25,6.6,44,6
3483,0,12.75,1.75,9.9,44,6
3483,1,12.25,1.75,9.9,44,6
3483,2,12.75,1.25,9.9,44,6
3483,3,12.25,1.25,9.9,44,6
3484,0,12.75,2.25,0,44,6
3484,1,12.25,2.25,0,44,6
3484,2,12.75,1.75,0,44,6
3484,3,12.25,1.75,0,44,6
3485,0,12.75,2.25,3.3,44,6
3485,1,12.25,2.25,3.3,44,6
3485,2,12.75,1.75,3.3,44,6
3485,3,12.25,1.75,3.3,44,6
3486,0,12.75,2.25,6.6,44,6
3486,1,12.25,2.25,6.6,44,6
3486,2,12.75,1.75,6.6,44,6
3486,3,12.25,1.75,6.6,44,6
3487,0,12.75,2.25,9.9,44,6
3487,1,12.25,2.25,9.9,44,6
3487,2,12.75,1.75,9.9,44,6
3487,3,12.25,1.75,9.9,44,6
3488,0,12.75,2.75,0,44,6
3488,1,12.25,2.75,0,44,6
3488,2,12.75,2.25,0,44,6
3488,3,12.25,2.25,0,44,6
3489,0,12.75,2.75,3.3,44,6
3489,1,12.25,2.75,3.3,44,6
3489,2,12.75,2.25,3.3,44,6
3489,3,12.25,2.25,3.3,44,6
3490,0,12.75,2.75,6.6,44,6
3490,1,12.25,2.75,6.6,44,6
3490,2,12.75,2.25,6.6,44,6
3490,3,12.25,2.25,6.6,44,6
3491,0,12.75,2.75,9.9,44,6
3491,1,12.25,2.75,9.9,44,6
3491,2,12.75,2.25,9.9,44,6
3491,3,12.25,2.25,9.9,44,6
3492,0,12.75,3.25,0,44,6
3492,1,12.25,3.25,0,44,6
3492,2,12.75,2.75,0,44,6
3492,3,12.25,2.75,0,44,6
3493,0,12.75,3.25,3.3,44,6
3493,1,12.25,3.25,3.3,44,6
3493,2,12.75,2.75,3.3,44,6
3493,3,12.25,2.75,3.3,44,6
3494,0,12.75,3.25,6.6,44,6
3494,1,12.25,3.25,6.6,44,6
3494,2,12.75,2.75,6.6,44,6
3494,3,12.25,2.75,6.6,44,6
3495,0,12.75,3.25,9.9,44,6
3495,1,12.25,3.25,9.9,44,6
3495,2,12.75,2.75,9.9,44,6
3495,3,12.25,2.75,9.9,44,6
3496,0,12.75,3.75,0,44,6
3496,1,12.25,3.75,0,44,6
3496,2,12.75,3.25,0,44,6
3496,3,12.25,3.25,0,44,6
3497,0,12.75,3.75,3.3,44,6
3497,1,12.25,3.75,3.3,44,6
3497,2,12.75,3.25,3.3,44,6
3497,3,12.25,3.25,3.3,44,6
3498,0,12.75,3.75,6.6,44,6
3498,1,12.25,3.75,6.6,44,6
3498,2,12.75,3.25,6.6,44,6
3498,3,12.25,3.25,6.6,44,6
3499,0,12.75,3.75,9.9,44,6
3499,1,12.25,3.75,9.9,44,6
3499,2,12.75,3.25,9.9,44,6
3499,3,12.25,3.25,9.9,44,6
3500,0,12.75,4.25,0,44,6
3500,1,12.25,4.25,0,44,6
3500,2,12.75,3.75,0,44,6
3500,3,12.25,3.75,0,44,6
3501,0,12.75,4.25,3.3,44,6
3501,1,12.25,4.25,3.3,44,6
3501,2,12.75,3.75,3.3,44,6
3501,3,12.25,3.75,3.3,44,6
3502,0,12.75,4.25,6.6,44,6
3502,1,12.25,4.25,6.6,44,6
3502,2,12.75,3.75,6.6,44,6
3502,3,12.25,3.75,6.6,44,6
3503,0,12.75,4.25,9.9,44,6
3503,1,12.25,4.25,9.9,44,6
3503,2,12.75,3.75,9.9,44,6
3503,3,12.25,3.75,9.9,44,6
3504,0,12.75,4.75,0,44,6
3504,1,12.25,4.75,0,44,6
3504,2,12.75,4.25,0,44,6
3504,3,12.25,4.25,0,44,6
3505,0,12.75,4.75,3.3,44,6
3505,1,12.25,4.75,3.3,44,6
3505,2,12.75,4.25,3.3,44,6
3505,3,12.25,4.25,3.3,44,6
3506,0,12.75,4.75,6.6,44,6
3506,1,12.25,4.75,6.6,44,6
3506,2,12.75,4.25,6.6,44,6
3506,3,12.25,4.25,6.6,44,6
3507,0,12.75,4.75,9.9,44,6
3507,1,12.25,4.75,9.9,44,6
3507,2,12.75,4.25,9.9,44,6
3507,3,12.25,4.25,9.9,44,6
3508,0,12.75,5.25,0,44,6
3508,1,12.25,5.25,0,44,6
3508,2,12.75,4.75,0,44,6
3508,3,12.25,4.75,0,44,6
3509,0,12.75,5.25,3.3,44,6
3509,1,12.25,5.25,3.3,44,6
3509,2,12.75,4.75,3.3,44,6
3509,3,12.25,4.75,3.3,44,6
3510,0,12.75,5.25,6.6,44,6
3510,1,12.25,5.25,6.6,44,6
3510,2,12.75,4.75,6.6,44,6
3510,3,12.25,4.75,6.6,44,6
3511,0,12.75,5.25,9.9,44,6
3511,1,12.25,5.25,9.9,44,6
3511,2,12.75,4.75,9.9,44,6
3511,3,12.25,4.75,9.9,44,6
3512,0,12.75,5.75,0,44,6
3512,1,12.25,5.75,0,44,6
3512,2,12.75,5.25,0,44,6
3512,3,12.25,5.25,0,44,6
3513,0,12.75,5.75,3.3,44,6
3513,1,12.25,5.75,3.3,44,6
3513,2,12.75,5.25,3.3,44,6
3513,3,12.25,5.25,3.3,44,6
3514,0,12.75,5.75,6.6,44,6
3514,1,12.25,5.75,6.6,44,6
3514,2,12.75,5.25,6.6,44,6
3514,3,12.25,5.25,6.6,44,6
3515,0,12.75,5.75,9.9,44,6
3515,1,12.25,5.75,9.9,44,6
3515,2,12.75,5.25,9.9,44,6
3515,3,12.25,5.25,9.9,44,6
3516,0,12.75,6.25,0,44,6
3516,1,12.25,6.25,0,44,6
3516,2,12.75,5.75,0,44,6
3516,3,12.25,5.75,0,44,6
3517,0,12.75,6.25,3.3,44,6
3517,1,12.25,6.25,3.3,44,6
3517,2,12.75,5.75,3.3,44,6
3517,3,12.25,5.75,3.3,44,6
3518,0,12.75,6.25,6.6,44,6
3518,1,12.25,6.25,6.6,44,6
3518,2,12.75,5.75,6.6,44,6
3518,3,12.25,5.75,6.6,44,6
3519,0,12.75,6.25,9.9,44,6
3519,1,12.25,6.25,9.9,44,6
3519,2,12.75,5.75,9.9,44,6
3519,3,12.25,5.75,9.9,44,6
3520,0,12.75,6.75,0,44,6
3520,1,12.25,6.75,0,44,6
3520,2,12.75,6.25,0,44,6
3520,3,12.25,6.25,0,44,6
3521,0,12.75,6.75,3.3,44,6
3521,1,12.25,6.75,3.3,44,6
3521,2,12.75,6.25,3.3,44,6
3521,3,12.25,6.25,3.3,44,6
3522,0,12.75,6.75,6.6,44,6
3522,1,12.25,6.75,6.6,44,6
3522,2,12.75,6.25,6.6,44,6
3522,3,12.25,6.25,6.6,44,6
3523,0,12.75,6.75,9.9,44,6
3523,1,12.25,6.75,9.9,44,6
3523,2,12.75,6.25,9.9,44,6
3523,3,12.25,6.25,9.9,44,6
3524,0,12.75,6.75,-3.3,44,4
3524,1,12.25,6.75,-3.3,44,4
3524,2,12.75,6.375,-3.3,44,4
3524,3,12.25,6.375,-3.3,44,4
3525,0,12.25,6.75,0,5,3
3525,1,12.75,6.75,0,5,3
3526,0,12.25,6.75,3.3,5,3
3526,1,12.75,6.75,3.3,5,3
3527,0,12.25,6.75,6.6,5,3
3527,1,12.75,6.75,6.6,5,3
3528,0,12.25,6.75,9.9,5,3
3528,1,12.75,6.75,9.9,5,3
3529,0,12.75,7.125,-3.3,44,4
3529,1,12.25,7.125,-3.3,44,4
3529,2,12.75,6.75,-3.3,44,4
3529,3,12.25,6.75,-3.3,44,4
3530,0,12.75,7.25,0,44,6
3530,1,12.25,7.25,0,44,6
3530,2,12.75,6.75,0,44,6
3530,3,12.25,6.75,0,44,6
3531,0,12.75,7.25,3.3,44,6
3531,1,12.25,7.25,3.3,44,6
3531,2,12.75,6.75,3.3,44,6
3531,3,12.25,6.75,3.3,44,6
3532,0,12.75,7.25,6.6,44,6
3532,1,12.25,7.25,6.6,44,6
3532,2,12.75,6.75,6.6,44,6
3532,3,12.25,6.75,6.6,44,6
3533,0,12.75,7.25,9.9,44,6
3533,1,12.25,7.25,9.9,44,6
3533,2,12.75,6.75,9.9,44,6
3533,3,12.25,6.75,9.9,44,6
3534,0,12.75,7.75,0,44,6
3534,1,12.25,7.75,0,44,6
3534,2,12.75,7.25,0,44,6
3534,3,12.25,7.25,0,44,6
3535,0,12.75,7.75,3.3,44,6
3535,1,12.25,7.75,3.3,44,6
3535,2,12.75,7.25,3.3,44,6
3535,3,12.25,7.25,3.3,44,6
3536,0,12.75,7.75,6.6,44,6
3536,1,12.25,7.75,6.6,44,6
3536,2,12.75,7.25,6.6,44,6
3536,3,12.25,7.25,6.6,44,6
3537,0,12.75,7.75,9.9,44,6
3537,1,12.25,7.75,9.9,44,6
3537,2,12.75,7.25,9.9,44,6
3537,3,12.25,7.25,9.9,44,6
3538,0,12.75,8.25,0,44,6
3538,1,12.25,8.25,0,44,6
3538,2,12.75,7.75,0,44,6
3538,3,12.25,7.75,0,44,6
3539,0,12.75,8.25,3.3,44,6
3539,1,12.25,8.25,3.3,44,6
3539,2,12.75,7.75,3.3,44,6
3539,3,12.25,7.75,3.3,44,6
3540,0,12.75,8.25,6.6,44,6
3540,1,12.25,8.25,6.6,44,6
3540,2,12.75,7.75,6.6,44,6
3540,3,12.25,7.75,6.6,44,6
3541,0,12.75,8.25,9.9,44,6
3541,1,12.25,8.25,9.9,44,6
3541,2,12.75,7.75,9.9,44,6
3541,3,12.25,7.75,9.9,44,6
3542,0,12.75,8.75,0,44,6
3542,1,12.25,8.75,0,44,6
3542,2,12.75,8.25,0,44,6
3542,3,12.25,8.25,0,44,6
3543,0,12.75,8.75,3.3,44,6
3543,1,12.25,8.75,3.3,44,6
3543,2,12.75,8.25,3.3,44,6
3543,3,12.25,8.25,3.3,44,6
3544,0,12.75,8.75,6.6,44,6
3544,1,12.25,8.75,6.6,44,6
3544,2,12.75,8.25,6.6,44,6
3544,3,12.25,8.25,6.6,44,6
3545,0,12.75,8.75,9.9,44,6
3545,1,12.25,8.75,9.9,44,6
3545,2,12.75,8.25,9.9,44,6
3545,3,12.25,8.25,9.9,44,6
3546,0,12.75,9.25,0,44,6
3546,1,12.25,9.25,0,44,6
3546,2,12.75,8.75,0,44,6
3546,3,12.25,8.75,0,44,6
3547,0,12.75,9.25,3.3,44,6
3547,1,12.25,9.25,3.3,44,6
3547,2,12.75,8.75,3.3,44,6
3547,3,12.25,8.75,3.3,44,6
3548,0,12.75,9.25,6.6,44,6
3548,1,12.25,9.25,6.6,44,6
3548,2,12.75,8.75,6.6,44,6
3548,3,12.25,8.75,6.6,44,6
3549,0,12.75,9.25,9.9,44,6
3549,1,12.25,9.25,9.9,44,6
3549,2,12.75,8.75,9.9,44,6
3549,3,12.25,8.75,9.9,44,6
3550,0,12.75,9.75,0,44,6
3550,1,12.25,9.75,0,44,6
3550,2,12.75,9.25,0,44,6
3550,3,12.25,9.25,0,44,6
3551,0,12.75,9.75,3.3,44,6
3551,1,12.25,9.75,3.3,44,6
3551,2,12.75,9.25,3.3,44,6
3551,3,12.25,9.25,3.3,44,6
3552,0,12.75,9.75,6.6,44,6
3552,1,12.25,9.75,6.6,44,6
3552,2,12.75,9.25,6.6,44,6
3552,3,12.25,9.25,6.6,44,6
3553,0,12.75,9.75,9.9,44,6
3553,1,12.25,9.75,9.9,44,6
3553,2,12.75,9.25,9.9,44,6
3553,3,12.25,9.25,9.9,44,6
3554,0,12.75,10.25,0,44,6
3554,1,12.25,10.25,0,44,6
3554,2,12.75,9.75,0,44,6
3554,3,12.25,9.75,0,44,6
3555,0,12.75,10.25,3.3,44,6
3555,1,12.25,10.25,3.3,44,6
3555,2,12.75,9.75,3.3,44,6
3555,3,12.25,9.75,3.3,44,6
3556,0,12.75,10.25,6.6,44,6
3556,1,12.25,10.25,6.6,44,6
3556,2,12.75,9.75,6.6,44,6
3556,3,12.25,9.75,6.6,44,6
3557,0,12.75,10.25,9.9,44,6
3557,1,12.25,10.25,9.9,44,6
3557,2,12.75,9.75,9.9,44,6
3557,3,12.25,9.75,9.9,44,6
3558,0,12.75,10.75,0,44,6
3558,1,12.25,10.75,0,44,6
3558,2,12.75,10.25,0,44,6
3558,3,12.25,10.25,0,44,6
3559,0,12.75,10.75,3.3,44,6
3559,1,12.25,10.75,3.3,44,6
3559,2,12.75,10.25,3.3,44,6
3559,3,12.25,10.25,3.3,44,6
3560,0,12.75,10.75,6.6,44,6
3560,1,12.25,10.75,6.6,44,6
3560,2,12.75,10.25,6.6,44,6
3560,3,12.25,10.25,6.6,44,6
3561,0,12.75,10.75,9.9,44,6
3561,1,12.25,10.75,9.9,44,6
3561,2,12.75,10.25,9.9,44,6
3561,3,12.25,10.25,9.9,44,6
3562,0,12.75,11.25,0,44,6
3562,1,12.25,11.25,0,44,6
3562,2,12.75,10.75,0,44,6
3562,3,12.25,10.75,0,44,6
3563,0,12.75,11.25,3.3,44,6
3563,1,12.25,11.25,3.3,44,6
3563,2,12.75,10.75,3.3,44,6
3563,3,12.25,10.75,3.3,44,6
3564,0,12.75,11.25,6.6,44,6
3564,1,12.25,11.25,6.6,44,6
3564,2,12.75,10.75,6.6,44,6
3564,3,12.25,10.75,6.6,44,6
3565,0,12.75,11.25,9.9,44,6
3565,1,12.25,11.25,9.9,44,6
3565,2,12.75,10.75,9.9,44,6
3565,3,12.25,10.75,9.9,44,6
3566,0,12.75,11.75,0,44,6
3566,1,12.25,11.75,0,44,6
3566,2,12.75,11.25,0,44,6
3566,3,12.25,11.25,0,44,6
3567,0,12.75,11.75,3.3,44,6
3567,1,12.25,11.75,3.3,44,6
3567,2,12.75,11.25,3.3,44,6
3567,3,12.25,11.25,3.3,44,6
3568,0,12.75,11.75,6.6,44,6
3568,1,12.25,11.75,6.6,44,6
3568,2,12.75,11.25,6.6,44,6
3568,3,12.25,11.25,6.6,44,6
3569,0,12.75,11.75,9.9,44,6
3569,1,12.25,11.75,9.9,44,6
3569,2,12.75,11.25,9.9,44,6
3569,3,12.25,11.25,9.9,44,6
3570,0,12.75,12.25,0,44,6
3570,1,12.25,12.25,0,44,6
3570,2,12.75,11.75,0,44,6
3570,3,12.25,11.75,0,44,6
3571,0,12.75,12.25,3.3,44,6
3571,1,12.25,12.25,3.3,44,6
3571,2,12.75,11.75,3.3,44,6
3571,3,12.25,11.75,3.3,44,6
3572,0,12.75,12.25,6.6,44,6
3572,1,12.25,12.25,6.6,44,6
3572,2,12.75,11.75,6.6,44,6
3572,3,12.25,11.75,6.6,44,6
3573,0,12.75,12.25,9.9,44,6
3573,1,12.25,12.25,9.9,44,6
3573,2,12.75,11.75,9.9,44,6
3573,3,12.25,11.75,9.9,44,6
3574,0,12.75,12.75,0,44,6
3574,1,12.25,12.75,0,44,6
3574,2,12.75,12.25,0,44,6
3574,3,12.25,12.25,0,44,6
3575,0,12.75,12.75,3.3,44,6
3575,1,12.25,12.75,3.3,44,6
3575,2,12.75,12.25,3.3,44,6
3575,3,12.25,12.25,3.3,44,6
3576,0,12.75,12.75,6.6,44,6
3576,1,12.25,12.75,6.6,44,6
3576,2,12.75,12.25,6.6,44,6
3576,3,12.25,12.25,6.6,44,6
3577,0,12.75,12.75,9.9,44,6
3577,1,12.25,12.75,9.9,44,6
3577,2,12.75,12.25,9.9,44,6
3577,3,12.25,12.25,9.9,44,6
3578,0,12.75,12.75,-3.3,44,4
3578,1,12.25,12.75,-3.3,44,4
3578,2,12.75,12.375,-3.3,44,4
3578,3,12.25,12.375,-3.3,44,4
3579,0,12.75,12.75,-2.75,44,7
3579,1,12.75,12.75,-3.3,44,7
3579,2,12.25,12.75,-2.75,44,7
3579,3,12.25,12.75,-3.3,44,7
3580,0,12.75,12.75,-2.2,44,7
3580,1,12.75,12.75,-2.75,44,7
3580,2,12.25,12.75,-2.2,44,7
3580,3,12.25,12.75,-2.75,44,7
3581,0,12.75,12.75,-1.65,44,7
3581,1,12.75,12.75,-2.2,44,7
3581,2,12.25,12.75,-1.65,44,7
3581,3,12.25,12.75,-2.2,44,7
3582,0,12.75,12.75,-1.1,44,7
3582,1,12.75,12.75,-1.65,44,7
3582,2,12.25,12.75,-1.1,44,7
3582,3,12.25,12.75,-1.65,44,7
3583,0,12.75,12.75,-0.55,44,7
3583,1,12.75,12.75,-1.1,44,7
3583,2,12.25,12.75,-0.55,44,7
3583,3,12.25,12.75,-1.1,44,7
3584,0,12.75,12.75,0,44,7
3584,1,12.75,12.75,-0.55,44,7
3584,2,12.25,12.75,0,44,7
3584,3,12.25,12.75,-0.55,44,7
3585,0,12.25,12.75,0,5,3
3585,1,12.75,12.75,0,5,3
3586,0,12.25,12.75,3.3,5,3
3586,1,12.75,12.75,3.3,5,3
3587,0,12.25,12.75,6.6,5,3
3587,1,12.75,12.75,6.6,5,3
3588,0,12.25,12.75,9.9,5,3
3588,1,12.75,12.75,9.9,5,3
3589,0,12.75,13.125,-3.3,44,4
3589,1,12.25,13.125,-3.3,44,4
3589,2,12.75,12.75,-3.3,44,4
3589,3,12.25,12.75,-3.3,44,4
3590,0,13.25,0.75,-3.3,44,4
3590,1,12.75,0.75,-3.3,44,4
3590,2,13.25,0.375,-3.3,44,4
3590,3,12.75,0.375,-3.3,44,4
3591,0,13.25,0.75,-2.75,44,7
3591,1,13.25,0.75,-3.3,44,7
3591,2,12.75,0.75,-2.75,44,7
3591,3,12.75,0.75,-3.3,44,7
3592,0,13.25,0.75,-2.2,44,7
3592,1,13.25,0.75,-2.75,44,7
3592,2,12.75,0.75,-2.2,44,7
3592,3,12.75,0.75,-2.75,44,7
3593,0,13.25,0.75,-1.65,44,7
3593,1,13.25,0.75,-2.2,44,7
3593,2,12.75,0.75,-1.65,44,7
3593,3,12.75,0.75,-2.2,44,7
3594,0,13.25,0.75,-1.1,44,7
3594,1,13.25,0.75,-1.65,44,7
3594,2,12.75,0.75,-1.1,44,7
3594,3,12.75,0.75,-1.65,44,7
3595,0,13.25,0.75,-0.55,44,7
3595,1,13.25,0.75,-1.1,44,7
3595,2,12.75,0.75,-0.55,44,7
3595,3,12.75,0.75,-1.1,44,7
3596,0,13.25,0.75,0,44,7
3596,1,13.25,0.75,-0.55,44,7
3596,2,12.75,0.75,0,44,7
3596,3,12.75,0.75,-0.55,44,7
3597,0,12.75,0.75,0,5,3
3597,1,13.25,0.75,0,5,3
3598,0,12.75,0.75,3.3,5,3
3598,1,13.25,0.75,3.3,5,3
3599,0,12.75,0.75,6.6,5,3
3599,1,13.25,0.75,6.6,5,3
3600,0,12.75,0.75,9.9,5,3
3600,1,13.25,0.75,9.9,5,3
3601,0,13.25,1.125,-3.3,44,4
3601,1,12.75,1.125,-3.3,44,4
3601,2,13.25,0.75,-3.3,44,4
3601,3,12.75,0.75,-3.3,44,4
3602,0,13.25,1.25,0,44,6
3602,1,12.75,1.25,0,44,6
3602,2,13.25,0.75,0,44,6
3602,3,12.75,0.75,0,44,6
3603,0,13.25,1.25,3.3,44,6
3603,1,12.75,1.25,3.3,44,6
3603,2,13.25,0.75,3.3,44,6
3603,3,12.75,0.75,3.3,44,6
3604,0,13.25,1.25,6.6,44,6
3604,1,12.75,1.25,6.6,44,6
3604,2,13.25,0.75,6.6,44,6
3604,3,12.75,0.75,6.6,44,6
3605,0,13.25,1.25,9.9,44,6
3605,1,12.75,1.25,9.9,44,6
3605,2,13.25,0.75,9.9,44,6
3605,3,12.75,0.75,9.9,44,6
3606,0,13.25,1.75,0,44,6
3606,1,12.75,1.75,0,44,6
3606,2,13.25,1.25,0,44,6
3606,3,12.75,1.25,0,44,6
3607,0,13.25,1.75,3.3,44,6
3607,1,12.75,1.75,3.3,44,6
3607,2,13.25,1.25,3.3,44,6
3607,3,12.75,1.25,3.3,44,6
3608,0,13.25,1.75,6.6,44,6
3608,1,12.75,1.75,6.6,44,6
3608,2,13.25,1.25,6.6,44,6
3608,3,12.75,1.25,6.6,44,6
3609,0,13.25,1.75,9.9,44,6
3609,1,12.75,1.75,9.9,44,6
3609,2,13.25,1.25,9.9,44,6
3609,3,12.75,1.25,9.9,44,6
3610,0,13.25,2.25,0,44,6
3610,1,12.75,2.25,0,44,6
3610,2,13.25,1.75,0,44,6
3610,3,12.75,1.75,0,44,6
3611,0,13.25,2.25,3.3,44,6
3611,1,12.75,2.25,3.3,44,6
3611,2,13.25,1.75,3.3,44,6
3611,3,12.75,1.75,3.3,44,6
3612,0,13.25,2.25,6.6,44,6
3612,1,12.75,2.25,6.6,44,6
3612,2,13.25,1.75,6.6,44,6
3612,3,12.75,1.75,6.6,44,6
3613,0,13.25,2.25,9.9,44,6
3613,1,12.75,2.25,9.9,44,6
3613,2,13.25,1.75,9.9,44,6
3613,3,12.75,1.75,9.9,44,6
3614,0,13.25,2.75,0,44,6
3614,1,12.75,2.75,0,44,6
3614,2,13.25,2.25,0,44,6
3614,3,12.75,2.25,0,44,6
3615,0,13.25,2.75,3.3,44,6
3615,1,12.75,2.75,3.3,44,6
3615,2,13.25,2.25,3.3,44,6
3615,3,12.75,2.25,3.3,44,6
3616,0,13.25,2.75,6.6,44,6
3616,1,12.75,2.75,6.6,44,6
3616,2,13.25,2.25,6.6,44,6
3616,3,12.75,2.25,6.6,44,6
3617,0,13.25,2.75,9.9,44,6
3617,1,12.75,2.75,9.9,44,6
3617,2,13.25,2.25,9.9,44,6
3617,3,12.75,2.25,9.9,44,6
3618,0,13.25,3.25,0,44,6
3618,1,12.75,3.25,0,44,6
3618,2,13.25,2.75,0,44,6
3618,3,12.75,2.75,0,44,6
3619,0,13.25,3.25,3.3,44,6
3619,1,12.75,3.25,3.3,44,6
3619,2,13.25,2.75,3.3,44,6
3619,3,12.75,2.75,3.3,44,6
3620,0,13.25,3.25,6.6,44,6
3620,1,12.75,3.25,6.6,44,6
3620,2,13.25,2.75,6.6,44,6
3620,3,12.75,2.75,6.6,44,6
3621,0,13.25,3.25,9.9,44,6
3621,1,12.75,3.25,9.9,44,6
3621,2,13.25,2.75,9.9,44,6
3621,3,12.75,2.75,9.9,44,6
3622,0,13.25,3.75,0,44,6
3622,1,12.75,3.75,0,44,6
3622,2,13.25,3.25,0,44,6
3622,3,12.75,3.25,0,44,6
3623,0,13.25,3.75,3.3,44,6
3623,1,12.75,3.75,3.3,44,6
3623,2,13.25,3.25,3.3,44,6
3623,3,12.75,3.25,3.3,44,6
3624,0,13.25,3.75,6.6,44,6
3624,1,12.75,3.75,6.6,44,6
3624,2,13.25,3.25,6.6,44,6
3624,3,12.75,3.25,6.6,44,6
3625,0,13.25,3.75,9.9,44,6
3625,1,12.75,3.75,9.9,44,6
3625,2,13.25,3.25,9.9,44,6
3625,3,12.75,3.25,9.9,44,6
3626,0,13.25,4.25,0,44,6
3626,1,12.75,4.25,0,44,6
3626,2,13.25,3.75,0,44,6
3626,3,12.75,3.75,0,44,6
3627,0,13.25,4.25,3.3,44,6
3627,1,12.75,4.25,3.3,44,6
3627,2,13.25,3.75,3.3,44,6
3627,3,12.75,3.75,3.3,44,6
3628,0,13.25,4.25,6.6,44,6
3628,1,12.75,4.25,6.6,44,6
3628,2,13.25,3.75,6.6,44,6
3628,3,12.75,3.75,6.6,44,6
3629,0,13.25,4.25,9.9,44,6
3629,1,12.75,4.25,9.9,44,6
3629,2,13.25,3.75,9.9,44,6
3629,3,12.75,3.75,9.9,44,6
3630,0,13.25,4.75,0,44,6
3630,1,12.75,4.75,0,44,6
3630,2,13.25,4.25,0,44,6
3630,3,12.75,4.25,0,44,6
3631,0,13.25,4.75,3.3,44,6
3631,1,12.75,4.75,3.3,44,6
3631,2,13.25,4.25,3.3,44,6
3631,3,12.75,4.25,3.3,44,6
3632,0,13.25,4.75,6.6,44,6
3632,1,12.75,4.75,6.6,44,6
3632,2,13.25,4.25,6.6,44,6
3632,3,12.75,4.25,6.6,44,6
3633,0,13.25,4.75,9.9,44,6
3633,1,12.75,4.75,9.9,44,6
3633,2,13.25,4.25,9.9,44,6
3633,3,12.75,4.25,9.9,44,6
3634,0,13.25,5.25,0,44,6
3634,1,12.75,5.25,0,44,6
3634,2,13.25,4.75,0,44,6
3634,3,12.75,4.75,0,44,6
3635,0,13.25,5.25,3.3,44,6
3635,1,12.75,5.25,3.3,44,6
3635,2,13.25,4.75,3.3,44,6
3635,3,12.75,4.75,3.3,44,6
3636,0,13.25,5.25,6.6,44,6
3636,1,12.75,5.25,6.6,44,6
3636,2,13.25,4.75,6.6,44,6
3636,3,12.75,4.75,6.6,44,6
3637,0,13.25,5.25,9.9,44,6
3637,1,12.75,5.25,9.9,44,6
3637,2,13.25,4.75,9.9,44,6
3637,3,12.75,4.75,9.9,44,6
3638,0,13.25,5.75,0,44,6
3638,1,12.75,5.75,0,44,6
3638,2,13.25,5.25,0,44,6
3638,3,12.75,5.25,0,44,6
3639,0,13.25,5.75,3.3,44,6
3639,1,12.75,5.75,3.3,44,6
3639,2,13.25,5.25,3.3,44,6
3639,3,12.75,5.25,3.3,44,6
3640,0,13.25,5.75,6.6,44,6
3640,1,12.75,5.75,6.6,44,6
3640,2,13.25,5.25,6.6,44,6
3640,3,12.75,5.25,6.6,44,6
3641,0,13.25,5.75,9.9,44,6
3641,1,12.75,5.75,9.9,44,6
3641,2,13.25,5.25,9.9,44,6
3641,3,12.75,5.25,9.9,44,6
3642,0,13.25,6.25,0,44,6
3642,1,12.75,6.25,0,44,6
3642,2,13.25,5.75,0,44,6
3642,3,12.75,5.75,0,44,6
3643,0,13.25,6.25,3.3,44,6
3643,1,12.75,6.25,3.3,44,6
3643,2,13.25,5.75,3.3,44,6
3643,3,12.75,5.75,3.3,44,6
3644,0,13.25,6.25,6.6,44,6
3644,1,12.75,6.25,6.6,44,6
3644,2,13.25,5.75,6.6,44,6
3644,3,12.75,5.75,6.6,44,6
3645,0,13.25,6.25,9.9,44,6
3645,1,12.75,6.25,9.9,44,6
3645,2,13.25,5.75,9.9,44,6
3645,3,12.75,5.75,9.9,44,6
3646,0,13.25,6.75,0,44,6
3646,1,12.75,6.75,0,44,6
3646,2,13.25,6.25,0,44,6
3646,3,12.75,6.25,0,44,6
3647,0,13.25,6.75,3.3,44,6
3647,1,12.75,6.75,3.3,44,6
3647,2,13.25,6.25,3.3,44,6
3647,3,12.75,6.25,3.3,44,6
3648,0,13.25,6.75,6.6,44,6
3648,1,12.75,6.75,6.6,44,6
3648,2,13.25,6.25,6.6,44,6
3648,3,12.75,6.25,6.6,44,6
3649,0,13.25,6.75,9.9,44,6
3649,1,12.75,6.75,9.9,44,6
3649,2,13.25,6.25,9.9,44,6
3649,3,12.75,6.25,9.9,44,6
3650,0,13.25,6.75,-3.3,44,4
3650,1,12.75,6.75,-3.3,44,4
3650,2,13.25,6.375,-3.3,44,4
3650,3,12.75,6.375,-3.3,44,4
3651,0,12.75,6.75,0,5,3
3651,1,13.25,6.75,0,5,3
3652,0,12.75,6.75,3.3,5,3
3652,1,13.25,6.75,3.3,5,3
3653,0,12.75,6.75,6.6,5,3
3653,1,13.25,6.75,6.6,5,3
3654,0,12.75,6.75,9.9,5,3
3654,1,13.25,6.75,9.9,5,3
3655,0,13.25,7.125,-3.3,44,4
3655,1,12.75,7.125,-3.3,44,4
3655,2,13.25,6.75,-3.3,44,4
3655,3,12.75,6.75,-3.3,44,4
3656,0,13.25,7.25,0,44,6
3656,1,12.75,7.25,0,44,6
3656,2,13.25,6.75,0,44,6
3656,3,12.75,6.75,0,44,6
3657,0,13.25,7.25,3.3,44,6
3657,1,12.75,7.25,3.3,44,6
3657,2,13.25,6.75,3.3,44,6
3657,3,12.75,6.75,3.3,44,6
3658,0,13.25,7.25,6.6,44,6
3658,1,12.75,7.25,6.6,44,6
3658,2,13.25,6.75,6.6,44,6
3658,3,12.75,6.75,6.6,44,6
3659,0,13.25,7.25,9.9,44,6
3659,1,12.75,7.25,9.9,44,6
3659,2,13.25,6.75,9.9,44,6
3659,3,12.75,6.75,9.9,44,6
3660,0,13.25,7.75,0,44,6
3660,1,12.75,7.75,0,44,6
3660,2,13.25,7.25,0,44,6
3660,3,12.75,7.25,0,44,6
3661,0,13.25,7.75,3.3,44,6
3661,1,12.75,7.75,3.3,44,6
3661,2,13.25,7.25,3.3,44,6
3661,3,12.75,7.25,3.3,44,6
3662,0,13.25,7.75,6.6,44,6
3662,1,12.75,7.75,6.6,44,6
3662,2,13.25,7.25,6.6,44,6
3662,3,12.75,7.25,6.6,44,6
3663,0,13.25,7.75,9.9,44,6
3663,1,12.75,7.75,9.9,44,6
3663,2,13.25,7.25,9.9,44,6
3663,3,12.75,7.25,9.9,44,6
3664,0,13.25,8.25,0,44,6
3664,1,12.75,8.25,0,44,6
3664,2,13.25,7.75,0,44,6
3664,3,12.75,7.75,0,44,6
3665,0,13.25,8.25,3.3,44,6
3665,1,12.75,8.25,3.3,44,6
3665,2,13.25,7.75,3.3,44,6
3665,3,12.75,7.75,3.3,44,6
3666,0,13.25,8.25,6.6,44,6
3666,1,12.75,8.25,6.6,44,6
3666,2,13.25,7.75,6.6,44,6
3666,3,12.75,7.75,6.6,44,6
3667,0,13.25,8.25,9.9,44,6
3667,1,12.75,8.25,9.9,44,6
3667,2,13.25,7.75,9.9,44,6
3667,3,12.75,7.75,9.9,44,6
3668,0,13.25,8.75,0,44,6
3668,1,12.75,8.75,0,44,6
3668,2,13.25,8.25,0,44,6
3668,3,12.75,8.25,0,44,6
3669,0,13.25,8.75,3.3,44,6
3669,1,12.75,8.75,3.3,44,6
3669,2,13.25,8.25,3.3,44,6
3669,3,12.75,8.25,3.3,44,6
3670,0,13.25,8.75,6.6,44,6
3670,1,12.75,8.75,6.6,44,6
3670,2,13.25,8.25,6.6,44,6
3670,3,12.75,8.25,6.6,44,6
3671,0,13.25,8.75,9.9,44,6
3671,1,12.75,8.75,9.9,44,6
3671,2,13.25,8.25,9.9,44,6
3671,3,12.75,8.25,9.9,44,6
3672,0,13.25,9.25,0,44,6
3672,1,12.75,9.25,0,44,6
3672,2,13.25,8.75,0,44,6
3672,3,12.75,8.75,0,44,6
3673,0,13.25,9.25,3.3,44,6
3673,1,12.75,9.25,3.3,44,6
3673,2,13.25,8.75,3.3,44,6
3673,3,12.75,8.75,3.3,44,6
3674,0,13.25,9.25,6.6,44,6
3674,1,12.75,9.25,6.6,44,6
3674,2,13.25,8.75,6.6,44,6
3674,3,12.75,8.75,6.6,44,6
3675,0,13.25,9.25,9.9,44,6
3675,1,12.75,9.25,9.9,44,6
3675,2,13.25,8.75,9.9,44,6
3675,3,12.75,8.75,9.9,44,6
3676,0,13.25,9.75,0,44,6
3676,1,12.75,9.75,0,44,6
3676,2,13.25,9.25,0,44,6
3676,3,12.75,9.25,0,44,6
3677,0,13.25,9.75,3.3,44,6
3677,1,12.75,9.75,3.3,44,6
3677,2,13.25,9.25,3.3,44,6
3677,3,12.75,9.25,3.3,44,6
3678,0,13.25,9.75,6.6,44,6
3678,1,12.75,9.75,6.6,44,6
3678,2,13.25,9.25,6.6,44,6
3678,3,12.75,9.25,6.6,44,6
3679,0,13.25,9.75,9.9,44,6
3679,1,12.75,9.75,9.9,44,6
3679,2,13.25,9.25,9.9,44,6
3679,3,12.75,9.25,9.9,44,6
3680,0,13.25,10.25,0,44,6
3680,1,12.75,10.25,0,44,6
3680,2,13.25,9.75,0,44,6
3680,3,12.75,9.75,0,44,6
3681,0,13.25,10.25,3.3,44,6
3681,1,12.75,10.25,3.3,44,6
3681,2,13.25,9.75,3.3,44,6
3681,3,12.75,9.75,3.3,44,6
3682,0,13.25,10.25,6.6,44,6
3682,1,12.75,10.25,6.6,44,6
3682,2,13.25,9.75,6.6,44,6
3682,3,12.75,9.75,6.6,44,6
3683,0,13.25,10.25,9.9,44,6
3683,1,12.75,10.25,9.9,44,6
3683,2,13.25,9.75,9.9,44,6
3683,3,12.75,9.75,9.9,44,6
3684,0,13.25,10.75,0,44,6
3684,1,12.75,10.75,0,44,6
3684,2,13.25,10.25,0,44,6
3684,3,12.75,10.25,0,44,6
3685,0,13.25,10.75,3.3,44,6
3685,1,12.75,10.75,3.3,44,6
3685,2,13.25,10.25,3.3,44,6
3685,3,12.75,10.25,3.3,44,6
3686,0,13.25,10.75,6.6,44,6
3686,1,12.75,10.75,6.6,44,6
3686,2,13.25,10.25,6.6,44,6
3686,3,12.75,10.25,6.6,44,6
3687,0,13.25,10.75,9.9,44,6
3687,1,12.75,10.75,9.9,44,6
3687,2,13.25,10.25,9.9,44,6
3687,3,12.75,10.25,9.9,44,6
3688,0,13.25,11.25,0,44,6
3688,1,12.75,11.25,0,44,6
3688,2,13.25,10.75,0,44,6
3688,3,12.75,10.75,0,44,6
3689,0,13.25,11.25,3.3,44,6
3689,1,12.75,11.25,3.3,44,6
3689,2,13.25,10.75,3.3,44,6
3689,3,12.75,10.75,3.3,44,6
3690,0,13.25,11.25,6.6,44,6
3690,1,12.75,11.25,6.6,44,6
3690,2,13.25,10.75,6.6,44,6
3690,3,12.75,10.75,6.6,44,6
3691,0,13.25,11.25,9.9,44,6
3691,1,12.75,11.25,9.9,44,6
3691,2,13.25,10.75,9.9,44,6
3691,3,12.75,10.75,9.9,44,6
3692,0,13.25,11.75,0,44,6
3692,1,12.75,11.75,0,44,6
3692,2,13.25,11.25,0,44,6
3692,3,12.75,11.25,0,44,6
3693,0,13.25,11.75,3.3,44,6
3693,1,12.75,11.75,3.3,44,6
3693,2,13.25,11.25,3.3,44,6
3693,3,12.75,11.25,3.3,44,6
3694,0,13.25,11.75,6.6,44,6
3694,1,12.75,11.75,6.6,44,6
3694,2,13.25,11.25,6.6,44,6
3694,3,12.75,11.25,6.6,44,6
3695,0,13.25,11.75,9.9,44,6
3695,1,12.75,11.75,9.9,44,6
3695,2,13.25,11.25,9.9,44,6
3695,3,12.75,11.25,9.9,44,6
3696,0,13.25,12.25,0,44,6
3696,1,12.75,12.25,0,44,6
3696,2,13.25,11.75,0,44,6
3696,3,12.75,11.75,0,44,6
3697,0,13.25,12.25,3.3,44,6
3697,1,12.75,12.25,3.3,44,6
3697,2,13.25,11.75,3.3,44,6
3697,3,12.75,11.75,3.3,44,6
3698,0,13.25,12.25,6.6,44,6
3698,1,12.75,12.25,6.6,44,6
3698,2,13.25,11.75,6.6,44,6
3698,3,12.75,11.75,6.6,44,6
3699,0,13.25,12.25,9.9,44,6
3699,1,12.75,12.25,9.9,44,6
3699,2,13.25,11.75,9.9,44,6
3699,3,12.75,11.75,9.9,44,6
3700,0,13.25,12.75,0,44,6
3700,1,12.75,12.75,0,44,6
3700,2,13.25,12.25,0,44,6
3700,3,12.75,12.25,0,44,6
3701,0,13.25,12.75,3.3,44,6
3701,1,12.75,12.75,3.3,44,6
3701,2,13.25,12.25,3.3,44,6
3701,3,12.75,12.25,3.3,44,6
3702,0,13.25,12.75,6.6,44,6
3702,1,12.75,12.75,6.6,44,6
3702,2,13.25,12.25,6.6,44,6
3702,3,12.75,12.25,6.6,44,6
3703,0,13.25,12.75,9.9,44,6
3703,1,12.75,12.75,9.9,44,6
3703,2,13.25,12.25,9.9,44,6
3703,3,12.75,12.25,9.9,44,6
3704,0,13.25,12.75,-3.3,44,4
3704,1,12.75,12.75,-3.3,44,4
3704,2,13.25,12.375,-3.3,44,4
3704,3,12.75,12.375,-3.3,44,4
3705,0,13.25,12.75,-2.75,44,7
3705,1,13.25,12.75,-3.3,44,7
3705,2,12.75,12.75,-2.75,44,7
3705,3,12.75,12.75,-3.3,44,7
3706,0,13.25,12.75,-2.2,44,7
3706,1,13.25,12.75,-2.75,44,7
3706,2,12.75,12.75,-2.2,44,7
3706,3,12.75,12.75,-2.75,44,7
3707,0,13.25,12.75,-1.65,44,7
3707,1,13.25,12.75,-2.2,44,7
3707,2,12.75,12.75,-1.65,44,7
3707,3,12.75,12.75,-2.2,44,7
3708,0,13.25,12.75,-1.1,44,7
3708,1,13.25,12.75,-1.65,44,7
3708,2,12.75,12.75,-1.1,44,7
3708,3,12.75,12.75,-1.65,44,7
3709,0,13.25,12.75,-0.55,44,7
3709,1,13.25,12.75,-1.1,44,7
3709,2,12.75,12.75,-0.55,44,7
3709,3,12.75,12.75,-1.1,44,7
3710,0,13.25,12.75,0,44,7
3710,1,13.25,12.75,-0.55,44,7
3710,2,12.75,12.75,0,44,7
3710,3,12.75,12.75,-0.55,44,7
3711,0,12.75,12.75,0,5,3
3711,1,13.25,12.75,0,5,3
3712,0,12.75,12.75,3.3,5,3
3712,1,13.25,12.75,3.3,5,3
3713,0,12.75,12.75,6.6,5,3
3713,1,13.25,12.75,6.6,5,3
3714,0,12.75,12.75,9.9,5,3
3714,1,13.25,12.75,9.9,5,3
3715,0,13.25,13.125,-3.3,44,4
3715,1,12.75,13.125,-3.3,44,4
3715,2,13.25,12.75,-3.3,44,4
3715,3,12.75,12.75,-3.3,44,4
3716,0,13.75,0.75,-3.3,44,4
3716,1,13.25,0.75,-3.3,44,4
3716,2,13.75,0.375,-3.3,44,4
3716,3,13.25,0.375,-3.3,44,4
3717,0,13.75,0.75,-2.75,44,7
3717,1,13.75,0.75,-3.3,44,7
3717,2,13.25,0.75,-2.75,44,7
3717,3,13.25,0.75,-3.3,44,7
3718,0,13.75,0.75,-2.2,44,7
3718,1,13.75,0.75,-2.75,44,7
3718,2,13.25,0.75,-2.2,44,7
3718,3,13.25,0.75,-2.75,44,7
3719,0,13.75,0.75,-1.65,44,7
3719,1,13.75,0.75,-2.2,44,7
3719,2,13.25,0.75,-1.65,44,7
3719,3,13.25,0.75,-2.2,44,7
3720,0,13.75,0.75,-1.1,44,7
3720,1,13.75,0.75,-1.65,44,7
3720,2,13.25,0.75,-1.1,44,7
3720,3,13.25,0.75,-1.65,44,7
3721,0,13.75,0.75,-0.55,44,7
3721,1,13.75,0.75,-1.1,44,7
3721,2,13.25,0.75,-0.55,44,7
3721,3,13.25,0.75,-1.1,44,7
3722,0,13.75,0.75,0,44,7
3722,1,13.75,0.75,-0.55,44,7
3722,2,13.25,0.75,0,44,7
3722,3,13.25,0.75,-0.55,44,7
3723,0,13.25,0.75,0,5,3
3723,1,13.75,0.75,0,5,3
3724,0,13.25,0.75,3.3,5,3
3724,1,13.75,0.75,3.3,5,3
3725,0,13.25,0.75,6.6,5,3
3725,1,13.75,0.75,6.6,5,3
3726,0,13.25,0.75,9.9,5,3
3726,1,13.75,0.75,9.9,5,3
3727,0,13.75,1.125,-3.3,44,4
3727,1,13.25,1.125,-3.3,44,4
3727,2,13.75,0.75,-3.3,44,4
3727,3,13.25,0.75,-3.3,44,4
3728,0,13.75,1.25,0,44,6
3728,1,13.25,1.25,0,44,6
3728,2,13.75,0.75,0,44,6
3728,3,13.25,0.75,0,44,6
3729,0,13.75,1.25,3.3,44,6
3729,1,13.25,1.25,3.3,44,6
3729,2,13.75,0.75,3.3,44,6
3729,3,13.25,0.75,3.3,44,6
3730,0,13.75,1.25,6.6,44,6
3730,1,13.25,1.25,6.6,44,6
3730,2,13.75,0.75,6.6,44,6
3730,3,13.25,0.75,6.6,44,6
3731,0,13.75,1.25,9.9,44,6
3731,1,13.25,1.25,9.9,44,6
3731,2,13.75,0.75,9.9,44,6
3731,3,13.25,0.75,9.9,44,6
3732,0,13.75,1.75,0,44,6
3732,1,13.25,1.75,0,44,6
3732,2,13.75,1.25,0,44,6
3732,3,13.25,1.25,0,44,6
3733,0,13.75,1.75,3.3,44,6
3733,1,13.25,1.75,3.3,44,6
3733,2,13.75,1.25,3.3,44,6
3733,3,13.25,1.25,3.3,44,6
3734,0,13.75,1.75,6.6,44,6
3734,1,13.25,1.75,6.6,44,6
3734,2,13.75,1.25,6.6,44,6
3734,3,13.25,1.25,6.6,44,6
3735,0,13.75,1.75,9.9,44,6
3735,1,13.25,1.75,9.9,44,6
3735,2,13.75,1.25,9.9,44,6
3735,3,13.25,1.25,9.9,44,6
3736,0,13.75,2.25,0,44,6
3736,1,13.25,2.25,0,44,6
3736,2,13.75,1.75,0,44,6
3736,3,13.25,1.75,0,44,6
3737,0,13.75,2.25,3.3,44,6
3737,1,13.25,2.25,3.3,44,6
3737,2,13.75,1.75,3.3,44,6
3737,3,13.25,1.75,3.3,44,6
3738,0,13.75,2.25,6.6,44,6
3738,1,13.25,2.25,6.6,44,6
3738,2,13.75,1.75,6.6,44,6
3738,3,13.25,1.75,6.6,44,6
3739,0,13.75,2.25,9.9,44,6
3739,1,13.25,2.25,9.9,44,6
3739,2,13.75,1.75,9.9,44,6
3739,3,13.25,1.75,9.9,44,6
3740,0,13.75,2.75,0,44,6
3740,1,13.25,2.75,0,44,6
3740,2,13.75,2.25,0,44,6
3740,3,13.25,2.25,0,44,6
3741,0,13.75,2.75,3.3,44,6
3741,1,13.25,2.75,3.3,44,6
3741,2,13.75,2.25,3.3,44,6
3741,3,13.25,2.25,3.3,44,6
3742,0,13.75,2.75,6.6,44,6
3742,1,13.25,2.75,6.6,44,6
3742,2,13.75,2.25,6.6,44,6
3742,3,13.25,2.25,6.6,44,6
3743,0,13.75,2.75,9.9,44,6
3743,1,13.25,2.75,9.9,44,6
3743,2,13.75,2.25,9.9,44,6
3743,3,13.25,2.25,9.9,44,6
3744,0,13.75,3.25,0,44,6
3744,1,13.25,3.25,0,44,6
3744,2,13.75,2.75,0,44,6
3744,3,13.25,2.75,0,44,6
3745,0,13.75,3.25,3.3,44,6
3745,1,13.25,3.25,3.3,44,6
3745,2,13.75,2.75,3.3,44,6
3745,3,13.25,2.75,3.3,44,6
3746,0,13.75,3.25,6.6,44,6
3746,1,13.25,3.25,6.6,44,6
3746,2,13.75,2.75,6.6,44,6
3746,3,13.25,2.75,6.6,44,6
3747,0,13.75,3.25,9.9,44,6
3747,1,13.25,3.25,9.9,44,6
3747,2,13.75,2.75,9.9,44,6
3747,3,13.25,2.75,9.9,44,6
3748,0,13.75,3.75,0,44,6
3748,1,13.25,3.75,0,44,6
3748,2,13.75,3.25,0,44,6
3748,3,13.25,3.25,0,44,6
3749,0,13.75,3.75,3.3,44,6
3749,1,13.25,3.75,3.3,44,6
3749,2,13.75,3.25,3.3,44,6
3749,3,13.25,3.25,3.3,44,6
3750,0,13.75,3.75,6.6,44,6
3750,1,13.25,3.75,6.6,44,6
3750,2,13.75,3.25,6.6,44,6
3750,3,13.25,3.25,6.6,44,6
3751,0,13.75,3.75,9.9,44,6
3751,1,13.25,3.75,9.9,44,6
3751,2,13.75,3.25,9.9,44,6
3751,3,13.25,3.25,9.9,44,6
3752,0,13.75,4.25,0,44,6
3752,1,13.25,4.25,0,44,6
3752,2,13.75,3.75,0,44,6
3752,3,13.25,3.75,0,44,6
3753,0,13.75,4.25,3.3,44,6
3753,1,13.25,4.25,3.3,44,6
3753,2,13.75,3.75,3.3,44,6
3753,3,13.25,3.75,3.3,44,6
3754,0,13.75,4.25,6.6,44,6
3754,1,13.25,4.25,6.6,44,6
3754,2,13.75,3.75,6.6,44,6
3754,3,13.25,3.75,6.6,44,6
3755,0,13.75,4.25,9.9,44,6
3755,1,13.25,4.25,9.9,44,6
3755,2,13.75,3.75,9.9,44,6
3755,3,13.25,3.75,9.9,44,6
3756,0,13.75,4.75,0,44,6
3756,1,13.25,4.75,0,44,6
3756,2,13.75,4.25,0,44,6
3756,3,13.25,4.25,0,44,6
3757,0,13.75,4.75,3.3,44,6
3757,1,13.25,4.75,3.3,44,6
3757,2,13.75,4.25,3.3,44,6
3757,3,13.25,4.25,3.3,44,6
3758,0,13.75,4.75,6.6,44,6
3758,1,13.25,4.75,6.6,44,6
3758,2,13.75,4.25,6.6,44,6
3758,3,13.25,4.25,6.6,44,6
3759,0,13.75,4.75,9.9,44,6
3759,1,13.25,4.75,9.9,44,6
3759,2,13.75,4.25,9.9,44,6
3759,3,13.25,4.25,9.9,44,6
3760,0,13.75,5.25,0,44,6
3760,1,13.25,5.25,0,44,6
3760,2,13.75,4.75,0,44,6
3760,3,13.25,4.75,0,44,6
3761,0,13.75,5.25,3.3,44,6
3761,1,13.25,5.25,3.3,44,6
3761,2,13.75,4.75,3.3,44,6
3761,3,13.25,4.75,3.3,44,6
3762,0,13.75,5.25,6.6,44,6
3762,1,13.25,5.25,6.6,44,6
3762,2,13.75,4.75,6.6,44,6
3762,3,13.25,4.75,6.6,44,6
3763,0,13.75,5.25,9.9,44,6
3763,1,13.25,5.25,9.9,44,6
3763,2,13.75,4.75,9.9,44,6
3763,3,13.25,4.75,9.9,44,6
3764,0,13.75,5.75,0,44,6
3764,1,13.25,5.75,0,44,6
3764,2,13.75,5.25,0,44,6
3764,3,13.25,5.25,0,44,6
3765,0,13.75,5.75,3.3,44,6
3765,1,13.25,5.75,3.3,44,6
3765,2,13.75,5.25,3.3,44,6
3765,3,13.25,5.25,3.3,44,6
3766,0,13.75,5.75,6.6,44,6
3766,1,13.25,5.75,6.6,44,6
3766,2,13.75,5.25,6.6,44,6
3766,3,13.25,5.25,6.6,44,6
3767,0,13.75,5.75,9.9,44,6
3767,1,13.25,5.75,9.9,44,6
3767,2,13.75,5.25,9.9,44,6
3767,3,13.25,5.25,9.9,44,6
3768,0,13.75,6.25,0,44,6
3768,1,13.25,6.25,0,44,6
3768,2,13.75,5.75,0,44,6
3768,3,13.25,5.75,0,44,6
3769,0,13.75,6.25,3.3,44,6
3769,1,13.25,6.25,3.3,44,6
3769,2,13.75,5.75,3.3,44,6
3769,3,13.25,5.75,3.3,44,6
3770,0,13.75,6.25,6.6,44,6
3770,1,13.25,6.25,6.6,44,6
3770,2,13.75,5.75,6.6,44,6
3770,3,13.25,5.75,6.6,44,6
3771,0,13.75,6.25,9.9,44,6
3771,1,13.25,6.25,9.9,44,6
3771,2,13.75,5.75,9.9,44,6
3771,3,13.25,5.75,9.9,44,6
3772,0,13.75,6.75,0,44,6
3772,1,13.25,6.75,0,44,6
3772,2,13.75,6.25,0,44,6
3772,3,13.25,6.25,0,44,6
3773,0,13.75,6.75,3.3,44,6
3773,1,13.25,6.75,3.3,44,6
3773,2,13.75,6.25,3.3,44,6
3773,3,13.25,6.25,3.3,44,6
3774,0,13.75,6.75,6.6,44,6
3774,1,13.25,6.75,6.6,44,6
3774,2,13.75,6.25,6.6,44,6
3774,3,13.25,6.25,6.6,44,6
3775,0,13.75,6.75,9.9,44,6
3775,1,13.25,6.75,9.9,44,6
3775,2,13.75,6.25,9.9,44,6
3775,3,13.25,6.25,9.9,44,6
3776,0,13.75,6.75,-3.3,44,4
3776,1,13.25,6.75,-3.3,44,4
3776,2,13.75,6.375,-3.3,44,4
3776,3,13.25,6.375,-3.3,44,4
3777,0,13.25,6.75,0,5,3
3777,1,13.75,6.75,0,5,3
3778,0,13.25,6.75,3.3,5,3
3778,1,13.75,6.75,3.3,5,3
3779,0,13.25,6.75,6.6,5,3
3779,1,13.75,6.75,6.6,5,3
3780,0,13.25,6.75,9.9,5,3
3780,1,13.75,6.75,9.9,5,3
3781,0,13.75,7.125,-3.3,44,4
3781,1,13.25,7.125,-3.3,44,4
3781,2,13.75,6.75,-3.3,44,4
3781,3,13.25,6.75,-3.3,44,4
3782,0,13.75,7.25,0,44,6
3782,1,13.25,7.25,0,44,6
3782,2,13.75,6.75,0,44,6
3782,3,13.25,6.75,0,44,6
3783,0,13.75,7.25,3.3,44,6
3783,1,13.25,7.25,3.3,44,6
3783,2,13.75,6.75,3.3,44,6
3783,3,13.25,6.75,3.3,44,6
3784,0,13.75,7.25,6.6,44,6
3784,1,13.25,7.25,6.6,44,6
3784,2,13.75,6.75,6.6,44,6
3784,3,13.25,6.75,6.6,44,6
3785,0,13.75,7.25,9.9,44,6
3785,1,13.25,7.25,9.9,44,6
3785,2,13.75,6.75,9.9,44,6
3785,3,13.25,6.75,9.9,44,6
3786,0,13.75,7.75,0,44,6
3786,1,13.25,7.75,0,44,6
3786,2,13.75,7.25,0,44,6
3786,3,13.25,7.25,0,44,6
3787,0,13.75,7.75,3.3,44,6
3787,1,13.25,7.75,3.3,44,6
3787,2,13.75,7.25,3.3,44,6
3787,3,13.25,7.25,3.3,44,6
3788,0,13.75,7.75,6.6,44,6
3788,1,13.25,7.75,6.6,44,6
3788,2,13.75,7.25,6.6,44,6
3788,3,13.25,7.25,6.6,44,6
3789,0,13.75,7.75,9.9,44,6
3789,1,13.25,7.75,9.9,44,6
3789,2,13.75,7.25,9.9,44,6
3789,3,13.25,7.25,9.9,44,6
3790,0,13.75,8.25,0,44,6
3790,1,13.25,8.25,0,44,6
3790,2,13.75,7.75,0,44,6
3790,3,13.25,7.75,0,44,6
3791,0,13.75,8.25,3.3,44,6
3791,1,13.25,8.25,3.3,44,6
3791,2,13.75,7.75,3.3,44,6
3791,3,13.25,7.75,3.3,44,6
3792,0,13.75,8.25,6.6,44,6
3792,1,13.25,8.25,6.6,44,6
3792,2,13.75,7.75,6.6,44,6
3792,3,13.25,7.75,6.6,44,6
3793,0,13.75,8.25,9.9,44,6
3793,1,13.25,8.25,9.9,44,6
3793,2,13.75,7.75,9.9,44,6
3793,3,13.25,7.75,9.9,44,6
3794,0,13.75,8.75,0,44,6
3794,1,13.25,8.75,0,44,6
3794,2,13.75,8.25,0,44,6
3794,3,13.25,8.25,0,44,6
3795,0,13.75,8.75,3.3,44,6
3795,1,13.25,8.75,3.3,44,6
3795,2,13.75,8.25,3.3,44,6
3795,3,13.25,8.25,3.3,44,6
3796,0,13.75,8.75,6.6,44,6
3796,1,13.25,8.75,6.6,44,6
3796,2,13.75,8.25,6.6,44,6
3796,3,13.25,8.25,6.6,44,6
3797,0,13.75,8.75,9.9,44,6
3797,1,13.25,8.75,9.9,44,6
3797,2,13.75,8.25,9.9,44,6
3797,3,13.25,8.25,9.9,44,6
3798,0,13.75,9.25,0,44,6
3798,1,13.25,9.25,0,44,6
3798,2,13.75,8.75,0,44,6
3798,3,13.25,8.75,0,44,6
3799,0,13.75,9.25,3.3,44,6
3799,1,13.25,9.25,3.3,44,6
3799,2,13.75,8.75,3.3,44,6
3799,3,13.25,8.75,3.3,44,6
3800,0,13.75,9.25,6.6,44,6
3800,1,13.25,9.25,6.6,44,6
3800,2,13.75,8.75,6.6,44,6
3800,3,13.25,8.75,6.6,44,6
3801,0,13.75,9.25,9.9,44,6
3801,1,13.25,9.25,9.9,44,6
3801,2,13.75,8.75,9.9,44,6
3801,3,13.25,8.75,9.9,44,6
3802,0,13.75,9.75,0,44,6
3802,1,13.25,9.75,0,44,6
3802,2,13.75,9.25,0,44,6
3802,3,13.25,9.25,0,44,6
3803,0,13.75,9.75,3.3,44,6
3803,1,13.25,9.75,3.3,44,6
3803,2,13.75,9.25,3.3,44,6
3803,3,13.25,9.25,3.3,44,6
3804,0,13.75,9.75,6.6,44,6
3804,1,13.25,9.75,6.6,44,6
3804,2,13.75,9.25,6.6,44,6
3804,3,13.25,9.25,6.6,44,6
3805,0,13.75,9.75,9.9,44,6
3805,1,13.25,9.75,9.9,44,6
3805,2,13.75,9.25,9.9,44,6
3805,3,13.25,9.25,9.9,44,6
3806,0,13.75,10.25,0,44,6
3806,1,13.25,10.25,0,44,6
3806,2,13.75,9.75,0,44,6
3806,3,13.25,9.75,0,44,6
3807,0,13.75,10.25,3.3,44,6
3807,1,13.25,10.25,3.3,44,6
3807,2,13.75,9.75,3.3,44,6
3807,3,13.25,9.75,3.3,44,6
3808,0,13.75,10.25,6.6,44,6
3808,1,13.25,10.25,6.6,44,6
3808,2,13.75,9.75,6.6,44,6
3808,3,13.25,9.75,6.6,44,6
3809,0,13.75,10.25,9.9,44,6
3809,1,13.25,10.25,9.9,44,6
3809,2,13.75,9.75,9.9,44,6
3809,3,13.25,9.75,9.9,44,6
3810,0,13.75,10.75,0,44,6
3810,1,13.25,10.75,0,44,6
3810,2,13.75,10.25,0,44,6
3810,3,13.25,10.25,0,44,6
3811,0,13.75,10.75,3.3,44,6
3811,1,13.25,10.75,3.3,44,6
3811,2,13.75,10.25,3.3,44,6
3811,3,13.25,10.25,3.3,44,6
3812,0,13.75,10.75,6.6,44,6
3812,1,13.25,10.75,6.6,44,6
3812,2,13.75,10.25,6.6,44,6
3812,3,13.25,10.25,6.6,44,6
3813,0,13.75,10.75,9.9,44,6
3813,1,13.25,10.75,9.9,44,6
3813,2,13.75,10.25,9.9,44,6
3813,3,13.25,10.25,9.9,44,6
3814,0,13.75,11.25,0,44,6
3814,1,13.25,11.25,0,44,6
3814,2,13.75,10.75,0,44,6
3814,3,13.25,10.75,0,44,6
3815,0,13.75,11.25,3.3,44,6
3815,1,13.25,11.25,3.3,44,6
3815,2,13.75,10.75,3.3,44,6
3815,3,13.25,10.75,3.3,44,6
3816,0,13.75,11.25,6.6,44,6
3816,1,13.25,11.25,6.6,44,6
3816,2,13.75,10.75,6.6,44,6
3816,3,13.25,10.75,6.6,44,6
3817,0,13.75,11.25,9.9,44,6
3817,1,13.25,11.25,9.9,44,6
3817,2,13.75,10.75,9.9,44,6
3817,3,13.25,10.75,9.9,44,6
3818,0,13.75,11.75,0,44,6
3818,1,13.25,11.75,0,44,6
3818,2,13.75,11.25,0,44,6
3818,3,13.25,11.25,0,44,6
3819,0,13.75,11.75,3.3,44,6
3819,1,13.25,11.75,3.3,44,6
3819,2,13.75,11.25,3.3,44,6
3819,3,13.25,11.25,3.3,44,6
3820,0,13.75,11.75,6.6,44,6
3820,1,13.25,11.75,6.6,44,6
3820,2,13.75,11.25,6.6,44,6
3820,3,13.25,11.25,6.6,44,6
3821,0,13.75,11.75,9.9,44,6
3821,1,13.25,11.75,9.9,44,6
3821,2,13.75,11.25,9.9,44,6
3821,3,13.25,11.25,9.9,44,6
3822,0,13.75,12.25,0,44,6
3822,1,13.25,12.25,0,44,6
3822,2,13.75,11.75,0,44,6
3822,3,13.25,11.75,0,44,6
3823,0,13.75,12.25,3.3,44,6
3823,1,13.25,12.25,3.3,44,6
3823,2,13.75,11.75,3.3,44,6
3823,3,13.25,11.75,3.3,44,6
3824,0,13.75,12.25,6.6,44,6
3824,1,13.25,12.25,6.6,44,6
3824,2,13.75,11.75,6.6,44,6
3824,3,13.25,11.75,6.6,44,6
3825,0,13.75,12.25,9.9,44,6
3825,1,13.25,12.25,9.9,44,6
3825,2,13.75,11.75,9.9,44,6
3825,3,13.25,11.75,9.9,44,6
3826,0,13.75,12.75,0,44,6
3826,1,13.25,12.75,0,44,6
3826,2,13.75,12.25,0,44,6
3826,3,13.25,12.25,0,44,6
3827,0,13.75,12.75,3.3,44,6
3827,1,13.25,12.75,3.3,44,6
3827,2,13.75,12.25,3.3,44,6
3827,3,13.25,12.25,3.3,44,6
3828,0,13.75,12.75,6.6,44,6
3828,1,13.25,12.75,6.6,44,6
3828,2,13.75,12.25,6.6,44,6
3828,3,13.25,12.25,6.6,44,6
3829,0,13.75,12.75,9.9,44,6
3829,1,13.25,12.75,9.9,44,6
3829,2,13.75,12.25,9.9,44,6
3829,3,13.25,12.25,9.9,44,6
3830,0,13.75,12.75,-3.3,44,4
3830,1,13.25,12.75,-3.3,44,4
3830,2,13.75,12.375,-3.3,44,4
3830,3,13.25,12.375,-3.3,44,4
3831,0,13.75,12.75,-2.75,44,7
3831,1,13.75,12.75,-3.3,44,7
3831,2,13.25,12.75,-2.75,44,7
3831,3,13.25,12.75,-3.3,44,7
3832,0,13.75,12.75,-2.2,44,7
3832,1,13.75,12.75,-2.75,44,7
3832,2,13.25,12.75,-2.2,44,7
3832,3,13.25,12.75,-2.75,44,7
3833,0,13.75,12.75,-1.65,44,7
3833,1,13.75,12.75,-2.2,44,7
3833,2,13.25,12.75,-1.65,44,7
3833,3,13.25,12.75,-2.2,44,7
3834,0,13.75,12.75,-1.1,44,7
3834,1,13.75,12.75,-1.65,44,7
3834,2,13.25,12.75,-1.1,44,7
3834,3,13.25,12.75,-1.65,44,7
3835,0,13.75,12.75,-0.55,44,7
3835,1,13.75,12.75,-1.1,44,7
3835,2,13.25,12.75,-0.55,44,7
3835,3,13.25,12.75,-1.1,44,7
3836,0,13.75,12.75,0,44,7
3836,1,13.75,12.75,-0.55,44,7
3836,2,13.25,12.75,0,44,7
3836,3,13.25,12.75,-0.55,44,7
3837,0,13.25,12.75,0,5,3
3837,1,13.75,12.75,0,5,3
3838,0,13.25,12.75,3.3,5,3
3838,1,13.75,12.75,3.3,5,3
3839,0,13.25,12.75,6.6,5,3
3839,1,13.75,12.75,6.6,5,3
3840,0,13.25,12.75,9.9,5,3
3840,1,13.75,12.75,9.9,5,3
3841,0,13.75,13.125,-3.3,44,4
3841,1,13.25,13.125,-3.3,44,4
3841,2,13.75,12.75,-3.3,44,4
3841,3,13.25,12.75,-3.3,44,4
3842,0,14.25,0.75,-3.3,44,4
3842,1,13.75,0.75,-3.3,44,4
3842,2,14.25,0.375,-3.3,44,4
3842,3,13.75,0.375,-3.3,44,4
3843,0,14.25,0.75,-2.75,44,7
3843,1,14.25,0.75,-3.3,44,7
3843,2,13.75,0.75,-2.75,44,7
3843,3,13.75,0.75,-3.3,44,7
3844,0,14.25,0.75,-2.2,44,7
3844,1,14.25,0.75,-2.75,44,7
3844,2,13.75,0.75,-2.2,44,7
3844,3,13.75,0.75,-2.75,44,7
3845,0,14.25,0.75,-1.65,44,7
3845,1,14.25,0.75,-2.2,44,7
3845,2,13.75,0.75,-1.65,44,7
3845,3,13.75,0.75,-2.2,44,7
3846,0,14.25,0.75,-1.1,44,7
3846,1,14.25,0.75,-1.65,44,7
3846,2,13.75,0.75,-1.1,44,7
3846,3,13.75,0.75,-1.65,44,7
3847,0,14.25,0.75,-0.55,44,7
3847,1,14.25,0.75,-1.1,44,7
3847,2,13.75,0.75,-0.55,44,7
3847,3,13.75,0.75,-1.1,44,7
3848,0,14.25,0.75,0,44,7
3848,1,14.25,0.75,-0.55,44,7
3848,2,13.75,0.75,0,44,7
3848,3,13.75,0.75,-0.55,44,7
3849,0,13.75,0.75,0,5,3
3849,1,14.25,0.75,0,5,3
3850,0,13.75,0.75,3.3,5,3
3850,1,14.25,0.75,3.3,5,3
3851,0,13.75,0.75,6.6,5,3
3851,1,14.25,0.75,6.6,5,3
3852,0,13.75,0.75,9.9,5,3
3852,1,14.25,0.75,9.9,5,3
3853,0,14.25,1.125,-3.3,44,4
3853,1,13.75,1.125,-3.3,44,4
3853,2,14.25,0.75,-3.3,44,4
3853,3,13.75,0.75,-3.3,44,4
3854,0,14.25,1.25,0,44,6
3854,1,13.75,1.25,0,44,6
3854,2,14.25,0.75,0,44,6
3854,3,13.75,0.75,0,44,6
3855,0,14.25,1.25,3.3,44,6
3855,1,13.75,1.25,3.3,44,6
3855,2,14.25,0.75,3.3,44,6
3855,3,13.75,0.75,3.3,44,6
3856,0,14.25,1.25,6.6,44,6
3856,1,13.75,1.25,6.6,44,6
3856,2,14.25,0.75,6.6,44,6
3856,3,13.75,0.75,6.6,44,6
3857,0,14.25,1.25,9.9,44,6
3857,1,13.75,1.25,9.9,44,6
3857,2,14.25,0.75,9.9,44,6
3857,3,13.75,0.75,9.9,44,6
3858,0,14.25,1.75,0,44,6
3858,1,13.75,1.75,0,44,6
3858,2,14.25,1.25,0,44,6
3858,3,13.75,1.25,0,44,6
3859,0,14.25,1.75,3.3,44,6
3859,1,13.75,1.75,3.3,44,6
3859,2,14.25,1.25,3.3,44,6
3859,3,13.75,1.25,3.3,44,6
3860,0,14.25,1.75,6.6,44,6
3860,1,13.75,1.75,6.6,44,6
3860,2,14.25,1.25,6.6,44,6
3860,3,13.75,1.25,6.6,44,6
3861,0,14.25,1.75,9.9,44,6
3861,1,13.75,1.75,9.9,44,6
3861,2,14.25,1.25,9.9,44,6
3861,3,13.75,1.25,9.9,44,6
3862,0,14.25,2.25,0,44,6
3862,1,13.75,2.25,0,44,6
3862,2,14.25,1.75,0,44,6
3862,3,13.75,1.75,0,44,6
3863,0,14.25,2.25,3.3,44,6
3863,1,13.75,2.25,3.3,44,6
3863,2,14.25,1.75,3.3,44,6
3863,3,13.75,1.75,3.3,44,6
3864,0,14.25,2.25,6.6,44,6
3864,1,13.75,2.25,6.6,44,6
3864,2,14.25,1.75,6.6,44,6
3864,3,13.75,1.75,6.6,44,6
3865,0,14.25,2.25,9.9,44,6
3865,1,13.75,2.25,9.9,44,6
3865,2,14.25,1.75,9.9,44,6
3865,3,13.75,1.75,9.9,44,6
3866,0,14.25,2.75,0,44,6
3866,1,13.75,2.75,0,44,6
3866,2,14.25,2.25,0,44,6
3866,3,13.75,2.25,0,44,6
3867,0,14.25,2.75,3.3,44,6
3867,1,13.75,2.75,3.3,44,6
3867,2,14.25,2.25,3.3,44,6
3867,3,13.75,2.25,3.3,44,6
3868,0,14.25,2.75,6.6,44,6
3868,1,13.75,2.75,6.6,44,6
3868,2,14.25,2.25,6.6,44,6
3868,3,13.75,2.25,6.6,44,6
3869,0,14.25,2.75,9.9,44,6
3869,1,13.75,2.75,9.9,44,6
3869,2,14.25,2.25,9.9,44,6
3869,3,13.75,2.25,9.9,44,6
3870,0,14.25,3.25,0,44,6
3870,1,13.75,3.25,0,44,6
3870,2,14.25,2.75,0,44,6
3870,3,13.75,2.75,0,44,6
3871,0,14.25,3.25,3.3,44,6
3871,1,13.75,3.25,3.3,44,6
3871,2,14.25,2.75,3.3,44,6
3871,3,13.75,2.75,3.3,44,6
3872,0,14.25,3.25,6.6,44,6
3872,1,13.75,3.25,6.6,44,6
3872,2,14.25,2.75,6.6,44,6
3872,3,13.75,2.75,6.6,44,6
3873,0,14.25,3.25,9.9,44,6
3873,1,13.75,3.25,9.9,44,6
3873,2,14.25,2.75,9.9,44,6
3873,3,13.75,2.75,9.9,44,6
3874,0,14.25,3.75,0,44,6
3874,1,13.75,3.75,0,44,6
3874,2,14.25,3.25,0,44,6
3874,3,13.75,3.25,0,44,6
3875,0,14.25,3.75,3.3,44,6
3875,1,13.75,3.75,3.3,44,6
3875,2,14.25,3.25,3.3,44,6
3875,3,13.75,3.25,3.3,44,6
3876,0,14.25,3.75,6.6,44,6
3876,1,13.75,3.75,6.6,44,6
3876,2,14.25,3.25,6.6,44,6
3876,3,13.75,3.25,6.6,44,6
3877,0,14.25,3.75,9.9,44,6
3877,1,13.75,3.75,9.9,44,6
3877,2,14.25,3.25,9.9,44,6
3877,3,13.75,3.25,9.9,44,6
3878,0,14.25,4.25,0,44,6
3878,1,13.75,4.25,0,44,6
3878,2,14.25,3.75,0,44,6
3878,3,13.75,3.75,0,44,6
3879,0,14.25,4.25,3.3,44,6
3879,1,13.75,4.25,3.3,44,6
3879,2,14.25,3.75,3.3,44,6
3879,3,13.75,3.75,3.3,44,6
3880,0,14.25,4.25,6.6,44,6
3880,1,13.75,4.25,6.6,44,6
3880,2,14.25,3.75,6.6,44,6
3880,3,13.75,3.75,6.6,44,6
3881,0,14.25,4.25,9.9,44,6
3881,1,13.75,4.25,9.9,44,6
3881,2,14.25,3.75,9.9,44,6
3881,3,13.75,3.75,9.9,44,6
3882,0,14.25,4.75,0,44,6
3882,1,13.75,4.75,0,44,6
3882,2,14.25,4.25,0,44,6
3882,3,13.75,4.25,0,44,6
3883,0,14.25,4.75,3.3,44,6
3883,1,13.75,4.75,3.3,44,6
3883,2,14.25,4.25,3.3,44,6
3883,3,13.75,4.25,3.3,44,6
3884,0,14.25,4.75,6.6,44,6
3884,1,13.75,4.75,6.6,44,6
3884,2,14.25,4.25,6.6,44,6
3884,3,13.75,4.25,6.6,44,6
3885,0,14.25,4.75,9.9,44,6
3885,1,13.75,4.75,9.9,44,6
3885,2,14.25,4.25,9.9,44,6
3885,3,13.75,4.25,9.9,44,6
3886,0,14.25,5.25,0,44,6
3886,1,13.75,5.25,0,44,6
3886,2,14.25,4.75,0,44,6
3886,3,13.75,4.75,0,44,6
3887,0,14.25,5.25,3.3,44,6
3887,1,13.75,5.25,3.3,44,6
3887,2,14.25,4.75,3.3,44,6
3887,3,13.75,4.75,3.3,44,6
3888,0,14.25,5.25,6.6,44,6
3888,1,13.75,5.25,6.6,44,6
3888,2,14.25,4.75,6.6,44,6
3888,3,13.75,4.75,6.6,44,6
3889,0,14.25,5.25,9.9,44,6
3889,1,13.75,5.25,9.9,44,6
3889,2,14.25,4.75,9.9,44,6
3889,3,13.75,4.75,9.9,44,6
3890,0,14.25,5.75,0,44,6
3890,1,13.75,5.75,0,44,6
3890,2,14.25,5.25,0,44,6
3890,3,13.75,5.25,0,44,6
3891,0,14.25,5.75,3.3,44,6
3891,1,13.75,5.75,3.3,44,6
3891,2,14.25,5.25,3.3,44,6
3891,3,13.75,5.25,3.3,44,6
3892,0,14.25,5.75,6.6,44,6
3892,1,13.75,5.75,6.6,44,6
3892,2,14.25,5.25,6.6,44,6
3892,3,13.75,5.25,6.6,44,6
3893,0,14.25,5.75,9.9,44,6
3893,1,13.75,5.75,9.9,44,6
3893,2,14.25,5.25,9.9,44,6
3893,3,13.75,5.25,9.9,44,6
3894,0,14.25,6.25,0,44,6
3894,1,13.75,6.25,0,44,6
3894,2,14.25,5.75,0,44,6
3894,3,13.75,5.75,0,44,6
3895,0,14.25,6.25,3.3,44,6
3895,1,13.75,6.25,3.3,44,6
3895,2,14.25,5.75,3.3,44,6
3895,3,13.75,5.75,3.3,44,6
3896,0,14.25,6.25,6.6,44,6
3896,1,13.75,6.25,6.6,44,6
3896,2,14.25,5.75,6.6,44,6
3896,3,13.75,5.75,6.6,44,6
3897,0,14.25,6.25,9.9,44,6
3897,1,13.75,6.25,9.9,44,6
3897,2,14.25,5.75,9.9,44,6
3897,3,13.75,5.75,9.9,44,6
3898,0,14.25,6.75,0,44,6
3898,1,13.75,6.75,0,44,6
3898,2,14.25,6.25,0,44,6
3898,3,13.75,6.25,0,44,6
3899,0,14.25,6.75,3.3,44,6
3899,1,13.75,6.75,3.3,44,6
3899,2,14.25,6.25,3.3,44,6
3899,3,13.75,6.25,3.3,44,6
3900,0,14.25,6.75,6.6,44,6
3900,1,13.75,6.75,6.6,44,6
3900,2,14.25,6.25,6.6,44,6
3900,3,13.75,6.25,6.6,44,6
3901,0,14.25,6.75,9.9,44,6
3901,1,13.75,6.75,9.9,44,6
3901,2,14.25,6.25,9.9,44,6
3901,3,13.75,6.25,9.9,44,6
3902,0,14.25,6.75,-3.3,44,4
3902,1,13.75,6.75,-3.3,44,4
3902,2,14.25,6.375,-3.3,44,4
3902,3,13.75,6.375,-3.3,44,4
3903,0,13.75,6.75,0,5,3
3903,1,14.25,6.75,0,5,3
3904,0,13.75,6.75,3.3,5,3
3904,1,14.25,6.75,3.3,5,3
3905,0,13.75,6.75,6.6,5,3
3905,1,14.25,6.75,6.6,5,3
3906,0,13.75,6.75,9.9,5,3
3906,1,14.25,6.75,9.9,5,3
3907,0,14.25,7.125,-3.3,44,4
3907,1,13.75,7.125,-3.3,44,4
3907,2,14.25,6.75,-3.3,44,4
3907,3,13.75,6.75,-3.3,44,4
3908,0,14.25,7.25,0,44,6
3908,1,13.75,7.25,0,44,6
3908,2,14.25,6.75,0,44,6
3908,3,13.75,6.75,0,44,6
3909,0,14.25,7.25,3.3,44,6
3909,1,13.75,7.25,3.3,44,6
3909,2,14.25,6.75,3.3,44,6
3909,3,13.75,6.75,3.3,44,6
3910,0,14.25,7.25,6.6,44,6
3910,1,13.75,7.25,6.6,44,6
3910,2,14.25,6.75,6.6,44,6
3910,3,13.75,6.75,6.6,44,6
3911,0,14.25,7.25,9.9,44,6
3911,1,13.75,7.25,9.9,44,6
3911,2,14.25,6.75,9.9,44,6
3911,3,13.75,6.75,9.9,44,6
3912,0,14.25,7.75,0,44,6
3912,1,13.75,7.75,0,44,6
3912,2,14.25,7.25,0,44,6
3912,3,13.75,7.25,0,44,6
3913,0,14.25,7.75,3.3,44,6
3913,1,13.75,7.75,3.3,44,6
3913,2,14.25,7.25,3.3,44,6
3913,3,13.75,7.25,3.3,44,6
3914,0,14.25,7.75,6.6,44,6
3914,1,13.75,7.75,6.6,44,6
3914,2,14.25,7.25,6.6,44,6
3914,3,13.75,7.25,6.6,44,6
3915,0,14.25,7.75,9.9,44,6
3915,1,13.75,7.75,9.9,44,6
3915,2,14.25,7.25,9.9,44,6
3915,3,13.75,7.25,9.9,44,6
3916,0,14.25,8.25,0,44,6
3916,1,13.75,8.25,0,44,6
3916,2,14.25,7.75,0,44,6
3916,3,13.75,7.75,0,44,6
3917,0,14.25,8.25,3.3,44,6
3917,1,13.75,8.25,3.3,44,6
3917,2,14.25,7.75,3.3,44,6
3917,3,13.75,7.75,3.3,44,6
3918,0,14.25,8.25,6.6,44,6
3918,1,13.75,8.25,6.6,44,6
3918,2,14.25,7.75,6.6,44,6
3918,3,13.75,7.75,6.6,44,6
3919,0,14.25,8.25,9.9,44,6
3919,1,13.75,8.25,9.9,44,6
3919,2,14.25,7.75,9.9,44,6
3919,3,13.75,7.75,9.9,44,6
3920,0,14.25,8.75,0,44,6
3920,1,13.75,8.75,0,44,6
3920,2,14.25,8.25,0,44,6
3920,3,13.75,8.25,0,44,6
3921,0,14.25,8.75,3.3,44,6
3921,1,13.75,8.75,3.3,44,6
3921,2,14.25,8.25,3.3,44,6
3921,3,13.75,8.25,3.3,44,6
3922,0,14.25,8.75,6.6,44,6
3922,1,13.75,8.75,6.6,44,6
3922,2,14.25,8.25,6.6,44,6
3922,3,13.75,8.25,6.6,44,6
3923,0,14.25,8.75,9.9,44,6
3923,1,13.75,8.75,9.9,44,6
3923,2,14.25,8.25,9.9,44,6
3923,3,13.75,8.25,9.9,44,6
3924,0,14.25,9.25,0,44,6
3924,1,13.75,9.25,0,44,6
3924,2,14.25,8.75,0,44,6
3924,3,13.75,8.75,0,44,6
3925,0,14.25,9.25,3.3,44,6
3925,1,13.75,9.25,3.3,44,6
3925,2,14.25,8.75,3.3,44,6
3925,3,13.75,8.75,3.3,44,6
3926,0,14.25,9.25,6.6,44,6
3926,1,13.75,9.25,6.6,44,6
3926,2,14.25,8.75,6.6,44,6
3926,3,13.75,8.75,6.6,44,6
3927,0,14.25,9.25,9.9,44,6
3927,1,13.75,9.25,9.9,44,6
3927,2,14.25,8.75,9.9,44,6
3927,3,13.75,8.75,9.9,44,6
3928,0,14.25,9.75,0,44,6
3928,1,13.75,9.75,0,44,6
3928,2,14.25,9.25,0,44,6
3928,3,13.75,9.25,0,44,6
3929,0,14.25,9.75,3.3,44,6
3929,1,13.75,9.75,3.3,44,6
3929,2,14.25,9.25,3.3,44,6
3929,3,13.75,9.25,3.3,44,6
3930,0,14.25,9.75,6.6,44,6
3930,1,13.75,9.75,6.6,44,6
3930,2,14.25,9.25,6.6,44,6
3930,3,13.75,9.25,6.6,44,6
3931,0,14.25,9.75,9.9,44,6
3931,1,13.75,9.75,9.9,44,6
3931,2,14.25,9.25,9.9,44,6
3931,3,13.75,9.25,9.9,44,6
3932,0,14.25,10.25,0,44,6
3932,1,13.75,10.25,0,44,6
3932,2,14.25,9.75,0,44,6
3932,3,13.75,9.75,0,44,6
3933,0,14.25,10.25,3.3,44,6
3933,1,13.75,10.25,3.3,44,6
3933,2,14.25,9.75,3.3,44,6
3933,3,13.75,9.75,3.3,44,6
3934,0,14.25,10.25,6.6,44,6
3934,1,13.75,10.25,6.6,44,6
3934,2,14.25,9.75,6.6,44,6
3934,3,13.75,9.75,6.6,44,6
3935,0,14.25,10.25,9.9,44,6
3935,1,13.75,10.25,9.9,44,6
3935,2,14.25,9.75,9.9,44,6
3935,3,13.75,9.75,9.9,44,6
3936,0,14.25,10.75,0,44,6
3936,1,13.75,10.75,0,44,6
3936,2,14.25,10.25,0,44,6
3936,3,13.75,10.25,0,44,6
3937,0,14.25,10.75,3.3,44,6
3937,1,13.75,10.75,3.3,44,6
3937,2,14.25,10.25,3.3,44,6
3937,3,13.75,10.25,3.3,44,6
3938,0,14.25,10.75,6.6,44,6
3938,1,13.75,10.75,6.6,44,6
3938,2,14.25,10.25,6.6,44,6
3938,3,13.75,10.25,6.6,44,6
3939,0,14.25,10.75,9.9,44,6
3939,1,13.75,10.75,9.9,44,6
3939,2,14.25,10.25,9.9,44,6
3939,3,13.75,10.25,9.9,44,6
3940,0,14.25,11.25,0,44,6
3940,1,13.75,11.25,0,44,6
3940,2,14.25,10.75,0,44,6
3940,3,13.75,10.75,0,44,6
3941,0,14.25,11.25,3.3,44,6
3941,1,13.75,11.25,3.3,44,6
3941,2,14.25,10.75,3.3,44,6
3941,3,13.75,10.75,3.3,44,6
3942,0,14.25,11.25,6.6,44,6
3942,1,13.75,11.25,6.6,44,6
3942,2,14.25,10.75,6.6,44,6
3942,3,13.75,10.75,6.6,44,6
3943,0,14.25,11.25,9.9,44,6
3943,1,13.75,11.25,9.9,44,6
3943,2,14.25,10.75,9.9,44,6
3943,3,13.75,10.75,9.9,44,6
3944,0,14.25,11.75,0,44,6
3944,1,13.75,11.75,0,44,6
3944,2,14.25,11.25,0,44,6
3944,3,13.75,11.25,0,44,6
3945,0,14.25,11.75,3.3,44,6
3945,1,13.75,11.75,3.3,44,6
3945,2,14.25,11.25,3.3,44,6
3945,3,13.75,11.25,3.3,44,6
3946,0,14.25,11.75,6.6,44,6
3946,1,13.75,11.75,6.6,44,6
3946,2,14.25,11.25,6.6,44,6
3946,3,13.75,11.25,6.6,44,6
3947,0,14.25,11.75,9.9,44,6
3947,1,13.75,11.75,9.9,44,6
3947,2,14.25,11.25,9.9,44,6
3947,3,13.75,11.25,9.9,44,6
3948,0,14.25,12.25,0,44,6
3948,1,13.75,12.25,0,44,6
3948,2,14.25,11.75,0,44,6
3948,3,13.75,11.75,0,44,6
3949,0,14.25,12.25,3.3,44,6
3949,1,13.75,12.25,3.3,44,6
3949,2,14.25,11.75,3.3,44,6
3949,3,13.75,11.75,3.3,44,6
3950,0,14.25,12.25,6.6,44,6
3950,1,13.75,12.25,6.6,44,6
3950,2,14.25,11.75,6.6,44,6
3950,3,13.75,11.75,6.6,44,6
3951,0,14.25,12.25,9.9,44,6
3951,1,13.75,12.25,9.9,44,6
3951,2,14.25,11.75,9.9,44,6
3951,3,13.75,11.75,9.9,44,6
3952,0,14.25,12.75,0,44,6
3952,1,13.75,12.75,0,44,6
3952,2,14.25,12.25,0,44,6
3952,3,13.75,12.25,0,44,6
3953,0,14.25,12.75,3.3,44,6
3953,1,13.75,12.75,3.3,44,6
3953,2,14.25,12.25,3.3,44,6
3953,3,13.75,12.25,3.3,44,6
3954,0,14.25,12.75,6.6,44,6
3954,1,13.75,12.75,6.6,44,6
3954,2,14.25,12.25,6.6,44,6
3954,3,13.75,12.25,6.6,44,6
3955,0,14.25,12.75,9.9,44,6
3955,1,13.75,12.75,9.9,44,6
3955,2,14.25,12.25,9.9,44,6
3955,3,13.75,12.25,9.9,44,6
3956,0,14.25,12.75,-3.3,44,4
3956,1,13.75,12.75,-3.3,44,4
3956,2,14.25,12.375,-3.3,44,4
3956,3,13.75,12.375,-3.3,44,4
3957,0,14.25,12.75,-2.75,44,7
3957,1,14.25,12.75,-3.3,44,7
3957,2,13.75,12.75,-2.75,44,7
3957,3,13.75,12.75,-3.3,44,7
3958,0,14.25,12.75,-2.2,44,7
3958,1,14.25,12.75,-2.75,44,7
3958,2,13.75,12.75,-2.2,44,7
3958,3,13.75,12.75,-2.75,44,7
3959,0,14.25,12.75,-1.65,44,7
3959,1,14.25,12.75,-2.2,44,7
3959,2,13.75,12.75,-1.65,44,7
3959,3,13.75,12.75,-2.2,44,7
3960,0,14.25,12.75,-1.1,44,7
3960,1,14.25,12.75,-1.65,44,7
3960,2,13.75,12.75,-1.1,44,7
3960,3,13.75,12.75,-1.65,44,7
3961,0,14.25,12.75,-0.55,44,7
3961,1,14.25,12.75,-1.1,44,7
3961,2,13.75,12.75,-0.55,44,7
3961,3,13.75,12.75,-1.1,44,7
3962,0,14.25,12.75,0,44,7
3962,1,14.25,12.75,-0.55,44,7
3962,2,13.75,12.75,0,44,7
3962,3,13.75,12.75,-0.55,44,7
3963,0,13.75,12.75,0,5,3
3963,1,14.25,12.75,0,5,3
3964,0,13.75,12.75,3.3,5,3
3964,1,14.25,12.75,3.3,5,3
3965,0,13.75,12.75,6.6,5,3
3965,1,14.25,12.75,6.6,5,3
3966,0,13.75,12.75,9.9,5,3
3966,1,14.25,12.75,9.9,5,3
3967,0,14.25,13.125,-3.3,44,4
3967,1,13.75,13.125,-3.3,44,4
3967,2,14.25,12.75,-3.3,44,4
3967,3,13.75,12.75,-3.3,44,4
3968,0,14.75,0.75,-3.3,44,4
3968,1,14.25,0.75,-3.3,44,4
3968,2,14.75,0.375,-3.3,44,4
3968,3,14.25,0.375,-3.3,44,4
3969,0,14.75,0.75,-2.75,44,7
3969,1,14.75,0.75,-3.3,44,7
3969,2,14.25,0.75,-2.75,44,7
3969,3,14.25,0.75,-3.3,44,7
3970,0,14.75,0.75,-2.2,44,7
3970,1,14.75,0.75,-2.75,44,7
3970,2,14.25,0.75,-2.2,44,7
3970,3,14.25,0.75,-2.75,44,7
3971,0,14.75,0.75,-1.65,44,7
3971,1,14.75,0.75,-2.2,44,7
3971,2,14.25,0.75,-1.65,44,7
3971,3,14.25,0.75,-2.2,44,7
3972,0,14.75,0.75,-1.1,44,7
3972,1,14.75,0.75,-1.65,44,7
3972,2,14.25,0.75,-1.1,44,7
3972,3,14.25,0.75,-1.65,44,7
3973,0,14.75,0.75,-0.55,44,7
3973,1,14.75,0.75,-1.1,44,7
3973,2,14.25,0.75,-0.55,44,7
3973,3,14.25,0.75,-1.1,44,7
3974,0,14.75,0.75,0,44,7
3974,1,14.75,0.75,-0.55,44,7
3974,2,14.25,0.75,0,44,7
3974,3,14.25,0.75,-0.55,44,7
3975,0,14.25,0.75,0,5,3
3975,1,14.75,0.75,0,5,3
3976,0,14.25,0.75,3.3,5,3
3976,1,14.75,0.75,3.3,5,3
3977,0,14.25,0.75,6.6,5,3
3977,1,14.75,0.75,6.6,5,3
3978,0,14.25,0.75,9.9,5,3
3978,1,14.75,0.75,9.9,5,3
3979,0,14.75,1.125,-3.3,44,4
3979,1,14.25,1.125,-3.3,44,4
3979,2,14.75,0.75,-3.3,44,4
3979,3,14.25,0.75,-3.3,44,4
3980,0,14.75,1.25,0,44,6
3980,1,14.25,1.25,0,44,6
3980,2,14.75,0.75,0,44,6
3980,3,14.25,0.75,0,44,6
3981,0,14.75,1.25,3.3,44,6
3981,1,14.25,1.25,3.3,44,6
3981,2,14.75,0.75,3.3,44,6
3981,3,14.25,0.75,3.3,44,6
3982,0,14.75,1.25,6.6,44,6
3982,1,14.25,1.25,6.6,44,6
3982,2,14.75,0.75,6.6,44,6
3982,3,14.25,0.75,6.6,44,6
3983,0,14.75,1.25,9.9,44,6
3983,1,14.25,1.25,9.9,44,6
3983,2,14.75,0.75,9.9,44,6
3983,3,14.25,0.75,9.9,44,6
3984,0,14.75,1.75,0,44,6
3984,1,14.25,1.75,0,44,6
3984,2,14.75,1.25,0,44,6
3984,3,14.25,1.25,0,44,6
3985,0,14.75,1.75,3.3,44,6
3985,1,14.25,1.75,3.3,44,6
3985,2,14.75,1.25,3.3,44,6
3985,3,14.25,1.25,3.3,44,6
3986,0,14.75,1.75,6.6,44,6
3986,1,14.25,1.75,6.6,44,6
3986,2,14.75,1.25,6.6,44,6
3986,3,14.25,1.25,6.6,44,6
3987,0,14.75,1.75,9.9,44,6
3987,1,14.25,1.75,9.9,44,6
3987,2,14.75,1.25,9.9,44,6
3987,3,14.25,1.25,9.9,44,6
3988,0,14.75,2.25,0,44,6
3988,1,14.25,2.25,0,44,6
3988,2,14.75,1.75,0,44,6
3988,3,14.25,1.75,0,44,6
3989,0,14.75,2.25,3.3,44,6
3989,1,14.25,2.25,3.3,44,6
3989,2,14.75,1.75,3.3,44,6
3989,3,14.25,1.75,3.3,44,6
3990,0,14.75,2.25,6.6,44,6
3990,1,14.25,2.25,6.6,44,6
3990,2,14.75,1.75,6.6,44,6
3990,3,14.25,1.75,6.6,44,6
3991,0,14.75,2.25,9.9,44,6
3991,1,14.25,2.25,9.9,44,6
3991,2,14.75,1.75,9.9,44,6
3991,3,14.25,1.75,9.9,44,6
3992,0,14.75,2.75,0,44,6
3992,1,14.25,2.75,0,44,6
3992,2,14.75,2.25,0,44,6
3992,3,14.25,2.25,0,44,6
3993,0,14.75,2.75,3.3,44,6
3993,1,14.25,2.75,3.3,44,6
3993,2,14.75,2.25,3.3,44,6
3993,3,14.25,2.25,3.3,44,6
3994,0,14.75,2.75,6.6,44,6
3994,1,14.25,2.75,6.6,44,6
3994,2,14.75,2.25,6.6,44,6
3994,3,14.25,2.25,6.6,44,6
3995,0,14.75,2.75,9.9,44,6
3995,1,14.25,2.75,9.9,44,6
3995,2,14.75,2.25,9.9,44,6
3995,3,14.25,2.25,9.9,44,6
3996,0,14.75,3.25,0,44,6
3996,1,14.25,3.25,0,44,6
3996,2,14.75,2.75,0,44,6
3996,3,14.25,2.75,0,44,6
3997,0,14.75,3.25,3.3,44,6
3997,1,14.25,3.25,3.3,44,6
3997,2,14.75,2.75,3.3,44,6
3997,3,14.25,2.75,3.3,44,6
3998,0,14.75,3.25,6.6,44,6
3998,1,14.25,3.25,6.6,44,6
3998,2,14.75,2.75,6.6,44,6
3998,3,14.25,2.75,6.6,44,6
3999,0,14.75,3.25,9.9,44,6
3999,1,14.25,3.25,9.9,44,6
3999,2,14.75,2.75,9.9,44,6
3999,3,14.25,2.75,9.9,44,6
4000,0,14.75,3.75,0,44,6
4000,1,14.25,3.75,0,44,6
4000,2,14.75,3.25,0,44,6
4000,3,14.25,3.25,0,44,6
4001,0,14.75,3.75,3.3,44,6
4001,1,14.25,3.75,3.3,44,6
4001,2,14.75,3.25,3.3,44,6
4001,3,14.25,3.25,3.3,44,6
4002,0,14.75,3.75,6.6,44,6
4002,1,14.25,3.75,6.6,44,6
4002,2,14.75,3.25,6.6,44,6
4002,3,14.25,3.25,6.6,44,6
4003,0,14.75,3.75,9.9,44,6
4003,1,14.25,3.75,9.9,44,6
4003,2,14.75,3.25,9.9,44,6
4003,3,14.25,3.25,9.9,44,6
4004,0,14.75,4.25,0,44,6
4004,1,14.25,4.25,0,44,6
4004,2,14.75,3.75,0,44,6
4004,3,14.25,3.75,0,44,6
4005,0,14.75,4.25,3.3,44,6
4005,1,14.25,4.25,3.3,44,6
4005,2,14.75,3.75,3.3,44,6
4005,3,14.25,3.75,3.3,44,6
4006,0,14.75,4.25,6.6,44,6
4006,1,14.25,4.25,6.6,44,6
4006,2,14.75,3.75,6.6,44,6
4006,3,14.25,3.75,6.6,44,6
4007,0,14.75,4.25,9.9,44,6
4007,1,14.25,4.25,9.9,44,6
4007,2,14.75,3.75,9.9,44,6
4007,3,14.25,3.75,9.9,44,6
4008,0,14.75,4.75,0,44,6
4008,1,14.25,4.75,0,44,6
4008,2,14.75,4.25,0,44,6
4008,3,14.25,4.25,0,44,6
4009,0,14.75,4.75,3.3,44,6
4009,1,14.25,4.75,3.3,44,6
4009,2,14.75,4.25,3.3,44,6
4009,3,14.25,4.25,3.3,44,6
4010,0,14.75,4.75,6.6,44,6
4010,1,14.25,4.75,6.6,44,6
4010,2,14.75,4.25,6.6,44,6
4010,3,14.25,4.25,6.6,44,6
4011,0,14.75,4.75,9.9,44,6
4011,1,14.25,4.75,9.9,44,6
4011,2,14.75,4.25,9.9,44,6
4011,3,14.25,4.25,9.9,44,6
4012,0,14.75,5.25,0,44,6
4012,1,14.25,5.25,0,44,6
4012,2,14.75,4.75,0,44,6
4012,3,14.25,4.75,0,44,6
4013,0,14.75,5.25,3.3,44,6
4013,1,14.25,5.25,3.3,44,6
4013,2,14.75,4.75,3.3,44,6
4013,3,14.25,4.75,3.3,44,6
4014,0,14.75,5.25,6.6,44,6
4014,1,14.25,5.25,6.6,44,6
4014,2,14.75,4.75,6.6,44,6
4014,3,14.25,4.75,6.6,44,6
4015,0,14.75,5.25,9.9,44,6
4015,1,14.25,5.25,9.9,44,6
4015,2,14.75,4.75,9.9,44,6
4015,3,14.25,4.75,9.9,44,6
4016,0,14.75,5.75,0,44,6
4016,1,14.25,5.75,0,44,6
4016,2,14.75,5.25,0,44,6
4016,3,14.25,5.25,0,44,6
4017,0,14.75,5.75,3.3,44,6
4017,1,14.25,5.75,3.3,44,6
4017,2,14.75,5.25,3.3,44,6
4017,3,14.25,5.25,3.3,44,6
4018,0,14.75,5.75,6.6,44,6
4018,1,14.25,5.75,6.6,44,6
4018,2,14.75,5.25,6.6,44,6
4018,3,14.25,5.25,6.6,44,6
4019,0,14.75,5.75,9.9,44,6
4019,1,14.25,5.75,9.9,44,6
4019,2,14.75,5.25,9.9,44,6
4019,3,14.25,5.25,9.9,44,6
4020,0,14.75,6.25,0,44,6
4020,1,14.25,6.25,0,44,6
4020,2,14.75,5.75,0,44,6
4020,3,14.25,5.75,0,44,6
4021,0,14.75,6.25,3.3,44,6
4021,1,14.25,6.25,3.3,44,6
4021,2,14.75,5.75,3.3,44,6
4021,3,14.25,5.75,3.3,44,6
4022,0,14.75,6.25,6.6,44,6
4022,1,14.25,6.25,6.6,44,6
4022,2,14.75,5.75,6.6,44,6
4022,3,14.25,5.75,6.6,44,6
4023,0,14.75,6.25,9.9,44,6
4023,1,14.25,6.25,9.9,44,6
4023,2,14.75,5.75,9.9,44,6
4023,3,14.25,5.75,9.9,44,6
4024,0,14.75,6.75,0,44,6
4024,1,14.25,6.75,0,44,6
4024,2,14.75,6.25,0,44,6
4024,3,14.25,6.25,0,44,6
4025,0,14.75,6.75,3.3,44,6
4025,1,14.25,6.75,3.3,44,6
4025,2,14.75,6.25,3.3,44,6
4025,3,14.25,6.25,3.3,44,6
4026,0,14.75,6.75,6.6,44,6
4026,1,14.25,6.75,6.6,44,6
4026,2,14.75,6.25,6.6,44,6
4026,3,14.25,6.25,6.6,44,6
4027,0,14.75,6.75,9.9,44,6
4027,1,14.25,6.75,9.9,44,6
4027,2,14.75,6.25,9.9,44,6
4027,3,14.25,6.25,9.9,44,6
4028,0,14.75,6.75,-3.3,44,4
4028,1,14.25,6.75,-3.3,44,4
4028,2,14.75,6.375,-3.3,44,4
4028,3,14.25,6.375,-3.3,44,4
4029,0,14.25,6.75,0,5,3
4029,1,14.75,6.75,0,5,3
4030,0,14.25,6.75,3.3,5,3
4030,1,14.75,6.75,3.3,5,3
4031,0,14.25,6.75,6.6,5,3
4031,1,14.75,6.75,6.6,5,3
4032,0,14.25,6.75,9.9,5,3
4032,1,14.75,6.75,9.9,5,3
4033,0,14.75,7.125,-3.3,44,4
4033,1,14.25,7.125,-3.3,44,4
4033,2,14.75,6.75,-3.3,44,4
4033,3,14.25,6.75,-3.3,44,4
4034,0,14.75,7.25,0,44,6
4034,1,14.25,7.25,0,44,6
4034,2,14.75,6.75,0,44,6
4034,3,14.25,6.75,0,44,6
4035,0,14.75,7.25,3.3,44,6
4035,1,14.25,7.25,3.3,44,6
4035,2,14.75,6.75,3.3,44,6
4035,3,14.25,6.75,3.3,44,6
4036,0,14.75,7.25,6.6,44,6
4036,1,14.25,7.25,6.6,44,6
4036,2,14.75,6.75,6.6,44,6
4036,3,14.25,6.75,6.6,44,6
4037,0,14.75,7.25,9.9,44,6
4037,1,14.25,7.25,9.9,44,6
4037,2,14.75,6.75,9.9,44,6
4037,3,14.25,6.75,9.9,44,6
4038,0,14.75,7.75,0,44,6
4038,1,14.25,7.75,0,44,6
4038,2,14.75,7.25,0,44,6
4038,3,14.25,7.25,0,44,6
4039,0,14.75,7.75,3.3,44,6
4039,1,14.25,7.75,3.3,44,6
4039,2,14.75,7.25,3.3,44,6
4039,3,14.25,7.25,3.3,44,6
4040,0,14.75,7.75,6.6,44,6
4040,1,14.25,7.75,6.6,44,6
4040,2,14.75,7.25,6.6,44,6
4040,3,14.25,7.25,6.6,44,6
4041,0,14.75,7.75,9.9,44,6
4041,1,14.25,7.75,9.9,44,6
4041,2,14.75,7.25,9.9,44,6
4041,3,14.25,7.25,9.9,44,6
4042,0,14.75,8.25,0,44,6
4042,1,14.25,8.25,0,44,6
4042,2,14.75,7.75,0,44,6
4042,3,14.25,7.75,0,44,6
4043,0,14.75,8.25,3.3,44,6
4043,1,14.25,8.25,3.3,44,6
4043,2,14.75,7.75,3.3,44,6
4043,3,14.25,7.75,3.3,44,6
4044,0,14.75,8.25,6.6,44,6
4044,1,14.25,8.25,6.6,44,6
4044,2,14.75,7.75,6.6,44,6
4044,3,14.25,7.75,6.6,44,6
4045,0,14.75,8.25,9.9,44,6
4045,1,14.25,8.25,9.9,44,6
4045,2,14.75,7.75,9.9,44,6
4045,3,14.25,7.75,9.9,44,6
4046,0,14.75,8.75,0,44,6
4046,1,14.25,8.75,0,44,6
4046,2,14.75,8.25,0,44,6
4046,3,14.25,8.25,0,44,6
4047,0,14.75,8.75,3.3,44,6
4047,1,14.25,8.75,3.3,44,6
4047,2,14.75,8.25,3.3,44,6
4047,3,14.25,8.25,3.3,44,6
4048,0,14.75,8.75,6.6,44,6
4048,1,14.25,8.75,6.6,44,6
4048,2,14.75,8.25,6.6,44,6
4048,3,14.25,8.25,6.6,44,6
4049,0,14.75,8.75,9.9,44,6
4049,1,14.25,8.75,9.9,44,6
4049,2,14.75,8.25,9.9,44,6
4049,3,14.25,8.25,9.9,44,6
4050,0,14.75,9.25,0,44,6
4050,1,14.25,9.25,0,44,6
4050,2,14.75,8.75,0,44,6
4050,3,14.25,8.75,0,44,6
4051,0,14.75,9.25,3.3,44,6
4051,1,14.25,9.25,3.3,44,6
4051,2,14.75,8.75,3.3,44,6
4051,3,14.25,8.75,3.3,44,6
4052,0,14.75,9.25,6.6,44,6
4052,1,14.25,9.25,6.6,44,6
4052,2,14.75,8.75,6.6,44,6
4052,3,14.25,8.75,6.6,44,6
4053,0,14.75,9.25,9.9,44,6
4053,1,14.25,9.25,9.9,44,6
4053,2,14.75,8.75,9.9,44,6
4053,3,14.25,8.75,9.9,44,6
4054,0,14.75,9.75,0,44,6
4054,1,14.25,9.75,0,44,6
4054,2,14.75,9.25,0,44,6
4054,3,14.25,9.25,0,44,6
4055,0,14.75,9.75,3.3,44,6
4055,1,14.25,9.75,3.3,44,6
4055,2,14.75,9.25,3.3,44,6
4055,3,14.25,9.25,3.3,44,6
4056,0,14.75,9.75,6.6,44,6
4056,1,14.25,9.75,6.6,44,6
4056,2,14.75,9.25,6.6,44,6
4056,3,14.25,9.25,6.6,44,6
4057,0,14.75,9.75,9.9,44,6
4057,1,14.25,9.75,9.9,44,6
4057,2,14.75,9.25,9.9,44,6
4057,3,14.25,9.25,9.9,44,6
4058,0,14.75,10.25,0,44,6
4058,1,14.25,10.25,0,44,6
4058,2,14.75,9.75,0,44,6
4058,3,14.25,9.75,0,44,6
4059,0,14.75,10.25,3.3,44,6
4059,1,14.25,10.25,3.3,44,6
4059,2,14.75,9.75,3.3,44,6
4059,3,14.25,9.75,3.3,44,6
4060,0,14.75,10.25,6.6,44,6
4060,1,14.25,10.25,6.6,44,6
4060,2,14.75,9.75,6.6,44,6
4060,3,14.25,9.75,6.6,44,6
4061,0,14.75,10.25,9.9,44,6
4061,1,14.25,10.25,9.9,44,6
4061,2,14.75,9.75,9.9,44,6
4061,3,14.25,9.75,9.9,44,6
4062,0,14.75,10.75,0,44,6
4062,1,14.25,10.75,0,44,6
4062,2,14.75,10.25,0,44,6
4062,3,14.25,10.25,0,44,6
4063,0,14.75,10.75,3.3,44,6
4063,1,14.25,10.75,3.3,44,6
4063,2,14.75,10.25,3.3,44,6
4063,3,14.25,10.25,3.3,44,6
4064,0,14.75,10.75,6.6,44,6
4064,1,14.25,10.75,6.6,44,6
4064,2,14.75,10.25,6.6,44,6
4064,3,14.25,10.25,6.6,44,6
4065,0,14.75,10.75,9.9,44,6
4065,1,14.25,10.75,9.9,44,6
4065,2,14.75,10.25,9.9,44,6
4065,3,14.25,10.25,9.9,44,6
4066,0,14.75,11.25,0,44,6
4066,1,14.25,11.25,0,44,6
4066,2,14.75,10.75,0,44,6
4066,3,14.25,10.75,0,44,6
4067,0,14.75,11.25,3.3,44,6
4067,1,14.25,11.25,3.3,44,6
4067,2,14.75,10.75,3.3,44,6
4067,3,14.25,10.75,3.3,44,6
4068,0,14.75,11.25,6.6,44,6
4068,1,14.25,11.25,6.6,44,6
4068,2,14.75,10.75,6.6,44,6
4068,3,14.25,10.75,6.6,44,6
4069,0,14.75,11.25,9.9,44,6
4069,1,14.25,11.25,9.9,44,6
4069,2,14.75,10.75,9.9,44,6
4069,3,14.25,10.75,9.9,44,6
4070,0,14.75,11.75,0,44,6
4070,1,14.25,11.75,0,44,6
4070,2,14.75,11.25,0,44,6
4070,3,14.25,11.25,0,44,6
4071,0,14.75,11.75,3.3,44,6
4071,1,14.25,11.75,3.3,44,6
4071,2,14.75,11.25,3.3,44,6
4071,3,14.25,11.25,3.3,44,6
4072,0,14.75,11.75,6.6,44,6
4072,1,14.25,11.75,6.6,44,6
4072,2,14.75,11.25,6.6,44,6
4072,3,14.25,11.25,6.6,44,6
4073,0,14.75,11.75,9.9,44,6
4073,1,14.25,11.75,9.9,44,6
4073,2,14.75,11.25,9.9,44,6
4073,3,14.25,11.25,9.9,44,6
4074,0,14.75,12.25,0,44,6
4074,1,14.25,12.25,0,44,6
4074,2,14.75,11.75,0,44,6
4074,3,14.25,11.75,0,44,6
4075,0,14.75,12.25,3.3,44,6
4075,1,14.25,12.25,3.3,44,6
4075,2,14.75,11.75,3.3,44,6
4075,3,14.25,11.75,3.3,44,6
4076,0,14.75,12.25,6.6,44,6
4076,1,14.25,12.25,6.6,44,6
4076,2,14.75,11.75,6.6,44,6
4076,3,14.25,11.75,6.6,44,6
4077,0,14.75,12.25,9.9,44,6
4077,1,14.25,12.25,9.9,44,6
4077,2,14.75,11.75,9.9,44,6
4077,3,14.25,11.75,9.9,44,6
4078,0,14.75,12.75,0,44,6
4078,1,14.25,12.75,0,44,6
4078,2,14.75,12.25,0,44,6
4078,3,14.25,12.25,0,44,6
4079,0,14.75,12.75,3.3,44,6
4079,1,14.25,12.75,3.3,44,6
4079,2,14.75,12.25,3.3,44,6
4079,3,14.25,12.25,3.3,44,6
4080,0,14.75,12.75,6.6,44,6
4080,1,14.25,12.75,6.6,44,6
4080,2,14.75,12.25,6.6,44,6
4080,3,14.25,12.25,6.6,44,6
4081,0,14.75,12.75,9.9,44,6
4081,1,14.25,12.75,9.9,44,6
4081,2,14.75,12.25,9.9,44,6
4081,3,14.25,12.25,9.9,44,6
4082,0,14.75,12.75,-3.3,44,4
4082,1,14.25,12.75,-3.3,44,4
4082,2,14.75,12.375,-3.3,44,4
4082,3,14.25,12.375,-3.3,44,4
4083,0,14.75,12.75,-2.75,44,7
4083,1,14.75,12.75,-3.3,44,7
4083,2,14.25,12.75,-2.75,44,7
4083,3,14.25,12.75,-3.3,44,7
4084,0,14.75,12.75,-2.2,44,7
4084,1,14.75,12.75,-2.75,44,7
4084,2,14.25,12.75,-2.2,44,7
4084,3,14.25,12.75,-2.75,44,7
4085,0,14.75,12.75,-1.65,44,7
4085,1,14.75,12.75,-2.2,44,7
4085,2,14.25,12.75,-1.65,44,7
4085,3,14.25,12.75,-2.2,44,7
4086,0,14.75,12.75,-1.1,44,7
4086,1,14.75,12.75,-1.65,44,7
4086,2,14.25,12.75,-1.1,44,7
4086,3,14.25,12.75,-1.65,44,7
4087,0,14.75,12.75,-0.55,44,7
4087,1,14.75,12.75,-1.1,44,7
4087,2,14.25,12.75,-0.55,44,7
4087,3,14.25,12.75,-1.1,44,7
4088,0,14.75,12.75,0,44,7
4088,1,14.75,12.75,-0.55,44,7
4088,2,14.25,12.75,0,44,7
4088,3,14.25,12.75,-0.55,44,7
4089,0,14.25,12.75,0,5,3
4089,1,14.75,12.75,0,5,3
4090,0,14.25,12.75,3.3,5,3
4090,1,14.75,12.75,3.3,5,3
4091,0,14.25,12.75,6.6,5,3
4091,1,14.75,12.75,6.6,5,3
4092,0,14.25,12.75,9.9,5,3
4092,1,14.75,12.75,9.9,5,3
4093,0,14.75,13.125,-3.3,44,4
4093,1,14.25,13.125,-3.3,44,4
4093,2,14.75,12.75,-3.3,44,4
4093,3,14.25,12.75,-3.3,44,4
4094,0,15.25,0.75,-3.3,44,4
4094,1,14.75,0.75,-3.3,44,4
4094,2,15.25,0.375,-3.3,44,4
4094,3,14.75,0.375,-3.3,44,4
4095,0,15.25,0.75,-2.75,44,7
4095,1,15.25,0.75,-3.3,44,7
4095,2,14.75,0.75,-2.75,44,7
4095,3,14.75,0.75,-3.3,44,7
4096,0,15.25,0.75,-2.2,44,7
4096,1,15.25,0.75,-2.75,44,7
4096,2,14.75,0.75,-2.2,44,7
4096,3,14.75,0.75,-2.75,44,7
4097,0,15.25,0.75,-1.65,44,7
4097,1,15.25,0.75,-2.2,44,7
4097,2,14.75,0.75,-1.65,44,7
4097,3,14.75,0.75,-2.2,44,7
4098,0,15.25,0.75,-1.1,44,7
4098,1,15.25,0.75,-1.65,44,7
4098,2,14.75,0.75,-1.1,44,7
4098,3,14.75,0.75,-1.65,44,7
4099,0,15.25,0.75,-0.55,44,7
4099,1,15.25,0.75,-1.1,44,7
4099,2,14.75,0.75,-0.55,44,7
4099,3,14.75,0.75,-1.1,44,7
4100,0,15.25,0.75,0,44,7
4100,1,15.25,0.75,-0.55,44,7
4100,2,14.75,0.75,0,44,7
4100,3,14.75,0.75,-0.55,44,7
4101,0,14.75,0.75,0,5,3
4101,1,15.25,0.75,0,5,3
4102,0,14.75,0.75,3.3,5,3
4102,1,15.25,0.75,3.3,5,3
4103,0,14.75,0.75,6.6,5,3
4103,1,15.25,0.75,6.6,5,3
4104,0,14.75,0.75,9.9,5,3
4104,1,15.25,0.75,9.9,5,3
4105,0,15.25,1.25,-3.3,44,4
4105,1,14.75,1.125,-3.3,44,4
4105,2,15.25,0.75,-3.3,44,4
4105,3,14.75,0.75,-3.3,44,4
4106,0,15.25,1.25,0,44,6
4106,1,14.75,1.25,0,44,6
4106,2,15.25,0.75,0,44,6
4106,3,14.75,0.75,0,44,6
4107,0,15.25,1.25,3.3,44,6
4107,1,14.75,1.25,3.3,44,6
4107,2,15.25,0.75,3.3,44,6
4107,3,14.75,0.75,3.3,44,6
4108,0,15.25,1.25,6.6,44,6
4108,1,14.75,1.25,6.6,44,6
4108,2,15.25,0.75,6.6,44,6
4108,3,14.75,0.75,6.6,44,6
4109,0,15.25,1.25,9.9,44,6
4109,1,14.75,1.25,9.9,44,6
4109,2,15.25,0.75,9.9,44,6
4109,3,14.75,0.75,9.9,44,6
4110,0,15.25,1.75,0,44,6
4110,1,14.75,1.75,0,44,6
4110,2,15.25,1.25,0,44,6
4110,3,14.75,1.25,0,44,6
4111,0,15.25,1.75,3.3,44,6
4111,1,14.75,1.75,3.3,44,6
4111,2,15.25,1.25,3.3,44,6
4111,3,14.75,1.25,3.3,44,6
4112,0,15.25,1.75,6.6,44,6
4112,1,14.75,1.75,6.6,44,6
4112,2,15.25,1.25,6.6,44,6
4112,3,14.75,1.25,6.6,44,6
4113,0,15.25,1.75,9.9,44,6
4113,1,14.75,1.75,9.9,44,6
4113,2,15.25,1.25,9.9,44,6
4113,3,14.75,1.25,9.9,44,6
4114,0,15.25,2.25,0,44,6
4114,1,14.75,2.25,0,44,6
4114,2,15.25,1.75,0,44,6
4114,3,14.75,1.75,0,44,6
4115,0,15.25,2.25,3.3,44,6
4115,1,14.75,2.25,3.3,44,6
4115,2,15.25,1.75,3.3,44,6
4115,3,14.75,1.75,3.3,44,6
4116,0,15.25,2.25,6.6,44,6
4116,1,14.75,2.25,6.6,44,6
4116,2,15.25,1.75,6.6,44,6
4116,3,14.75,1.75,6.6,44,6
4117,0,15.25,2.25,9.9,44,6
4117,1,14.75,2.25,9.9,44,6
4117,2,15.25,1.75,9.9,44,6
4117,3,14.75,1.75,9.9,44,6
4118,0,15.25,2.75,0,44,6
4118,1,14.75,2.75,0,44,6
4118,2,15.25,2.25,0,44,6
4118,3,14.75,2.25,0,44,6
4119,0,15.25,2.75,3.3,44,6
4119,1,14.75,2.75,3.3,44,6
4119,2,15.25,2.25,3.3,44,6
4119,3,14.75,2.25,3.3,44,6
4120,0,15.25,2.75,6.6,44,6
4120,1,14.75,2.75,6.6,44,6
4120,2,15.25,2.25,6.6,44,6
4120,3,14.75,2.25,6.6,44,6
4121,0,15.25,2.75,9.9,44,6
4121,1,14.75,2.75,9.9,44,6
4121,2,15.25,2.25,9.9,44,6
4121,3,14.75,2.25,9.9,44,6
4122,0,15.25,3.25,0,44,6
4122,1,14.75,3.25,0,44,6
4122,2,15.25,2.75,0,44,6
4122,3,14.75,2.75,0,44,6
4123,0,15.25,3.25,3.3,44,6
4123,1,14.75,3.25,3.3,44,6
4123,2,15.25,2.75,3.3,44,6
4123,3,14.75,2.75,3.3,44,6
4124,0,15.25,3.25,6.6,44,6
4124,1,14.75,3.25,6.6,44,6
4124,2,15.25,2.75,6.6,44,6
4124,3,14.75,2.75,6.6,44,6
4125,0,15.25,3.25,9.9,44,6
4125,1,14.75,3.25,9.9,44,6
4125,2,15.25,2.75,9.9,44,6
4125,3,14.75,2.75,9.9,44,6
4126,0,15.25,3.75,0,44,6
4126,1,14.75,3.75,0,44,6
4126,2,15.25,3.25,0,44,6
4126,3,14.75,3.25,0,44,6
4127,0,15.25,3.75,3.3,44,6
4127,1,14.75,3.75,3.3,44,6
4127,2,15.25,3.25,3.3,44,6
4127,3,14.75,3.25,3.3,44,6
4128,0,15.25,3.75,6.6,44,6
4128,1,14.75,3.75,6.6,44,6
4128,2,15.25,3.25,6.6,44,6
4128,3,14.75,3.25,6.6,44,6
4129,0,15.25,3.75,9.9,44,6
4129,1,14.75,3.75,9.9,44,6
4129,2,15.25,3.25,9.9,44,6
4129,3,14.75,3.25,9.9,44,6
4130,0,15.25,4.25,0,44,6
4130,1,14.75,4.25,0,44,6
4130,2,15.25,3.75,0,44,6
4130,3,14.75,3.75,0,44,6
4131,0,15.25,4.25,3.3,44,6
4131,1,14.75,4.25,3.3,44,6
4131,2,15.25,3.75,3.3,44,6
4131,3,14.75,3.75,3.3,44,6
4132,0,15.25,4.25,6.6,44,6
4132,1,14.75,4.25,6.6,44,6
4132,2,15.25,3.75,6.6,44,6
4132,3,14.75,3.75,6.6,44,6
4133,0,15.25,4.25,9.9,44,6
4133,1,14.75,4.25,9.9,44,6
4133,2,15.25,3.75,9.9,44,6
4133,3,14.75,3.75,9.9,44,6
4134,0,15.25,4.75,0,44,6
4134,1,14.75,4.75,0,44,6
4134,2,15.25,4.25,0,44,6
4134,3,14.75,4.25,0,44,6
4135,0,15.25,4.75,3.3,44,6
4135,1,14.75,4.75,3.3,44,6
4135,2,15.25,4.25,3.3,44,6
4135,3,14.75,4.25,3.3,44,6
4136,0,15.25,4.75,6.6,44,6
4136,1,14.75,4.75,6.6,44,6
4136,2,15.25,4.25,6.6,44,6
4136,3,14.75,4.25,6.6,44,6
4137,0,15.25,4.75,9.9,44,6
4137,1,14.75,4.75,9.9,44,6
4137,2,15.25,4.25,9.9,44,6
4137,3,14.75,4.25,9.9,44,6
4138,0,15.25,5.25,0,44,6
4138,1,14.75,5.25,0,44,6
4138,2,15.25,4.75,0,44,6
4138,3,14.75,4.75,0,44,6
4139,0,15.25,5.25,3.3,44,6
4139,1,14.75,5.25,3.3,44,6
4139,2,15.25,4.75,3.3,44,6
4139,3,14.75,4.75,3.3,44,6
4140,0,15.25,5.25,6.6,44,6
4140,1,14.75,5.25,6.6,44,6
4140,2,15.25,4.75,6.6,44,6
4140,3,14.75,4.75,6.6,44,6
4141,0,15.25,5.25,9.9,44,6
4141,1,14.75,5.25,9.9,44,6
4141,2,15.25,4.75,9.9,44,6
4141,3,14.75,4.75,9.9,44,6
4142,0,15.25,5.75,0,44,6
4142,1,14.75,5.75,0,44,6
4142,2,15.25,5.25,0,44,6
4142,3,14.75,5.25,0,44,6
4143,0,15.25,5.75,3.3,44,6
4143,1,14.75,5.75,3.3,44,6
4143,2,15.25,5.25,3.3,44,6
4143,3,14.75,5.25,3.3,44,6
4144,0,15.25,5.75,6.6,44,6
4144,1,14.75,5.75,6.6,44,6
4144,2,15.25,5.25,6.6,44,6
4144,3,14.75,5.25,6.6,44,6
4145,0,15.25,5.75,9.9,44,6
4145,1,14.75,5.75,9.9,44,6
4145,2,15.25,5.25,9.9,44,6
4145,3,14.75,5.25,9.9,44,6
4146,0,15.25,6.25,0,44,6
4146,1,14.75,6.25,0,44,6
4146,2,15.25,5.75,0,44,6
4146,3,14.75,5.75,0,44,6
4147,0,15.25,6.25,3.3,44,6
4147,1,14.75,6.25,3.3,44,6
4147,2,15.25,5.75,3.3,44,6
4147,3,14.75,5.75,3.3,44,6
4148,0,15.25,6.25,6.6,44,6
4148,1,14.75,6.25,6.6,44,6
4148,2,15.25,5.75,6.6,44,6
4148,3,14.75,5.75,6.6,44,6
4149,0,15.25,6.25,9.9,44,6
4149,1,14.75,6.25,9.9,44,6
4149,2,15.25,5.75,9.9,44,6
4149,3,14.75,5.75,9.9,44,6
4150,0,15.25,6.75,0,44,6
4150,1,14.75,6.75,0,44,6
4150,2,15.25,6.25,0,44,6
4150,3,14.75,6.25,0,44,6
4151,0,15.25,6.75,3.3,44,6
4151,1,14.75,6.75,3.3,44,6
4151,2,15.25,6.25,3.3,44,6
4151,3,14.75,6.25,3.3,44,6
4152,0,15.25,6.75,6.6,44,6
4152,1,14.75,6.75,6.6,44,6
4152,2,15.25,6.25,6.6,44,6
4152,3,14.75,6.25,6.6,44,6
4153,0,15.25,6.75,9.9,44,6
4153,1,14.75,6.75,9.9,44,6
4153,2,15.25,6.25,9.9,44,6
4153,3,14.75,6.25,9.9,44,6
4154,0,15.25,6.75,-3.3,44,4
4154,1,14.75,6.75,-3.3,44,4
4154,2,15.25,6.25,-3.3,44,4
4154,3,14.75,6.375,-3.3,44,4
4155,0,14.75,6.75,0,5,3
4155,1,15.25,6.75,0,5,3
4156,0,14.75,6.75,3.3,5,3
4156,1,15.25,6.75,3.3,5,3
4157,0,14.75,6.75,6.6,5,3
4157,1,15.25,6.75,6.6,5,3
4158,0,14.75,6.75,9.9,5,3
4158,1,15.25,6.75,9.9,5,3
4159,0,15.25,7.25,-3.3,44,4
4159,1,14.75,7.125,-3.3,44,4
4159,2,15.25,6.75,-3.3,44,4
4159,3,14.75,6.75,-3.3,44,4
4160,0,15.25,7.25,0,44,6
4160,1,14.75,7.25,0,44,6
4160,2,15.25,6.75,0,44,6
4160,3,14.75,6.75,0,44,6
4161,0,15.25,7.25,3.3,44,6
4161,1,14.75,7.25,3.3,44,6
4161,2,15.25,6.75,3.3,44,6
4161,3,14.75,6.75,3.3,44,6
4162,0,15.25,7.25,6.6,44,6
4162,1,14.75,7.25,6.6,44,6
4162,2,15.25,6.75,6.6,44,6
4162,3,14.75,6.75,6.6,44,6
4163,0,15.25,7.25,9.9,44,6
4163,1,14.75,7.25,9.9,44,6
4163,2,15.25,6.75,9.9,44,6
4163,3,14.75,6.75,9.9,44,6
4164,0,15.25,7.75,0,44,6
4164,1,14.75,7.75,0,44,6
4164,2,15.25,7.25,0,44,6
4164,3,14.75,7.25,0,44,6
4165,0,15.25,7.75,3.3,44,6
4165,1,14.75,7.75,3.3,44,6
4165,2,15.25,7.25,3.3,44,6
4165,3,14.75,7.25,3.3,44,6
4166,0,15.25,7.75,6.6,44,6
4166,1,14.75,7.75,6.6,44,6
4166,2,15.25,7.25,6.6,44,6
4166,3,14.75,7.25,6.6,44,6
4167,0,15.25,7.75,9.9,44,6
4167,1,14.75,7.75,9.9,44,6
4167,2,15.25,7.25,9.9,44,6
4167,3,14.75,7.25,9.9,44,6
4168,0,15.25,8.25,0,44,6
4168,1,14.75,8.25,0,44,6
4168,2,15.25,7.75,0,44,6
4168,3,14.75,7.75,0,44,6
4169,0,15.25,8.25,3.3,44,6
4169,1,14.75,8.25,3.3,44,6
4169,2,15.25,7.75,3.3,44,6
4169,3,14.75,7.75,3.3,44,6
4170,0,15.25,8.25,6.6,44,6
4170,1,14.75,8.25,6.6,44,6
4170,2,15.25,7.75,6.6,44,6
4170,3,14.75,7.75,6.6,44,6
4171,0,15.25,8.25,9.9,44,6
4171,1,14.75,8.25,9.9,44,6
4171,2,15.25,7.75,9.9,44,6
4171,3,14.75,7.75,9.9,44,6
4172,0,15.25,8.75,0,44,6
4172,1,14.75,8.75,0,44,6
4172,2,15.25,8.25,0,44,6
4172,3,14.75,8.25,0,44,6
4173,0,15.25,8.75,3.3,44,6
4173,1,14.75,8.75,3.3,44,6
4173,2,15.25,8.25,3.3,44,6
4173,3,14.75,8.25,3.3,44,6
4174,0,15.25,8.75,6.6,44,6
4174,1,14.75,8.75,6.6,44,6
4174,2,15.25,8.25,6.6,44,6
4174,3,14.75,8.25,6.6,44,6
4175,0,15.25,8.75,9.9,44,6
4175,1,14.75,8.75,9.9,44,6
4175,2,15.25,8.25,9.9,44,6
4175,3,14.75,8.25,9.9,44,6
4176,0,15.25,9.25,0,44,6
4176,1,14.75,9.25,0,44,6
4176,2,15.25,8.75,0,44,6
4176,3,14.75,8.75,0,44,6
4177,0,15.25,9.25,3.3,44,6
4177,1,14.75,9.25,3.3,44,6
4177,2,15.25,8.75,3.3,44,6
4177,3,14.75,8.75,3.3,44,6
4178,0,15.25,9.25,6.6,44,6
4178,1,14.75,9.25,6.6,44,6
4178,2,15.25,8.75,6.6,44,6
4178,3,14.75,8.75,6.6,44,6
4179,0,15.25,9.25,9.9,44,6
4179,1,14.75,9.25,9.9,44,6
4179,2,15.25,8.75,9.9,44,6
4179,3,14.75,8.75,9.9,44,6
4180,0,15.25,9.75,0,44,6
4180,1,14.75,9.75,0,44,6
4180,2,15.25,9.25,0,44,6
4180,3,14.75,9.25,0,44,6
4181,0,15.25,9.75,3.3,44,6
4181,1,14.75,9.75,3.3,44,6
4181,2,15.25,9.25,3.3,44,6
4181,3,14.75,9.25,3.3,44,6
4182,0,15.25,9.75,6.6,44,6
4182,1,14.75,9.75,6.6,44,6
4182,2,15.25,9.25,6.6,44,6
4182,3,14.75,9.25,6.6,44,6
4183,0,15.25,9.75,9.9,44,6
4183,1,14.75,9.75,9.9,44,6
4183,2,15.25,9.25,9.9,44,6
4183,3,14.75,9.25,9.9,44,6
4184,0,15.25,10.25,0,44,6
4184,1,14.75,10.25,0,44,6
4184,2,15.25,9.75,0,44,6
4184,3,14.75,9.75,0,44,6
4185,0,15.25,10.25,3.3,44,6
4185,1,14.75,10.25,3.3,44,6
4185,2,15.25,9.75,3.3,44,6
4185,3,14.75,9.75,3.3,44,6
4186,0,15.25,10.25,6.6,44,6
4186,1,14.75,10.25,6.6,44,6
4186,2,15.25,9.75,6.6,44,6
4186,3,14.75,9.75,6.6,44,6
4187,0,15.25,10.25,9.9,44,6
4187,1,14.75,10.25,9.9,44,6
4187,2,15.25,9.75,9.9,44,6
4187,3,14.75,9.75,9.9,44,6
4188,0,15.25,10.75,0,44,6
4188,1,14.75,10.75,0,44,6
4188,2,15.25,10.25,0,44,6
4188,3,14.75,10.25,0,44,6
4189,0,15.25,10.75,3.3,44,6
4189,1,14.75,10.75,3.3,44,6
4189,2,15.25,10.25,3.3,44,6
4189,3,14.75,10.25,3.3,44,6
4190,0,15.25,10.75,6.6,44,6
4190,1,14.75,10.75,6.6,44,6
4190,2,15.25,10.25,6.6,44,6
4190,3,14.75,10.25,6.6,44,6
4191,0,15.25,10.75,9.9,44,6
4191,1,14.75,10.75,9.9,44,6
4191,2,15.25,10.25,9.9,44,6
4191,3,14.75,10.25,9.9,44,6
4192,0,15.25,11.25,0,44,6
4192,1,14.75,11.25,0,44,6
4192,2,15.25,10.75,0,44,6
4192,3,14.75,10.75,0,44,6
4193,0,15.25,11.25,3.3,44,6
4193,1,14.75,11.25,3.3,44,6
4193,2,15.25,10.75,3.3,44,6
4193,3,14.75,10.75,3.3,44,6
4194,0,15.25,11.25,6.6,44,6
4194,1,14.75,11.25,6.6,44,6
4194,2,15.25,10.75,6.6,44,6
4194,3,14.75,10.75,6.6,44,6
4195,0,15.25,11.25,9.9,44,6
4195,1,14.75,11.25,9.9,44,6
4195,2,15.25,10.75,9.9,44,6
4195,3,14.75,10.75,9.9,44,6
4196,0,15.25,11.75,0,44,6
4196,1,14.75,11.75,0,44,6
4196,2,15.25,11.25,0,44,6
4196,3,14.75,11.25,0,44,6
4197,0,15.25,11.75,3.3,44,6
4197,1,14.75,11.75,3.3,44,6
4197,2,15.25,11.25,3.3,44,6
4197,3,14.75,11.25,3.3,44,6
4198,0,15.25,11.75,6.6,44,6
4198,1,14.75,11.75,6.6,44,6
4198,2,15.25,11.25,6.6,44,6
4198,3,14.75,11.25,6.6,44,6
4199,0,15.25,11.75,9.9,44,6
4199,1,14.75,11.75,9.9,44,6
4199,2,15.25,11.25,9.9,44,6
4199,3,14.75,11.25,9.9,44,6
4200,0,15.25,12.25,0,44,6
4200,1,14.75,12.25,0,44,6
4200,2,15.25,11.75,0,44,6
4200,3,14.75,11.75,0,44,6
4201,0,15.25,12.25,3.3,44,6
4201,1,14.75,12.25,3.3,44,6
4201,2,15.25,11.75,3.3,44,6
4201,3,14.75,11.75,3.3,44,6
4202,0,15.25,12.25,6.6,44,6
4202,1,14.75,12.25,6.6,44,6
4202,2,15.25,11.75,6.6,44,6
4202,3,14.75,11.75,6.6,44,6
4203,0,15.25,12.25,9.9,44,6
4203,1,14.75,12.25,9.9,44,6
4203,2,15.25,11.75,9.9,44,6
4203,3,14.75,11.75,9.9,44,6
4204,0,15.25,12.75,0,44,6
4204,1,14.75,12.75,0,44,6
4204,2,15.25,12.25,0,44,6
4204,3,14.75,12.25,0,44,6
4205,0,15.25,12.75,3.3,44,6
4205,1,14.75,12.75,3.3,44,6
4205,2,15.25,12.25,3.3,44,6
4205,3,14.75,12.25,3.3,44,6
4206,0,15.25,12.75,6.6,44,6
4206,1,14.75,12.75,6.6,44,6
4206,2,15.25,12.25,6.6,44,6
4206,3,14.75,12.25,6.6,44,6
4207,0,15.25,12.75,9.9,44,6
4207,1,14.75,12.75,9.9,44,6
4207,2,15.25,12.25,9.9,44,6
4207,3,14.75,12.25,9.9,44,6
4208,0,15.25,12.75,-3.3,44,4
4208,1,14.75,12.75,-3.3,44,4
4208,2,15.25,12.25,-3.3,44,4
4208,3,14.75,12.375,-3.3,44,4
4209,0,15.25,12.75,-2.75,44,7
4209,1,15.25,12.75,-3.3,44,7
4209,2,14.75,12.75,-2.75,44,7
4209,3,14.75,12.75,-3.3,44,7
4210,0,15.25,12.75,-2.2,44,7
4210,1,15.25,12.75,-2.75,44,7
4210,2,14.75,12.75,-2.2,44,7
4210,3,14.75,12.75,-2.75,44,7
4211,0,15.25,12.75,-1.65,44,7
4211,1,15.25,12.75,-2.2,44,7
4211,2,14.75,12.75,-1.65,44,7
4211,3,14.75,12.75,-2.2,44,7
4212,0,15.25,12.75,-1.1,44,7
4212,1,15.25,12.75,-1.65,44,7
4212,2,14.75,12.75,-1.1,44,7
4212,3,14.75,12.75,-1.65,44,7
4213,0,15.25,12.75,-0.55,44,7
4213,1,15.25,12.75,-1.1,44,7
4213,2,14.75,12.75,-0.55,44,7
4213,3,14.75,12.75,-1.1,44,7
4214,0,15.25,12.75,0,44,7
4214,1,15.25,12.75,-0.55,44,7
4214,2,14.75,12.75,0,44,7
4214,3,14.75,12.75,-0.55,44,7
4215,0,14.75,12.75,0,5,3
4215,1,15.25,12.75,0,5,3
4216,0,14.75,12.75,3.3,5,3
4216,1,15.25,12.75,3.3,5,3
4217,0,14.75,12.75,6.6,5,3
4217,1,15.25,12.75,6.6,5,3
4218,0,14.75,12.75,9.9,5,3
4218,1,15.25,12.75,9.9,5,3
4219,0,15.25,13.125,-3.3,44,4
4219,1,14.75,13.125,-3.3,44,4
4219,2,15.25,12.75,-3.3,44,4
4219,3,14.75,12.75,-3.3,44,4
4220,0,15.75,0.75,-3.3,44,4
4220,1,15.25,0.75,-3.3,44,4
4220,2,15.75,0.375,-3.3,44,4
4220,3,15.25,0.375,-3.3,44,4
4221,0,15.75,0.75,-2.75,44,7
4221,1,15.75,0.75,-3.3,44,7
4221,2,15.25,0.75,-2.75,44,7
4221,3,15.25,0.75,-3.3,44,7
4222,0,15.75,0.75,-2.2,44,7
4222,1,15.75,0.75,-2.75,44,7
4222,2,15.25,0.75,-2.2,44,7
4222,3,15.25,0.75,-2.75,44,7
4223,0,15.75,0.75,-1.65,44,7
4223,1,15.75,0.75,-2.2,44,7
4223,2,15.25,0.75,-1.65,44,7
4223,3,15.25,0.75,-2.2,44,7
4224,0,15.75,0.75,-1.1,44,7
4224,1,15.75,0.75,-1.65,44,7
4224,2,15.25,0.75,-1.1,44,7
4224,3,15.25,0.75,-1.65,44,7
4225,0,15.75,0.75,-0.55,44,7
4225,1,15.75,0.75,-1.1,44,7
4225,2,15.25,0.75,-0.55,44,7
4225,3,15.25,0.75,-1.1,44,7
4226,0,15.75,0.75,0,44,7
4226,1,15.75,0.75,-0.55,44,7
4226,2,15.25,0.75,0,44,7
4226,3,15.25,0.75,-0.55,44,7
4227,0,15.25,0.75,0,5,3
4227,1,15.75,0.75,0,5,3
4228,0,15.25,0.75,3.3,5,3
4228,1,15.75,0.75,3.3,5,3
4229,0,15.25,0.75,6.6,5,3
4229,1,15.75,0.75,6.6,5,3
4230,0,15.25,0.75,9.9,5,3
4230,1,15.75,0.75,9.9,5,3
4231,0,15.75,1.25,-3.3,44,4
4231,1,15.25,1.25,-3.3,44,4
4231,2,15.75,0.75,-3.3,44,4
4231,3,15.25,0.75,-3.3,44,4
4232,0,15.75,1.25,0,44,6
4232,1,15.25,1.25,0,44,6
4232,2,15.75,0.75,0,44,6
4232,3,15.25,0.75,0,44,6
4233,0,15.75,1.25,3.3,44,6
4233,1,15.25,1.25,3.3,44,6
4233,2,15.75,0.75,3.3,44,6
4233,3,15.25,0.75,3.3,44,6
4234,0,15.75,1.25,6.6,44,6
4234,1,15.25,1.25,6.6,44,6
4234,2,15.75,0.75,6.6,44,6
4234,3,15.25,0.75,6.6,44,6
4235,0,15.75,1.25,9.9,44,6
4235,1,15.25,1.25,9.9,44,6
4235,2,15.75,0.75,9.9,44,6
4235,3,15.25,0.75,9.9,44,6
4236,0,15.75,1.75,0,44,6
4236,1,15.25,1.75,0,44,6
4236,2,15.75,1.25,0,44,6
4236,3,15.25,1.25,0,44,6
4237,0,15.75,1.75,3.3,44,6
4237,1,15.25,1.75,3.3,44,6
4237,2,15.75,1.25,3.3,44,6
4237,3,15.25,1.25,3.3,44,6
4238,0,15.75,1.75,6.6,44,6
4238,1,15.25,1.75,6.6,44,6
4238,2,15.75,1.25,6.6,44,6
4238,3,15.25,1.25,6.6,44,6
4239,0,15.75,1.75,9.9,44,6
4239,1,15.25,1.75,9.9,44,6
4239,2,15.75,1.25,9.9,44,6
4239,3,15.25,1.25,9.9,44,6
4240,0,15.75,2.25,0,44,6
4240,1,15.25,2.25,0,44,6
4240,2,15.75,1.75,0,44,6
4240,3,15.25,1.75,0,44,6
4241,0,15.75,2.25,3.3,44,6
4241,1,15.25,2.25,3.3,44,6
4241,2,15.75,1.75,3.3,44,6
4241,3,15.25,1.75,3.3,44,6
4242,0,15.75,2.25,6.6,44,6
4242,1,15.25,2.25,6.6,44,6
4242,2,15.75,1.75,6.6,44,6
4242,3,15.25,1.75,6.6,44,6
4243,0,15.75,2.25,9.9,44,6
4243,1,15.25,2.25,9.9,44,6
4243,2,15.75,1.75,9.9,44,6
4243,3,15.25,1.75,9.9,44,6
4244,0,15.75,2.75,0,44,6
4244,1,15.25,2.75,0,44,6
4244,2,15.75,2.25,0,44,6
4244,3,15.25,2.25,0,44,6
4245,0,15.75,2.75,3.3,44,6
4245,1,15.25,2.75,3.3,44,6
4245,2,15.75,2.25,3.3,44,6
4245,3,15.25,2.25,3.3,44,6
4246,0,15.75,2.75,6.6,44,6
4246,1,15.25,2.75,6.6,44,6
4246,2,15.75,2.25,6.6,44,6
4246,3,15.25,2.25,6.6,44,6
4247,0,15.75,2.75,9.9,44,6
4247,1,15.25,2.75,9.9,44,6
4247,2,15.75,2.25,9.9,44,6
4247,3,15.25,2.25,9.9,44,6
4248,0,15.75,3.25,0,44,6
4248,1,15.25,3.25,0,44,6
4248,2,15.75,2.75,0,44,6
4248,3,15.25,2.75,0,44,6
4249,0,15.75,3.25,3.3,44,6
4249,1,15.25,3.25,3.3,44,6
4249,2,15.75,2.75,3.3,44,6
4249,3,15.25,2.75,3.3,44,6
4250,0,15.75,3.25,6.6,44,6
4250,1,15.25,3.25,6.6,44,6
4250,2,15.75,2.75,6.6,44,6
4250,3,15.25,2.75,6.6,44,6
4251,0,15.75,3.25,9.9,44,6
4251,1,15.25,3.25,9.9,44,6
4251,2,15.75,2.75,9.9,44,6
4251,3,15.25,2.75,9.9,44,6
4252,0,15.75,3.75,0,44,6
4252,1,15.25,3.75,0,44,6
4252,2,15.75,3.25,0,44,6
4252,3,15.25,3.25,0,44,6
4253,0,15.75,3.75,3.3,44,6
4253,1,15.25,3.75,3.3,44,6
4253,2,15.75,3.25,3.3,44,6
4253,3,15.25,3.25,3.3,44,6
4254,0,15.75,3.75,6.6,44,6
4254,1,15.25,3.75,6.6,44,6
4254,2,15.75,3.25,6.6,44,6
4254,3,15.25,3.25,6.6,44,6
4255,0,15.75,3.75,9.9,44,6
4255,1,15.25,3.75,9.9,44,6
4255,2,15.75,3.25,9.9,44,6
4255,3,15.25,3.25,9.9,44,6
4256,0,15.75,4.25,0,44,6
4256,1,15.25,4.25,0,44,6
4256,2,15.75,3.75,0,44,6
4256,3,15.25,3.75,0,44,6
4257,0,15.75,4.25,3.3,44,6
4257,1,15.25,4.25,3.3,44,6
4257,2,15.75,3.75,3.3,44,6
4257,3,15.25,3.75,3.3,44,6
4258,0,15.75,4.25,6.6,44,6
4258,1,15.25,4.25,6.6,44,6
4258,2,15.75,3.75,6.6,44,6
4258,3,15.25,3.75,6.6,44,6
4259,0,15.75,4.25,9.9,44,6
4259,1,15.25,4.25,9.9,44,6
4259,2,15.75,3.75,9.9,44,6
4259,3,15.25,3.75,9.9,44,6
4260,0,15.75,4.75,0,44,6
4260,1,15.25,4.75,0,44,6
4260,2,15.75,4.25,0,44,6
4260,3,15.25,4.25,0,44,6
4261,0,15.75,4.75,3.3,44,6
4261,1,15.25,4.75,3.3,44,6
4261,2,15.75,4.25,3.3,44,6
4261,3,15.25,4.25,3.3,44,6
4262,0,15.75,4.75,6.6,44,6
4262,1,15.25,4.75,6.6,44,6
4262,2,15.75,4.25,6.6,44,6
4262,3,15.25,4.25,6.6,44,6
4263,0,15.75,4.75,9.9,44,6
4263,1,15.25,4.75,9.9,44,6
4263,2,15.75,4.25,9.9,44,6
4263,3,15.25,4.25,9.9,44,6
4264,0,15.75,5.25,0,44,6
4264,1,15.25,5.25,0,44,6
4264,2,15.75,4.75,0,44,6
4264,3,15.25,4.75,0,44,6
4265,0,15.75,5.25,3.3,44,6
4265,1,15.25,5.25,3.3,44,6
4265,2,15.75,4.75,3.3,44,6
4265,3,15.25,4.75,3.3,44,6
4266,0,15.75,5.25,6.6,44,6
4266,1,15.25,5.25,6.6,44,6
4266,2,15.75,4.75,6.6,44,6
4266,3,15.25,4.75,6.6,44,6
4267,0,15.75,5.25,9.9,44,6
4267,1,15.25,5.25,9.9,44,6
4267,2,15.75,4.75,9.9,44,6
4267,3,15.25,4.75,9.9,44,6
4268,0,15.75,5.75,0,44,6
4268,1,15.25,5.75,0,44,6
4268,2,15.75,5.25,0,44,6
4268,3,15.25,5.25,0,44,6
4269,0,15.75,5.75,3.3,44,6
4269,1,15.25,5.75,3.3,44,6
4269,2,15.75,5.25,3.3,44,6
4269,3,15.25,5.25,3.3,44,6
4270,0,15.75,5.75,6.6,44,6
4270,1,15.25,5.75,6.6,44,6
4270,2,15.75,5.25,6.6,44,6
4270,3,15.25,5.25,6.6,44,6
4271,0,15.75,5.75,9.9,44,6
4271,1,15.25,5.75,9.9,44,6
4271,2,15.75,5.25,9.9,44,6
4271,3,15.25,5.25,9.9,44,6
4272,0,15.75,6.25,0,44,6
4272,1,15.25,6.25,0,44,6
4272,2,15.75,5.75,0,44,6
4272,3,15.25,5.75,0,44,6
4273,0,15.75,6.25,3.3,44,6
4273,1,15.25,6.25,3.3,44,6
4273,2,15.75,5.75,3.3,44,6
4273,3,15.25,5.75,3.3,44,6
4274,0,15.75,6.25,6.6,44,6
4274,1,15.25,6.25,6.6,44,6
4274,2,15.75,5.75,6.6,44,6
4274,3,15.25,5.75,6.6,44,6
4275,0,15.75,6.25,9.9,44,6
4275,1,15.25,6.25,9.9,44,6
4275,2,15.75,5.75,9.9,44,6
4275,3,15.25,5.75,9.9,44,6
4276,0,15.75,6.75,-3.3,44,4
4276,1,15.25,6.75,-3.3,44,4
4276,2,15.75,6.25,-3.3,44,4
4276,3,15.25,6.25,-3.3,44,4
4277,0,15.75,6.75,0,44,6
4277,1,15.25,6.75,0,44,6
4277,2,15.75,6.25,0,44,6
4277,3,15.25,6.25,0,44,6
4278,0,15.75,6.75,3.3,44,6
4278,1,15.25,6.75,3.3,44,6
4278,2,15.75,6.25,3.3,44,6
4278,3,15.25,6.25,3.3,44,6
4279,0,15.75,6.75,6.6,44,6
4279,1,15.25,6.75,6.6,44,6
4279,2,15.75,6.25,6.6,44,6
4279,3,15.25,6.25,6.6,44,6
4280,0,15.75,6.75,9.9,44,6
4280,1,15.25,6.75,9.9,44,6
4280,2,15.75,6.25,9.9,44,6
4280,3,15.25,6.25,9.9,44,6
4281,0,15.25,6.75,0,5,3
4281,1,15.75,6.75,0,5,3
4282,0,15.25,6.75,3.3,5,3
4282,1,15.75,6.75,3.3,5,3
4283,0,15.25,6.75,6.6,5,3
4283,1,15.75,6.75,6.6,5,3
4284,0,15.25,6.75,9.9,5,3
4284,1,15.75,6.75,9.9,5,3
4285,0,15.75,7.25,-3.3,44,4
4285,1,15.25,7.25,-3.3,44,4
4285,2,15.75,6.75,-3.3,44,4
4285,3,15.25,6.75,-3.3,44,4
4286,0,15.75,7.25,0,44,6
4286,1,15.25,7.25,0,44,6
4286,2,15.75,6.75,0,44,6
4286,3,15.25,6.75,0,44,6
4287,0,15.75,7.25,3.3,44,6
4287,1,15.25,7.25,3.3,44,6
4287,2,15.75,6.75,3.3,44,6
4287,3,15.25,6.75,3.3,44,6
4288,0,15.75,7.25,6.6,44,6
4288,1,15.25,7.25,6.6,44,6
4288,2,15.75,6.75,6.6,44,6
4288,3,15.25,6.75,6.6,44,6
4289,0,15.75,7.25,9.9,44,6
4289,1,15.25,7.25,9.9,44,6
4289,2,15.75,6.75,9.9,44,6
4289,3,15.25,6.75,9.9,44,6
4290,0,15.75,7.75,0,44,6
4290,1,15.25,7.75,0,44,6
4290,2,15.75,7.25,0,44,6
4290,3,15.25,7.25,0,44,6
4291,0,15.75,7.75,3.3,44,6
4291,1,15.25,7.75,3.3,44,6
4291,2,15.75,7.25,3.3,44,6
4291,3,15.25,7.25,3.3,44,6
4292,0,15.75,7.75,6.6,44,6
4292,1,15.25,7.75,6.6,44,6
4292,2,15.75,7.25,6.6,44,6
4292,3,15.25,7.25,6.6,44,6
4293,0,15.75,7.75,9.9,44,6
4293,1,15.25,7.75,9.9,44,6
4293,2,15.75,7.25,9.9,44,6
4293,3,15.25,7.25,9.9,44,6
4294,0,15.75,8.25,0,44,6
4294,1,15.25,8.25,0,44,6
4294,2,15.75,7.75,0,44,6
4294,3,15.25,7.75,0,44,6
4295,0,15.75,8.25,3.3,44,6
4295,1,15.25,8.25,3.3,44,6
4295,2,15.75,7.75,3.3,44,6
4295,3,15.25,7.75,3.3,44,6
4296,0,15.75,8.25,6.6,44,6
4296,1,15.25,8.25,6.6,44,6
4296,2,15.75,7.75,6.6,44,6
4296,3,15.25,7.75,6.6,44,6
4297,0,15.75,8.25,9.9,44,6
4297,1,15.25,8.25,9.9,44,6
4297,2,15.75,7.75,9.9,44,6
4297,3,15.25,7.75,9.9,44,6
4298,0,15.75,8.75,0,44,6
4298,1,15.25,8.75,0,44,6
4298,2,15.75,8.25,0,44,6
4298,3,15.25,8.25,0,44,6
4299,0,15.75,8.75,3.3,44,6
4299,1,15.25,8.75,3.3,44,6
4299,2,15.75,8.25,3.3,44,6
4299,3,15.25,8.25,3.3,44,6
4300,0,15.75,8.75,6.6,44,6
4300,1,15.25,8.75,6.6,44,6
4300,2,15.75,8.25,6.6,44,6
4300,3,15.25,8.25,6.6,44,6
4301,0,15.75,8.75,9.9,44,6
4301,1,15.25,8.75,9.9,44,6
4301,2,15.75,8.25,9.9,44,6
4301,3,15.25,8.25,9.9,44,6
4302,0,15.75,9.25,0,44,6
4302,1,15.25,9.25,0,44,6
4302,2,15.75,8.75,0,44,6
4302,3,15.25,8.75,0,44,6
4303,0,15.75,9.25,3.3,44,6
4303,1,15.25,9.25,3.3,44,6
4303,2,15.75,8.75,3.3,44,6
4303,3,15.25,8.75,3.3,44,6
4304,0,15.75,9.25,6.6,44,6
4304,1,15.25,9.25,6.6,44,6
4304,2,15.75,8.75,6.6,44,6
4304,3,15.25,8.75,6.6,44,6
4305,0,15.75,9.25,9.9,44,6
4305,1,15.25,9.25,9.9,44,6
4305,2,15.75,8.75,9.9,44,6
4305,3,15.25,8.75,9.9,44,6
4306,0,15.75,9.75,0,44,6
4306,1,15.25,9.75,0,44,6
4306,2,15.75,9.25,0,44,6
4306,3,15.25,9.25,0,44,6
4307,0,15.75,9.75,3.3,44,6
4307,1,15.25,9.75,3.3,44,6
4307,2,15.75,9.25,3.3,44,6
4307,3,15.25,9.25,3.3,44,6
4308,0,15.75,9.75,6.6,44,6
4308,1,15.25,9.75,6.6,44,6
4308,2,15.75,9.25,6.6,44,6
4308,3,15.25,9.25,6.6,44,6
4309,0,15.75,9.75,9.9,44,6
4309,1,15.25,9.75,9.9,44,6
4309,2,15.75,9.25,9.9,44,6
4309,3,15.25,9.25,9.9,44,6
4310,0,15.75,10.25,0,44,6
4310,1,15.25,10.25,0,44,6
4310,2,15.75,9.75,0,44,6
4310,3,15.25,9.75,0,44,6
4311,0,15.75,10.25,3.3,44,6
4311,1,15.25,10.25,3.3,44,6
4311,2,15.75,9.75,3.3,44,6
4311,3,15.25,9.75,3.3,44,6
4312,0,15.75,10.25,6.6,44,6
4312,1,15.25,10.25,6.6,44,6
4312,2,15.75,9.75,6.6,44,6
4312,3,15.25,9.75,6.6,44,6
4313,0,15.75,10.25,9.9,44,6
4313,1,15.25,10.25,9.9,44,6
4313,2,15.75,9.75,9.9,44,6
4313,3,15.25,9.75,9.9,44,6
4314,0,15.75,10.75,0,44,6
4314,1,15.25,10.75,0,44,6
4314,2,15.75,10.25,0,44,6
4314,3,15.25,10.25,0,44,6
4315,0,15.75,10.75,3.3,44,6
4315,1,15.25,10.75,3.3,44,6
4315,2,15.75,10.25,3.3,44,6
4315,3,15.25,10.25,3.3,44,6
4316,0,15.75,10.75,6.6,44,6
4316,1,15.25,10.75,6.6,44,6
4316,2,15.75,10.25,6.6,44,6
4316,3,15.25,10.25,6.6,44,6
4317,0,15.75,10.75,9.9,44,6
4317,1,15.25,10.75,9.9,44,6
4317,2,15.75,10.25,9.9,44,6
4317,3,15.25,10.25,9.9,44,6
4318,0,15.75,11.25,0,44,6
4318,1,15.25,11.25,0,44,6
4318,2,15.75,10.75,0,44,6
4318,3,15.25,10.75,0,44,6
4319,0,15.75,11.25,3.3,44,6
4319,1,15.25,11.25,3.3,44,6
4319,2,15.75,10.75,3.3,44,6
4319,3,15.25,10.75,3.3,44,6
4320,0,15.75,11.25,6.6,44,6
4320,1,15.25,11.25,6.6,44,6
4320,2,15.75,10.75,6.6,44,6
4320,3,15.25,10.75,6.6,44,6
4321,0,15.75,11.25,9.9,44,6
4321,1,15.25,11.25,9.9,44,6
4321,2,15.75,10.75,9.9,44,6
4321,3,15.25,10.75,9.9,44,6
4322,0,15.75,11.75,0,44,6
4322,1,15.25,11.75,0,44,6
4322,2,15.75,11.25,0,44,6
4322,3,15.25,11.25,0,44,6
4323,0,15.75,11.75,3.3,44,6
4323,1,15.25,11.75,3.3,44,6
4323,2,15.75,11.25,3.3,44,6
4323,3,15.25,11.25,3.3,44,6
4324,0,15.75,11.75,6.6,44,6
4324,1,15.25,11.75,6.6,44,6
4324,2,15.75,11.25,6.6,44,6
4324,3,15.25,11.25,6.6,44,6
4325,0,15.75,11.75,9.9,44,6
4325,1,15.25,11.75,9.9,44,6
4325,2,15.75,11.25,9.9,44,6
4325,3,15.25,11.25,9.9,44,6
4326,0,15.75,12.25,0,44,6
4326,1,15.25,12.25,0,44,6
4326,2,15.75,11.75,0,44,6
4326,3,15.25,11.75,0,44,6
4327,0,15.75,12.25,3.3,44,6
4327,1,15.25,12.25,3.3,44,6
4327,2,15.75,11.75,3.3,44,6
4327,3,15.25,11.75,3.3,44,6
4328,0,15.75,12.25,6.6,44,6
4328,1,15.25,12.25,6.6,44,6
4328,2,15.75,11.75,6.6,44,6
4328,3,15.25,11.75,6.6,44,6
4329,0,15.75,12.25,9.9,44,6
4329,1,15.25,12.25,9.9,44,6
4329,2,15.75,11.75,9.9,44,6
4329,3,15.25,11.75,9.9,44,6
4330,0,15.75,12.75,-3.3,44,4
4330,1,15.25,12.75,-3.3,44,4
4330,2,15.75,12.25,-3.3,44,4
4330,3,15.25,12.25,-3.3,44,4
4331,0,15.75,12.75,0,44,6
4331,1,15.25,12.75,0,44,6
4331,2,15.75,12.25,0,44,6
4331,3,15.25,12.25,0,44,6
4332,0,15.75,12.75,3.3,44,6
4332,1,15.25,12.75,3.3,44,6
4332,2,15.75,12.25,3.3,44,6
4332,3,15.25,12.25,3.3,44,6
4333,0,15.75,12.75,6.6,44,6
4333,1,15.25,12.75,6.6,44,6
4333,2,15.75,12.25,6.6,44,6
4333,3,15.25,12.25,6.6,44,6
4334,0,15.75,12.75,9.9,44,6
4334,1,15.25,12.75,9.9,44,6
4334,2,15.75,12.25,9.9,44,6
4334,3,15.25,12.25,9.9,44,6
4335,0,15.75,12.75,-2.75,44,7
4335,1,15.75,12.75,-3.3,44,7
4335,2,15.25,12.75,-2.75,44,7
4335,3,15.25,12.75,-3.3,44,7
4336,0,15.75,12.75,-2.2,44,7
4336,1,15.75,12.75,-2.75,44,7
4336,2,15.25,12.75,-2.2,44,7
4336,3,15.25,12.75,-2.75,44,7
4337,0,15.75,12.75,-1.65,44,7
4337,1,15.75,12.75,-2.2,44,7
4337,2,15.25,12.75,-1.65,44,7
4337,3,15.25,12.75,-2.2,44,7
4338,0,15.75,12.75,-1.1,44,7
4338,1,15.75,12.75,-1.65,44,7
4338,2,15.25,12.75,-1.1,44,7
4338,3,15.25,12.75,-1.65,44,7
4339,0,15.75,12.75,-0.55,44,7
4339,1,15.75,12.75,-1.1,44,7
4339,2,15.25,12.75,-0.55,44,7
4339,3,15.25,12.75,-1.1,44,7
4340,0,15.75,12.75,0,44,7
4340,1,15.75,12.75,-0.55,44,7
4340,2,15.25,12.75,0,44,7
4340,3,15.25,12.75,-0.55,44,7
4341,0,15.25,12.75,0,5,3
4341,1,15.75,12.75,0,5,3
4342,0,15.25,12.75,3.3,5,3
4342,1,15.75,12.75,3.3,5,3
4343,0,15.25,12.75,6.6,5,3
4343,1,15.75,12.75,6.6,5,3
4344,0,15.25,12.75,9.9,5,3
4344,1,15.75,12.75,9.9,5,3
4345,0,15.75,13.125,-3.3,44,4
4345,1,15.25,13.125,-3.3,44,4
4345,2,15.75,12.75,-3.3,44,4
4345,3,15.25,12.75,-3.3,44,4
4346,0,15.75,1.75,-3.3,44,4
4346,1,15.375,1.75,-3.3,44,4
4346,2,15.75,1.25,-3.3,44,4
4346,3,15.25,1.25,-3.3,44,4
4347,0,15.75,6.25,-3.3,44,4
4347,1,15.25,6.25,-3.3,44,4
4347,2,15.75,5.75,-3.3,44,4
4347,3,15.375,5.75,-3.3,44,4
4348,0,15.75,7.75,-3.3,44,4
4348,1,15.375,7.75,-3.3,44,4
4348,2,15.75,7.25,-3.3,44,4
4348,3,15.25,7.25,-3.3,44,4
4349,0,15.75,12.25,-3.3,44,4
4349,1,15.25,12.25,-3.3,44,4
4349,2,15.75,11.75,-3.3,44,4
4349,3,15.375,11.75,-3.3,44,4
4350,0,15.75,2.25,-3.3,44,4
4350,1,15.375,2.25,-3.3,44,4
4350,2,15.75,1.75,-3.3,44,4
4350,3,15.375,1.75,-3.3,44,4
4351,0,15.75,2.75,-3.3,44,4
4351,1,15.375,2.75,-3.3,44,4
4351,2,15.75,2.25,-3.3,44,4
4351,3,15.375,2.25,-3.3,44,4
4352,0,15.75,3.25,-3.3,44,4
4352,1,15.375,3.25,-3.3,44,4
4352,2,15.75,2.75,-3.3,44,4
4352,3,15.375,2.75,-3.3,44,4
4353,0,15.75,3.75,-3.3,44,4
4353,1,15.375,3.75,-3.3,44,4
4353,2,15.75,3.25,-3.3,44,4
4353,3,15.375,3.25,-3.3,44,4
4354,0,15.75,4.25,-3.3,44,4
4354,1,15.375,4.25,-3.3,44,4
4354,2,15.75,3.75,-3.3,44,4
4354,3,15.375,3.75,-3.3,44,4
4355,0,15.75,4.75,-3.3,44,4
4355,1,15.375,4.75,-3.3,44,4
4355,2,15.75,4.25,-3.3,44,4
4355,3,15.375,4.25,-3.3,44,4
4356,0,15.75,5.25,-3.3,44,4
4356,1,15.375,5.25,-3.3,44,4
4356,2,15.75,4.75,-3.3,44,4
4356,3,15.375,4.75,-3.3,44,4
4357,0,15.75,5.75,-3.3,44,4
4357,1,15.375,5.75,-3.3,44,4
4357,2,15.75,5.25,-3.3,44,4
4357,3,15.375,5.25,-3.3,44,4
4358,0,15.75,8.25,-3.3,44,4
4358,1,15.375,8.25,-3.3,44,4
4358,2,15.75,7.75,-3.3,44,4
4358,3,15.375,7.75,-3.3,44,4
4359,0,15.75,8.75,-3.3,44,4
4359,1,15.375,8.75,-3.3,44,4
4359,2,15.75,8.25,-3.3,44,4
4359,3,15.375,8.25,-3.3,44,4
4360,0,15.75,9.25,-3.3,44,4
4360,1,15.375,9.25,-3.3,44,4
4360,2,15.75,8.75,-3.3,44,4
4360,3,15.375,8.75,-3.3,44,4
4361,0,15.75,9.75,-3.3,44,4
4361,1,15.375,9.75,-3.3,44,4
4361,2,15.75,9.25,-3.3,44,4
4361,3,15.375,9.25,-3.3,44,4
4362,0,15.75,10.25,-3.3,44,4
4362,1,15.375,10.25,-3.3,44,4
4362,2,15.75,9.75,-3.3,44,4
4362,3,15.375,9.75,-3.3,44,4
4363,0,15.75,10.75,-3.3,44,4
4363,1,15.375,10.75,-3.3,44,4
4363,2,15.75,10.25,-3.3,44,4
4363,3,15.375,10.25,-3.3,44,4
4364,0,15.75,11.25,-3.3,44,4
4364,1,15.375,11.25,-3.3,44,4
4364,2,15.75,10.75,-3.3,44,4
4364,3,15.375,10.75,-3.3,44,4
4365,0,15.75,11.75,-3.3,44,4
4365,1,15.375,11.75,-3.3,44,4
4365,2,15.75,11.25,-3.3,44,4
4365,3,15.375,11.25,-3.3,44,4
4366,0,15.75,0.75,-3.3,5,2
4366,1,15.75,0.75,-2.75,5,2
4367,0,15.75,0.75,-2.75,5,2
4367,1,15.75,0.75,-2.2,5,2
4368,0,15.75,0.75,-2.2,5,2
4368,1,15.75,0.75,-1.65,5,2
4369,0,15.75,0.75,-1.65,5,2
4369,1,15.75,0.75,-1.1,5,2
4370,0,15.75,0.75,-1.1,5,2
4370,1,15.75,0.75,-0.55,5,2
4371,0,15.75,0.75,-0.55,5,2
4371,1,15.75,0.75,0,5,2
4372,0,15.75,0.75,0,5,2
4372,1,15.75,0.75,3.3,5,2
4373,0,15.75,0.75,3.3,5,2
4373,1,15.75,0.75,6.6,5,2
4374,0,15.75,0.75,6.6,5,2
4374,1,15.75,0.75,9.9,5,2
4375,0,15.75,1.25,-2.75,44,7
4375,1,15.75,0.75,-2.75,44,7
4375,2,15.75,1.25,-3.3,44,7
4375,3,15.75,0.75,-3.3,44,7
4376,0,15.75,1.25,-2.2,44,7
4376,1,15.75,0.75,-2.2,44,7
4376,2,15.75,1.25,-2.75,44,7
4376,3,15.75,0.75,-2.75,44,7
4377,0,15.75,1.25,-1.65,44,7
4377,1,15.75,0.75,-1.65,44,7
4377,2,15.75,1.25,-2.2,44,7
4377,3,15.75,0.75,-2.2,44,7
4378,0,15.75,1.25,-1.1,44,7
4378,1,15.75,0.75,-1.1,44,7
4378,2,15.75,1.25,-1.65,44,7
4378,3,15.75,0.75,-1.65,44,7
4379,0,15.75,1.25,-0.55,44,7
4379,1,15.75,0.75,-0.55,44,7
4379,2,15.75,1.25,-1.1,44,7
4379,3,15.75,0.75,-1.1,44,7
4380,0,15.75,1.25,0,44,7
4380,1,15.75,0.75,0,44,7
4380,2,15.75,1.25,-0.55,44,7
4380,3,15.75,0.75,-0.55,44,7
4381,0,15.75,0.75,0,5,3
4381,1,15.75,1.25,0,5,3
4382,0,15.75,0.75,3.3,5,3
4382,1,15.75,1.25,3.3,5,3
4383,0,15.75,0.75,6.6,5,3
4383,1,15.75,1.25,6.6,5,3
4384,0,15.75,0.75,9.9,5,3
4384,1,15.75,1.25,9.9,5,3
4385,0,15.75,1.75,-2.75,44,7
4385,1,15.75,1.25,-2.75,44,7
4385,2,15.75,1.75,-3.3,44,7
4385,3,15.75,1.25,-3.3,44,7
4386,0,15.75,1.75,-2.2,44,7
4386,1,15.75,1.25,-2.2,44,7
4386,2,15.75,1.75,-2.75,44,7
4386,3,15.75,1.25,-2.75,44,7
4387,0,15.75,1.75,-1.65,44,7
4387,1,15.75,1.25,-1.65,44,7
4387,2,15.75,1.75,-2.2,44,7
4387,3,15.75,1.25,-2.2,44,7
4388,0,15.75,1.75,-1.1,44,7
4388,1,15.75,1.25,-1.1,44,7
4388,2,15.75,1.75,-1.65,44,7
4388,3,15.75,1.25,-1.65,44,7
4389,0,15.75,1.75,-0.55,44,7
4389,1,15.75,1.25,-0.55,44,7
4389,2,15.75,1.75,-1.1,44,7
4389,3,15.75,1.25,-1.1,44,7
4390,0,15.75,1.75,0,44,7
4390,1,15.75,1.25,0,44,7
4390,2,15.75,1.75,-0.55,44,7
4390,3,15.75,1.25,-0.55,44,7
4391,0,15.75,1.25,0,5,3
4391,1,15.75,1.75,0,5,3
4392,0,15.75,1.25,3.3,5,3
4392,1,15.75,1.75,3.3,5,3
4393,0,15.75,1.25,6.6,5,3
4393,1,15.75,1.75,6.6,5,3
4394,0,15.75,1.25,9.9,5,3
4394,1,15.75,1.75,9.9,5,3
4395,0,15.75,2.25,-2.75,44,7
4395,1,15.75,1.75,-2.75,44,7
4395,2,15.75,2.25,-3.3,44,7
4395,3,15.75,1.75,-3.3,44,7
4396,0,15.75,2.25,-2.2,44,7
4396,1,15.75,1.75,-2.2,44,7
4396,2,15.75,2.25,-2.75,44,7
4396,3,15.75,1.75,-2.75,44,7
4397,0,15.75,2.25,-1.65,44,7
4397,1,15.75,1.75,-1.65,44,7
4397,2,15.75,2.25,-2.2,44,7
4397,3,15.75,1.75,-2.2,44,7
4398,0,15.75,2.25,0,44,7
4398,1,15.75,1.75,0,44,7
4398,2,15.75,2.25,-0.55,44,7
4398,3,15.75,1.75,-0.55,44,7
4399,0,15.75,1.75,0,5,3
4399,1,15.75,2.25,0,5,3
4400,0,15.75,1.75,3.3,5,3
4400,1,15.75,2.25,3.3,5,3
4401,0,15.75,1.75,6.6,5,3
4401,1,15.75,2.25,6.6,5,3
4402,0,15.75,1.75,9.9,5,3
4402,1,15.75,2.25,9.9,5,3
4403,0,15.75,2.75,-2.75,44,7
4403,1,15.75,2.25,-2.75,44,7
4403,2,15.75,2.75,-3.3,44,7
4403,3,15.75,2.25,-3.3,44,7
4404,0,15.75,2.75,-2.2,44,7
4404,1,15.75,2.25,-2.2,44,7
4404,2,15.75,2.75,-2.75,44,7
4404,3,15.75,2.25,-2.75,44,7
4405,0,15.75,2.75,-1.65,44,7
4405,1,15.75,2.25,-1.65,44,7
4405,2,15.75,2.75,-2.2,44,7
4405,3,15.75,2.25,-2.2,44,7
4406,0,15.75,2.75,0,44,7
4406,1,15.75,2.25,0,44,7
4406,2,15.75,2.75,-0.55,44,7
4406,3,15.75,2.25,-0.55,44,7
4407,0,15.75,2.25,0,5,3
4407,1,15.75,2.75,0,5,3
4408,0,15.75,2.25,3.3,5,3
4408,1,15.75,2.75,3.3,5,3
4409,0,15.75,2.25,6.6,5,3
4409,1,15.75,2.75,6.6,5,3
4410,0,15.75,2.25,9.9,5,3
4410,1,15.75,2.75,9.9,5,3
4411,0,15.75,3.25,-2.75,44,7
4411,1,15.75,2.75,-2.75,44,7
4411,2,15.75,3.25,-3.3,44,7
4411,3,15.75,2.75,-3.3,44,7
4412,0,15.75,3.25,-2.2,44,7
4412,1,15.75,2.75,-2.2,44,7
4412,2,15.75,3.25,-2.75,44,7
4412,3,15.75,2.75,-2.75,44,7
4413,0,15.75,3.25,-1.65,44,7
4413,1,15.75,2.75,-1.65,44,7
4413,2,15.75,3.25,-2.2,44,7
4413,3,15.75,2.75,-2.2,44,7
4414,0,15.75,3.25,0,44,7
4414,1,15.75,2.75,0,44,7
4414,2,15.75,3.25,-0.55,44,7
4414,3,15.75,2.75,-0.55,44,7
4415,0,15.75,2.75,0,5,3
4415,1,15.75,3.25,0,5,3
4416,0,15.75,2.75,3.3,5,3
4416,1,15.75,3.25,3.3,5,3
4417,0,15.75,2.75,6.6,5,3
4417,1,15.75,3.25,6.6,5,3
4418,0,15.75,2.75,9.9,5,3
4418,1,15.75,3.25,9.9,5,3
4419,0,15.75,3.75,-2.75,44,7
4419,1,15.75,3.25,-2.75,44,7
4419,2,15.75,3.75,-3.3,44,7
4419,3,15.75,3.25,-3.3,44,7
4420,0,15.75,3.75,-2.2,44,7
4420,1,15.75,3.25,-2.2,44,7
4420,2,15.75,3.75,-2.75,44,7
4420,3,15.75,3.25,-2.75,44,7
4421,0,15.75,3.75,-1.65,44,7
4421,1,15.75,3.25,-1.65,44,7
4421,2,15.75,3.75,-2.2,44,7
4421,3,15.75,3.25,-2.2,44,7
4422,0,15.75,3.75,-1.1,44,7
4422,1,15.75,3.25,-1.1,44,7
4422,2,15.75,3.75,-1.65,44,7
4422,3,15.75,3.25,-1.65,44,7
4423,0,15.75,3.75,-0.55,44,7
4423,1,15.75,3.25,-0.55,44,7
4423,2,15.75,3.75,-1.1,44,7
4423,3,15.75,3.25,-1.1,44,7
4424,0,15.75,3.75,0,44,7
4424,1,15.75,3.25,0,44,7
4424,2,15.75,3.75,-0.55,44,7
4424,3,15.75,3.25,-0.55,44,7
4425,0,15.75,3.25,0,5,3
4425,1,15.75,3.75,0,5,3
4426,0,15.75,3.25,3.3,5,3
4426,1,15.75,3.75,3.3,5,3
4427,0,15.75,3.25,6.6,5,3
4427,1,15.75,3.75,6.6,5,3
4428,0,15.75,3.25,9.9,5,3
4428,1,15.75,3.75,9.9,5,3
4429,0,15.75,4.25,-2.75,44,7
4429,1,15.75,3.75,-2.75,44,7
4429,2,15.75,4.25,-3.3,44,7
4429,3,15.75,3.75,-3.3,44,7
4430,0,15.75,4.25,-2.2,44,7
4430,1,15.75,3.75,-2.2,44,7
4430,2,15.75,4.25,-2.75,44,7
4430,3,15.75,3.75,-2.75,44,7
4431,0,15.75,4.25,-1.65,44,7
4431,1,15.75,3.75,-1.65,44,7
4431,2,15.75,4.25,-2.2,44,7
4431,3,15.75,3.75,-2.2,44,7
4432,0,15.75,4.25,-1.1,44,7
4432,1,15.75,3.75,-1.1,44,7
4432,2,15.75,4.25,-1.65,44,7
4432,3,15.75,3.75,-1.65,44,7
4433,0,15.75,4.25,-0.55,44,7
4433,1,15.75,3.75,-0.55,44,7
4433,2,15.75,4.25,-1.1,44,7
4433,3,15.75,3.75,-1.1,44,7
4434,0,15.75,4.25,0,44,7
4434,1,15.75,3.75,0,44,7
4434,2,15.75,4.25,-0.55,44,7
4434,3,15.75,3.75,-0.55,44,7
4435,0,15.75,3.75,0,5,3
4435,1,15.75,4.25,0,5,3
4436,0,15.75,3.75,3.3,5,3
4436,1,15.75,4.25,3.3,5,3
4437,0,15.75,3.75,6.6,5,3
4437,1,15.75,4.25,6.6,5,3
4438,0,15.75,3.75,9.9,5,3
4438,1,15.75,4.25,9.9,5,3
4439,0,15.75,4.75,-2.75,44,7
4439,1,15.75,4.25,-2.75,44,7
4439,2,15.75,4.75,-3.3,44,7
4439,3,15.75,4.25,-3.3,44,7
4440,0,15.75,4.75,-2.2,44,7
4440,1,15.75,4.25,-2.2,44,7
4440,2,15.75,4.75,-2.75,44,7
4440,3,15.75,4.25,-2.75,44,7
4441,0,15.75,4.75,-1.65,44,7
4441,1,15.75,4.25,-1.65,44,7
4441,2,15.75,4.75,-2.2,44,7
4441,3,15.75,4.25,-2.2,44,7
4442,0,15.75,4.75,0,44,7
4442,1,15.75,4.25,0,44,7
4442,2,15.75,4.75,-0.55,44,7
4442,3,15.75,4.25,-0.55,44,7
4443,0,15.75,4.25,0,5,3
4443,1,15.75,4.75,0,5,3
4444,0,15.75,4.25,3.3,5,3
4444,1,15.75,4.75,3.3,5,3
4445,0,15.75,4.25,6.6,5,3
4445,1,15.75,4.75,6.6,5,3
4446,0,15.75,4.25,9.9,5,3
4446,1,15.75,4.75,9.9,5,3
4447,0,15.75,5.25,-2.75,44,7
4447,1,15.75,4.75,-2.75,44,7
4447,2,15.75,5.25,-3.3,44,7
4447,3,15.75,4.75,-3.3,44,7
4448,0,15.75,5.25,-2.2,44,7
4448,1,15.75,4.75,-2.2,44,7
4448,2,15.75,5.25,-2.75,44,7
4448,3,15.75,4.75,-2.75,44,7
4449,0,15.75,5.25,-1.65,44,7
4449,1,15.75,4.75,-1.65,44,7
4449,2,15.75,5.25,-2.2,44,7
4449,3,15.75,4.75,-2.2,44,7
4450,0,15.75,5.25,0,44,7
4450,1,15.75,4.75,0,44,7
4450,2,15.75,5.25,-0.55,44,7
4450,3,15.75,4.75,-0.55,44,7
4451,0,15.75,4.75,0,5,3
4451,1,15.75,5.25,0,5,3
4452,0,15.75,4.75,3.3,5,3
4452,1,15.75,5.25,3.3,5,3
4453,0,15.75,4.75,6.6,5,3
4453,1,15.75,5.25,6.6,5,3
4454,0,15.75,4.75,9.9,5,3
4454,1,15.75,5.25,9.9,5,3
4455,0,15.75,5.75,-2.75,44,7
4455,1,15.75,5.25,-2.75,44,7
4455,2,15.75,5.75,-3.3,44,7
4455,3,15.75,5.25,-3.3,44,7
4456,0,15.75,5.75,-2.2,44,7
4456,1,15.75,5.25,-2.2,44,7
4456,2,15.75,5.75,-2.75,44,7
4456,3,15.75,5.25,-2.75,44,7
4457,0,15.75,5.75,-1.65,44,7
4457,1,15.75,5.25,-1.65,44,7
4457,2,15.75,5.75,-2.2,44,7
4457,3,15.75,5.25,-2.2,44,7
4458,0,15.75,5.75,0,44,7
4458,1,15.75,5.25,0,44,7
4458,2,15.75,5.75,-0.55,44,7
4458,3,15.75,5.25,-0.55,44,7
4459,0,15.75,5.25,0,5,3
4459,1,15.75,5.75,0,5,3
4460,0,15.75,5.25,3.3,5,3
4460,1,15.75,5.75,3.3,5,3
4461,0,15.75,5.25,6.6,5,3
4461,1,15.75,5.75,6.6,5,3
4462,0,15.75,5.25,9.9,5,3
4462,1,15.75,5.75,9.9,5,3
4463,0,15.75,6.25,-2.75,44,7
4463,1,15.75,5.75,-2.75,44,7
4463,2,15.75,6.25,-3.3,44,7
4463,3,15.75,5.75,-3.3,44,7
4464,0,15.75,6.25,-2.2,44,7
4464,1,15.75,5.75,-2.2,44,7
4464,2,15.75,6.25,-2.75,44,7
4464,3,15.75,5.75,-2.75,44,7
4465,0,15.75,6.25,-1.65,44,7
4465,1,15.75,5.75,-1.65,44,7
4465,2,15.75,6.25,-2.2,44,7
4465,3,15.75,5.75,-2.2,44,7
4466,0,15.75,6.25,-1.1,44,7
4466,1,15.75,5.75,-1.1,44,7
4466,2,15.75,6.25,-1.65,44,7
4466,3,15.75,5.75,-1.65,44,7
4467,0,15.75,6.25,-0.55,44,7
4467,1,15.75,5.75,-0.55,44,7
4467,2,15.75,6.25,-1.1,44,7
4467,3,15.75,5.75,-1.1,44,7
4468,0,15.75,6.25,0,44,7
4468,1,15.75,5.75,0,44,7
4468,2,15.75,6.25,-0.55,44,7
4468,3,15.75,5.75,-0.55,44,7
4469,0,15.75,5.75,0,5,3
4469,1,15.75,6.25,0,5,3
4470,0,15.75,5.75,3.3,5,3
4470,1,15.75,6.25,3.3,5,3
4471,0,15.75,5.75,6.6,5,3
4471,1,15.75,6.25,6.6,5,3
4472,0,15.75,5.75,9.9,5,3
4472,1,15.75,6.25,9.9,5,3
4473,0,15.75,6.75,-2.75,44,7
4473,1,15.75,6.25,-2.75,44,7
4473,2,15.75,6.75,-3.3,44,7
4473,3,15.75,6.25,-3.3,44,7
4474,0,15.75,6.75,-2.2,44,7
4474,1,15.75,6.25,-2.2,44,7
4474,2,15.75,6.75,-2.75,44,7
4474,3,15.75,6.25,-2.75,44,7
4475,0,15.75,6.75,-1.65,44,7
4475,1,15.75,6.25,-1.65,44,7
4475,2,15.75,6.75,-2.2,44,7
4475,3,15.75,6.25,-2.2,44,7
4476,0,15.75,6.75,-1.1,44,7
4476,1,15.75,6.25,-1.1,44,7
4476,2,15.75,6.75,-1.65,44,7
4476,3,15.75,6.25,-1.65,44,7
4477,0,15.75,6.75,-0.55,44,7
4477,1,15.75,6.25,-0.55,44,7
4477,2,15.75,6.75,-1.1,44,7
4477,3,15.75,6.25,-1.1,44,7
4478,0,15.75,6.75,0,44,7
4478,1,15.75,6.25,0,44,7
4478,2,15.75,6.75,-0.55,44,7
4478,3,15.75,6.25,-0.55,44,7
4479,0,15.75,6.25,0,5,3
4479,1,15.75,6.75,0,5,3
4480,0,15.75,6.25,3.3,5,3
4480,1,15.75,6.75,3.3,5,3
4481,0,15.75,6.25,6.6,5,3
4481,1,15.75,6.75,6.6,5,3
4482,0,15.75,6.25,9.9,5,3
4482,1,15.75,6.75,9.9,5,3
4483,0,15.75,6.75,-3.3,5,2
4483,1,15.75,6.75,-2.75,5,2
4484,0,15.75,6.75,-2.75,5,2
4484,1,15.75,6.75,-2.2,5,2
4485,0,15.75,6.75,-2.2,5,2
4485,1,15.75,6.75,-1.65,5,2
4486,0,15.75,6.75,-1.65,5,2
4486,1,15.75,6.75,-1.1,5,2
4487,0,15.75,6.75,-1.1,5,2
4487,1,15.75,6.75,-0.55,5,2
4488,0,15.75,6.75,-0.55,5,2
4488,1,15.75,6.75,0,5,2
4489,0,15.75,6.75,0,5,2
4489,1,15.75,6.75,3.3,5,2
4490,0,15.75,6.75,3.3,5,2
4490,1,15.75,6.75,6.6,5,2
4491,0,15.75,6.75,6.6,5,2
4491,1,15.75,6.75,9.9,5,2
4492,0,15.75,7.25,-2.75,44,7
4492,1,15.75,6.75,-2.75,44,7
4492,2,15.75,7.25,-3.3,44,7
4492,3,15.75,6.75,-3.3,44,7
4493,0,15.75,7.25,-2.2,44,7
4493,1,15.75,6.75,-2.2,44,7
4493,2,15.75,7.25,-2.75,44,7
4493,3,15.75,6.75,-2.75,44,7
4494,0,15.75,7.25,-1.65,44,7
4494,1,15.75,6.75,-1.65,44,7
4494,2,15.75,7.25,-2.2,44,7
4494,3,15.75,6.75,-2.2,44,7
4495,0,15.75,7.25,-1.1,44,7
4495,1,15.75,6.75,-1.1,44,7
4495,2,15.75,7.25,-1.65,44,7
4495,3,15.75,6.75,-1.65,44,7
4496,0,15.75,7.25,-0.55,44,7
4496,1,15.75,6.75,-0.55,44,7
4496,2,15.75,7.25,-1.1,44,7
4496,3,15.75,6.75,-1.1,44,7
4497,0,15.75,7.25,0,44,7
4497,1,15.75,6.75,0,44,7
4497,2,15.75,7.25,-0.55,44,7
4497,3,15.75,6.75,-0.55,44,7
4498,0,15.75,6.75,0,5,3
4498,1,15.75,7.25,0,5,3
4499,0,15.75,6.75,3.3,5,3
4499,1,15.75,7.25,3.3,5,3
4500,0,15.75,6.75,6.6,5,3
4500,1,15.75,7.25,6.6,5,3
4501,0,15.75,6.75,9.9,5,3
4501,1,15.75,7.25,9.9,5,3
4502,0,15.75,7.75,-2.75,44,7
4502,1,15.75,7.25,-2.75,44,7
4502,2,15.75,7.75,-3.3,44,7
4502,3,15.75,7.25,-3.3,44,7
4503,0,15.75,7.75,-2.2,44,7
4503,1,15.75,7.25,-2.2,44,7
4503,2,15.75,7.75,-2.75,44,7
4503,3,15.75,7.25,-2.75,44,7
4504,0,15.75,7.75,-1.65,44,7
4504,1,15.75,7.25,-1.65,44,7
4504,2,15.75,7.75,-2.2,44,7
4504,3,15.75,7.25,-2.2,44,7
4505,0,15.75,7.75,-1.1,44,7
4505,1,15.75,7.25,-1.1,44,7
4505,2,15.75,7.75,-1.65,44,7
4505,3,15.75,7.25,-1.65,44,7
4506,0,15.75,7.75,-0.55,44,7
4506,1,15.75,7.25,-0.55,44,7
4506,2,15.75,7.75,-1.1,44,7
4506,3,15.75,7.25,-1.1,44,7
4507,0,15.75,7.75,0,44,7
4507,1,15.75,7.25,0,44,7
4507,2,15.75,7.75,-0.55,44,7
4507,3,15.75,7.25,-0.55,44,7
4508,0,15.75,7.25,0,5,3
4508,1,15.75,7.75,0,5,3
4509,0,15.75,7.25,3.3,5,3
4509,1,15.75,7.75,3.3,5,3
4510,0,15.75,7.25,6.6,5,3
4510,1,15.75,7.75,6.6,5,3
4511,0,15.75,7.25,9.9,5,3
4511,1,15.75,7.75,9.9,5,3
4512,0,15.75,8.25,-2.75,44,7
4512,1,15.75,7.75,-2.75,44,7
4512,2,15.75,8.25,-3.3,44,7
4512,3,15.75,7.75,-3.3,44,7
4513,0,15.75,8.25,-2.2,44,7
4513,1,15.75,7.75,-2.2,44,7
4513,2,15.75,8.25,-2.75,44,7
4513,3,15.75,7.75,-2.75,44,7
4514,0,15.75,8.25,-1.65,44,7
4514,1,15.75,7.75,-1.65,44,7
4514,2,15.75,8.25,-2.2,44,7
4514,3,15.75,7.75,-2.2,44,7
4515,0,15.75,8.25,-1.1,44,7
4515,1,15.75,7.75,-1.1,44,7
4515,2,15.75,8.25,-1.65,44,7
4515,3,15.75,7.75,-1.65,44,7
4516,0,15.75,8.25,-0.55,44,7
4516,1,15.75,7.75,-0.55,44,7
4516,2,15.75,8.25,-1.1,44,7
4516,3,15.75,7.75,-1.1,44,7
4517,0,15.75,8.25,0,44,7
4517,1,15.75,7.75,0,44,7
4517,2,15.75,8.25,-0.55,44,7
4517,3,15.75,7.75,-0.55,44,7
4518,0,15.75,7.75,0,5,3
4518,1,15.75,8.25,0,5,3
4519,0,15.75,7.75,3.3,5,3
4519,1,15.75,8.25,3.3,5,3
4520,0,15.75,7.75,6.6,5,3
4520,1,15.75,8.25,6.6,5,3
4521,0,15.75,7.75,9.9,5,3
4521,1,15.75,8.25,9.9,5,3
4522,0,15.75,8.75,-2.75,44,7
4522,1,15.75,8.25,-2.75,44,7
4522,2,15.75,8.75,-3.3,44,7
4522,3,15.75,8.25,-3.3,44,7
4523,0,15.75,8.75,-2.2,44,7
4523,1,15.75,8.25,-2.2,44,7
4523,2,15.75,8.75,-2.75,44,7
4523,3,15.75,8.25,-2.75,44,7
4524,0,15.75,8.75,-1.65,44,7
4524,1,15.75,8.25,-1.65,44,7
4524,2,15.75,8.75,-2.2,44,7
4524,3,15.75,8.25,-2.2,44,7
4525,0,15.75,8.75,-1.1,44,7
4525,1,15.75,8.25,-1.1,44,7
4525,2,15.75,8.75,-1.65,44,7
4525,3,15.75,8.25,-1.65,44,7
4526,0,15.75,8.75,-0.55,44,7
4526,1,15.75,8.25,-0.55,44,7
4526,2,15.75,8.75,-1.1,44,7
4526,3,15.75,8.25,-1.1,44,7
4527,0,15.75,8.75,0,44,7
4527,1,15.75,8.25,0,44,7
4527,2,15.75,8.75,-0.55,44,7
4527,3,15.75,8.25,-0.55,44,7
4528,0,15.75,8.25,0,5,3
4528,1,15.75,8.75,0,5,3
4529,0,15.75,8.25,3.3,5,3
4529,1,15.75,8.75,3.3,5,3
4530,0,15.75,8.25,6.6,5,3
4530,1,15.75,8.75,6.6,5,3
4531,0,15.75,8.25,9.9,5,3
4531,1,15.75,8.75,9.9,5,3
4532,0,15.75,9.25,-2.75,44,7
4532,1,15.75,8.75,-2.75,44,7
4532,2,15.75,9.25,-3.3,44,7
4532,3,15.75,8.75,-3.3,44,7
4533,0,15.75,9.25,-2.2,44,7
4533,1,15.75,8.75,-2.2,44,7
4533,2,15.75,9.25,-2.75,44,7
4533,3,15.75,8.75,-2.75,44,7
4534,0,15.75,9.25,-1.65,44,7
4534,1,15.75,8.75,-1.65,44,7
4534,2,15.75,9.25,-2.2,44,7
4534,3,15.75,8.75,-2.2,44,7
4535,0,15.75,9.25,-1.1,44,7
4535,1,15.75,8.75,-1.1,44,7
4535,2,15.75,9.25,-1.65,44,7
4535,3,15.75,8.75,-1.65,44,7
4536,0,15.75,9.25,-0.55,44,7
4536,1,15.75,8.75,-0.55,44,7
4536,2,15.75,9.25,-1.1,44,7
4536,3,15.75,8.75,-1.1,44,7
4537,0,15.75,9.25,0,44,7
4537,1,15.75,8.75,0,44,7
4537,2,15.75,9.25,-0.55,44,7
4537,3,15.75,8.75,-0.55,44,7
4538,0,15.75,8.75,0,5,3
4538,1,15.75,9.25,0,5,3
4539,0,15.75,8.75,3.3,5,3
4539,1,15.75,9.25,3.3,5,3
4540,0,15.75,8.75,6.6,5,3
4540,1,15.75,9.25,6.6,5,3
4541,0,15.75,8.75,9.9,5,3
4541,1,15.75,9.25,9.9,5,3
4542,0,15.75,9.75,-2.75,44,7
4542,1,15.75,9.25,-2.75,44,7
4542,2,15.75,9.75,-3.3,44,7
4542,3,15.75,9.25,-3.3,44,7
4543,0,15.75,9.75,-2.2,44,7
4543,1,15.75,9.25,-2.2,44,7
4543,2,15.75,9.75,-2.75,44,7
4543,3,15.75,9.25,-2.75,44,7
4544,0,15.75,9.75,-1.65,44,7
4544,1,15.75,9.25,-1.65,44,7
4544,2,15.75,9.75,-2.2,44,7
4544,3,15.75,9.25,-2.2,44,7
4545,0,15.75,9.75,-1.1,44,7
4545,1,15.75,9.25,-1.1,44,7
4545,2,15.75,9.75,-1.65,44,7
4545,3,15.75,9.25,-1.65,44,7
4546,0,15.75,9.75,-0.55,44,7
4546,1,15.75,9.25,-0.55,44,7
4546,2,15.75,9.75,-1.1,44,7
4546,3,15.75,9.25,-1.1,44,7
4547,0,15.75,9.75,0,44,7
4547,1,15.75,9.25,0,44,7
4547,2,15.75,9.75,-0.55,44,7
4547,3,15.75,9.25,-0.55,44,7
4548,0,15.75,9.25,0,5,3
4548,1,15.75,9.75,0,5,3
4549,0,15.75,9.25,3.3,5,3
4549,1,15.75,9.75,3.3,5,3
4550,0,15.75,9.25,6.6,5,3
4550,1,15.75,9.75,6.6,5,3
4551,0,15.75,9.25,9.9,5,3
4551,1,15.75,9.75,9.9,5,3
4552,0,15.75,10.25,-2.75,44,7
4552,1,15.75,9.75,-2.75,44,7
4552,2,15.75,10.25,-3.3,44,7
4552,3,15.75,9.75,-3.3,44,7
4553,0,15.75,10.25,-2.2,44,7
4553,1,15.75,9.75,-2.2,44,7
4553,2,15.75,10.25,-2.75,44,7
4553,3,15.75,9.75,-2.75,44,7
4554,0,15.75,10.25,-1.65,44,7
4554,1,15.75,9.75,-1.65,44,7
4554,2,15.75,10.25,-2.2,44,7
4554,3,15.75,9.75,-2.2,44,7
4555,0,15.75,10.25,-1.1,44,7
4555,1,15.75,9.75,-1.1,44,7
4555,2,15.75,10.25,-1.65,44,7
4555,3,15.75,9.75,-1.65,44,7
4556,0,15.75,10.25,-0.55,44,7
4556,1,15.75,9.75,-0.55,44,7
4556,2,15.75,10.25,-1.1,44,7
4556,3,15.75,9.75,-1.1,44,7
4557,0,15.75,10.25,0,44,7
4557,1,15.75,9.75,0,44,7
4557,2,15.75,10.25,-0.55,44,7
4557,3,15.75,9.75,-0.55,44,7
4558,0,15.75,9.75,0,5,3
4558,1,15.75,10.25,0,5,3
4559,0,15.75,9.75,3.3,5,3
4559,1,15.75,10.25,3.3,5,3
4560,0,15.75,9.75,6.6,5,3
4560,1,15.75,10.25,6.6,5,3
4561,0,15.75,9.75,9.9,5,3
4561,1,15.75,10.25,9.9,5,3
4562,0,15.75,10.75,-2.75,44,7
4562,1,15.75,10.25,-2.75,44,7
4562,2,15.75,10.75,-3.3,44,7
4562,3,15.75,10.25,-3.3,44,7
4563,0,15.75,10.75,-2.2,44,7
4563,1,15.75,10.25,-2.2,44,7
4563,2,15.75,10.75,-2.75,44,7
4563,3,15.75,10.25,-2.75,44,7
4564,0,15.75,10.75,-1.65,44,7
4564,1,15.75,10.25,-1.65,44,7
4564,2,15.75,10.75,-2.2,44,7
4564,3,15.75,10.25,-2.2,44,7
4565,0,15.75,10.75,-1.1,44,7
4565,1,15.75,10.25,-1.1,44,7
4565,2,15.75,10.75,-1.65,44,7
4565,3,15.75,10.25,-1.65,44,7
4566,0,15.75,10.75,-0.55,44,7
4566,1,15.75,10.25,-0.55,44,7
4566,2,15.75,10.75,-1.1,44,7
4566,3,15.75,10.25,-1.1,44,7
4567,0,15.75,10.75,0,44,7
4567,1,15.75,10.25,0,44,7
4567,2,15.75,10.75,-0.55,44,7
4567,3,15.75,10.25,-0.55,44,7
4568,0,15.75,10.25,0,5,3
4568,1,15.75,10.75,0,5,3
4569,0,15.75,10.25,3.3,5,3
4569,1,15.75,10.75,3.3,5,3
4570,0,15.75,10.25,6.6,5,3
4570,1,15.75,10.75,6.6,5,3
4571,0,15.75,10.25,9.9,5,3
4571,1,15.75,10.75,9.9,5,3
4572,0,15.75,11.25,-2.75,44,7
4572,1,15.75,10.75,-2.75,44,7
4572,2,15.75,11.25,-3.3,44,7
4572,3,15.75,10.75,-3.3,44,7
4573,0,15.75,11.25,-2.2,44,7
4573,1,15.75,10.75,-2.2,44,7
4573,2,15.75,11.25,-2.75,44,7
4573,3,15.75,10.75,-2.75,44,7
4574,0,15.75,11.25,-1.65,44,7
4574,1,15.75,10.75,-1.65,44,7
4574,2,15.75,11.25,-2.2,44,7
4574,3,15.75,10.75,-2.2,44,7
4575,0,15.75,11.25,-1.1,44,7
4575,1,15.75,10.75,-1.1,44,7
4575,2,15.75,11.25,-1.65,44,7
4575,3,15.75,10.75,-1.65,44,7
4576,0,15.75,11.25,-0.55,44,7
4576,1,15.75,10.75,-0.55,44,7
4576,2,15.75,11.25,-1.1,44,7
4576,3,15.75,10.75,-1.1,44,7
4577,0,15.75,11.25,0,44,7
4577,1,15.75,10.75,0,44,7
4577,2,15.75,11.25,-0.55,44,7
4577,3,15.75,10.75,-0.55,44,7
4578,0,15.75,10.75,0,5,3
4578,1,15.75,11.25,0,5,3
4579,0,15.75,10.75,3.3,5,3
4579,1,15.75,11.25,3.3,5,3
4580,0,15.75,10.75,6.6,5,3
4580,1,15.75,11.25,6.6,5,3
4581,0,15.75,10.75,9.9,5,3
4581,1,15.75,11.25,9.9,5,3
4582,0,15.75,11.75,-2.75,44,7
4582,1,15.75,11.25,-2.75,44,7
4582,2,15.75,11.75,-3.3,44,7
4582,3,15.75,11.25,-3.3,44,7
4583,0,15.75,11.75,-2.2,44,7
4583,1,15.75,11.25,-2.2,44,7
4583,2,15.75,11.75,-2.75,44,7
4583,3,15.75,11.25,-2.75,44,7
4584,0,15.75,11.75,-1.65,44,7
4584,1,15.75,11.25,-1.65,44,7
4584,2,15.75,11.75,-2.2,44,7
4584,3,15.75,11.25,-2.2,44,7
4585,0,15.75,11.75,-1.1,44,7
4585,1,15.75,11.25,-1.1,44,7
4585,2,15.75,11.75,-1.65,44,7
4585,3,15.75,11.25,-1.65,44,7
4586,0,15.75,11.75,-0.55,44,7
4586,1,15.75,11.25,-0.55,44,7
4586,2,15.75,11.75,-1.1,44,7
4586,3,15.75,11.25,-1.1,44,7
4587,0,15.75,11.75,0,44,7
4587,1,15.75,11.25,0,44,7
4587,2,15.75,11.75,-0.55,44,7
4587,3,15.75,11.25,-0.55,44,7
4588,0,15.75,11.25,0,5,3
4588,1,15.75,11.75,0,5,3
4589,0,15.75,11.25,3.3,5,3
4589,1,15.75,11.75,3.3,5,3
4590,0,15.75,11.25,6.6,5,3
4590,1,15.75,11.75,6.6,5,3
4591,0,15.75,11.25,9.9,5,3
4591,1,15.75,11.75,9.9,5,3
4592,0,15.75,12.25,-2.75,44,7
4592,1,15.75,11.75,-2.75,44,7
4592,2,15.75,12.25,-3.3,44,7
4592,3,15.75,11.75,-3.3,44,7
4593,0,15.75,12.25,-2.2,44,7
4593,1,15.75,11.75,-2.2,44,7
4593,2,15.75,12.25,-2.75,44,7
4593,3,15.75,11.75,-2.75,44,7
4594,0,15.75,12.25,-1.65,44,7
4594,1,15.75,11.75,-1.65,44,7
4594,2,15.75,12.25,-2.2,44,7
4594,3,15.75,11.75,-2.2,44,7
4595,0,15.75,12.25,-1.1,44,7
4595,1,15.75,11.75,-1.1,44,7
4595,2,15.75,12.25,-1.65,44,7
4595,3,15.75,11.75,-1.65,44,7
4596,0,15.75,12.25,-0.55,44,7
4596,1,15.75,11.75,-0.55,44,7
4596,2,15.75,12.25,-1.1,44,7
4596,3,15.75,11.75,-1.1,44,7
4597,0,15.75,12.25,0,44,7
4597,1,15.75,11.75,0,44,7
4597,2,15.75,12.25,-0.55,44,7
4597,3,15.75,11.75,-0.55,44,7
4598,0,15.75,11.75,0,5,3
4598,1,15.75,12.25,0,5,3
4599,0,15.75,11.75,3.3,5,3
4599,1,15.75,12.25,3.3,5,3
4600,0,15.75,11.75,6.6,5,3
4600,1,15.75,12.25,6.6,5,3
4601,0,15.75,11.75,9.9,5,3
4601,1,15.75,12.25,9.9,5,3
4602,0,15.75,12.75,-2.75,44,7
4602,1,15.75,12.25,-2.75,44,7
4602,2,15.75,12.75,-3.3,44,7
4602,3,15.75,12.25,-3.3,44,7
4603,0,15.75,12.75,-2.2,44,7
4603,1,15.75,12.25,-2.2,44,7
4603,2,15.75,12.75,-2.75,44,7
4603,3,15.75,12.25,-2.75,44,7
4604,0,15.75,12.75,-1.65,44,7
4604,1,15.75,12.25,-1.65,44,7
4604,2,15.75,12.75,-2.2,44,7
4604,3,15.75,12.25,-2.2,44,7
4605,0,15.75,12.75,-1.1,44,7
4605,1,15.75,12.25,-1.1,44,7
4605,2,15.75,12.75,-1.65,44,7
4605,3,15.75,12.25,-1.65,44,7
4606,0,15.75,12.75,-0.55,44,7
4606,1,15.75,12.25,-0.55,44,7
4606,2,15.75,12.75,-1.1,44,7
4606,3,15.75,12.25,-1.1,44,7
4607,0,15.75,12.75,0,44,7
4607,1,15.75,12.25,0,44,7
4607,2,15.75,12.75,-0.55,44,7
4607,3,15.75,12.25,-0.55,44,7
4608,0,15.75,12.25,0,5,3
4608,1,15.75,12.75,0,5,3
4609,0,15.75,12.25,3.3,5,3
4609,1,15.75,12.75,3.3,5,3
4610,0,15.75,12.25,6.6,5,3
4610,1,15.75,12.75,6.6,5,3
4611,0,15.75,12.25,9.9,5,3
4611,1,15.75,12.75,9.9,5,3
4612,0,15.75,12.75,-3.3,5,2
4612,1,15.75,12.75,-2.75,5,2
4613,0,15.75,12.75,-2.75,5,2
4613,1,15.75,12.75,-2.2,5,2
4614,0,15.75,12.75,-2.2,5,2
4614,1,15.75,12.75,-1.65,5,2
4615,0,15.75,12.75,-1.65,5,2
4615,1,15.75,12.75,-1.1,5,2
4616,0,15.75,12.75,-1.1,5,2
4616,1,15.75,12.75,-0.55,5,2
4617,0,15.75,12.75,-0.55,5,2
4617,1,15.75,12.75,0,5,2
4618,0,15.75,12.75,0,5,2
4618,1,15.75,12.75,3.3,5,2
4619,0,15.75,12.75,3.3,5,2
4619,1,15.75,12.75,6.6,5,2
4620,0,15.75,12.75,6.6,5,2
4620,1,15.75,12.75,9.9,5,2
4621,0,16.125,0.75,-3.3,44,4
4621,1,15.75,0.75,-3.3,44,4
4621,2,16.125,0.375,-3.3,44,4
4621,3,15.75,0.375,-3.3,44,4
4622,0,16.125,1.25,-3.3,44,4
4622,1,15.75,1.25,-3.3,44,4
4622,2,16.125,0.75,-3.3,44,4
4622,3,15.75,0.75,-3.3,44,4
4623,0,16.125,1.75,-3.3,44,4
4623,1,15.75,1.75,-3.3,44,4
4623,2,16.125,1.25,-3.3,44,4
4623,3,15.75,1.25,-3.3,44,4
4624,0,16.125,2.25,-3.3,44,4
4624,1,15.75,2.25,-3.3,44,4
4624,2,16.125,1.75,-3.3,44,4
4624,3,15.75,1.75,-3.3,44,4
4625,0,16.125,2.75,-3.3,44,4
4625,1,15.75,2.75,-3.3,44,4
4625,2,16.125,2.25,-3.3,44,4
4625,3,15.75,2.25,-3.3,44,4
4626,0,16.125,3.25,-3.3,44,4
4626,1,15.75,3.25,-3.3,44,4
4626,2,16.125,2.75,-3.3,44,4
4626,3,15.75,2.75,-3.3,44,4
4627,0,16.125,3.75,-3.3,44,4
4627,1,15.75,3.75,-3.3,44,4
4627,2,16.125,3.25,-3.3,44,4
4627,3,15.75,3.25,-3.3,44,4
4628,0,16.125,4.25,-3.3,44,4
4628,1,15.75,4.25,-3.3,44,4
4628,2,16.125,3.75,-3.3,44,4
4628,3,15.75,3.75,-3.3,44,4
4629,0,16.125,4.75,-3.3,44,4
4629,1,15.75,4.75,-3.3,44,4
4629,2,16.125,4.25,-3.3,44,4
4629,3,15.75,4.25,-3.3,44,4
4630,0,16.125,5.25,-3.3,44,4
4630,1,15.75,5.25,-3.3,44,4
4630,2,16.125,4.75,-3.3,44,4
4630,3,15.75,4.75,-3.3,44,4
4631,0,16.125,5.75,-3.3,44,4
4631,1,15.75,5.75,-3.3,44,4
4631,2,16.125,5.25,-3.3,44,4
4631,3,15.75,5.25,-3.3,44,4
4632,0,16.125,6.25,-3.3,44,4
4632,1,15.75,6.25,-3.3,44,4
4632,2,16.125,5.75,-3.3,44,4
4632,3,15.75,5.75,-3.3,44,4
4633,0,16.125,6.75,-3.3,44,4
4633,1,15.75,6.75,-3.3,44,4
4633,2,16.125,6.25,-3.3,44,4
4633,3,15.75,6.25,-3.3,44,4
4634,0,16.125,7.25,-3.3,44,4
4634,1,15.75,7.25,-3.3,44,4
4634,2,16.125,6.75,-3.3,44,4
4634,3,15.75,6.75,-3.3,44,4
4635,0,16.125,7.75,-3.3,44,4
4635,1,15.75,7.75,-3.3,44,4
4635,2,16.125,7.25,-3.3,44,4
4635,3,15.75,7.25,-3.3,44,4
4636,0,16.125,8.25,-3.3,44,4
4636,1,15.75,8.25,-3.3,44,4
4636,2,16.125,7.75,-3.3,44,4
4636,3,15.75,7.75,-3.3,44,4
4637,0,16.125,8.75,-3.3,44,4
4637,1,15.75,8.75,-3.3,44,4
4637,2,16.125,8.25,-3.3,44,4
4637,3,15.75,8.25,-3.3,44,4
4638,0,16.125,9.25,-3.3,44,4
4638,1,15.75,9.25,-3.3,44,4
4638,2,16.125,8.75,-3.3,44,4
4638,3,15.75,8.75,-3.3,44,4
4639,0,16.125,9.75,-3.3,44,4
4639,1,15.75,9.75,-3.3,44,4
4639,2,16.125,9.25,-3.3,44,4
4639,3,15.75,9.25,-3.3,44,4
4640,0,16.125,10.25,-3.3,44,4
4640,1,15.75,10.25,-3.3,44,4
4640,2,16.125,9.75,-3.3,44,4
4640,3,15.75,9.75,-3.3,44,4
4641,0,16.125,10.75,-3.3,44,4
4641,1,15.75,10.75,-3.3,44,4
4641,2,16.125,10.25,-3.3,44,4
4641,3,15.75,10.25,-3.3,44,4
4642,0,16.125,11.25,-3.3,44,4
4642,1,15.75,11.25,-3.3,44,4
4642,2,16.125,10.75,-3.3,44,4
4642,3,15.75,10.75,-3.3,44,4
4643,0,16.125,11.75,-3.3,44,4
4643,1,15.75,11.75,-3.3,44,4
4643,2,16.125,11.25,-3.3,44,4
4643,3,15.75,11.25,-3.3,44,4
4644,0,16.125,12.25,-3.3,44,4
4644,1,15.75,12.25,-3.3,44,4
4644,2,16.125,11.75,-3.3,44,4
4644,3,15.75,11.75,-3.3,44,4
4645,0,16.125,12.75,-3.3,44,4
4645,1,15.75,12.75,-3.3,44,4
4645,2,16.125,12.25,-3.3,44,4
4645,3,15.75,12.25,-3.3,44,4
4646,0,16.125,13.125,-3.3,44,4
4646,1,15.75,13.125,-3.3,44,4
4646,2,16.125,12.75,-3.3,44,4
4646,3,15.75,12.75,-3.3,44,4
